rel_path,abs_path,ext,size_bytes,mtime_utc,pages_total,pages_ocrd,converted_md,ocr_text,doi,isbn,status,error
Review/Unreadable/%PDF-1.3.txt,/mnt/d/LIBRARY/Review/Unreadable/%PDF-1.3.txt,.txt,179422,2017-08-10T15:28:50+00:00,0,,converted_ocr/Review/Unreadable/%PDF-1.3.txt.md,,,,ok,
Review/Unreadable/%PDF-1.4 Sharp Scanned ImagePDF.txt,/mnt/d/LIBRARY/Review/Unreadable/%PDF-1.4 Sharp Scanned ImagePDF.txt,.txt,24269443,2026-02-09T13:18:08+00:00,0,,converted_ocr/Review/Unreadable/%PDF-1.4 Sharp Scanned ImagePDF.txt.md,,,,ok,
Review/Unreadable/%PDF-1.4.txt,/mnt/d/LIBRARY/Review/Unreadable/%PDF-1.4.txt,.txt,213713,2025-05-08T22:01:16+00:00,0,,converted_ocr/Review/Unreadable/%PDF-1.4.txt.md,,,,ok,
Review/Unreadable/%PDF-1.5.txt,/mnt/d/LIBRARY/Review/Unreadable/%PDF-1.5.txt,.txt,303670,2021-12-23T22:21:36+00:00,0,,converted_ocr/Review/Unreadable/%PDF-1.5.txt.md,,,,ok,
Review/Unreadable/%PDF-1.6.txt,/mnt/d/LIBRARY/Review/Unreadable/%PDF-1.6.txt,.txt,5772940,2026-02-26T21:58:54+00:00,0,,converted_ocr/Review/Unreadable/%PDF-1.6.txt.md,,,,ok,
Review/Unreadable/%PDF-1.7.txt,/mnt/d/LIBRARY/Review/Unreadable/%PDF-1.7.txt,.txt,256803,2021-12-04T20:10:56+00:00,0,,converted_ocr/Review/Unreadable/%PDF-1.7.txt.md,,,,ok,
"Review/Unreadable/)]}',.txt","/mnt/d/LIBRARY/Review/Unreadable/)]}',.txt",.txt,23958,2025-05-08T22:01:16+00:00,0,,"converted_ocr/Review/Unreadable/)]}',.txt.md",,,,ok,
Review/Unreadable/1971 - tax_or_finance [2].pdf - 1971 - tax_or_finance [2].pdf.pdf - 1971 - tax_or_finance [2].pdf - 1971 - tax_or_finance [2].pdf.pdf.pdf,/mnt/d/LIBRARY/Review/Unreadable/1971 - tax_or_finance [2].pdf - 1971 - tax_or_finance [2].pdf.pdf - 1971 - tax_or_finance [2].pdf - 1971 - tax_or_finance [2].pdf.pdf.pdf,.pdf,214295,2025-05-08T22:01:16+00:00,0,,converted_ocr/Review/Unreadable/1971 - tax_or_finance [2].pdf - 1971 - tax_or_finance [2].pdf.pdf - 1971 - tax_or_finance [2].pdf - 1971 - tax_or_finance [2].pdf.pdf.pdf.md,,,,ok,
Review/Unreadable/1971 - tax_or_finance [3].pdf - 1971 - tax_or_finance [3].pdf.pdf - 1971 - tax_or_finance [3].pdf - 1971 - tax_or_finance [3].pdf.pdf.pdf,/mnt/d/LIBRARY/Review/Unreadable/1971 - tax_or_finance [3].pdf - 1971 - tax_or_finance [3].pdf.pdf - 1971 - tax_or_finance [3].pdf - 1971 - tax_or_finance [3].pdf.pdf.pdf,.pdf,213718,2025-05-08T22:01:16+00:00,0,,converted_ocr/Review/Unreadable/1971 - tax_or_finance [3].pdf - 1971 - tax_or_finance [3].pdf.pdf - 1971 - tax_or_finance [3].pdf - 1971 - tax_or_finance [3].pdf.pdf.pdf.md,,,,ok,
Review/Unreadable/1980 - Martin Lepage - De la quete a la transfiguration spiritualite p - 1980 - Martin Lepage - De la quete a la transfiguration spiritualite poetique et allegorie moderne dans les premi.docx - 1980 - Martin.docx,/mnt/d/LIBRARY/Review/Unreadable/1980 - Martin Lepage - De la quete a la transfiguration spiritualite p - 1980 - Martin Lepage - De la quete a la transfiguration spiritualite poetique et allegorie moderne dans les premi.docx - 1980 - Martin.docx,.docx,19602,2025-04-21T00:28:00+00:00,0,,converted_ocr/Review/Unreadable/1980 - Martin Lepage - De la quete a la transfiguration spiritualite p - 1980 - Martin Lepage - De la quete a la transfi__18083fc4adfa.md,,,,ok,
Review/Unreadable/1980 - Martin Lepage - Introduction.docx - 1980 - Martin Lepage - Introduction.docx.docx - 1980 - Martin Lepage - Introduction.docx - 1980 - Martin Lepage - Introduction.docx.docx.docx,/mnt/d/LIBRARY/Review/Unreadable/1980 - Martin Lepage - Introduction.docx - 1980 - Martin Lepage - Introduction.docx.docx - 1980 - Martin Lepage - Introduction.docx - 1980 - Martin Lepage - Introduction.docx.docx.docx,.docx,27324,2025-04-21T00:28:34+00:00,0,,converted_ocr/Review/Unreadable/1980 - Martin Lepage - Introduction.docx - 1980 - Martin Lepage - Introduction.docx.docx - 1980 - Martin Lepage - Introd__06eed957d73a.md,,,,ok,
Review/Unreadable/1982 - policy_or_guidance.docx - 1982 - policy_or_guidance.docx.docx - 1982 - policy_or_guidance.docx - 1982 - policy_or_guidance.docx.docx.docx,/mnt/d/LIBRARY/Review/Unreadable/1982 - policy_or_guidance.docx - 1982 - policy_or_guidance.docx.docx - 1982 - policy_or_guidance.docx - 1982 - policy_or_guidance.docx.docx.docx,.docx,40901,2026-03-06T13:34:58+00:00,0,,converted_ocr/Review/Unreadable/1982 - policy_or_guidance.docx - 1982 - policy_or_guidance.docx.docx - 1982 - policy_or_guidance.docx - 1982 - policy_or_guidance.docx.docx.docx.md,,,,ok,
Review/Unreadable/1984 - legal_or_contract.pdf - 1984 - legal_or_contract.pdf.pdf - 1984 - legal_or_contract.pdf - 1984 - legal_or_contract.pdf.pdf.pdf,/mnt/d/LIBRARY/Review/Unreadable/1984 - legal_or_contract.pdf - 1984 - legal_or_contract.pdf.pdf - 1984 - legal_or_contract.pdf - 1984 - legal_or_contract.pdf.pdf.pdf,.pdf,206209,2020-05-28T22:46:16+00:00,0,,converted_ocr/Review/Unreadable/1984 - legal_or_contract.pdf - 1984 - legal_or_contract.pdf.pdf - 1984 - legal_or_contract.pdf - 1984 - legal_or_contract.pdf.pdf.pdf.md,,,,ok,
Review/Unreadable/1984 - PPTC 055 Demande De Renouvellement Simplifie De Passeport Pour - 1984 - PPTC 055 Demande De Renouvellement Simplifie De Passeport Pour Adulte Pour Les Canadiens A.pdf - 1984 - PPTC 055 Demande De Renou.pdf,/mnt/d/LIBRARY/Review/Unreadable/1984 - PPTC 055 Demande De Renouvellement Simplifie De Passeport Pour - 1984 - PPTC 055 Demande De Renouvellement Simplifie De Passeport Pour Adulte Pour Les Canadiens A.pdf - 1984 - PPTC 055 Demande De Renou.pdf,.pdf,2116627,2022-01-20T18:30:18+00:00,0,,converted_ocr/Review/Unreadable/1984 - PPTC 055 Demande De Renouvellement Simplifie De Passeport Pour - 1984 - PPTC 055 Demande De Renouvellement Simpli__c24fd09bf6c0.md,,,,ok,
Review/Unreadable/1985 - job_application.pdf - 1985 - job_application.pdf.pdf - 1985 - job_application.pdf - 1985 - job_application.pdf.pdf.pdf,/mnt/d/LIBRARY/Review/Unreadable/1985 - job_application.pdf - 1985 - job_application.pdf.pdf - 1985 - job_application.pdf - 1985 - job_application.pdf.pdf.pdf,.pdf,1932937,2022-01-20T18:59:20+00:00,0,,converted_ocr/Review/Unreadable/1985 - job_application.pdf - 1985 - job_application.pdf.pdf - 1985 - job_application.pdf - 1985 - job_application.pdf.pdf.pdf.md,,,,ok,
Review/Unreadable/1985 - PPTC 055 Demande De Renouvellement Simplifie De Passeport Pour - 1985 - PPTC 055 Demande De Renouvellement Simplifie De Passeport Pour Adulte Pour Les Canadiens A.pdf - 1985 - PPTC 055 Demande De Renou.pdf,/mnt/d/LIBRARY/Review/Unreadable/1985 - PPTC 055 Demande De Renouvellement Simplifie De Passeport Pour - 1985 - PPTC 055 Demande De Renouvellement Simplifie De Passeport Pour Adulte Pour Les Canadiens A.pdf - 1985 - PPTC 055 Demande De Renou.pdf,.pdf,1942170,2022-01-19T15:28:04+00:00,0,,converted_ocr/Review/Unreadable/1985 - PPTC 055 Demande De Renouvellement Simplifie De Passeport Pour - 1985 - PPTC 055 Demande De Renouvellement Simpli__55ee409f571d.md,,,,ok,
Review/Unreadable/1991 - book_chapter.docx - 1991 - book_chapter.docx.docx - 1991 - book_chapter.docx - 1991 - book_chapter.docx.docx.docx,/mnt/d/LIBRARY/Review/Unreadable/1991 - book_chapter.docx - 1991 - book_chapter.docx.docx - 1991 - book_chapter.docx - 1991 - book_chapter.docx.docx.docx,.docx,56727,2026-02-17T06:10:12+00:00,0,,converted_ocr/Review/Unreadable/1991 - book_chapter.docx - 1991 - book_chapter.docx.docx - 1991 - book_chapter.docx - 1991 - book_chapter.docx.docx.docx.md,,,,ok,
Review/Unreadable/1991 - journal_article.docx - 1991 - journal_article.docx.docx - 1991 - journal_article.docx - 1991 - journal_article.docx.docx.docx,/mnt/d/LIBRARY/Review/Unreadable/1991 - journal_article.docx - 1991 - journal_article.docx.docx - 1991 - journal_article.docx - 1991 - journal_article.docx.docx.docx,.docx,24248,2026-02-17T06:14:50+00:00,0,,converted_ocr/Review/Unreadable/1991 - journal_article.docx - 1991 - journal_article.docx.docx - 1991 - journal_article.docx - 1991 - journal_article.docx.docx.docx.md,,,,ok,
Review/Unreadable/1995 - manuscript.docx - 1995 - manuscript.docx.docx - 1995 - manuscript.docx - 1995 - manuscript.docx.docx.docx,/mnt/d/LIBRARY/Review/Unreadable/1995 - manuscript.docx - 1995 - manuscript.docx.docx - 1995 - manuscript.docx - 1995 - manuscript.docx.docx.docx,.docx,11448,2025-04-16T03:49:26+00:00,0,,converted_ocr/Review/Unreadable/1995 - manuscript.docx - 1995 - manuscript.docx.docx - 1995 - manuscript.docx - 1995 - manuscript.docx.docx.docx.md,,,,ok,
Review/Unreadable/1995 - Martin Lepage - AMERICAN HORROR STORY V.docx - 1995 - Martin Le - 1995 - Martin Lepage - AMERICAN HORROR STORY V.docx - 1995 - Martin Lepage - AMERICAN HORROR STORY V.docx.docx.docx,/mnt/d/LIBRARY/Review/Unreadable/1995 - Martin Lepage - AMERICAN HORROR STORY V.docx - 1995 - Martin Le - 1995 - Martin Lepage - AMERICAN HORROR STORY V.docx - 1995 - Martin Lepage - AMERICAN HORROR STORY V.docx.docx.docx,.docx,38819,2025-04-16T04:01:50+00:00,0,,converted_ocr/Review/Unreadable/1995 - Martin Lepage - AMERICAN HORROR STORY V.docx - 1995 - Martin Le - 1995 - Martin Lepage - AMERICAN HORROR STORY V.__122702b9da68.md,,,,ok,
Review/Unreadable/1996 - journal_article.pdf - 1996 - journal_article.pdf.pdf - 1996 - journal_article.pdf - 1996 - journal_article.pdf.pdf.pdf,/mnt/d/LIBRARY/Review/Unreadable/1996 - journal_article.pdf - 1996 - journal_article.pdf.pdf - 1996 - journal_article.pdf - 1996 - journal_article.pdf.pdf.pdf,.pdf,242988,2026-02-13T14:43:38+00:00,0,,converted_ocr/Review/Unreadable/1996 - journal_article.pdf - 1996 - journal_article.pdf.pdf - 1996 - journal_article.pdf - 1996 - journal_article.pdf.pdf.pdf.md,,10.3983/twc.2023.2200,,ok,
Review/Unreadable/1998 - journal_article.docx - 1998 - journal_article.docx.docx - 1998 - journal_article.docx - 1998 - journal_article.docx.docx.docx,/mnt/d/LIBRARY/Review/Unreadable/1998 - journal_article.docx - 1998 - journal_article.docx.docx - 1998 - journal_article.docx - 1998 - journal_article.docx.docx.docx,.docx,35997,2026-01-19T06:37:26+00:00,0,,converted_ocr/Review/Unreadable/1998 - journal_article.docx - 1998 - journal_article.docx.docx - 1998 - journal_article.docx - 1998 - journal_article.docx.docx.docx.md,,,9780203490198;9780415947022,ok,
Review/Unreadable/1998 - journal_article_1.docx - 1998 - journal_article_1.docx.docx - 1998 - journal_article_1.docx - 1998 - journal_article_1.docx.docx.docx,/mnt/d/LIBRARY/Review/Unreadable/1998 - journal_article_1.docx - 1998 - journal_article_1.docx.docx - 1998 - journal_article_1.docx - 1998 - journal_article_1.docx.docx.docx,.docx,34855,2025-12-23T12:28:48+00:00,0,,converted_ocr/Review/Unreadable/1998 - journal_article_1.docx - 1998 - journal_article_1.docx.docx - 1998 - journal_article_1.docx - 1998 - journal_article_1.docx.docx.docx.md,,,9780203490198;9780415947022,ok,
Review/Unreadable/1999 - book_or_monograph.pdf - 1999 - book_or_monograph.pdf.pdf - 1999 - book_or_monograph.pdf - 1999 - book_or_monograph.pdf.pdf.pdf,/mnt/d/LIBRARY/Review/Unreadable/1999 - book_or_monograph.pdf - 1999 - book_or_monograph.pdf.pdf - 1999 - book_or_monograph.pdf - 1999 - book_or_monograph.pdf.pdf.pdf,.pdf,9056380,2026-02-17T09:54:08+00:00,0,,converted_ocr/Review/Unreadable/1999 - book_or_monograph.pdf - 1999 - book_or_monograph.pdf.pdf - 1999 - book_or_monograph.pdf - 1999 - book_or_monograph.pdf.pdf.pdf.md,,,,ok,
Review/Unreadable/1999 - journal_article.docx - 1999 - journal_article.docx.docx - 1999 - journal_article.docx - 1999 - journal_article.docx.docx.docx,/mnt/d/LIBRARY/Review/Unreadable/1999 - journal_article.docx - 1999 - journal_article.docx.docx - 1999 - journal_article.docx - 1999 - journal_article.docx.docx.docx,.docx,38810,2025-04-17T00:33:36+00:00,0,,converted_ocr/Review/Unreadable/1999 - journal_article.docx - 1999 - journal_article.docx.docx - 1999 - journal_article.docx - 1999 - journal_article.docx.docx.docx.md,,,,ok,
Review/Unreadable/1999 - Paganisme(s) queer.pdf - 1999 - Paganisme(s) queer.pdf.pdf - 1999 - Paganisme(s) queer.pdf - 1999 - Paganisme(s) queer.pdf.pdf.pdf,/mnt/d/LIBRARY/Review/Unreadable/1999 - Paganisme(s) queer.pdf - 1999 - Paganisme(s) queer.pdf.pdf - 1999 - Paganisme(s) queer.pdf - 1999 - Paganisme(s) queer.pdf.pdf.pdf,.pdf,10531260,2026-02-24T07:33:14+00:00,0,,converted_ocr/Review/Unreadable/1999 - Paganisme(s) queer.pdf - 1999 - Paganisme(s) queer.pdf.pdf - 1999 - Paganisme(s) queer.pdf - 1999 - Paganisme(s) queer.pdf.pdf.pdf.md,,10.1558/pome.v15i1-2.79,,ok,
Review/Unreadable/1999 - Resenas.pdf - 1999 - Resenas.pdf.pdf - 1999 - Resenas.pdf - 1999 - Resenas.pdf.pdf.pdf,/mnt/d/LIBRARY/Review/Unreadable/1999 - Resenas.pdf - 1999 - Resenas.pdf.pdf - 1999 - Resenas.pdf - 1999 - Resenas.pdf.pdf.pdf,.pdf,292359,2026-02-12T19:51:36+00:00,0,,converted_ocr/Review/Unreadable/1999 - Resenas.pdf - 1999 - Resenas.pdf.pdf - 1999 - Resenas.pdf - 1999 - Resenas.pdf.pdf.pdf.md,,,,ok,
Review/Unreadable/2000 - 77.pdf - 2000 - 77.pdf.pdf - 2000 - 77.pdf - 2000 - 77.pdf.pdf.pdf,/mnt/d/LIBRARY/Review/Unreadable/2000 - 77.pdf - 2000 - 77.pdf.pdf - 2000 - 77.pdf - 2000 - 77.pdf.pdf.pdf,.pdf,156418,2026-02-09T21:45:16+00:00,0,,converted_ocr/Review/Unreadable/2000 - 77.pdf - 2000 - 77.pdf.pdf - 2000 - 77.pdf - 2000 - 77.pdf.pdf.pdf.md,,,,ok,
Review/Unreadable/2000 - Framing Processes and Social Movements An Overview and Assessme - 2000 - Framing Processes and Social Movements An Overview and Assessment.pdf - 2000 - Framing Processes and Social Movements An Overview.pdf,/mnt/d/LIBRARY/Review/Unreadable/2000 - Framing Processes and Social Movements An Overview and Assessme - 2000 - Framing Processes and Social Movements An Overview and Assessment.pdf - 2000 - Framing Processes and Social Movements An Overview.pdf,.pdf,359896,2026-02-09T20:35:06+00:00,0,,converted_ocr/Review/Unreadable/2000 - Framing Processes and Social Movements An Overview and Assessme - 2000 - Framing Processes and Social Movements A__09b8dfa72fb0.md,,,,ok,
Review/Unreadable/2002 - audit_or_assessment [2].pdf - 2002 - audit_or_assessment [2].pdf.pdf - 2002 - audit_or_assessment [2].pdf - 2002 - audit_or_assessment [2].pdf.pdf.pdf,/mnt/d/LIBRARY/Review/Unreadable/2002 - audit_or_assessment [2].pdf - 2002 - audit_or_assessment [2].pdf.pdf - 2002 - audit_or_assessment [2].pdf - 2002 - audit_or_assessment [2].pdf.pdf.pdf,.pdf,125329,2026-02-09T21:47:46+00:00,0,,converted_ocr/Review/Unreadable/2002 - audit_or_assessment [2].pdf - 2002 - audit_or_assessment [2].pdf.pdf - 2002 - audit_or_assessment [2].pdf - 2002 - audit_or_assessment [2].pdf.pdf.pdf.md,,,,ok,
Review/Unreadable/2002 - bibliography.pdf - 2002 - bibliography.pdf.pdf - 2002 - bibliography.pdf - 2002 - bibliography.pdf.pdf.pdf,/mnt/d/LIBRARY/Review/Unreadable/2002 - bibliography.pdf - 2002 - bibliography.pdf.pdf - 2002 - bibliography.pdf - 2002 - bibliography.pdf.pdf.pdf,.pdf,170338,2021-12-24T15:43:44+00:00,0,,converted_ocr/Review/Unreadable/2002 - bibliography.pdf - 2002 - bibliography.pdf.pdf - 2002 - bibliography.pdf - 2002 - bibliography.pdf.pdf.pdf.md,,,,ok,
Review/Unreadable/2002 - Martin Lepage - Microsoft Word-Dokument.doc - 2002 - Martin Lep - 2002 - Martin Lepage - Microsoft Word-Dokument.doc - 2002 - Martin Lepage - Microsoft Word-Dokument.doc.doc.doc,/mnt/d/LIBRARY/Review/Unreadable/2002 - Martin Lepage - Microsoft Word-Dokument.doc - 2002 - Martin Lep - 2002 - Martin Lepage - Microsoft Word-Dokument.doc - 2002 - Martin Lepage - Microsoft Word-Dokument.doc.doc.doc,.doc,126976,2012-05-09T15:34:12+00:00,0,,converted_ocr/Review/Unreadable/2002 - Martin Lepage - Microsoft Word-Dokument.doc - 2002 - Martin Lep - 2002 - Martin Lepage - Microsoft Word-Dokument.__df7a9c21f960.md,,,,ok,
Review/Unreadable/2003 - ocr_needed.pdf - 2003 - ocr_needed.pdf.pdf - 2003 - ocr_needed.pdf - 2003 - ocr_needed.pdf.pdf.pdf,/mnt/d/LIBRARY/Review/Unreadable/2003 - ocr_needed.pdf - 2003 - ocr_needed.pdf.pdf - 2003 - ocr_needed.pdf - 2003 - ocr_needed.pdf.pdf.pdf,.pdf,3460093,2026-02-12T18:55:16+00:00,0,,converted_ocr/Review/Unreadable/2003 - ocr_needed.pdf - 2003 - ocr_needed.pdf.pdf - 2003 - ocr_needed.pdf - 2003 - ocr_needed.pdf.pdf.pdf.md,,,,ok,
Review/Unreadable/2003 - Prepublication Copy of.pdf - 2003 - Prepublication Copy of.pdf.pdf - 2003 - Prepublication Copy of.pdf - 2003 - Prepublication Copy of.pdf.pdf.pdf,/mnt/d/LIBRARY/Review/Unreadable/2003 - Prepublication Copy of.pdf - 2003 - Prepublication Copy of.pdf.pdf - 2003 - Prepublication Copy of.pdf - 2003 - Prepublication Copy of.pdf.pdf.pdf,.pdf,139876,2026-02-12T18:54:38+00:00,0,,converted_ocr/Review/Unreadable/2003 - Prepublication Copy of.pdf - 2003 - Prepublication Copy of.pdf.pdf - 2003 - Prepublication Copy of.pdf - 2003 - Prepublication Copy of.pdf.pdf.pdf.md,,,,ok,
Review/Unreadable/2004 - bibliography.pdf - 2004 - bibliography.pdf.pdf - 2004 - bibliography.pdf - 2004 - bibliography.pdf.pdf.pdf,/mnt/d/LIBRARY/Review/Unreadable/2004 - bibliography.pdf - 2004 - bibliography.pdf.pdf - 2004 - bibliography.pdf - 2004 - bibliography.pdf.pdf.pdf,.pdf,190399,2026-02-26T23:54:16+00:00,0,,converted_ocr/Review/Unreadable/2004 - bibliography.pdf - 2004 - bibliography.pdf.pdf - 2004 - bibliography.pdf - 2004 - bibliography.pdf.pdf.pdf.md,,,,ok,
Review/Unreadable/2004 - INTRODUCTION.docx - 2004 - INTRODUCTION.docx.docx - 2004 - INTRODUCTION.docx - 2004 - INTRODUCTION.docx.docx.docx,/mnt/d/LIBRARY/Review/Unreadable/2004 - INTRODUCTION.docx - 2004 - INTRODUCTION.docx.docx - 2004 - INTRODUCTION.docx - 2004 - INTRODUCTION.docx.docx.docx,.docx,35559,2026-02-26T14:53:40+00:00,0,,converted_ocr/Review/Unreadable/2004 - INTRODUCTION.docx - 2004 - INTRODUCTION.docx.docx - 2004 - INTRODUCTION.docx - 2004 - INTRODUCTION.docx.docx.docx.md,,,,ok,
Review/Unreadable/2004 - ocr_needed.pdf - 2004 - ocr_needed.pdf.pdf - 2004 - ocr_needed.pdf - 2004 - ocr_needed.pdf.pdf.pdf,/mnt/d/LIBRARY/Review/Unreadable/2004 - ocr_needed.pdf - 2004 - ocr_needed.pdf.pdf - 2004 - ocr_needed.pdf - 2004 - ocr_needed.pdf.pdf.pdf,.pdf,69635336,2026-02-12T21:36:16+00:00,0,,converted_ocr/Review/Unreadable/2004 - ocr_needed.pdf - 2004 - ocr_needed.pdf.pdf - 2004 - ocr_needed.pdf - 2004 - ocr_needed.pdf.pdf.pdf.md,,,,ok,
Review/Unreadable/2004 - policy_or_guidance.pdf - 2004 - policy_or_guidance.pdf.pdf - 2004 - policy_or_guidance.pdf - 2004 - policy_or_guidance.pdf.pdf.pdf,/mnt/d/LIBRARY/Review/Unreadable/2004 - policy_or_guidance.pdf - 2004 - policy_or_guidance.pdf.pdf - 2004 - policy_or_guidance.pdf - 2004 - policy_or_guidance.pdf.pdf.pdf,.pdf,21754,2026-03-01T11:26:22+00:00,0,,converted_ocr/Review/Unreadable/2004 - policy_or_guidance.pdf - 2004 - policy_or_guidance.pdf.pdf - 2004 - policy_or_guidance.pdf - 2004 - policy_or_guidance.pdf.pdf.pdf.md,,,,ok,
Review/Unreadable/2004 - Privacy as Contextual Integrity.pdf - 2004 - Privacy as Contextual Integrity.pdf.pdf - 2004 - Privacy as Contextual Integrity.pdf - 2004 - Privacy as Contextual Integrity.pdf.pdf.pdf,/mnt/d/LIBRARY/Review/Unreadable/2004 - Privacy as Contextual Integrity.pdf - 2004 - Privacy as Contextual Integrity.pdf.pdf - 2004 - Privacy as Contextual Integrity.pdf - 2004 - Privacy as Contextual Integrity.pdf.pdf.pdf,.pdf,2270217,2026-02-17T07:55:46+00:00,0,,converted_ocr/Review/Unreadable/2004 - Privacy as Contextual Integrity.pdf - 2004 - Privacy as Contextual Integrity.pdf.pdf - 2004 - Privacy as Contextu__fe0a1c2854e5.md,,,,ok,
Review/Unreadable/2004 - TRUE.pdf - 2004 - TRUE.pdf.pdf - 2004 - TRUE.pdf - 2004 - TRUE.pdf.pdf.pdf,/mnt/d/LIBRARY/Review/Unreadable/2004 - TRUE.pdf - 2004 - TRUE.pdf.pdf - 2004 - TRUE.pdf - 2004 - TRUE.pdf.pdf.pdf,.pdf,323147,2026-02-26T15:30:02+00:00,0,,converted_ocr/Review/Unreadable/2004 - TRUE.pdf - 2004 - TRUE.pdf.pdf - 2004 - TRUE.pdf - 2004 - TRUE.pdf.pdf.pdf.md,,10.3917/rdm.023.0133,,ok,
Review/Unreadable/2005 - book_or_monograph.pdf - 2005 - book_or_monograph.pdf.pdf - 2005 - book_or_monograph.pdf - 2005 - book_or_monograph.pdf.pdf.pdf,/mnt/d/LIBRARY/Review/Unreadable/2005 - book_or_monograph.pdf - 2005 - book_or_monograph.pdf.pdf - 2005 - book_or_monograph.pdf - 2005 - book_or_monograph.pdf.pdf.pdf,.pdf,1006783,2026-03-01T11:21:44+00:00,0,,converted_ocr/Review/Unreadable/2005 - book_or_monograph.pdf - 2005 - book_or_monograph.pdf.pdf - 2005 - book_or_monograph.pdf - 2005 - book_or_monograph.pdf.pdf.pdf.md,,,,ok,
Review/Unreadable/2005 - journal_article.pdf - 2005 - journal_article.pdf.pdf - 2005 - journal_article.pdf - 2005 - journal_article.pdf.pdf.pdf,/mnt/d/LIBRARY/Review/Unreadable/2005 - journal_article.pdf - 2005 - journal_article.pdf.pdf - 2005 - journal_article.pdf - 2005 - journal_article.pdf.pdf.pdf,.pdf,308783,2026-02-09T13:15:58+00:00,0,,converted_ocr/Review/Unreadable/2005 - journal_article.pdf - 2005 - journal_article.pdf.pdf - 2005 - journal_article.pdf - 2005 - journal_article.pdf.pdf.pdf.md,,10.1017/S0020818305050010,,ok,
Review/Unreadable/2006 - book_or_monograph.pdf - 2006 - book_or_monograph.pdf.pdf - 2006 - book_or_monograph.pdf - 2006 - book_or_monograph.pdf.pdf.pdf,/mnt/d/LIBRARY/Review/Unreadable/2006 - book_or_monograph.pdf - 2006 - book_or_monograph.pdf.pdf - 2006 - book_or_monograph.pdf - 2006 - book_or_monograph.pdf.pdf.pdf,.pdf,1817983,2026-02-14T05:29:34+00:00,0,,converted_ocr/Review/Unreadable/2006 - book_or_monograph.pdf - 2006 - book_or_monograph.pdf.pdf - 2006 - book_or_monograph.pdf - 2006 - book_or_monograph.pdf.pdf.pdf.md,,,,ok,
Review/Unreadable/2006 - legal_or_contract.docx - 2006 - legal_or_contract.docx.docx - 2006 - legal_or_contract.docx - 2006 - legal_or_contract.docx.docx.docx,/mnt/d/LIBRARY/Review/Unreadable/2006 - legal_or_contract.docx - 2006 - legal_or_contract.docx.docx - 2006 - legal_or_contract.docx - 2006 - legal_or_contract.docx.docx.docx,.docx,634178,2025-10-19T11:17:14+00:00,0,,converted_ocr/Review/Unreadable/2006 - legal_or_contract.docx - 2006 - legal_or_contract.docx.docx - 2006 - legal_or_contract.docx - 2006 - legal_or_contract.docx.docx.docx.md,,,,ok,
Review/Unreadable/2006 - legal_or_contract_1.docx - 2006 - legal_or_contract_1.docx.docx - 2006 - legal_or_contract_1.docx - 2006 - legal_or_contract_1.docx.docx.docx,/mnt/d/LIBRARY/Review/Unreadable/2006 - legal_or_contract_1.docx - 2006 - legal_or_contract_1.docx.docx - 2006 - legal_or_contract_1.docx - 2006 - legal_or_contract_1.docx.docx.docx,.docx,636259,2026-02-12T22:06:42+00:00,0,,converted_ocr/Review/Unreadable/2006 - legal_or_contract_1.docx - 2006 - legal_or_contract_1.docx.docx - 2006 - legal_or_contract_1.docx - 2006 - legal_or_contract_1.docx.docx.docx.md,,,,ok,
Review/Unreadable/2006 - report [2].docx - 2006 - report [2].docx.docx - 2006 - report [2].docx - 2006 - report [2].docx.docx.docx,/mnt/d/LIBRARY/Review/Unreadable/2006 - report [2].docx - 2006 - report [2].docx.docx - 2006 - report [2].docx - 2006 - report [2].docx.docx.docx,.docx,32061,2026-01-25T18:29:04+00:00,0,,converted_ocr/Review/Unreadable/2006 - report [2].docx - 2006 - report [2].docx.docx - 2006 - report [2].docx - 2006 - report [2].docx.docx.docx.md,,,,ok,
Review/Unreadable/2006 - report [3].docx - 2006 - report [3].docx.docx - 2006 - report [3].docx - 2006 - report [3].docx.docx.docx,/mnt/d/LIBRARY/Review/Unreadable/2006 - report [3].docx - 2006 - report [3].docx.docx - 2006 - report [3].docx - 2006 - report [3].docx.docx.docx,.docx,35660,2026-01-25T19:30:32+00:00,0,,converted_ocr/Review/Unreadable/2006 - report [3].docx - 2006 - report [3].docx.docx - 2006 - report [3].docx - 2006 - report [3].docx.docx.docx.md,,,,ok,
Review/Unreadable/2006 - report [4].docx - 2006 - report [4].docx.docx - 2006 - report [4].docx - 2006 - report [4].docx.docx.docx,/mnt/d/LIBRARY/Review/Unreadable/2006 - report [4].docx - 2006 - report [4].docx.docx - 2006 - report [4].docx - 2006 - report [4].docx.docx.docx,.docx,35663,2026-01-25T21:19:28+00:00,0,,converted_ocr/Review/Unreadable/2006 - report [4].docx - 2006 - report [4].docx.docx - 2006 - report [4].docx - 2006 - report [4].docx.docx.docx.md,,,,ok,
Review/Unreadable/2006 - report [5].docx - 2006 - report [5].docx.docx - 2006 - report [5].docx - 2006 - report [5].docx.docx.docx,/mnt/d/LIBRARY/Review/Unreadable/2006 - report [5].docx - 2006 - report [5].docx.docx - 2006 - report [5].docx - 2006 - report [5].docx.docx.docx,.docx,35934,2026-01-25T21:43:32+00:00,0,,converted_ocr/Review/Unreadable/2006 - report [5].docx - 2006 - report [5].docx.docx - 2006 - report [5].docx - 2006 - report [5].docx.docx.docx.md,,,,ok,
Review/Unreadable/2006 - report [6].docx - 2006 - report [6].docx.docx - 2006 - report [6].docx - 2006 - report [6].docx.docx.docx,/mnt/d/LIBRARY/Review/Unreadable/2006 - report [6].docx - 2006 - report [6].docx.docx - 2006 - report [6].docx - 2006 - report [6].docx.docx.docx,.docx,26336,2026-01-24T17:05:26+00:00,0,,converted_ocr/Review/Unreadable/2006 - report [6].docx - 2006 - report [6].docx.docx - 2006 - report [6].docx - 2006 - report [6].docx.docx.docx.md,,,,ok,
Review/Unreadable/2006 - report.docx - 2006 - report.docx.docx - 2006 - report.docx - 2006 - report.docx.docx.docx,/mnt/d/LIBRARY/Review/Unreadable/2006 - report.docx - 2006 - report.docx.docx - 2006 - report.docx - 2006 - report.docx.docx.docx,.docx,28829,2026-01-25T18:11:04+00:00,0,,converted_ocr/Review/Unreadable/2006 - report.docx - 2006 - report.docx.docx - 2006 - report.docx - 2006 - report.docx.docx.docx.md,,,,ok,
Review/Unreadable/2006 - The Meanings of Magic.pdf - 2006 - The Meanings of Magic.pdf.pdf - 2006 - The Meanings of Magic.pdf - 2006 - The Meanings of Magic.pdf.pdf.pdf,/mnt/d/LIBRARY/Review/Unreadable/2006 - The Meanings of Magic.pdf - 2006 - The Meanings of Magic.pdf.pdf - 2006 - The Meanings of Magic.pdf - 2006 - The Meanings of Magic.pdf.pdf.pdf,.pdf,141269,2026-02-10T06:31:28+00:00,0,,converted_ocr/Review/Unreadable/2006 - The Meanings of Magic.pdf - 2006 - The Meanings of Magic.pdf.pdf - 2006 - The Meanings of Magic.pdf - 2006 - The Meanings of Magic.pdf.pdf.pdf.md,,10.1353/mrw.0.0052,,ok,
Review/Unreadable/2007 - ARS Final Hedstrom Ylikoski.pdf - 2007 - ARS Final Hedstrom Ylikoski.pdf.pdf - 2007 - ARS Final Hedstrom Ylikoski.pdf - 2007 - ARS Final Hedstrom Ylikoski.pdf.pdf.pdf,/mnt/d/LIBRARY/Review/Unreadable/2007 - ARS Final Hedstrom Ylikoski.pdf - 2007 - ARS Final Hedstrom Ylikoski.pdf.pdf - 2007 - ARS Final Hedstrom Ylikoski.pdf - 2007 - ARS Final Hedstrom Ylikoski.pdf.pdf.pdf,.pdf,506637,2026-02-09T20:24:02+00:00,0,,converted_ocr/Review/Unreadable/2007 - ARS Final Hedstrom Ylikoski.pdf - 2007 - ARS Final Hedstrom Ylikoski.pdf.pdf - 2007 - ARS Final Hedstrom Ylikoski__07d8d76d192b.md,,,,ok,
Review/Unreadable/2007 - audit_or_assessment.docx - 2007 - audit_or_assessment.docx.docx - 2007 - audit_or_assessment.docx - 2007 - audit_or_assessment.docx.docx.docx,/mnt/d/LIBRARY/Review/Unreadable/2007 - audit_or_assessment.docx - 2007 - audit_or_assessment.docx.docx - 2007 - audit_or_assessment.docx - 2007 - audit_or_assessment.docx.docx.docx,.docx,38111,2026-02-08T03:53:42+00:00,0,,converted_ocr/Review/Unreadable/2007 - audit_or_assessment.docx - 2007 - audit_or_assessment.docx.docx - 2007 - audit_or_assessment.docx - 2007 - audit_or_assessment.docx.docx.docx.md,,,,ok,
Review/Unreadable/2007 - Journal of Humanistic Psychology.pdf - 2007 - Journal of Humanistic Psychology.pdf.pdf - 2007 - Journal of Humanistic Psychology.pdf - 2007 - Journal of Humanistic Psychology.pdf.pdf.pdf,/mnt/d/LIBRARY/Review/Unreadable/2007 - Journal of Humanistic Psychology.pdf - 2007 - Journal of Humanistic Psychology.pdf.pdf - 2007 - Journal of Humanistic Psychology.pdf - 2007 - Journal of Humanistic Psychology.pdf.pdf.pdf,.pdf,437723,2021-04-29T21:26:06+00:00,0,,converted_ocr/Review/Unreadable/2007 - Journal of Humanistic Psychology.pdf - 2007 - Journal of Humanistic Psychology.pdf.pdf - 2007 - Journal of Humani__7391712da79a.md,,10.1177/0022167818762916;10.1177/0022167820917484;10.1177/0022167820918691;10.1177/0022167820938612;10.1177/1468794120985676;10.1177/2043610619900518,,ok,
Review/Unreadable/2007 - journal_article.docx - 2007 - journal_article.docx.docx - 2007 - journal_article.docx - 2007 - journal_article.docx.docx.docx,/mnt/d/LIBRARY/Review/Unreadable/2007 - journal_article.docx - 2007 - journal_article.docx.docx - 2007 - journal_article.docx - 2007 - journal_article.docx.docx.docx,.docx,35784,2026-01-19T07:08:10+00:00,0,,converted_ocr/Review/Unreadable/2007 - journal_article.docx - 2007 - journal_article.docx.docx - 2007 - journal_article.docx - 2007 - journal_article.docx.docx.docx.md,,,,ok,
Review/Unreadable/2007 - notes_or_journal.docx - 2007 - notes_or_journal.docx.docx - 2007 - notes_or_journal.docx - 2007 - notes_or_journal.docx.docx.docx,/mnt/d/LIBRARY/Review/Unreadable/2007 - notes_or_journal.docx - 2007 - notes_or_journal.docx.docx - 2007 - notes_or_journal.docx - 2007 - notes_or_journal.docx.docx.docx,.docx,43984,2025-08-12T03:37:48+00:00,0,,converted_ocr/Review/Unreadable/2007 - notes_or_journal.docx - 2007 - notes_or_journal.docx.docx - 2007 - notes_or_journal.docx - 2007 - notes_or_journal.docx.docx.docx.md,,,,ok,
Review/Unreadable/2007 - policy_or_guidance.docx - 2007 - policy_or_guidance.docx.docx - 2007 - policy_or_guidance.docx - 2007 - policy_or_guidance.docx.docx.docx,/mnt/d/LIBRARY/Review/Unreadable/2007 - policy_or_guidance.docx - 2007 - policy_or_guidance.docx.docx - 2007 - policy_or_guidance.docx - 2007 - policy_or_guidance.docx.docx.docx,.docx,31238,2026-02-06T04:45:28+00:00,0,,converted_ocr/Review/Unreadable/2007 - policy_or_guidance.docx - 2007 - policy_or_guidance.docx.docx - 2007 - policy_or_guidance.docx - 2007 - policy_or_guidance.docx.docx.docx.md,,,,ok,
"Review/Unreadable/2007 - Texte_Paille_27,2-final2.doc.pdf - 2007 - Texte_Paille_27,2-final2.doc.pdf.pdf - 2007 - Texte_Paille_27,2-final2.doc.pdf - 2007 - Texte_Paille_27,2-final2.doc.pdf.pdf.pdf","/mnt/d/LIBRARY/Review/Unreadable/2007 - Texte_Paille_27,2-final2.doc.pdf - 2007 - Texte_Paille_27,2-final2.doc.pdf.pdf - 2007 - Texte_Paille_27,2-final2.doc.pdf - 2007 - Texte_Paille_27,2-final2.doc.pdf.pdf.pdf",.pdf,193821,2026-02-26T22:00:48+00:00,0,,"converted_ocr/Review/Unreadable/2007 - Texte_Paille_27,2-final2.doc.pdf - 2007 - Texte_Paille_27,2-final2.doc.pdf.pdf - 2007 - Texte_Paille_27,2-final2.__0233908b2393.md",,,,ok,
Review/Unreadable/2008 - book_chapter.docx - 2008 - book_chapter.docx.docx - 2008 - book_chapter.docx - 2008 - book_chapter.docx.docx.docx,/mnt/d/LIBRARY/Review/Unreadable/2008 - book_chapter.docx - 2008 - book_chapter.docx.docx - 2008 - book_chapter.docx - 2008 - book_chapter.docx.docx.docx,.docx,34885,2025-04-26T13:37:16+00:00,0,,converted_ocr/Review/Unreadable/2008 - book_chapter.docx - 2008 - book_chapter.docx.docx - 2008 - book_chapter.docx - 2008 - book_chapter.docx.docx.docx.md,,,,ok,
Review/Unreadable/2008 - Journal of the American Academy of Religion.docx - 2008 - Journ - 2008 - Journal of the American Academy of Religion.docx - 2008 - Journal of the American Academy of Religion.docx.docx.docx,/mnt/d/LIBRARY/Review/Unreadable/2008 - Journal of the American Academy of Religion.docx - 2008 - Journ - 2008 - Journal of the American Academy of Religion.docx - 2008 - Journal of the American Academy of Religion.docx.docx.docx,.docx,69639,2025-04-21T04:11:56+00:00,0,,converted_ocr/Review/Unreadable/2008 - Journal of the American Academy of Religion.docx - 2008 - Journ - 2008 - Journal of the American Academy of Relig__4d5bd7f6bbfa.md,,10.1086/588263,,ok,
Review/Unreadable/2008 - Martin Lepage - Microsoft Word-Dokument.doc - 2008 - Martin Lep - 2008 - Martin Lepage - Microsoft Word-Dokument.doc - 2008 - Martin Lepage - Microsoft Word-Dokument.doc.doc.doc,/mnt/d/LIBRARY/Review/Unreadable/2008 - Martin Lepage - Microsoft Word-Dokument.doc - 2008 - Martin Lep - 2008 - Martin Lepage - Microsoft Word-Dokument.doc - 2008 - Martin Lepage - Microsoft Word-Dokument.doc.doc.doc,.doc,29696,2012-05-23T19:10:06+00:00,0,,converted_ocr/Review/Unreadable/2008 - Martin Lepage - Microsoft Word-Dokument.doc - 2008 - Martin Lep - 2008 - Martin Lepage - Microsoft Word-Dokument.__ebb7703e51a4.md,,,,ok,
Review/Unreadable/2008 - report.pdf - 2008 - report.pdf.pdf - 2008 - report.pdf - 2008 - report.pdf.pdf.pdf,/mnt/d/LIBRARY/Review/Unreadable/2008 - report.pdf - 2008 - report.pdf.pdf - 2008 - report.pdf - 2008 - report.pdf.pdf.pdf,.pdf,153352,2017-10-17T23:33:48+00:00,0,,converted_ocr/Review/Unreadable/2008 - report.pdf - 2008 - report.pdf.pdf - 2008 - report.pdf - 2008 - report.pdf.pdf.pdf.md,,,,ok,
Review/Unreadable/2008 - Things I Do Are Manifestations of Love.pdf - 2008 - Things I Do - 2008 - Things I Do Are Manifestations of Love.pdf - 2008 - Things I Do Are Manifestations of Love.pdf.pdf.pdf,/mnt/d/LIBRARY/Review/Unreadable/2008 - Things I Do Are Manifestations of Love.pdf - 2008 - Things I Do - 2008 - Things I Do Are Manifestations of Love.pdf - 2008 - Things I Do Are Manifestations of Love.pdf.pdf.pdf,.pdf,206643,2017-04-10T20:13:10+00:00,0,,converted_ocr/Review/Unreadable/2008 - Things I Do Are Manifestations of Love.pdf - 2008 - Things I Do - 2008 - Things I Do Are Manifestations of Love.p__783d6956fc62.md,,,,ok,
Review/Unreadable/2009 - book_chapter.pdf - 2009 - book_chapter.pdf.pdf - 2009 - book_chapter.pdf - 2009 - book_chapter.pdf.pdf.pdf,/mnt/d/LIBRARY/Review/Unreadable/2009 - book_chapter.pdf - 2009 - book_chapter.pdf.pdf - 2009 - book_chapter.pdf - 2009 - book_chapter.pdf.pdf.pdf,.pdf,806581,2026-02-19T14:17:24+00:00,0,,converted_ocr/Review/Unreadable/2009 - book_chapter.pdf - 2009 - book_chapter.pdf.pdf - 2009 - book_chapter.pdf - 2009 - book_chapter.pdf.pdf.pdf.md,,,,ok,
Review/Unreadable/2009 - JourNal of.pdf - 2009 - JourNal of.pdf.pdf - 2009 - JourNal of.pdf - 2009 - JourNal of.pdf.pdf.pdf,/mnt/d/LIBRARY/Review/Unreadable/2009 - JourNal of.pdf - 2009 - JourNal of.pdf.pdf - 2009 - JourNal of.pdf - 2009 - JourNal of.pdf.pdf.pdf,.pdf,252516,2026-02-09T21:48:24+00:00,0,,converted_ocr/Review/Unreadable/2009 - JourNal of.pdf - 2009 - JourNal of.pdf.pdf - 2009 - JourNal of.pdf - 2009 - JourNal of.pdf.pdf.pdf.md,,10.5117/CMS2013.1.KAUN,,ok,
Review/Unreadable/2009 - legal_or_contract [2].docx - 2009 - legal_or_contract [2].docx.docx - 2009 - legal_or_contract [2].docx - 2009 - legal_or_contract [2].docx.docx.docx,/mnt/d/LIBRARY/Review/Unreadable/2009 - legal_or_contract [2].docx - 2009 - legal_or_contract [2].docx.docx - 2009 - legal_or_contract [2].docx - 2009 - legal_or_contract [2].docx.docx.docx,.docx,2726567,2025-04-21T05:38:48+00:00,0,,converted_ocr/Review/Unreadable/2009 - legal_or_contract [2].docx - 2009 - legal_or_contract [2].docx.docx - 2009 - legal_or_contract [2].docx - 2009 - legal_or_contract [2].docx.docx.docx.md,,,,ok,
Review/Unreadable/2009 - legal_or_contract [3].docx - 2009 - legal_or_contract [3].docx.docx - 2009 - legal_or_contract [3].docx - 2009 - legal_or_contract [3].docx.docx.docx,/mnt/d/LIBRARY/Review/Unreadable/2009 - legal_or_contract [3].docx - 2009 - legal_or_contract [3].docx.docx - 2009 - legal_or_contract [3].docx - 2009 - legal_or_contract [3].docx.docx.docx,.docx,641423,2025-10-05T06:56:48+00:00,0,,converted_ocr/Review/Unreadable/2009 - legal_or_contract [3].docx - 2009 - legal_or_contract [3].docx.docx - 2009 - legal_or_contract [3].docx - 2009 - legal_or_contract [3].docx.docx.docx.md,,,,ok,
Review/Unreadable/2009 - legal_or_contract.docx - 2009 - legal_or_contract.docx.docx - 2009 - legal_or_contract.docx - 2009 - legal_or_contract.docx.docx.docx,/mnt/d/LIBRARY/Review/Unreadable/2009 - legal_or_contract.docx - 2009 - legal_or_contract.docx.docx - 2009 - legal_or_contract.docx - 2009 - legal_or_contract.docx.docx.docx,.docx,2726625,2025-04-21T05:48:26+00:00,0,,converted_ocr/Review/Unreadable/2009 - legal_or_contract.docx - 2009 - legal_or_contract.docx.docx - 2009 - legal_or_contract.docx - 2009 - legal_or_contract.docx.docx.docx.md,,,,ok,
Review/Unreadable/2009 - thesis_or_dissertation.docx - 2009 - thesis_or_dissertation.docx.docx - 2009 - thesis_or_dissertation.docx - 2009 - thesis_or_dissertation.docx.docx.docx,/mnt/d/LIBRARY/Review/Unreadable/2009 - thesis_or_dissertation.docx - 2009 - thesis_or_dissertation.docx.docx - 2009 - thesis_or_dissertation.docx - 2009 - thesis_or_dissertation.docx.docx.docx,.docx,37165,2025-04-20T15:54:36+00:00,0,,converted_ocr/Review/Unreadable/2009 - thesis_or_dissertation.docx - 2009 - thesis_or_dissertation.docx.docx - 2009 - thesis_or_dissertation.docx - 2009 - thesis_or_dissertation.docx.docx.docx.md,,,,ok,
Review/Unreadable/2010 - bibliography.docx - 2010 - bibliography.docx.docx - 2010 - bibliography.docx - 2010 - bibliography.docx.docx.docx,/mnt/d/LIBRARY/Review/Unreadable/2010 - bibliography.docx - 2010 - bibliography.docx.docx - 2010 - bibliography.docx - 2010 - bibliography.docx.docx.docx,.docx,40937,2025-04-16T01:05:08+00:00,0,,converted_ocr/Review/Unreadable/2010 - bibliography.docx - 2010 - bibliography.docx.docx - 2010 - bibliography.docx - 2010 - bibliography.docx.docx.docx.md,,,,ok,
Review/Unreadable/2010 - book_chapter.docx - 2010 - book_chapter.docx.docx - 2010 - book_chapter.docx - 2010 - book_chapter.docx.docx.docx,/mnt/d/LIBRARY/Review/Unreadable/2010 - book_chapter.docx - 2010 - book_chapter.docx.docx - 2010 - book_chapter.docx - 2010 - book_chapter.docx.docx.docx,.docx,41114,2026-02-24T00:40:46+00:00,0,,converted_ocr/Review/Unreadable/2010 - book_chapter.docx - 2010 - book_chapter.docx.docx - 2010 - book_chapter.docx - 2010 - book_chapter.docx.docx.docx.md,,,,ok,
Review/Unreadable/2010 - Lepage 5.pdf - 2010 - Lepage 5.pdf.pdf - 2010 - Lepage 5.pdf - 2010 - Lepage 5.pdf.pdf.pdf,/mnt/d/LIBRARY/Review/Unreadable/2010 - Lepage 5.pdf - 2010 - Lepage 5.pdf.pdf - 2010 - Lepage 5.pdf - 2010 - Lepage 5.pdf.pdf.pdf,.pdf,19056,2017-10-18T03:57:04+00:00,0,,converted_ocr/Review/Unreadable/2010 - Lepage 5.pdf - 2010 - Lepage 5.pdf.pdf - 2010 - Lepage 5.pdf - 2010 - Lepage 5.pdf.pdf.pdf.md,,,,ok,
Review/Unreadable/2010 - Liste des comites d'evaluation 2009-2010 _Annexe 1_.doc - repor - 2010 - Liste des comites d'evaluation 2009-2010 _Annexe 1_.doc - report.pdf - 2010 - Liste des comites d'evaluation 2009-2010 _Annexe 1_.pdf,/mnt/d/LIBRARY/Review/Unreadable/2010 - Liste des comites d'evaluation 2009-2010 _Annexe 1_.doc - repor - 2010 - Liste des comites d'evaluation 2009-2010 _Annexe 1_.doc - report.pdf - 2010 - Liste des comites d'evaluation 2009-2010 _Annexe 1_.pdf,.pdf,28876,2016-09-26T16:21:04+00:00,0,,converted_ocr/Review/Unreadable/2010 - Liste des comites d'evaluation 2009-2010 _Annexe 1_.doc - repor - 2010 - Liste des comites d'evaluation 2009-2010__f6b6066b093d.md,,,,ok,
Review/Unreadable/2010 - Martin Lepage - thesis_or_dissertation_1.pdf - 2010 - Martin Le - 2010 - Martin Lepage - thesis_or_dissertation_1.pdf - 2010 - Martin Lepage - thesis_or_dissertation_1.pdf.pdf.pdf,/mnt/d/LIBRARY/Review/Unreadable/2010 - Martin Lepage - thesis_or_dissertation_1.pdf - 2010 - Martin Le - 2010 - Martin Lepage - thesis_or_dissertation_1.pdf - 2010 - Martin Lepage - thesis_or_dissertation_1.pdf.pdf.pdf,.pdf,561759,2025-04-20T23:59:36+00:00,0,,converted_ocr/Review/Unreadable/2010 - Martin Lepage - thesis_or_dissertation_1.pdf - 2010 - Martin Le - 2010 - Martin Lepage - thesis_or_dissertation_1__aa1a6a9b1630.md,,,,ok,
Review/Unreadable/2010 - policy_or_guidance.pdf - 2010 - policy_or_guidance.pdf.pdf - 2010 - policy_or_guidance.pdf - 2010 - policy_or_guidance.pdf.pdf.pdf,/mnt/d/LIBRARY/Review/Unreadable/2010 - policy_or_guidance.pdf - 2010 - policy_or_guidance.pdf.pdf - 2010 - policy_or_guidance.pdf - 2010 - policy_or_guidance.pdf.pdf.pdf,.pdf,1409929,2026-02-17T07:59:10+00:00,0,,converted_ocr/Review/Unreadable/2010 - policy_or_guidance.pdf - 2010 - policy_or_guidance.pdf.pdf - 2010 - policy_or_guidance.pdf - 2010 - policy_or_guidance.pdf.pdf.pdf.md,,,,ok,
Review/Unreadable/2010 - Studies in Religion Sciences Religieuses.pdf - 2010 - Studies i - 2010 - Studies in Religion Sciences Religieuses.pdf - 2010 - Studies in Religion Sciences Religieuses.pdf.pdf.pdf,/mnt/d/LIBRARY/Review/Unreadable/2010 - Studies in Religion Sciences Religieuses.pdf - 2010 - Studies i - 2010 - Studies in Religion Sciences Religieuses.pdf - 2010 - Studies in Religion Sciences Religieuses.pdf.pdf.pdf,.pdf,7150320,2017-10-05T23:18:08+00:00,0,,converted_ocr/Review/Unreadable/2010 - Studies in Religion Sciences Religieuses.pdf - 2010 - Studies i - 2010 - Studies in Religion Sciences Religieuses__4c476abacf69.md,,10.1002/9781444301106;10.1080/15299711003609724;10.1093/acprof:oso/978019;10.1093/acprof:oso/9780198;10.1111/j.1749;10.1177/0008429817710971;10.1558/pome;10.1558/pome.v15i1;10.7202/1007804ar,9781444301106,ok,
Review/Unreadable/2010 - Studies in Religion Sciences Religieuses_1.pdf - 2010 - Studies - 2010 - Studies in Religion Sciences Religieuses_1.pdf - 2010 - Studies in Religion Sciences Religieuses_1.pdf.pdf.pdf,/mnt/d/LIBRARY/Review/Unreadable/2010 - Studies in Religion Sciences Religieuses_1.pdf - 2010 - Studies - 2010 - Studies in Religion Sciences Religieuses_1.pdf - 2010 - Studies in Religion Sciences Religieuses_1.pdf.pdf.pdf,.pdf,405761,2017-06-21T12:16:58+00:00,0,,converted_ocr/Review/Unreadable/2010 - Studies in Religion Sciences Religieuses_1.pdf - 2010 - Studies - 2010 - Studies in Religion Sciences Religieuses__463ab036fda6.md,,10.1080/15299711003609724;10.1177/0966735005051952;10.1253/mrw.0.0052;10.1558/pome.v12i2.159,,ok,
"Review/Unreadable/2011 - Martin Lepage - Martin Lepages research statement for the Depar - 2011 - Martin Lepage - Martin Lepages research statement for the Department of Sociology, Loyola University Chica - thesis_or_dissertati.pdf","/mnt/d/LIBRARY/Review/Unreadable/2011 - Martin Lepage - Martin Lepages research statement for the Depar - 2011 - Martin Lepage - Martin Lepages research statement for the Department of Sociology, Loyola University Chica - thesis_or_dissertati.pdf",.pdf,104847,2017-10-17T21:04:52+00:00,0,,converted_ocr/Review/Unreadable/2011 - Martin Lepage - Martin Lepages research statement for the Depar - 2011 - Martin Lepage - Martin Lepages research__4cb91d672971.md,,,,ok,
"Review/Unreadable/2011 - Martin Lepage - Martin Lepages statement of research achievemen - 2011 - Martin Lepage - Martin Lepages statement of research achievements, Assistant Professor - thesis_or_dissertation.pdf - 2011 - Mart.pdf","/mnt/d/LIBRARY/Review/Unreadable/2011 - Martin Lepage - Martin Lepages statement of research achievemen - 2011 - Martin Lepage - Martin Lepages statement of research achievements, Assistant Professor - thesis_or_dissertation.pdf - 2011 - Mart.pdf",.pdf,107244,2017-10-05T23:57:12+00:00,0,,converted_ocr/Review/Unreadable/2011 - Martin Lepage - Martin Lepages statement of research achievemen - 2011 - Martin Lepage - Martin Lepages statement__ffac06894fea.md,,,,ok,
Review/Unreadable/2011 - Martin Lepage - thesis_or_dissertation.pdf - 2011 - Martin Lepa - 2011 - Martin Lepage - thesis_or_dissertation.pdf - 2011 - Martin Lepage - thesis_or_dissertation.pdf.pdf.pdf,/mnt/d/LIBRARY/Review/Unreadable/2011 - Martin Lepage - thesis_or_dissertation.pdf - 2011 - Martin Lepa - 2011 - Martin Lepage - thesis_or_dissertation.pdf - 2011 - Martin Lepage - thesis_or_dissertation.pdf.pdf.pdf,.pdf,625519,2017-10-17T21:31:28+00:00,0,,converted_ocr/Review/Unreadable/2011 - Martin Lepage - thesis_or_dissertation.pdf - 2011 - Martin Lepa - 2011 - Martin Lepage - thesis_or_dissertation.p__0372913c0636.md,,,,ok,
Review/Unreadable/2011 - policy_or_guidance.docx - 2011 - policy_or_guidance.docx.docx - 2011 - policy_or_guidance.docx - 2011 - policy_or_guidance.docx.docx.docx,/mnt/d/LIBRARY/Review/Unreadable/2011 - policy_or_guidance.docx - 2011 - policy_or_guidance.docx.docx - 2011 - policy_or_guidance.docx - 2011 - policy_or_guidance.docx.docx.docx,.docx,29352,2025-08-07T00:06:48+00:00,0,,converted_ocr/Review/Unreadable/2011 - policy_or_guidance.docx - 2011 - policy_or_guidance.docx.docx - 2011 - policy_or_guidance.docx - 2011 - policy_or_guidance.docx.docx.docx.md,,,,ok,
Review/Unreadable/2011 - report.doc - 2011 - report.doc.doc - 2011 - report.doc - 2011 - report.doc.doc.doc,/mnt/d/LIBRARY/Review/Unreadable/2011 - report.doc - 2011 - report.doc.doc - 2011 - report.doc - 2011 - report.doc.doc.doc,.doc,87552,2013-12-02T16:05:42+00:00,0,,converted_ocr/Review/Unreadable/2011 - report.doc - 2011 - report.doc.doc - 2011 - report.doc - 2011 - report.doc.doc.doc.md,,,,ok,
Review/Unreadable/2011 - report.docx - 2011 - report.docx.docx - 2011 - report.docx - 2011 - report.docx.docx.docx,/mnt/d/LIBRARY/Review/Unreadable/2011 - report.docx - 2011 - report.docx.docx - 2011 - report.docx - 2011 - report.docx.docx.docx,.docx,41576,2026-01-20T06:50:48+00:00,0,,converted_ocr/Review/Unreadable/2011 - report.docx - 2011 - report.docx.docx - 2011 - report.docx - 2011 - report.docx.docx.docx.md,,,,ok,
Review/Unreadable/2012 - book_or_monograph.pdf - 2012 - book_or_monograph.pdf.pdf - 2012 - book_or_monograph.pdf - 2012 - book_or_monograph.pdf.pdf.pdf,/mnt/d/LIBRARY/Review/Unreadable/2012 - book_or_monograph.pdf - 2012 - book_or_monograph.pdf.pdf - 2012 - book_or_monograph.pdf - 2012 - book_or_monograph.pdf.pdf.pdf,.pdf,6790086,2026-02-17T07:56:56+00:00,0,,converted_ocr/Review/Unreadable/2012 - book_or_monograph.pdf - 2012 - book_or_monograph.pdf.pdf - 2012 - book_or_monograph.pdf - 2012 - book_or_monograph.pdf.pdf.pdf.md,,10.4309/jgi.2005.15.4,,ok,
Review/Unreadable/2012 - book_or_monograph_1.pdf - 2012 - book_or_monograph_1.pdf.pdf - 2012 - book_or_monograph_1.pdf - 2012 - book_or_monograph_1.pdf.pdf.pdf,/mnt/d/LIBRARY/Review/Unreadable/2012 - book_or_monograph_1.pdf - 2012 - book_or_monograph_1.pdf.pdf - 2012 - book_or_monograph_1.pdf - 2012 - book_or_monograph_1.pdf.pdf.pdf,.pdf,1944440,2017-08-10T15:42:50+00:00,0,,converted_ocr/Review/Unreadable/2012 - book_or_monograph_1.pdf - 2012 - book_or_monograph_1.pdf.pdf - 2012 - book_or_monograph_1.pdf - 2012 - book_or_monograph_1.pdf.pdf.pdf.md,,,,ok,
Review/Unreadable/2012 - Martin Lepage - Chapter 8.pdf - 2012 - Martin Lepage - Chapter 8.pdf.pdf - 2012 - Martin Lepage - Chapter 8.pdf - 2012 - Martin Lepage - Chapter 8.pdf.pdf.pdf,/mnt/d/LIBRARY/Review/Unreadable/2012 - Martin Lepage - Chapter 8.pdf - 2012 - Martin Lepage - Chapter 8.pdf.pdf - 2012 - Martin Lepage - Chapter 8.pdf - 2012 - Martin Lepage - Chapter 8.pdf.pdf.pdf,.pdf,181025,2023-11-12T01:40:02+00:00,0,,converted_ocr/Review/Unreadable/2012 - Martin Lepage - Chapter 8.pdf - 2012 - Martin Lepage - Chapter 8.pdf.pdf - 2012 - Martin Lepage - Chapter 8.pdf -__d87a2b1716bd.md,,10.6084/m9,,ok,
Review/Unreadable/2012 - Martin Lepage - Chapter 8_1.pdf - 2012 - Martin Lepage - Chapter 8_1.pdf.pdf - 2012 - Martin Lepage - Chapter 8_1.pdf - 2012 - Martin Lepage - Chapter 8_1.pdf.pdf.pdf,/mnt/d/LIBRARY/Review/Unreadable/2012 - Martin Lepage - Chapter 8_1.pdf - 2012 - Martin Lepage - Chapter 8_1.pdf.pdf - 2012 - Martin Lepage - Chapter 8_1.pdf - 2012 - Martin Lepage - Chapter 8_1.pdf.pdf.pdf,.pdf,165964,2025-04-20T23:54:24+00:00,0,,converted_ocr/Review/Unreadable/2012 - Martin Lepage - Chapter 8_1.pdf - 2012 - Martin Lepage - Chapter 8_1.pdf.pdf - 2012 - Martin Lepage - Chapter 8_1__0658c3767221.md,,10.6084/m9,,ok,
Review/Unreadable/2012 - tax_or_finance.pdf - 2012 - tax_or_finance.pdf.pdf - 2012 - tax_or_finance.pdf - 2012 - tax_or_finance.pdf.pdf.pdf,/mnt/d/LIBRARY/Review/Unreadable/2012 - tax_or_finance.pdf - 2012 - tax_or_finance.pdf.pdf - 2012 - tax_or_finance.pdf - 2012 - tax_or_finance.pdf.pdf.pdf,.pdf,41454,2013-03-12T08:38:08+00:00,0,,converted_ocr/Review/Unreadable/2012 - tax_or_finance.pdf - 2012 - tax_or_finance.pdf.pdf - 2012 - tax_or_finance.pdf - 2012 - tax_or_finance.pdf.pdf.pdf.md,,,,ok,
Review/Unreadable/2013 - 23] ISSN 1528-0268 (print).pdf - 2013 - 23] ISSN 1528-0268 (print).pdf.pdf - 2013 - 23] ISSN 1528-0268 (print).pdf - 2013 - 23] ISSN 1528-0268 (print).pdf.pdf.pdf,/mnt/d/LIBRARY/Review/Unreadable/2013 - 23] ISSN 1528-0268 (print).pdf - 2013 - 23] ISSN 1528-0268 (print).pdf.pdf - 2013 - 23] ISSN 1528-0268 (print).pdf - 2013 - 23] ISSN 1528-0268 (print).pdf.pdf.pdf,.pdf,287531,2016-12-06T05:46:34+00:00,0,,converted_ocr/Review/Unreadable/2013 - 23] ISSN 1528-0268 (print).pdf - 2013 - 23] ISSN 1528-0268 (print).pdf.pdf - 2013 - 23] ISSN 1528-0268 (print).pd__f0aaa5d37f56.md,,10.1002/9781444301106;10.1080/15299711003609724;10.1093/acprof:oso/978019;10.1093/acprof:oso/9780198;10.1111/j.1749;10.1558/pome;10.1558/pome.v15i1;10.7202/1007804ar,9781444301106,ok,
Review/Unreadable/2013 - audit_or_assessment [2].docx - 2013 - audit_or_assessment [2].docx.docx - 2013 - audit_or_assessment [2].docx - 2013 - audit_or_assessment [2].docx.docx.docx,/mnt/d/LIBRARY/Review/Unreadable/2013 - audit_or_assessment [2].docx - 2013 - audit_or_assessment [2].docx.docx - 2013 - audit_or_assessment [2].docx - 2013 - audit_or_assessment [2].docx.docx.docx,.docx,56162,2026-02-16T21:40:08+00:00,0,,converted_ocr/Review/Unreadable/2013 - audit_or_assessment [2].docx - 2013 - audit_or_assessment [2].docx.docx - 2013 - audit_or_assessment [2].docx - 2__1d0093ec5d64.md,,,,ok,
Review/Unreadable/2013 - audit_or_assessment [3].docx - 2013 - audit_or_assessment [3].docx.docx - 2013 - audit_or_assessment [3].docx - 2013 - audit_or_assessment [3].docx.docx.docx,/mnt/d/LIBRARY/Review/Unreadable/2013 - audit_or_assessment [3].docx - 2013 - audit_or_assessment [3].docx.docx - 2013 - audit_or_assessment [3].docx - 2013 - audit_or_assessment [3].docx.docx.docx,.docx,56208,2026-02-16T22:54:44+00:00,0,,converted_ocr/Review/Unreadable/2013 - audit_or_assessment [3].docx - 2013 - audit_or_assessment [3].docx.docx - 2013 - audit_or_assessment [3].docx - 2__c3878dcd7792.md,,,,ok,
Review/Unreadable/2013 - audit_or_assessment.docx - 2013 - audit_or_assessment.docx.docx - 2013 - audit_or_assessment.docx - 2013 - audit_or_assessment.docx.docx.docx,/mnt/d/LIBRARY/Review/Unreadable/2013 - audit_or_assessment.docx - 2013 - audit_or_assessment.docx.docx - 2013 - audit_or_assessment.docx - 2013 - audit_or_assessment.docx.docx.docx,.docx,39319,2026-03-01T01:15:38+00:00,0,,converted_ocr/Review/Unreadable/2013 - audit_or_assessment.docx - 2013 - audit_or_assessment.docx.docx - 2013 - audit_or_assessment.docx - 2013 - audit_or_assessment.docx.docx.docx.md,,,,ok,
Review/Unreadable/2013 - audit_or_assessment_1.docx - 2013 - audit_or_assessment_1.docx.docx - 2013 - audit_or_assessment_1.docx - 2013 - audit_or_assessment_1.docx.docx.docx,/mnt/d/LIBRARY/Review/Unreadable/2013 - audit_or_assessment_1.docx - 2013 - audit_or_assessment_1.docx.docx - 2013 - audit_or_assessment_1.docx - 2013 - audit_or_assessment_1.docx.docx.docx,.docx,60285,2026-02-17T01:36:44+00:00,0,,converted_ocr/Review/Unreadable/2013 - audit_or_assessment_1.docx - 2013 - audit_or_assessment_1.docx.docx - 2013 - audit_or_assessment_1.docx - 2013 - audit_or_assessment_1.docx.docx.docx.md,,,,ok,
Review/Unreadable/2013 - book_chapter [2].docx - 2013 - book_chapter [2].docx.docx - 2013 - book_chapter [2].docx - 2013 - book_chapter [2].docx.docx.docx,/mnt/d/LIBRARY/Review/Unreadable/2013 - book_chapter [2].docx - 2013 - book_chapter [2].docx.docx - 2013 - book_chapter [2].docx - 2013 - book_chapter [2].docx.docx.docx,.docx,47277,2026-02-24T05:51:40+00:00,0,,converted_ocr/Review/Unreadable/2013 - book_chapter [2].docx - 2013 - book_chapter [2].docx.docx - 2013 - book_chapter [2].docx - 2013 - book_chapter [2].docx.docx.docx.md,,,,ok,
Review/Unreadable/2013 - book_chapter.docx - 2013 - book_chapter.docx.docx - 2013 - book_chapter.docx - 2013 - book_chapter.docx.docx.docx,/mnt/d/LIBRARY/Review/Unreadable/2013 - book_chapter.docx - 2013 - book_chapter.docx.docx - 2013 - book_chapter.docx - 2013 - book_chapter.docx.docx.docx,.docx,94954,2026-02-23T22:11:24+00:00,0,,converted_ocr/Review/Unreadable/2013 - book_chapter.docx - 2013 - book_chapter.docx.docx - 2013 - book_chapter.docx - 2013 - book_chapter.docx.docx.docx.md,,10.3983/twc.2023.2200,,ok,
Review/Unreadable/2013 - book_chapter_1.docx - 2013 - book_chapter_1.docx.docx - 2013 - book_chapter_1.docx - 2013 - book_chapter_1.docx.docx.docx,/mnt/d/LIBRARY/Review/Unreadable/2013 - book_chapter_1.docx - 2013 - book_chapter_1.docx.docx - 2013 - book_chapter_1.docx - 2013 - book_chapter_1.docx.docx.docx,.docx,49031,2026-02-24T23:04:58+00:00,0,,converted_ocr/Review/Unreadable/2013 - book_chapter_1.docx - 2013 - book_chapter_1.docx.docx - 2013 - book_chapter_1.docx - 2013 - book_chapter_1.docx.docx.docx.md,,,,ok,
Review/Unreadable/2013 - book_chapter_2.docx - 2013 - book_chapter_2.docx.docx - 2013 - book_chapter_2.docx - 2013 - book_chapter_2.docx.docx.docx,/mnt/d/LIBRARY/Review/Unreadable/2013 - book_chapter_2.docx - 2013 - book_chapter_2.docx.docx - 2013 - book_chapter_2.docx - 2013 - book_chapter_2.docx.docx.docx,.docx,88974,2026-02-23T22:33:12+00:00,0,,converted_ocr/Review/Unreadable/2013 - book_chapter_2.docx - 2013 - book_chapter_2.docx.docx - 2013 - book_chapter_2.docx - 2013 - book_chapter_2.docx.docx.docx.md,,10.3983/twc.2023.2200,,ok,
Review/Unreadable/2013 - book_or_monograph.pdf - 2013 - book_or_monograph.pdf.pdf - 2013 - book_or_monograph.pdf - 2013 - book_or_monograph.pdf.pdf.pdf,/mnt/d/LIBRARY/Review/Unreadable/2013 - book_or_monograph.pdf - 2013 - book_or_monograph.pdf.pdf - 2013 - book_or_monograph.pdf - 2013 - book_or_monograph.pdf.pdf.pdf,.pdf,796502,2026-02-14T05:30:02+00:00,0,,converted_ocr/Review/Unreadable/2013 - book_or_monograph.pdf - 2013 - book_or_monograph.pdf.pdf - 2013 - book_or_monograph.pdf - 2013 - book_or_monograph.pdf.pdf.pdf.md,,,9780199730018,ok,
Review/Unreadable/2013 - Conclusion.docx - 2013 - Conclusion.docx.docx - 2013 - Conclusion.docx - 2013 - Conclusion.docx.docx.docx,/mnt/d/LIBRARY/Review/Unreadable/2013 - Conclusion.docx - 2013 - Conclusion.docx.docx - 2013 - Conclusion.docx - 2013 - Conclusion.docx.docx.docx,.docx,38674,2026-02-24T05:15:58+00:00,0,,converted_ocr/Review/Unreadable/2013 - Conclusion.docx - 2013 - Conclusion.docx.docx - 2013 - Conclusion.docx - 2013 - Conclusion.docx.docx.docx.md,,,,ok,
Review/Unreadable/2013 - journal_article.docx - 2013 - journal_article.docx.docx - 2013 - journal_article.docx - 2013 - journal_article.docx.docx.docx,/mnt/d/LIBRARY/Review/Unreadable/2013 - journal_article.docx - 2013 - journal_article.docx.docx - 2013 - journal_article.docx - 2013 - journal_article.docx.docx.docx,.docx,590759,2025-08-10T06:49:56+00:00,0,,converted_ocr/Review/Unreadable/2013 - journal_article.docx - 2013 - journal_article.docx.docx - 2013 - journal_article.docx - 2013 - journal_article.docx.docx.docx.md,,10.1016/j.jfludis.2020.105826;10.1016/j.patter.2021.100205;10.1016/j.sbspro.2015.03.310;10.1017/S1742058X13000170;10.17169/fqs-12.1.1589;10.2307/3178066;10.28968/cftt.v5i1.29607;10.3389/fpsyg.2017.01148;10.3998/dcbooks.9439946.0001.001;10.3998/mpub.9708722,,ok,
Review/Unreadable/2013 - journal_article.pdf - 2013 - journal_article.pdf.pdf - 2013 - journal_article.pdf - 2013 - journal_article.pdf.pdf.pdf,/mnt/d/LIBRARY/Review/Unreadable/2013 - journal_article.pdf - 2013 - journal_article.pdf.pdf - 2013 - journal_article.pdf - 2013 - journal_article.pdf.pdf.pdf,.pdf,519156,2026-02-23T21:36:58+00:00,0,,converted_ocr/Review/Unreadable/2013 - journal_article.pdf - 2013 - journal_article.pdf.pdf - 2013 - journal_article.pdf - 2013 - journal_article.pdf.pdf.pdf.md,,10.3983/twc.2023.2200,,ok,
Review/Unreadable/2013 - journal_article_1.docx - 2013 - journal_article_1.docx.docx - 2013 - journal_article_1.docx - 2013 - journal_article_1.docx.docx.docx,/mnt/d/LIBRARY/Review/Unreadable/2013 - journal_article_1.docx - 2013 - journal_article_1.docx.docx - 2013 - journal_article_1.docx - 2013 - journal_article_1.docx.docx.docx,.docx,69610,2026-02-23T22:06:18+00:00,0,,converted_ocr/Review/Unreadable/2013 - journal_article_1.docx - 2013 - journal_article_1.docx.docx - 2013 - journal_article_1.docx - 2013 - journal_article_1.docx.docx.docx.md,,10.3983/twc.2023.2200,,ok,
Review/Unreadable/2013 - journal_article_1.pdf - 2013 - journal_article_1.pdf.pdf - 2013 - journal_article_1.pdf - 2013 - journal_article_1.pdf.pdf.pdf,/mnt/d/LIBRARY/Review/Unreadable/2013 - journal_article_1.pdf - 2013 - journal_article_1.pdf.pdf - 2013 - journal_article_1.pdf - 2013 - journal_article_1.pdf.pdf.pdf,.pdf,351054,2021-12-04T23:42:44+00:00,0,,converted_ocr/Review/Unreadable/2013 - journal_article_1.pdf - 2013 - journal_article_1.pdf.pdf - 2013 - journal_article_1.pdf - 2013 - journal_article_1.pdf.pdf.pdf.md,,,,ok,
Review/Unreadable/2013 - journal_article_2.docx - 2013 - journal_article_2.docx.docx - 2013 - journal_article_2.docx - 2013 - journal_article_2.docx.docx.docx,/mnt/d/LIBRARY/Review/Unreadable/2013 - journal_article_2.docx - 2013 - journal_article_2.docx.docx - 2013 - journal_article_2.docx - 2013 - journal_article_2.docx.docx.docx,.docx,7634,2025-07-29T03:05:38+00:00,0,,converted_ocr/Review/Unreadable/2013 - journal_article_2.docx - 2013 - journal_article_2.docx.docx - 2013 - journal_article_2.docx - 2013 - journal_article_2.docx.docx.docx.md,,10.1002/jts.21778;10.1017/S1742058X13000283;10.1017/hyp.2019.31;10.17169/fqs-12.1.1589,,ok,
Review/Unreadable/2013 - journal_article_2.pdf - 2013 - journal_article_2.pdf.pdf - 2013 - journal_article_2.pdf - 2013 - journal_article_2.pdf.pdf.pdf,/mnt/d/LIBRARY/Review/Unreadable/2013 - journal_article_2.pdf - 2013 - journal_article_2.pdf.pdf - 2013 - journal_article_2.pdf - 2013 - journal_article_2.pdf.pdf.pdf,.pdf,1604619,2017-05-11T04:01:24+00:00,0,,converted_ocr/Review/Unreadable/2013 - journal_article_2.pdf - 2013 - journal_article_2.pdf.pdf - 2013 - journal_article_2.pdf - 2013 - journal_article_2.pdf.pdf.pdf.md,,,,ok,
Review/Unreadable/2013 - journal_article_3.docx - 2013 - journal_article_3.docx.docx - 2013 - journal_article_3.docx - 2013 - journal_article_3.docx.docx.docx,/mnt/d/LIBRARY/Review/Unreadable/2013 - journal_article_3.docx - 2013 - journal_article_3.docx.docx - 2013 - journal_article_3.docx - 2013 - journal_article_3.docx.docx.docx,.docx,37362,2025-04-16T03:11:28+00:00,0,,converted_ocr/Review/Unreadable/2013 - journal_article_3.docx - 2013 - journal_article_3.docx.docx - 2013 - journal_article_3.docx - 2013 - journal_article_3.docx.docx.docx.md,,,,ok,
Review/Unreadable/2013 - journal_article_3.pdf - 2013 - journal_article_3.pdf.pdf - 2013 - journal_article_3.pdf - 2013 - journal_article_3.pdf.pdf.pdf,/mnt/d/LIBRARY/Review/Unreadable/2013 - journal_article_3.pdf - 2013 - journal_article_3.pdf.pdf - 2013 - journal_article_3.pdf - 2013 - journal_article_3.pdf.pdf.pdf,.pdf,4585649,2026-02-14T05:31:14+00:00,0,,converted_ocr/Review/Unreadable/2013 - journal_article_3.pdf - 2013 - journal_article_3.pdf.pdf - 2013 - journal_article_3.pdf - 2013 - journal_article_3.pdf.pdf.pdf.md,,10.1002/ajmg.b.30608;10.1002/ejsp.392;10.1006/hbeh.1995.1013;10.1007/BF00986930;10.1007/s10919-006-0010-6;10.1007/s12160-009-9100-0;10.1016/S0065-2601(08)00405-X;10.1016/S0065-2601(08)00406-1;10.1016/j.brainres.2005.10.001;10.1016/j.chb.2007.01.015;10.1016/j.conb.2004.10.016;10.1016/j.jesp.2005.03.005;10.1016/j.jesp.2007.02.003;10.1016/j.jesp.2009.02.017;10.1016/j.jesp.2009.08.010;10.1016/j.jesp.2009.12.004;10.1016/j.jesp.2012.02.015;10.1016/j.neuroimage.2004.10.002;10.1016/j.physbeh.2004.01.011;10.1016/j.pnpbp.2007.08.027,9780195398700;978019539870000307;9780195398700004;9780195398700007;9780195398700009;9780195398700065;9780195398700386;9780195398700394;97801953987004868;97801953987005160;9780195398700656,ok,
Review/Unreadable/2013 - Martin Lepage - correspondence.docx - 2013 - Martin Lepage - correspondence.docx.docx - 2013 - Martin Lepage - correspondence.docx - 2013 - Martin Lepage - correspondence.docx.docx.docx,/mnt/d/LIBRARY/Review/Unreadable/2013 - Martin Lepage - correspondence.docx - 2013 - Martin Lepage - correspondence.docx.docx - 2013 - Martin Lepage - correspondence.docx - 2013 - Martin Lepage - correspondence.docx.docx.docx,.docx,42591,2026-03-04T08:42:06+00:00,0,,converted_ocr/Review/Unreadable/2013 - Martin Lepage - correspondence.docx - 2013 - Martin Lepage - correspondence.docx.docx - 2013 - Martin Lepage - co__ba2d5b27eb2f.md,,,,ok,
Review/Unreadable/2013 - reviewing).pdf - 2013 - reviewing).pdf.pdf - 2013 - reviewing).pdf - 2013 - reviewing).pdf.pdf.pdf,/mnt/d/LIBRARY/Review/Unreadable/2013 - reviewing).pdf - 2013 - reviewing).pdf.pdf - 2013 - reviewing).pdf - 2013 - reviewing).pdf.pdf.pdf,.pdf,579590,2026-02-08T07:33:26+00:00,0,,converted_ocr/Review/Unreadable/2013 - reviewing).pdf - 2013 - reviewing).pdf.pdf - 2013 - reviewing).pdf - 2013 - reviewing).pdf.pdf.pdf.md,,10.1016/j.ijnurstu.2011.09.012;10.1016/j.socscimed.2012.04.037;10.1080/14606925.2019.1595444;10.1080/14649365.2016.1228114;10.1080/1472586X.2010.523279;10.1080/19398441.2010.488028;10.1080/24735132.2018.1541699;10.1111/j.1548-7458.2008.00009.x;10.1145/3357236.3395513;10.1177/0049124110366233;10.1177/0735275112457914;10.1177/0741088396013004002;10.1177/0907568212447243;10.1177/1049732302239412;10.1177/1049732303260445;10.1177/1049732307308949;10.1177/1049732315616625;10.1177/1049732316648114;10.1177/1090198109342084;10.1177/109019819702400309,,ok,
Review/Unreadable/2013 - statement_or_bill.pdf - 2013 - statement_or_bill.pdf.pdf - 2013 - statement_or_bill.pdf - 2013 - statement_or_bill.pdf.pdf.pdf,/mnt/d/LIBRARY/Review/Unreadable/2013 - statement_or_bill.pdf - 2013 - statement_or_bill.pdf.pdf - 2013 - statement_or_bill.pdf - 2013 - statement_or_bill.pdf.pdf.pdf,.pdf,72398,2017-05-11T03:44:00+00:00,0,,converted_ocr/Review/Unreadable/2013 - statement_or_bill.pdf - 2013 - statement_or_bill.pdf.pdf - 2013 - statement_or_bill.pdf - 2013 - statement_or_bill.pdf.pdf.pdf.md,,,,ok,
Review/Unreadable/2014 - book_or_monograph.pdf - 2014 - book_or_monograph.pdf.pdf - 2014 - book_or_monograph.pdf - 2014 - book_or_monograph.pdf.pdf.pdf,/mnt/d/LIBRARY/Review/Unreadable/2014 - book_or_monograph.pdf - 2014 - book_or_monograph.pdf.pdf - 2014 - book_or_monograph.pdf - 2014 - book_or_monograph.pdf.pdf.pdf,.pdf,1643455,2026-02-26T21:58:40+00:00,0,,converted_ocr/Review/Unreadable/2014 - book_or_monograph.pdf - 2014 - book_or_monograph.pdf.pdf - 2014 - book_or_monograph.pdf - 2014 - book_or_monograph.pdf.pdf.pdf.md,,,,ok,
Review/Unreadable/2014 - DISSERTATION_DAVIDSEN_POSTDRUKPROEF.docx - bibliography.pdf - 2 - 2014 - DISSERTATION_DAVIDSEN_POSTDRUKPROEF.docx - bibliography.pdf - 2014 - DISSERTATION_DAVIDSEN_POSTDRUKPROEF.docx - bibliography.pdf.pdf,/mnt/d/LIBRARY/Review/Unreadable/2014 - DISSERTATION_DAVIDSEN_POSTDRUKPROEF.docx - bibliography.pdf - 2 - 2014 - DISSERTATION_DAVIDSEN_POSTDRUKPROEF.docx - bibliography.pdf - 2014 - DISSERTATION_DAVIDSEN_POSTDRUKPROEF.docx - bibliography.pdf.pdf,.pdf,4173925,2021-12-22T17:09:24+00:00,0,,converted_ocr/Review/Unreadable/2014 - DISSERTATION_DAVIDSEN_POSTDRUKPROEF.docx - bibliography.pdf - 2 - 2014 - DISSERTATION_DAVIDSEN_POSTDRUKPROEF.docx__d6c969b56ef7.md,,,,ok,
Review/Unreadable/2014 - fra.xps.pdf - 2014 - fra.xps.pdf.pdf - 2014 - fra.xps.pdf - 2014 - fra.xps.pdf.pdf.pdf,/mnt/d/LIBRARY/Review/Unreadable/2014 - fra.xps.pdf - 2014 - fra.xps.pdf.pdf - 2014 - fra.xps.pdf - 2014 - fra.xps.pdf.pdf.pdf,.pdf,1358820,2019-07-23T16:36:46+00:00,0,,converted_ocr/Review/Unreadable/2014 - fra.xps.pdf - 2014 - fra.xps.pdf.pdf - 2014 - fra.xps.pdf - 2014 - fra.xps.pdf.pdf.pdf.md,,,,ok,
Review/Unreadable/2014 - Martin Lepage - journal_article.pdf - 2014 - Martin Lepage - journal_article.pdf.pdf - 2014 - Martin Lepage - journal_article.pdf - 2014 - Martin Lepage - journal_article.pdf.pdf.pdf,/mnt/d/LIBRARY/Review/Unreadable/2014 - Martin Lepage - journal_article.pdf - 2014 - Martin Lepage - journal_article.pdf.pdf - 2014 - Martin Lepage - journal_article.pdf - 2014 - Martin Lepage - journal_article.pdf.pdf.pdf,.pdf,170788,2025-04-13T17:40:52+00:00,0,,converted_ocr/Review/Unreadable/2014 - Martin Lepage - journal_article.pdf - 2014 - Martin Lepage - journal_article.pdf.pdf - 2014 - Martin Lepage - jou__6e8bb3437c25.md,,,,ok,
Review/Unreadable/2014 - report.docx - 2014 - report.docx.docx - 2014 - report.docx - 2014 - report.docx.docx.docx,/mnt/d/LIBRARY/Review/Unreadable/2014 - report.docx - 2014 - report.docx.docx - 2014 - report.docx - 2014 - report.docx.docx.docx,.docx,33932,2026-02-17T07:06:10+00:00,0,,converted_ocr/Review/Unreadable/2014 - report.docx - 2014 - report.docx.docx - 2014 - report.docx - 2014 - report.docx.docx.docx.md,,10.1016/j.patter.2021.100205;10.1145/3236386.3241340;10.1145/3287560.3287574;10.1145/3351095.3372873;10.1145/3442188.3445922;10.1177/1461444816676645,,ok,
Review/Unreadable/2014 - report.pdf - 2014 - report.pdf.pdf - 2014 - report.pdf - 2014 - report.pdf.pdf.pdf,/mnt/d/LIBRARY/Review/Unreadable/2014 - report.pdf - 2014 - report.pdf.pdf - 2014 - report.pdf - 2014 - report.pdf.pdf.pdf,.pdf,465042,2017-10-17T23:59:14+00:00,0,,converted_ocr/Review/Unreadable/2014 - report.pdf - 2014 - report.pdf.pdf - 2014 - report.pdf - 2014 - report.pdf.pdf.pdf.md,,,,ok,
Review/Unreadable/2014 - report_1.pdf - 2014 - report_1.pdf.pdf - 2014 - report_1.pdf - 2014 - report_1.pdf.pdf.pdf,/mnt/d/LIBRARY/Review/Unreadable/2014 - report_1.pdf - 2014 - report_1.pdf.pdf - 2014 - report_1.pdf - 2014 - report_1.pdf.pdf.pdf,.pdf,176652,2017-10-17T23:56:52+00:00,0,,converted_ocr/Review/Unreadable/2014 - report_1.pdf - 2014 - report_1.pdf.pdf - 2014 - report_1.pdf - 2014 - report_1.pdf.pdf.pdf.md,,,,ok,
Review/Unreadable/2014 - Royal. Magie et.pdf - 2014 - Royal. Magie et.pdf.pdf - 2014 - Royal. Magie et.pdf - 2014 - Royal. Magie et.pdf.pdf.pdf,/mnt/d/LIBRARY/Review/Unreadable/2014 - Royal. Magie et.pdf - 2014 - Royal. Magie et.pdf.pdf - 2014 - Royal. Magie et.pdf - 2014 - Royal. Magie et.pdf.pdf.pdf,.pdf,317383,2017-10-18T04:01:38+00:00,0,,converted_ocr/Review/Unreadable/2014 - Royal. Magie et.pdf - 2014 - Royal. Magie et.pdf.pdf - 2014 - Royal. Magie et.pdf - 2014 - Royal. Magie et.pdf.pdf.pdf.md,,,,ok,
Review/Unreadable/2014 - The Implausibility of Secrecy.pdf - 2014 - The Implausibility of Secrecy.pdf.pdf - 2014 - The Implausibility of Secrecy.pdf - 2014 - The Implausibility of Secrecy.pdf.pdf.pdf,/mnt/d/LIBRARY/Review/Unreadable/2014 - The Implausibility of Secrecy.pdf - 2014 - The Implausibility of Secrecy.pdf.pdf - 2014 - The Implausibility of Secrecy.pdf - 2014 - The Implausibility of Secrecy.pdf.pdf.pdf,.pdf,422449,2026-02-10T11:41:46+00:00,0,,converted_ocr/Review/Unreadable/2014 - The Implausibility of Secrecy.pdf - 2014 - The Implausibility of Secrecy.pdf.pdf - 2014 - The Implausibility of S__c8a0bfbda86e.md,,,,ok,
Review/Unreadable/2014 - thesis_or_dissertation.pdf - 2014 - thesis_or_dissertation.pdf.pdf - 2014 - thesis_or_dissertation.pdf - 2014 - thesis_or_dissertation.pdf.pdf.pdf,/mnt/d/LIBRARY/Review/Unreadable/2014 - thesis_or_dissertation.pdf - 2014 - thesis_or_dissertation.pdf.pdf - 2014 - thesis_or_dissertation.pdf - 2014 - thesis_or_dissertation.pdf.pdf.pdf,.pdf,355335,2017-12-29T18:26:52+00:00,0,,converted_ocr/Review/Unreadable/2014 - thesis_or_dissertation.pdf - 2014 - thesis_or_dissertation.pdf.pdf - 2014 - thesis_or_dissertation.pdf - 2014 - thesis_or_dissertation.pdf.pdf.pdf.md,,,,ok,
Review/Unreadable/2014 - thesis_or_dissertation_1.pdf - 2014 - thesis_or_dissertation_1.pdf.pdf - 2014 - thesis_or_dissertation_1.pdf - 2014 - thesis_or_dissertation_1.pdf.pdf.pdf,/mnt/d/LIBRARY/Review/Unreadable/2014 - thesis_or_dissertation_1.pdf - 2014 - thesis_or_dissertation_1.pdf.pdf - 2014 - thesis_or_dissertation_1.pdf - 2014 - thesis_or_dissertation_1.pdf.pdf.pdf,.pdf,4465260,2026-02-10T11:45:08+00:00,0,,converted_ocr/Review/Unreadable/2014 - thesis_or_dissertation_1.pdf - 2014 - thesis_or_dissertation_1.pdf.pdf - 2014 - thesis_or_dissertation_1.pdf - 20__535e98230ff2.md,,,,ok,
Review/Unreadable/2014 - Turning your Dissertation into a Book-open sans - thesis_or_dis - 2014 - Turning your Dissertation into a Book-open sans - thesis_or_dissertation.pdf - 2014 - Turning your Dissertation into a Book-open.pdf,/mnt/d/LIBRARY/Review/Unreadable/2014 - Turning your Dissertation into a Book-open sans - thesis_or_dis - 2014 - Turning your Dissertation into a Book-open sans - thesis_or_dissertation.pdf - 2014 - Turning your Dissertation into a Book-open.pdf,.pdf,119457,2017-01-07T03:30:18+00:00,0,,converted_ocr/Review/Unreadable/2014 - Turning your Dissertation into a Book-open sans - thesis_or_dis - 2014 - Turning your Dissertation into a Book-op__db022d8b8904.md,,,,ok,
Review/Unreadable/2015 - Alternation article template.pdf - 2015 - Alternation article template.pdf.pdf - 2015 - Alternation article template.pdf - 2015 - Alternation article template.pdf.pdf.pdf,/mnt/d/LIBRARY/Review/Unreadable/2015 - Alternation article template.pdf - 2015 - Alternation article template.pdf.pdf - 2015 - Alternation article template.pdf - 2015 - Alternation article template.pdf.pdf.pdf,.pdf,329102,2021-12-05T00:02:40+00:00,0,,converted_ocr/Review/Unreadable/2015 - Alternation article template.pdf - 2015 - Alternation article template.pdf.pdf - 2015 - Alternation article templ__69e345579b12.md,,,,ok,
Review/Unreadable/2015 - book_or_monograph.pdf - 2015 - book_or_monograph.pdf.pdf - 2015 - book_or_monograph.pdf - 2015 - book_or_monograph.pdf.pdf.pdf,/mnt/d/LIBRARY/Review/Unreadable/2015 - book_or_monograph.pdf - 2015 - book_or_monograph.pdf.pdf - 2015 - book_or_monograph.pdf - 2015 - book_or_monograph.pdf.pdf.pdf,.pdf,54726,2022-09-04T22:14:02+00:00,0,,converted_ocr/Review/Unreadable/2015 - book_or_monograph.pdf - 2015 - book_or_monograph.pdf.pdf - 2015 - book_or_monograph.pdf - 2015 - book_or_monograph.pdf.pdf.pdf.md,,10.4135/9781483346687.n50,9781452292243;9781483346687,ok,
Review/Unreadable/2015 - book_or_monograph_1.pdf - 2015 - book_or_monograph_1.pdf.pdf - 2015 - book_or_monograph_1.pdf - 2015 - book_or_monograph_1.pdf.pdf.pdf,/mnt/d/LIBRARY/Review/Unreadable/2015 - book_or_monograph_1.pdf - 2015 - book_or_monograph_1.pdf.pdf - 2015 - book_or_monograph_1.pdf - 2015 - book_or_monograph_1.pdf.pdf.pdf,.pdf,2276301,2026-02-17T07:58:28+00:00,0,,converted_ocr/Review/Unreadable/2015 - book_or_monograph_1.pdf - 2015 - book_or_monograph_1.pdf.pdf - 2015 - book_or_monograph_1.pdf - 2015 - book_or_monograph_1.pdf.pdf.pdf.md,,10.7208/chicago/9780226276663.001.0001,9780226276663;9789241596664,ok,
Review/Unreadable/2015 - correspondence.pdf - 2015 - correspondence.pdf.pdf - 2015 - correspondence.pdf - 2015 - correspondence.pdf.pdf.pdf,/mnt/d/LIBRARY/Review/Unreadable/2015 - correspondence.pdf - 2015 - correspondence.pdf.pdf - 2015 - correspondence.pdf - 2015 - correspondence.pdf.pdf.pdf,.pdf,74574,2016-09-08T22:51:26+00:00,0,,converted_ocr/Review/Unreadable/2015 - correspondence.pdf - 2015 - correspondence.pdf.pdf - 2015 - correspondence.pdf - 2015 - correspondence.pdf.pdf.pdf.md,,,,ok,
"Review/Unreadable/2015 - Future Imperfect Science, Technology, and the Imaginations of M - 2015 - Future Imperfect Science, Technology, and the Imaginations of Modernity.pdf - 2015 - Future Imperfect Science, Technology, and th.pdf","/mnt/d/LIBRARY/Review/Unreadable/2015 - Future Imperfect Science, Technology, and the Imaginations of M - 2015 - Future Imperfect Science, Technology, and the Imaginations of Modernity.pdf - 2015 - Future Imperfect Science, Technology, and th.pdf",.pdf,368192,2026-02-17T07:58:44+00:00,0,,"converted_ocr/Review/Unreadable/2015 - Future Imperfect Science, Technology, and the Imaginations of M - 2015 - Future Imperfect Science, Technology, an__d35eba049b6c.md",,,,ok,
Review/Unreadable/2015 - journal_article.docx - 2015 - journal_article.docx.docx - 2015 - journal_article.docx - 2015 - journal_article.docx.docx.docx,/mnt/d/LIBRARY/Review/Unreadable/2015 - journal_article.docx - 2015 - journal_article.docx.docx - 2015 - journal_article.docx - 2015 - journal_article.docx.docx.docx,.docx,11537,2026-01-29T21:37:58+00:00,0,,converted_ocr/Review/Unreadable/2015 - journal_article.docx - 2015 - journal_article.docx.docx - 2015 - journal_article.docx - 2015 - journal_article.docx.docx.docx.md,,10.3983/twc.2023.2200,,ok,
Review/Unreadable/2015 - journal_article_1.docx - 2015 - journal_article_1.docx.docx - 2015 - journal_article_1.docx - 2015 - journal_article_1.docx.docx.docx,/mnt/d/LIBRARY/Review/Unreadable/2015 - journal_article_1.docx - 2015 - journal_article_1.docx.docx - 2015 - journal_article_1.docx - 2015 - journal_article_1.docx.docx.docx,.docx,37664,2025-04-16T00:59:00+00:00,0,,converted_ocr/Review/Unreadable/2015 - journal_article_1.docx - 2015 - journal_article_1.docx.docx - 2015 - journal_article_1.docx - 2015 - journal_article_1.docx.docx.docx.md,,,,ok,
Review/Unreadable/2015 - policy_or_guidance [2].docx - 2015 - policy_or_guidance [2].docx.docx - 2015 - policy_or_guidance [2].docx - 2015 - policy_or_guidance [2].docx.docx.docx,/mnt/d/LIBRARY/Review/Unreadable/2015 - policy_or_guidance [2].docx - 2015 - policy_or_guidance [2].docx.docx - 2015 - policy_or_guidance [2].docx - 2015 - policy_or_guidance [2].docx.docx.docx,.docx,590380,2026-02-28T21:49:00+00:00,0,,converted_ocr/Review/Unreadable/2015 - policy_or_guidance [2].docx - 2015 - policy_or_guidance [2].docx.docx - 2015 - policy_or_guidance [2].docx - 2015 - policy_or_guidance [2].docx.docx.docx.md,,10.1073/pnas.1915768117;10.1093/idpl/ipab005;10.1145/3287560.3287596;10.1145/3287560.3287598;10.1177/2053951715608873;10.2139/ssrn.2736395;10.2139/ssrn.3063289,,ok,
Review/Unreadable/2015 - policy_or_guidance [3].docx - 2015 - policy_or_guidance [3].docx.docx - 2015 - policy_or_guidance [3].docx - 2015 - policy_or_guidance [3].docx.docx.docx,/mnt/d/LIBRARY/Review/Unreadable/2015 - policy_or_guidance [3].docx - 2015 - policy_or_guidance [3].docx.docx - 2015 - policy_or_guidance [3].docx - 2015 - policy_or_guidance [3].docx.docx.docx,.docx,589914,2026-02-28T21:53:50+00:00,0,,converted_ocr/Review/Unreadable/2015 - policy_or_guidance [3].docx - 2015 - policy_or_guidance [3].docx.docx - 2015 - policy_or_guidance [3].docx - 2015 - policy_or_guidance [3].docx.docx.docx.md,,10.1073/pnas.1915768117;10.1093/idpl/ipab005;10.1145/3287560.3287596;10.1145/3287560.3287598;10.1177/2053951715608873;10.2139/ssrn.2736395;10.2139/ssrn.3063289,,ok,
Review/Unreadable/2015 - policy_or_guidance [4].docx - 2015 - policy_or_guidance [4].docx.docx - 2015 - policy_or_guidance [4].docx - 2015 - policy_or_guidance [4].docx.docx.docx,/mnt/d/LIBRARY/Review/Unreadable/2015 - policy_or_guidance [4].docx - 2015 - policy_or_guidance [4].docx.docx - 2015 - policy_or_guidance [4].docx - 2015 - policy_or_guidance [4].docx.docx.docx,.docx,32256,2026-02-28T22:03:48+00:00,0,,converted_ocr/Review/Unreadable/2015 - policy_or_guidance [4].docx - 2015 - policy_or_guidance [4].docx.docx - 2015 - policy_or_guidance [4].docx - 2015 - policy_or_guidance [4].docx.docx.docx.md,,10.1073/pnas.1915768117;10.1093/idpl/ipab005;10.1145/3287560.3287596;10.1145/3287560.3287598;10.1177/2053951715608873;10.2139/ssrn.2736395;10.2139/ssrn.3063289,,ok,
Review/Unreadable/2015 - policy_or_guidance.docx - 2015 - policy_or_guidance.docx.docx - 2015 - policy_or_guidance.docx - 2015 - policy_or_guidance.docx.docx.docx,/mnt/d/LIBRARY/Review/Unreadable/2015 - policy_or_guidance.docx - 2015 - policy_or_guidance.docx.docx - 2015 - policy_or_guidance.docx - 2015 - policy_or_guidance.docx.docx.docx,.docx,590588,2026-02-28T20:47:06+00:00,0,,converted_ocr/Review/Unreadable/2015 - policy_or_guidance.docx - 2015 - policy_or_guidance.docx.docx - 2015 - policy_or_guidance.docx - 2015 - policy_or_guidance.docx.docx.docx.md,,10.1073/pnas.1915768117;10.1093/idpl/ipab005;10.1145/3287560.3287596;10.1145/3287560.3287598;10.1177/2053951715608873;10.2139/ssrn.2736395;10.2139/ssrn.3063289,,ok,
Review/Unreadable/2015 - Praise.pdf - 2015 - Praise.pdf.pdf - 2015 - Praise.pdf - 2015 - Praise.pdf.pdf.pdf,/mnt/d/LIBRARY/Review/Unreadable/2015 - Praise.pdf - 2015 - Praise.pdf.pdf - 2015 - Praise.pdf - 2015 - Praise.pdf.pdf.pdf,.pdf,2370503,2026-02-09T20:19:28+00:00,343,,converted_ocr/Review/Unreadable/2015 - Praise.pdf - 2015 - Praise.pdf.pdf - 2015 - Praise.pdf - 2015 - Praise.pdf.pdf.pdf.md,,,,ok,
Review/Unreadable/2015 - Projet Mc Andrew et al. pour info - thesis_or_dissertation.pdf - 2015 - Projet Mc Andrew et al. pour info - thesis_or_dissertation.pdf - 2015 - Projet Mc Andrew et al. pour info - thesis_or_dissertatio.pdf,/mnt/d/LIBRARY/Review/Unreadable/2015 - Projet Mc Andrew et al. pour info - thesis_or_dissertation.pdf - 2015 - Projet Mc Andrew et al. pour info - thesis_or_dissertation.pdf - 2015 - Projet Mc Andrew et al. pour info - thesis_or_dissertatio.pdf,.pdf,113909,2016-09-12T20:59:44+00:00,11,,converted_ocr/Review/Unreadable/2015 - Projet Mc Andrew et al. pour info - thesis_or_dissertation.pdf - 2015 - Projet Mc Andrew et al. pour info - thesi__7fa2d359dc4c.md,,,,ok,
Review/Unreadable/2015 - thesis_or_dissertation.docx - 2015 - thesis_or_dissertation.docx.docx - 2015 - thesis_or_dissertation.docx - 2015 - thesis_or_dissertation.docx.docx.docx,/mnt/d/LIBRARY/Review/Unreadable/2015 - thesis_or_dissertation.docx - 2015 - thesis_or_dissertation.docx.docx - 2015 - thesis_or_dissertation.docx - 2015 - thesis_or_dissertation.docx.docx.docx,.docx,13796,2026-02-28T18:35:04+00:00,0,,converted_ocr/Review/Unreadable/2015 - thesis_or_dissertation.docx - 2015 - thesis_or_dissertation.docx.docx - 2015 - thesis_or_dissertation.docx - 2015 - thesis_or_dissertation.docx.docx.docx.md,,,,ok,
Review/Unreadable/2015 - thesis_or_dissertation.pdf - 2015 - thesis_or_dissertation.pdf.pdf - 2015 - thesis_or_dissertation.pdf - 2015 - thesis_or_dissertation.pdf.pdf.pdf,/mnt/d/LIBRARY/Review/Unreadable/2015 - thesis_or_dissertation.pdf - 2015 - thesis_or_dissertation.pdf.pdf - 2015 - thesis_or_dissertation.pdf - 2015 - thesis_or_dissertation.pdf.pdf.pdf,.pdf,3117741,2016-08-31T08:40:14+00:00,114,,converted_ocr/Review/Unreadable/2015 - thesis_or_dissertation.pdf - 2015 - thesis_or_dissertation.pdf.pdf - 2015 - thesis_or_dissertation.pdf - 2015 - thesis_or_dissertation.pdf.pdf.pdf.md,,,,ok,
Review/Unreadable/2015 - thesis_or_dissertation_1.pdf - 2015 - thesis_or_dissertation_1.pdf.pdf - 2015 - thesis_or_dissertation_1.pdf - 2015 - thesis_or_dissertation_1.pdf.pdf.pdf,/mnt/d/LIBRARY/Review/Unreadable/2015 - thesis_or_dissertation_1.pdf - 2015 - thesis_or_dissertation_1.pdf.pdf - 2015 - thesis_or_dissertation_1.pdf - 2015 - thesis_or_dissertation_1.pdf.pdf.pdf,.pdf,90951,2016-09-02T17:10:04+00:00,15,,converted_ocr/Review/Unreadable/2015 - thesis_or_dissertation_1.pdf - 2015 - thesis_or_dissertation_1.pdf.pdf - 2015 - thesis_or_dissertation_1.pdf - 20__18e99d336742.md,,,,ok,
"Review/Unreadable/2015 - Volume 16, No. 3, Art. 18.pdf - 2015 - Volume 16, No. 3, Art. 18.pdf.pdf - 2015 - Volume 16, No. 3, Art. 18.pdf - 2015 - Volume 16, No. 3, Art. 18.pdf.pdf.pdf","/mnt/d/LIBRARY/Review/Unreadable/2015 - Volume 16, No. 3, Art. 18.pdf - 2015 - Volume 16, No. 3, Art. 18.pdf.pdf - 2015 - Volume 16, No. 3, Art. 18.pdf - 2015 - Volume 16, No. 3, Art. 18.pdf.pdf.pdf",.pdf,119973,2026-02-09T20:20:20+00:00,10,,"converted_ocr/Review/Unreadable/2015 - Volume 16, No. 3, Art. 18.pdf - 2015 - Volume 16, No. 3, Art. 18.pdf.pdf - 2015 - Volume 16, No. 3, Art. 18.pdf -__adf24e7419a0.md",,,,ok,
Review/Unreadable/2016 - Big Datas Disparate Impact.pdf - 2016 - Big Datas Disparate Impact.pdf.pdf - 2016 - Big Datas Disparate Impact.pdf - 2016 - Big Datas Disparate Impact.pdf.pdf.pdf,/mnt/d/LIBRARY/Review/Unreadable/2016 - Big Datas Disparate Impact.pdf - 2016 - Big Datas Disparate Impact.pdf.pdf - 2016 - Big Datas Disparate Impact.pdf - 2016 - Big Datas Disparate Impact.pdf.pdf.pdf,.pdf,760212,2026-02-17T21:17:12+00:00,62,,converted_ocr/Review/Unreadable/2016 - Big Datas Disparate Impact.pdf - 2016 - Big Datas Disparate Impact.pdf.pdf - 2016 - Big Datas Disparate Impact.pd__21659f44a787.md,,10.15779/Z38BG31,,ok,
Review/Unreadable/2016 - book_chapter.docx - 2016 - book_chapter.docx.docx - 2016 - book_chapter.docx - 2016 - book_chapter.docx.docx.docx,/mnt/d/LIBRARY/Review/Unreadable/2016 - book_chapter.docx - 2016 - book_chapter.docx.docx - 2016 - book_chapter.docx - 2016 - book_chapter.docx.docx.docx,.docx,38385,2026-02-24T04:40:22+00:00,0,,converted_ocr/Review/Unreadable/2016 - book_chapter.docx - 2016 - book_chapter.docx.docx - 2016 - book_chapter.docx - 2016 - book_chapter.docx.docx.docx.md,,,,ok,
Review/Unreadable/2016 - book_or_monograph.pdf - 2016 - book_or_monograph.pdf.pdf - 2016 - book_or_monograph.pdf - 2016 - book_or_monograph.pdf.pdf.pdf,/mnt/d/LIBRARY/Review/Unreadable/2016 - book_or_monograph.pdf - 2016 - book_or_monograph.pdf.pdf - 2016 - book_or_monograph.pdf - 2016 - book_or_monograph.pdf.pdf.pdf,.pdf,2716684,2026-02-26T21:56:50+00:00,487,,converted_ocr/Review/Unreadable/2016 - book_or_monograph.pdf - 2016 - book_or_monograph.pdf.pdf - 2016 - book_or_monograph.pdf - 2016 - book_or_monograph.pdf.pdf.pdf.md,,,,ok,
Review/Unreadable/2016 - book_or_monograph_1.pdf - 2016 - book_or_monograph_1.pdf.pdf - 2016 - book_or_monograph_1.pdf - 2016 - book_or_monograph_1.pdf.pdf.pdf,/mnt/d/LIBRARY/Review/Unreadable/2016 - book_or_monograph_1.pdf - 2016 - book_or_monograph_1.pdf.pdf - 2016 - book_or_monograph_1.pdf - 2016 - book_or_monograph_1.pdf.pdf.pdf,.pdf,1987918,2021-12-03T03:12:44+00:00,180,,converted_ocr/Review/Unreadable/2016 - book_or_monograph_1.pdf - 2016 - book_or_monograph_1.pdf.pdf - 2016 - book_or_monograph_1.pdf - 2016 - book_or_monograph_1.pdf.pdf.pdf.md,,,9781785333293;9781785333309,ok,
Review/Unreadable/2016 - Concours de bourse postdoctorale PRPRS 2016 - job_application.p - 2016 - Concours de bourse postdoctorale PRPRS 2016 - job_application.pdf - 2016 - Concours de bourse postdoctorale PRPRS 2016 - job_appl.pdf,/mnt/d/LIBRARY/Review/Unreadable/2016 - Concours de bourse postdoctorale PRPRS 2016 - job_application.p - 2016 - Concours de bourse postdoctorale PRPRS 2016 - job_application.pdf - 2016 - Concours de bourse postdoctorale PRPRS 2016 - job_appl.pdf,.pdf,32644,2016-09-08T20:26:24+00:00,1,,converted_ocr/Review/Unreadable/2016 - Concours de bourse postdoctorale PRPRS 2016 - job_application.p - 2016 - Concours de bourse postdoctorale PRPRS 2__125e8b6596da.md,,,,ok,
Review/Unreadable/2016 - FICHE SIGNALETIQUE (doit accompagner chaque demande).pdf - 2016 - 2016 - FICHE SIGNALETIQUE (doit accompagner chaque demande).pdf - 2016 - FICHE SIGNALETIQUE (doit accompagner chaque demande).pdf.pdf.pdf,/mnt/d/LIBRARY/Review/Unreadable/2016 - FICHE SIGNALETIQUE (doit accompagner chaque demande).pdf - 2016 - 2016 - FICHE SIGNALETIQUE (doit accompagner chaque demande).pdf - 2016 - FICHE SIGNALETIQUE (doit accompagner chaque demande).pdf.pdf.pdf,.pdf,521425,2017-01-17T21:15:42+00:00,1,,converted_ocr/Review/Unreadable/2016 - FICHE SIGNALETIQUE (doit accompagner chaque demande).pdf - 2016 - 2016 - FICHE SIGNALETIQUE (doit accompagner cha__1d689917075d.md,,,,ok,
Review/Unreadable/2016 - Introduction.docx - 2016 - Introduction.docx.docx - 2016 - Introduction.docx - 2016 - Introduction.docx.docx.docx,/mnt/d/LIBRARY/Review/Unreadable/2016 - Introduction.docx - 2016 - Introduction.docx.docx - 2016 - Introduction.docx - 2016 - Introduction.docx.docx.docx,.docx,27002,2026-01-19T01:50:00+00:00,0,,converted_ocr/Review/Unreadable/2016 - Introduction.docx - 2016 - Introduction.docx.docx - 2016 - Introduction.docx - 2016 - Introduction.docx.docx.docx.md,,,,ok,
Review/Unreadable/2016 - job_application [2].pdf - 2016 - job_application [2].pdf.pdf - 2016 - job_application [2].pdf - 2016 - job_application [2].pdf.pdf.pdf,/mnt/d/LIBRARY/Review/Unreadable/2016 - job_application [2].pdf - 2016 - job_application [2].pdf.pdf - 2016 - job_application [2].pdf - 2016 - job_application [2].pdf.pdf.pdf,.pdf,324332,2017-11-09T13:57:26+00:00,11,,converted_ocr/Review/Unreadable/2016 - job_application [2].pdf - 2016 - job_application [2].pdf.pdf - 2016 - job_application [2].pdf - 2016 - job_application [2].pdf.pdf.pdf.md,,,,ok,
Review/Unreadable/2016 - job_application.pdf - 2016 - job_application.pdf.pdf - 2016 - job_application.pdf - 2016 - job_application.pdf.pdf.pdf,/mnt/d/LIBRARY/Review/Unreadable/2016 - job_application.pdf - 2016 - job_application.pdf.pdf - 2016 - job_application.pdf - 2016 - job_application.pdf.pdf.pdf,.pdf,560763,2017-11-09T12:37:04+00:00,11,,converted_ocr/Review/Unreadable/2016 - job_application.pdf - 2016 - job_application.pdf.pdf - 2016 - job_application.pdf - 2016 - job_application.pdf.pdf.pdf.md,,,,ok,
Review/Unreadable/2016 - journal_article.docx - 2016 - journal_article.docx.docx - 2016 - journal_article.docx - 2016 - journal_article.docx.docx.docx,/mnt/d/LIBRARY/Review/Unreadable/2016 - journal_article.docx - 2016 - journal_article.docx.docx - 2016 - journal_article.docx - 2016 - journal_article.docx.docx.docx,.docx,30974,2026-02-02T12:03:04+00:00,0,,converted_ocr/Review/Unreadable/2016 - journal_article.docx - 2016 - journal_article.docx.docx - 2016 - journal_article.docx - 2016 - journal_article.docx.docx.docx.md,,,,ok,
Review/Unreadable/2016 - journal_article.pdf - 2016 - journal_article.pdf.pdf - 2016 - journal_article.pdf - 2016 - journal_article.pdf.pdf.pdf,/mnt/d/LIBRARY/Review/Unreadable/2016 - journal_article.pdf - 2016 - journal_article.pdf.pdf - 2016 - journal_article.pdf - 2016 - journal_article.pdf.pdf.pdf,.pdf,369582,2026-02-17T10:06:18+00:00,22,,converted_ocr/Review/Unreadable/2016 - journal_article.pdf - 2016 - journal_article.pdf.pdf - 2016 - journal_article.pdf - 2016 - journal_article.pdf.pdf.pdf.md,,10.1007/s11186-020-09411-3,,ok,
Review/Unreadable/2016 - journal_article_1.docx - 2016 - journal_article_1.docx.docx - 2016 - journal_article_1.docx - 2016 - journal_article_1.docx.docx.docx,/mnt/d/LIBRARY/Review/Unreadable/2016 - journal_article_1.docx - 2016 - journal_article_1.docx.docx - 2016 - journal_article_1.docx - 2016 - journal_article_1.docx.docx.docx,.docx,32312,2026-02-02T12:48:54+00:00,0,,converted_ocr/Review/Unreadable/2016 - journal_article_1.docx - 2016 - journal_article_1.docx.docx - 2016 - journal_article_1.docx - 2016 - journal_article_1.docx.docx.docx.md,,,,ok,
Review/Unreadable/2016 - journal_article_1.pdf - 2016 - journal_article_1.pdf.pdf - 2016 - journal_article_1.pdf - 2016 - journal_article_1.pdf.pdf.pdf,/mnt/d/LIBRARY/Review/Unreadable/2016 - journal_article_1.pdf - 2016 - journal_article_1.pdf.pdf - 2016 - journal_article_1.pdf - 2016 - journal_article_1.pdf.pdf.pdf,.pdf,488585,2026-03-01T11:16:08+00:00,29,,converted_ocr/Review/Unreadable/2016 - journal_article_1.pdf - 2016 - journal_article_1.pdf.pdf - 2016 - journal_article_1.pdf - 2016 - journal_article_1.pdf.pdf.pdf.md,,,,ok,
Review/Unreadable/2016 - journal_article_2.docx - 2016 - journal_article_2.docx.docx - 2016 - journal_article_2.docx - 2016 - journal_article_2.docx.docx.docx,/mnt/d/LIBRARY/Review/Unreadable/2016 - journal_article_2.docx - 2016 - journal_article_2.docx.docx - 2016 - journal_article_2.docx - 2016 - journal_article_2.docx.docx.docx,.docx,36034,2026-02-02T08:46:24+00:00,0,,converted_ocr/Review/Unreadable/2016 - journal_article_2.docx - 2016 - journal_article_2.docx.docx - 2016 - journal_article_2.docx - 2016 - journal_article_2.docx.docx.docx.md,,10.22146/jh.15309;10.3390/rel13020118,,ok,
Review/Unreadable/2016 - Martin Lepage - Dion 2015-20 - conference_paper.pdf - 2016 - Ma - 2016 - Martin Lepage - Dion 2015-20 - conference_paper.pdf - 2016 - Martin Lepage - Dion 2015-20 - conference_paper.pdf.pdf.pdf,/mnt/d/LIBRARY/Review/Unreadable/2016 - Martin Lepage - Dion 2015-20 - conference_paper.pdf - 2016 - Ma - 2016 - Martin Lepage - Dion 2015-20 - conference_paper.pdf - 2016 - Martin Lepage - Dion 2015-20 - conference_paper.pdf.pdf.pdf,.pdf,824667,2016-09-08T23:03:04+00:00,13,,converted_ocr/Review/Unreadable/2016 - Martin Lepage - Dion 2015-20 - conference_paper.pdf - 2016 - Ma - 2016 - Martin Lepage - Dion 2015-20 - conferenc__7865cb893991.md,,,,ok,
Review/Unreadable/2016 - Martin Lepage - FONDS GERARD-DION - job_application.pdf - 2016 - 2016 - Martin Lepage - FONDS GERARD-DION - job_application.pdf - 2016 - Martin Lepage - FONDS GERARD-DION - job_application.pdf.pdf.pdf,/mnt/d/LIBRARY/Review/Unreadable/2016 - Martin Lepage - FONDS GERARD-DION - job_application.pdf - 2016 - 2016 - Martin Lepage - FONDS GERARD-DION - job_application.pdf - 2016 - Martin Lepage - FONDS GERARD-DION - job_application.pdf.pdf.pdf,.pdf,66575,2018-02-14T21:57:32+00:00,1,,converted_ocr/Review/Unreadable/2016 - Martin Lepage - FONDS GERARD-DION - job_application.pdf - 2016 - 2016 - Martin Lepage - FONDS GERARD-DION - job_a__7f30694666e5.md,,,,ok,
Review/Unreadable/2016 - Martin Lepage - ocr_needed.pdf - 2016 - Martin Lepage - ocr_needed.pdf.pdf - 2016 - Martin Lepage - ocr_needed.pdf - 2016 - Martin Lepage - ocr_needed.pdf.pdf.pdf,/mnt/d/LIBRARY/Review/Unreadable/2016 - Martin Lepage - ocr_needed.pdf - 2016 - Martin Lepage - ocr_needed.pdf.pdf - 2016 - Martin Lepage - ocr_needed.pdf - 2016 - Martin Lepage - ocr_needed.pdf.pdf.pdf,.pdf,56293,2016-09-13T17:56:08+00:00,1,[1],converted_ocr/Review/Unreadable/2016 - Martin Lepage - ocr_needed.pdf - 2016 - Martin Lepage - ocr_needed.pdf.pdf - 2016 - Martin Lepage - ocr_needed.pd__6a845ba68d0d.md,text/Review/Unreadable/2016 - Martin Lepage - ocr_needed.pdf - 2016 - Martin Lepage - ocr_needed.pdf.pdf - 2016 - Martin Lepage - ocr_needed.pd__6a845ba68d0d.ocr.txt,,,ok,
Review/Unreadable/2016 - Material needed for Anthropologica.pdf - 2016 - Material needed for Anthropologica.pdf.pdf - 2016 - Material needed for Anthropologica.pdf - 2016 - Material needed for Anthropologica.pdf.pdf.pdf,/mnt/d/LIBRARY/Review/Unreadable/2016 - Material needed for Anthropologica.pdf - 2016 - Material needed for Anthropologica.pdf.pdf - 2016 - Material needed for Anthropologica.pdf - 2016 - Material needed for Anthropologica.pdf.pdf.pdf,.pdf,637441,2016-09-11T04:59:04+00:00,2,,converted_ocr/Review/Unreadable/2016 - Material needed for Anthropologica.pdf - 2016 - Material needed for Anthropologica.pdf.pdf - 2016 - Material need__b2260f417e84.md,,,,ok,
Review/Unreadable/2016 - notes_or_journal [2].docx - 2016 - notes_or_journal [2].docx.docx - 2016 - notes_or_journal [2].docx - 2016 - notes_or_journal [2].docx.docx.docx,/mnt/d/LIBRARY/Review/Unreadable/2016 - notes_or_journal [2].docx - 2016 - notes_or_journal [2].docx.docx - 2016 - notes_or_journal [2].docx - 2016 - notes_or_journal [2].docx.docx.docx,.docx,21801,2025-08-06T21:35:34+00:00,0,,converted_ocr/Review/Unreadable/2016 - notes_or_journal [2].docx - 2016 - notes_or_journal [2].docx.docx - 2016 - notes_or_journal [2].docx - 2016 - notes_or_journal [2].docx.docx.docx.md,,,,ok,
Review/Unreadable/2016 - notes_or_journal.docx - 2016 - notes_or_journal.docx.docx - 2016 - notes_or_journal.docx - 2016 - notes_or_journal.docx.docx.docx,/mnt/d/LIBRARY/Review/Unreadable/2016 - notes_or_journal.docx - 2016 - notes_or_journal.docx.docx - 2016 - notes_or_journal.docx - 2016 - notes_or_journal.docx.docx.docx,.docx,20735,2025-08-06T21:24:36+00:00,0,,converted_ocr/Review/Unreadable/2016 - notes_or_journal.docx - 2016 - notes_or_journal.docx.docx - 2016 - notes_or_journal.docx - 2016 - notes_or_journal.docx.docx.docx.md,,,,ok,
Review/Unreadable/2016 - notes_or_journal_1.docx - 2016 - notes_or_journal_1.docx.docx - 2016 - notes_or_journal_1.docx - 2016 - notes_or_journal_1.docx.docx.docx,/mnt/d/LIBRARY/Review/Unreadable/2016 - notes_or_journal_1.docx - 2016 - notes_or_journal_1.docx.docx - 2016 - notes_or_journal_1.docx - 2016 - notes_or_journal_1.docx.docx.docx,.docx,23290,2026-02-19T14:15:08+00:00,0,,converted_ocr/Review/Unreadable/2016 - notes_or_journal_1.docx - 2016 - notes_or_journal_1.docx.docx - 2016 - notes_or_journal_1.docx - 2016 - notes_or_journal_1.docx.docx.docx.md,,10.1136/medhum-2017-011255,,ok,
Review/Unreadable/2016 - ocr_needed.pdf - 2016 - ocr_needed.pdf.pdf - 2016 - ocr_needed.pdf - 2016 - ocr_needed.pdf.pdf.pdf,/mnt/d/LIBRARY/Review/Unreadable/2016 - ocr_needed.pdf - 2016 - ocr_needed.pdf.pdf - 2016 - ocr_needed.pdf - 2016 - ocr_needed.pdf.pdf.pdf,.pdf,744673,2016-09-19T20:17:40+00:00,1,[1],converted_ocr/Review/Unreadable/2016 - ocr_needed.pdf - 2016 - ocr_needed.pdf.pdf - 2016 - ocr_needed.pdf - 2016 - ocr_needed.pdf.pdf.pdf.md,text/Review/Unreadable/2016 - ocr_needed.pdf - 2016 - ocr_needed.pdf.pdf - 2016 - ocr_needed.pdf - 2016 - ocr_needed.pdf.pdf.pdf.ocr.txt,,,ok,
Review/Unreadable/2016 - ocr_needed_1.pdf - 2016 - ocr_needed_1.pdf.pdf - 2016 - ocr_needed_1.pdf - 2016 - ocr_needed_1.pdf.pdf.pdf,/mnt/d/LIBRARY/Review/Unreadable/2016 - ocr_needed_1.pdf - 2016 - ocr_needed_1.pdf.pdf - 2016 - ocr_needed_1.pdf - 2016 - ocr_needed_1.pdf.pdf.pdf,.pdf,2472649,2016-09-19T19:16:04+00:00,7,"[1, 7]",converted_ocr/Review/Unreadable/2016 - ocr_needed_1.pdf - 2016 - ocr_needed_1.pdf.pdf - 2016 - ocr_needed_1.pdf - 2016 - ocr_needed_1.pdf.pdf.pdf.md,text/Review/Unreadable/2016 - ocr_needed_1.pdf - 2016 - ocr_needed_1.pdf.pdf - 2016 - ocr_needed_1.pdf - 2016 - ocr_needed_1.pdf.pdf.pdf.ocr.txt,,,ok,
Review/Unreadable/2016 - ocr_needed_10.pdf - 2016 - ocr_needed_10.pdf.pdf - 2016 - ocr_needed_10.pdf - 2016 - ocr_needed_10.pdf.pdf.pdf,/mnt/d/LIBRARY/Review/Unreadable/2016 - ocr_needed_10.pdf - 2016 - ocr_needed_10.pdf.pdf - 2016 - ocr_needed_10.pdf - 2016 - ocr_needed_10.pdf.pdf.pdf,.pdf,2721764,2016-09-11T05:15:16+00:00,7,"[1, 7]",converted_ocr/Review/Unreadable/2016 - ocr_needed_10.pdf - 2016 - ocr_needed_10.pdf.pdf - 2016 - ocr_needed_10.pdf - 2016 - ocr_needed_10.pdf.pdf.pdf.md,text/Review/Unreadable/2016 - ocr_needed_10.pdf - 2016 - ocr_needed_10.pdf.pdf - 2016 - ocr_needed_10.pdf - 2016 - ocr_needed_10.pdf.pdf.pdf.ocr.txt,,,ok,
Review/Unreadable/2016 - ocr_needed_11.pdf - 2016 - ocr_needed_11.pdf.pdf - 2016 - ocr_needed_11.pdf - 2016 - ocr_needed_11.pdf.pdf.pdf,/mnt/d/LIBRARY/Review/Unreadable/2016 - ocr_needed_11.pdf - 2016 - ocr_needed_11.pdf.pdf - 2016 - ocr_needed_11.pdf - 2016 - ocr_needed_11.pdf.pdf.pdf,.pdf,700892,2016-09-11T05:14:58+00:00,2,"[1, 2]",converted_ocr/Review/Unreadable/2016 - ocr_needed_11.pdf - 2016 - ocr_needed_11.pdf.pdf - 2016 - ocr_needed_11.pdf - 2016 - ocr_needed_11.pdf.pdf.pdf.md,text/Review/Unreadable/2016 - ocr_needed_11.pdf - 2016 - ocr_needed_11.pdf.pdf - 2016 - ocr_needed_11.pdf - 2016 - ocr_needed_11.pdf.pdf.pdf.ocr.txt,,,ok,
Review/Unreadable/2016 - ocr_needed_12.pdf - 2016 - ocr_needed_12.pdf.pdf - 2016 - ocr_needed_12.pdf - 2016 - ocr_needed_12.pdf.pdf.pdf,/mnt/d/LIBRARY/Review/Unreadable/2016 - ocr_needed_12.pdf - 2016 - ocr_needed_12.pdf.pdf - 2016 - ocr_needed_12.pdf - 2016 - ocr_needed_12.pdf.pdf.pdf,.pdf,69753,2016-09-11T06:59:04+00:00,1,[1],converted_ocr/Review/Unreadable/2016 - ocr_needed_12.pdf - 2016 - ocr_needed_12.pdf.pdf - 2016 - ocr_needed_12.pdf - 2016 - ocr_needed_12.pdf.pdf.pdf.md,text/Review/Unreadable/2016 - ocr_needed_12.pdf - 2016 - ocr_needed_12.pdf.pdf - 2016 - ocr_needed_12.pdf - 2016 - ocr_needed_12.pdf.pdf.pdf.ocr.txt,,,ok,
Review/Unreadable/2016 - ocr_needed_13.pdf - 2016 - ocr_needed_13.pdf.pdf - 2016 - ocr_needed_13.pdf - 2016 - ocr_needed_13.pdf.pdf.pdf,/mnt/d/LIBRARY/Review/Unreadable/2016 - ocr_needed_13.pdf - 2016 - ocr_needed_13.pdf.pdf - 2016 - ocr_needed_13.pdf - 2016 - ocr_needed_13.pdf.pdf.pdf,.pdf,179861,2016-09-11T04:43:28+00:00,1,[1],converted_ocr/Review/Unreadable/2016 - ocr_needed_13.pdf - 2016 - ocr_needed_13.pdf.pdf - 2016 - ocr_needed_13.pdf - 2016 - ocr_needed_13.pdf.pdf.pdf.md,text/Review/Unreadable/2016 - ocr_needed_13.pdf - 2016 - ocr_needed_13.pdf.pdf - 2016 - ocr_needed_13.pdf - 2016 - ocr_needed_13.pdf.pdf.pdf.ocr.txt,,,ok,
Review/Unreadable/2016 - ocr_needed_14.pdf - 2016 - ocr_needed_14.pdf.pdf - 2016 - ocr_needed_14.pdf - 2016 - ocr_needed_14.pdf.pdf.pdf,/mnt/d/LIBRARY/Review/Unreadable/2016 - ocr_needed_14.pdf - 2016 - ocr_needed_14.pdf.pdf - 2016 - ocr_needed_14.pdf - 2016 - ocr_needed_14.pdf.pdf.pdf,.pdf,124758,2016-09-11T04:41:18+00:00,1,[1],converted_ocr/Review/Unreadable/2016 - ocr_needed_14.pdf - 2016 - ocr_needed_14.pdf.pdf - 2016 - ocr_needed_14.pdf - 2016 - ocr_needed_14.pdf.pdf.pdf.md,text/Review/Unreadable/2016 - ocr_needed_14.pdf - 2016 - ocr_needed_14.pdf.pdf - 2016 - ocr_needed_14.pdf - 2016 - ocr_needed_14.pdf.pdf.pdf.ocr.txt,,,ok,
Review/Unreadable/2016 - ocr_needed_15.pdf - 2016 - ocr_needed_15.pdf.pdf - 2016 - ocr_needed_15.pdf - 2016 - ocr_needed_15.pdf.pdf.pdf,/mnt/d/LIBRARY/Review/Unreadable/2016 - ocr_needed_15.pdf - 2016 - ocr_needed_15.pdf.pdf - 2016 - ocr_needed_15.pdf - 2016 - ocr_needed_15.pdf.pdf.pdf,.pdf,3970364,2016-09-19T20:18:48+00:00,10,"[1, 10]",converted_ocr/Review/Unreadable/2016 - ocr_needed_15.pdf - 2016 - ocr_needed_15.pdf.pdf - 2016 - ocr_needed_15.pdf - 2016 - ocr_needed_15.pdf.pdf.pdf.md,text/Review/Unreadable/2016 - ocr_needed_15.pdf - 2016 - ocr_needed_15.pdf.pdf - 2016 - ocr_needed_15.pdf - 2016 - ocr_needed_15.pdf.pdf.pdf.ocr.txt,,,ok,
Review/Unreadable/2016 - ocr_needed_2.pdf - 2016 - ocr_needed_2.pdf.pdf - 2016 - ocr_needed_2.pdf - 2016 - ocr_needed_2.pdf.pdf.pdf,/mnt/d/LIBRARY/Review/Unreadable/2016 - ocr_needed_2.pdf - 2016 - ocr_needed_2.pdf.pdf - 2016 - ocr_needed_2.pdf - 2016 - ocr_needed_2.pdf.pdf.pdf,.pdf,235604,2016-09-11T04:56:02+00:00,1,[1],converted_ocr/Review/Unreadable/2016 - ocr_needed_2.pdf - 2016 - ocr_needed_2.pdf.pdf - 2016 - ocr_needed_2.pdf - 2016 - ocr_needed_2.pdf.pdf.pdf.md,text/Review/Unreadable/2016 - ocr_needed_2.pdf - 2016 - ocr_needed_2.pdf.pdf - 2016 - ocr_needed_2.pdf - 2016 - ocr_needed_2.pdf.pdf.pdf.ocr.txt,,,ok,
Review/Unreadable/2016 - ocr_needed_3.pdf - 2016 - ocr_needed_3.pdf.pdf - 2016 - ocr_needed_3.pdf - 2016 - ocr_needed_3.pdf.pdf.pdf,/mnt/d/LIBRARY/Review/Unreadable/2016 - ocr_needed_3.pdf - 2016 - ocr_needed_3.pdf.pdf - 2016 - ocr_needed_3.pdf - 2016 - ocr_needed_3.pdf.pdf.pdf,.pdf,261761,2016-09-29T18:37:10+00:00,1,[1],converted_ocr/Review/Unreadable/2016 - ocr_needed_3.pdf - 2016 - ocr_needed_3.pdf.pdf - 2016 - ocr_needed_3.pdf - 2016 - ocr_needed_3.pdf.pdf.pdf.md,text/Review/Unreadable/2016 - ocr_needed_3.pdf - 2016 - ocr_needed_3.pdf.pdf - 2016 - ocr_needed_3.pdf - 2016 - ocr_needed_3.pdf.pdf.pdf.ocr.txt,,,ok,
Review/Unreadable/2016 - ocr_needed_4.pdf - 2016 - ocr_needed_4.pdf.pdf - 2016 - ocr_needed_4.pdf - 2016 - ocr_needed_4.pdf.pdf.pdf,/mnt/d/LIBRARY/Review/Unreadable/2016 - ocr_needed_4.pdf - 2016 - ocr_needed_4.pdf.pdf - 2016 - ocr_needed_4.pdf - 2016 - ocr_needed_4.pdf.pdf.pdf,.pdf,468807,2016-09-19T19:12:20+00:00,2,"[1, 2]",converted_ocr/Review/Unreadable/2016 - ocr_needed_4.pdf - 2016 - ocr_needed_4.pdf.pdf - 2016 - ocr_needed_4.pdf - 2016 - ocr_needed_4.pdf.pdf.pdf.md,text/Review/Unreadable/2016 - ocr_needed_4.pdf - 2016 - ocr_needed_4.pdf.pdf - 2016 - ocr_needed_4.pdf - 2016 - ocr_needed_4.pdf.pdf.pdf.ocr.txt,,,ok,
Review/Unreadable/2016 - ocr_needed_5.pdf - 2016 - ocr_needed_5.pdf.pdf - 2016 - ocr_needed_5.pdf - 2016 - ocr_needed_5.pdf.pdf.pdf,/mnt/d/LIBRARY/Review/Unreadable/2016 - ocr_needed_5.pdf - 2016 - ocr_needed_5.pdf.pdf - 2016 - ocr_needed_5.pdf - 2016 - ocr_needed_5.pdf.pdf.pdf,.pdf,3997657,2016-09-11T05:15:52+00:00,9,"[1, 9]",converted_ocr/Review/Unreadable/2016 - ocr_needed_5.pdf - 2016 - ocr_needed_5.pdf.pdf - 2016 - ocr_needed_5.pdf - 2016 - ocr_needed_5.pdf.pdf.pdf.md,text/Review/Unreadable/2016 - ocr_needed_5.pdf - 2016 - ocr_needed_5.pdf.pdf - 2016 - ocr_needed_5.pdf - 2016 - ocr_needed_5.pdf.pdf.pdf.ocr.txt,,,ok,
Review/Unreadable/2016 - ocr_needed_6.pdf - 2016 - ocr_needed_6.pdf.pdf - 2016 - ocr_needed_6.pdf - 2016 - ocr_needed_6.pdf.pdf.pdf,/mnt/d/LIBRARY/Review/Unreadable/2016 - ocr_needed_6.pdf - 2016 - ocr_needed_6.pdf.pdf - 2016 - ocr_needed_6.pdf - 2016 - ocr_needed_6.pdf.pdf.pdf,.pdf,198294,2016-09-02T16:35:32+00:00,1,[1],converted_ocr/Review/Unreadable/2016 - ocr_needed_6.pdf - 2016 - ocr_needed_6.pdf.pdf - 2016 - ocr_needed_6.pdf - 2016 - ocr_needed_6.pdf.pdf.pdf.md,text/Review/Unreadable/2016 - ocr_needed_6.pdf - 2016 - ocr_needed_6.pdf.pdf - 2016 - ocr_needed_6.pdf - 2016 - ocr_needed_6.pdf.pdf.pdf.ocr.txt,,,ok,
Review/Unreadable/2016 - ocr_needed_7.pdf - 2016 - ocr_needed_7.pdf.pdf - 2016 - ocr_needed_7.pdf - 2016 - ocr_needed_7.pdf.pdf.pdf,/mnt/d/LIBRARY/Review/Unreadable/2016 - ocr_needed_7.pdf - 2016 - ocr_needed_7.pdf.pdf - 2016 - ocr_needed_7.pdf - 2016 - ocr_needed_7.pdf.pdf.pdf,.pdf,302817,2016-09-19T18:43:50+00:00,1,[1],converted_ocr/Review/Unreadable/2016 - ocr_needed_7.pdf - 2016 - ocr_needed_7.pdf.pdf - 2016 - ocr_needed_7.pdf - 2016 - ocr_needed_7.pdf.pdf.pdf.md,text/Review/Unreadable/2016 - ocr_needed_7.pdf - 2016 - ocr_needed_7.pdf.pdf - 2016 - ocr_needed_7.pdf - 2016 - ocr_needed_7.pdf.pdf.pdf.ocr.txt,,,ok,
Review/Unreadable/2016 - ocr_needed_8.pdf - 2016 - ocr_needed_8.pdf.pdf - 2016 - ocr_needed_8.pdf - 2016 - ocr_needed_8.pdf.pdf.pdf,/mnt/d/LIBRARY/Review/Unreadable/2016 - ocr_needed_8.pdf - 2016 - ocr_needed_8.pdf.pdf - 2016 - ocr_needed_8.pdf - 2016 - ocr_needed_8.pdf.pdf.pdf,.pdf,703169,2016-09-19T19:07:44+00:00,1,[1],converted_ocr/Review/Unreadable/2016 - ocr_needed_8.pdf - 2016 - ocr_needed_8.pdf.pdf - 2016 - ocr_needed_8.pdf - 2016 - ocr_needed_8.pdf.pdf.pdf.md,text/Review/Unreadable/2016 - ocr_needed_8.pdf - 2016 - ocr_needed_8.pdf.pdf - 2016 - ocr_needed_8.pdf - 2016 - ocr_needed_8.pdf.pdf.pdf.ocr.txt,,,ok,
Review/Unreadable/2016 - ocr_needed_9.pdf - 2016 - ocr_needed_9.pdf.pdf - 2016 - ocr_needed_9.pdf - 2016 - ocr_needed_9.pdf.pdf.pdf,/mnt/d/LIBRARY/Review/Unreadable/2016 - ocr_needed_9.pdf - 2016 - ocr_needed_9.pdf.pdf - 2016 - ocr_needed_9.pdf - 2016 - ocr_needed_9.pdf.pdf.pdf,.pdf,341595,2016-09-19T19:08:18+00:00,1,[1],converted_ocr/Review/Unreadable/2016 - ocr_needed_9.pdf - 2016 - ocr_needed_9.pdf.pdf - 2016 - ocr_needed_9.pdf - 2016 - ocr_needed_9.pdf.pdf.pdf.md,text/Review/Unreadable/2016 - ocr_needed_9.pdf - 2016 - ocr_needed_9.pdf.pdf - 2016 - ocr_needed_9.pdf - 2016 - ocr_needed_9.pdf.pdf.pdf.ocr.txt,,,ok,
Review/Unreadable/2016 - PluralismandRadical - ocr_needed.pdf - 2016 - PluralismandRadical - ocr_needed.pdf.pdf - 2016 - PluralismandRadical - ocr_needed.pdf - 2016 - PluralismandRadical - ocr_needed.pdf.pdf.pdf,/mnt/d/LIBRARY/Review/Unreadable/2016 - PluralismandRadical - ocr_needed.pdf - 2016 - PluralismandRadical - ocr_needed.pdf.pdf - 2016 - PluralismandRadical - ocr_needed.pdf - 2016 - PluralismandRadical - ocr_needed.pdf.pdf.pdf,.pdf,4423747,2017-12-03T04:04:00+00:00,15,"[1, 15]",converted_ocr/Review/Unreadable/2016 - PluralismandRadical - ocr_needed.pdf - 2016 - PluralismandRadical - ocr_needed.pdf.pdf - 2016 - PluralismandRadic__8cdc6a86f722.md,text/Review/Unreadable/2016 - PluralismandRadical - ocr_needed.pdf - 2016 - PluralismandRadical - ocr_needed.pdf.pdf - 2016 - PluralismandRadic__8cdc6a86f722.ocr.txt,,,ok,
Review/Unreadable/2016 - report.pdf - 2016 - report.pdf.pdf - 2016 - report.pdf - 2016 - report.pdf.pdf.pdf,/mnt/d/LIBRARY/Review/Unreadable/2016 - report.pdf - 2016 - report.pdf.pdf - 2016 - report.pdf - 2016 - report.pdf.pdf.pdf,.pdf,52163,2016-09-29T23:34:38+00:00,3,,converted_ocr/Review/Unreadable/2016 - report.pdf - 2016 - report.pdf.pdf - 2016 - report.pdf - 2016 - report.pdf.pdf.pdf.md,,,,ok,
Review/Unreadable/2016 - review.pdf - 2016 - review.pdf.pdf - 2016 - review.pdf - 2016 - review.pdf.pdf.pdf,/mnt/d/LIBRARY/Review/Unreadable/2016 - review.pdf - 2016 - review.pdf.pdf - 2016 - review.pdf - 2016 - review.pdf.pdf.pdf,.pdf,1890699,2026-02-26T21:54:38+00:00,64,,converted_ocr/Review/Unreadable/2016 - review.pdf - 2016 - review.pdf.pdf - 2016 - review.pdf - 2016 - review.pdf.pdf.pdf.md,,,,ok,
Review/Unreadable/2016 - SAGE Reference.pdf - 2016 - SAGE Reference.pdf.pdf - 2016 - SAGE Reference.pdf - 2016 - SAGE Reference.pdf.pdf.pdf,/mnt/d/LIBRARY/Review/Unreadable/2016 - SAGE Reference.pdf - 2016 - SAGE Reference.pdf.pdf - 2016 - SAGE Reference.pdf - 2016 - SAGE Reference.pdf.pdf.pdf,.pdf,70294,2026-02-10T11:46:56+00:00,3,,converted_ocr/Review/Unreadable/2016 - SAGE Reference.pdf - 2016 - SAGE Reference.pdf.pdf - 2016 - SAGE Reference.pdf - 2016 - SAGE Reference.pdf.pdf.pdf.md,,10.4135/9781483376493.n307,9781483376493;9781483376516,ok,
Review/Unreadable/2016 - thesis_or_dissertation.pdf - 2016 - thesis_or_dissertation.pdf.pdf - 2016 - thesis_or_dissertation.pdf - 2016 - thesis_or_dissertation.pdf.pdf.pdf,/mnt/d/LIBRARY/Review/Unreadable/2016 - thesis_or_dissertation.pdf - 2016 - thesis_or_dissertation.pdf.pdf - 2016 - thesis_or_dissertation.pdf - 2016 - thesis_or_dissertation.pdf.pdf.pdf,.pdf,91339,2017-01-17T19:49:06+00:00,15,,converted_ocr/Review/Unreadable/2016 - thesis_or_dissertation.pdf - 2016 - thesis_or_dissertation.pdf.pdf - 2016 - thesis_or_dissertation.pdf - 2016 - thesis_or_dissertation.pdf.pdf.pdf.md,,,,ok,
Review/Unreadable/2016 - thesis_or_dissertation_1.pdf - 2016 - thesis_or_dissertation_1.pdf.pdf - 2016 - thesis_or_dissertation_1.pdf - 2016 - thesis_or_dissertation_1.pdf.pdf.pdf,/mnt/d/LIBRARY/Review/Unreadable/2016 - thesis_or_dissertation_1.pdf - 2016 - thesis_or_dissertation_1.pdf.pdf - 2016 - thesis_or_dissertation_1.pdf - 2016 - thesis_or_dissertation_1.pdf.pdf.pdf,.pdf,2303328,2022-09-14T01:47:12+00:00,443,,converted_ocr/Review/Unreadable/2016 - thesis_or_dissertation_1.pdf - 2016 - thesis_or_dissertation_1.pdf.pdf - 2016 - thesis_or_dissertation_1.pdf - 20__0d6265b27f5c.md,,,,ok,
Review/Unreadable/2017 - 1 - ocr_needed.pdf - 2017 - 1 - ocr_needed.pdf.pdf - 2017 - 1 - ocr_needed.pdf - 2017 - 1 - ocr_needed.pdf.pdf.pdf,/mnt/d/LIBRARY/Review/Unreadable/2017 - 1 - ocr_needed.pdf - 2017 - 1 - ocr_needed.pdf.pdf - 2017 - 1 - ocr_needed.pdf - 2017 - 1 - ocr_needed.pdf.pdf.pdf,.pdf,3035725,2017-09-16T05:20:06+00:00,10,"[1, 10]",converted_ocr/Review/Unreadable/2017 - 1 - ocr_needed.pdf - 2017 - 1 - ocr_needed.pdf.pdf - 2017 - 1 - ocr_needed.pdf - 2017 - 1 - ocr_needed.pdf.pdf.pdf.md,text/Review/Unreadable/2017 - 1 - ocr_needed.pdf - 2017 - 1 - ocr_needed.pdf.pdf - 2017 - 1 - ocr_needed.pdf - 2017 - 1 - ocr_needed.pdf.pdf.pdf.ocr.txt,,,ok,
Review/Unreadable/2017 - 10522570 NAM LEPM84092617 [2].pdf - 2017 - 10522570 NAM LEPM84092617 [2].pdf.pdf - 2017 - 10522570 NAM LEPM84092617 [2].pdf - 2017 - 10522570 NAM LEPM84092617 [2].pdf.pdf.pdf,/mnt/d/LIBRARY/Review/Unreadable/2017 - 10522570 NAM LEPM84092617 [2].pdf - 2017 - 10522570 NAM LEPM84092617 [2].pdf.pdf - 2017 - 10522570 NAM LEPM84092617 [2].pdf - 2017 - 10522570 NAM LEPM84092617 [2].pdf.pdf.pdf,.pdf,19891,2025-10-16T21:53:14+00:00,1,,converted_ocr/Review/Unreadable/2017 - 10522570 NAM LEPM84092617 [2].pdf - 2017 - 10522570 NAM LEPM84092617 [2].pdf.pdf - 2017 - 10522570 NAM LEPM840926__bd1d5d7a1502.md,,,,ok,
Review/Unreadable/2017 - 10522570 NAM LEPM84092617 [3].pdf - 2017 - 10522570 NAM LEPM84092617 [3].pdf.pdf - 2017 - 10522570 NAM LEPM84092617 [3].pdf - 2017 - 10522570 NAM LEPM84092617 [3].pdf.pdf.pdf,/mnt/d/LIBRARY/Review/Unreadable/2017 - 10522570 NAM LEPM84092617 [3].pdf - 2017 - 10522570 NAM LEPM84092617 [3].pdf.pdf - 2017 - 10522570 NAM LEPM84092617 [3].pdf - 2017 - 10522570 NAM LEPM84092617 [3].pdf.pdf.pdf,.pdf,521532,2025-10-16T22:07:04+00:00,3,,converted_ocr/Review/Unreadable/2017 - 10522570 NAM LEPM84092617 [3].pdf - 2017 - 10522570 NAM LEPM84092617 [3].pdf.pdf - 2017 - 10522570 NAM LEPM840926__222b9c9a3da4.md,,,,ok,
Review/Unreadable/2017 - 10522570 NAM LEPM84092617.pdf - 2017 - 10522570 NAM LEPM84092617.pdf.pdf - 2017 - 10522570 NAM LEPM84092617.pdf - 2017 - 10522570 NAM LEPM84092617.pdf.pdf.pdf,/mnt/d/LIBRARY/Review/Unreadable/2017 - 10522570 NAM LEPM84092617.pdf - 2017 - 10522570 NAM LEPM84092617.pdf.pdf - 2017 - 10522570 NAM LEPM84092617.pdf - 2017 - 10522570 NAM LEPM84092617.pdf.pdf.pdf,.pdf,19841,2025-10-16T22:05:38+00:00,1,,converted_ocr/Review/Unreadable/2017 - 10522570 NAM LEPM84092617.pdf - 2017 - 10522570 NAM LEPM84092617.pdf.pdf - 2017 - 10522570 NAM LEPM84092617.pdf -__c4e0fe636a73.md,,,,ok,
Review/Unreadable/2017 - 356.pdf - 2017 - 356.pdf.pdf - 2017 - 356.pdf - 2017 - 356.pdf.pdf.pdf,/mnt/d/LIBRARY/Review/Unreadable/2017 - 356.pdf - 2017 - 356.pdf.pdf - 2017 - 356.pdf - 2017 - 356.pdf.pdf.pdf,.pdf,80205,2026-02-12T22:04:46+00:00,4,,converted_ocr/Review/Unreadable/2017 - 356.pdf - 2017 - 356.pdf.pdf - 2017 - 356.pdf - 2017 - 356.pdf.pdf.pdf.md,,10.7340/anuac2239-625X-2921,,ok,
Review/Unreadable/2017 - ANNEXE H FR - CU 53 avec changement par. 11.docx - job_applicat - 2017 - ANNEXE H FR - CU 53 avec changement par. 11.docx - job_application.pdf - 2017 - ANNEXE H FR - CU 53 avec changement par. 11.docx.pdf,/mnt/d/LIBRARY/Review/Unreadable/2017 - ANNEXE H FR - CU 53 avec changement par. 11.docx - job_applicat - 2017 - ANNEXE H FR - CU 53 avec changement par. 11.docx - job_application.pdf - 2017 - ANNEXE H FR - CU 53 avec changement par. 11.docx.pdf,.pdf,155774,2017-05-15T17:30:08+00:00,4,,converted_ocr/Review/Unreadable/2017 - ANNEXE H FR - CU 53 avec changement par. 11.docx - job_applicat - 2017 - ANNEXE H FR - CU 53 avec changement par.__1195bd272c9d.md,,,,ok,
"Review/Unreadable/2017 - BELGIAN OFFICE FOR SCIENTIFIC, TECHNICAL AND CULTURAL AFFAIRS.p - 2017 - BELGIAN OFFICE FOR SCIENTIFIC, TECHNICAL AND CULTURAL AFFAIRS.pdf - 2017 - BELGIAN OFFICE FOR SCIENTIFIC, TECHNICAL AND CULTURAL.pdf","/mnt/d/LIBRARY/Review/Unreadable/2017 - BELGIAN OFFICE FOR SCIENTIFIC, TECHNICAL AND CULTURAL AFFAIRS.p - 2017 - BELGIAN OFFICE FOR SCIENTIFIC, TECHNICAL AND CULTURAL AFFAIRS.pdf - 2017 - BELGIAN OFFICE FOR SCIENTIFIC, TECHNICAL AND CULTURAL.pdf",.pdf,1090592,2017-01-03T02:26:04+00:00,22,,"converted_ocr/Review/Unreadable/2017 - BELGIAN OFFICE FOR SCIENTIFIC, TECHNICAL AND CULTURAL AFFAIRS.p - 2017 - BELGIAN OFFICE FOR SCIENTIFIC, TECHNICAL__dfb8b9436b46.md",,10.1558/pome.v15i1-2.79,,ok,
Review/Unreadable/2017 - book_chapter.pdf - 2017 - book_chapter.pdf.pdf - 2017 - book_chapter.pdf - 2017 - book_chapter.pdf.pdf.pdf,/mnt/d/LIBRARY/Review/Unreadable/2017 - book_chapter.pdf - 2017 - book_chapter.pdf.pdf - 2017 - book_chapter.pdf - 2017 - book_chapter.pdf.pdf.pdf,.pdf,46081,2017-09-29T07:51:50+00:00,1,,converted_ocr/Review/Unreadable/2017 - book_chapter.pdf - 2017 - book_chapter.pdf.pdf - 2017 - book_chapter.pdf - 2017 - book_chapter.pdf.pdf.pdf.md,,,,ok,
Review/Unreadable/2017 - book_or_monograph.pdf - 2017 - book_or_monograph.pdf.pdf - 2017 - book_or_monograph.pdf - 2017 - book_or_monograph.pdf.pdf.pdf,/mnt/d/LIBRARY/Review/Unreadable/2017 - book_or_monograph.pdf - 2017 - book_or_monograph.pdf.pdf - 2017 - book_or_monograph.pdf - 2017 - book_or_monograph.pdf.pdf.pdf,.pdf,3254492,2026-02-26T21:59:50+00:00,380,,converted_ocr/Review/Unreadable/2017 - book_or_monograph.pdf - 2017 - book_or_monograph.pdf.pdf - 2017 - book_or_monograph.pdf - 2017 - book_or_monograph.pdf.pdf.pdf.md,,,,ok,
"Review/Unreadable/2017 - Ces donnees sont extraites du DOSSIER SANTE QUEBEC (DSQ). Marti - 2017 - Ces donnees sont extraites du DOSSIER SANTE QUEBEC (DSQ). Martin Lepage 1984 09 26,M,LEPM8 [2].pdf - 2017 - Ces donnees sont extr.pdf","/mnt/d/LIBRARY/Review/Unreadable/2017 - Ces donnees sont extraites du DOSSIER SANTE QUEBEC (DSQ). Marti - 2017 - Ces donnees sont extraites du DOSSIER SANTE QUEBEC (DSQ). Martin Lepage 1984 09 26,M,LEPM8 [2].pdf - 2017 - Ces donnees sont extr.pdf",.pdf,19926,2025-10-16T21:52:38+00:00,1,,converted_ocr/Review/Unreadable/2017 - Ces donnees sont extraites du DOSSIER SANTE QUEBEC (DSQ). Marti - 2017 - Ces donnees sont extraites du DOSSIER SA__b04cfcf0d314.md,,,,ok,
"Review/Unreadable/2017 - Ces donnees sont extraites du DOSSIER SANTE QUEBEC (DSQ). Marti - 2017 - Ces donnees sont extraites du DOSSIER SANTE QUEBEC (DSQ). Martin Lepage 1984 09 26,M,LEPM8.pdf - 2017 - Ces donnees sont extraite.pdf","/mnt/d/LIBRARY/Review/Unreadable/2017 - Ces donnees sont extraites du DOSSIER SANTE QUEBEC (DSQ). Marti - 2017 - Ces donnees sont extraites du DOSSIER SANTE QUEBEC (DSQ). Martin Lepage 1984 09 26,M,LEPM8.pdf - 2017 - Ces donnees sont extraite.pdf",.pdf,19877,2025-10-16T22:06:00+00:00,1,,converted_ocr/Review/Unreadable/2017 - Ces donnees sont extraites du DOSSIER SANTE QUEBEC (DSQ). Marti - 2017 - Ces donnees sont extraites du DOSSIER SA__be71d1c35a9c.md,,,,ok,
Review/Unreadable/2017 - correspondence.pdf - 2017 - correspondence.pdf.pdf - 2017 - correspondence.pdf - 2017 - correspondence.pdf.pdf.pdf,/mnt/d/LIBRARY/Review/Unreadable/2017 - correspondence.pdf - 2017 - correspondence.pdf.pdf - 2017 - correspondence.pdf - 2017 - correspondence.pdf.pdf.pdf,.pdf,196552,2017-05-13T18:58:52+00:00,2,,converted_ocr/Review/Unreadable/2017 - correspondence.pdf - 2017 - correspondence.pdf.pdf - 2017 - correspondence.pdf - 2017 - correspondence.pdf.pdf.pdf.md,,,,ok,
Review/Unreadable/2017 - correspondence_1.pdf - 2017 - correspondence_1.pdf.pdf - 2017 - correspondence_1.pdf - 2017 - correspondence_1.pdf.pdf.pdf,/mnt/d/LIBRARY/Review/Unreadable/2017 - correspondence_1.pdf - 2017 - correspondence_1.pdf.pdf - 2017 - correspondence_1.pdf - 2017 - correspondence_1.pdf.pdf.pdf,.pdf,758951,2017-01-09T17:49:48+00:00,2,,converted_ocr/Review/Unreadable/2017 - correspondence_1.pdf - 2017 - correspondence_1.pdf.pdf - 2017 - correspondence_1.pdf - 2017 - correspondence_1.pdf.pdf.pdf.md,,,,ok,
"Review/Unreadable/2017 - Douglas, Karen, Sutton, Robbie M. and Cichocka, Aleksandra The - 2017 - Douglas, Karen, Sutton, Robbie M. and Cichocka, Aleksandra The.pdf - 2017 - Douglas, Karen, Sutton, Robbie M. and Cichocka, Aleks.pdf","/mnt/d/LIBRARY/Review/Unreadable/2017 - Douglas, Karen, Sutton, Robbie M. and Cichocka, Aleksandra The - 2017 - Douglas, Karen, Sutton, Robbie M. and Cichocka, Aleksandra The.pdf - 2017 - Douglas, Karen, Sutton, Robbie M. and Cichocka, Aleks.pdf",.pdf,165055,2026-02-10T11:41:30+00:00,6,,"converted_ocr/Review/Unreadable/2017 - Douglas, Karen, Sutton, Robbie M. and Cichocka, Aleksandra The - 2017 - Douglas, Karen, Sutton, Robbie M. and Cic__cdeb51ae0a83.md",,10.1002/ejsp.2308;10.1177/0963721417718261;10.1371/journal;10.3389/fpsyg.2013.00225;10.3389/fpsyg.2013.00378,,ok,
Review/Unreadable/2017 - EDITORIAL INTRODUCTION.pdf - 2017 - EDITORIAL INTRODUCTION.pdf.pdf - 2017 - EDITORIAL INTRODUCTION.pdf - 2017 - EDITORIAL INTRODUCTION.pdf.pdf.pdf,/mnt/d/LIBRARY/Review/Unreadable/2017 - EDITORIAL INTRODUCTION.pdf - 2017 - EDITORIAL INTRODUCTION.pdf.pdf - 2017 - EDITORIAL INTRODUCTION.pdf - 2017 - EDITORIAL INTRODUCTION.pdf.pdf.pdf,.pdf,115039,2017-08-10T15:08:32+00:00,10,,converted_ocr/Review/Unreadable/2017 - EDITORIAL INTRODUCTION.pdf - 2017 - EDITORIAL INTRODUCTION.pdf.pdf - 2017 - EDITORIAL INTRODUCTION.pdf - 2017 - EDITORIAL INTRODUCTION.pdf.pdf.pdf.md,,10.1017/S1742058X13000349,,ok,
"Review/Unreadable/2017 - IN Louvain Lepage, Research project.pdf - 2017 .pdf","/mnt/d/LIBRARY/Review/Unreadable/2017 - IN Louvain Lepage, Research project.pdf - 2017 .pdf",.pdf,239916,2017-01-03T01:44:08+00:00,5,,"converted_ocr/Review/Unreadable/2017 - IN Louvain Lepage, Research project.pdf - 2017 .pdf.md",,,,ok,
Review/Unreadable/2017 - INFORMATION DISORDER.pdf - 2017 - INFORMATION DISORDER.pdf.pdf - 2017 - INFORMATION DISORDER.pdf - 2017 - INFORMATION DISORDER.pdf.pdf.pdf,/mnt/d/LIBRARY/Review/Unreadable/2017 - INFORMATION DISORDER.pdf - 2017 - INFORMATION DISORDER.pdf.pdf - 2017 - INFORMATION DISORDER.pdf - 2017 - INFORMATION DISORDER.pdf.pdf.pdf,.pdf,3367575,2026-02-10T11:46:16+00:00,109,,converted_ocr/Review/Unreadable/2017 - INFORMATION DISORDER.pdf - 2017 - INFORMATION DISORDER.pdf.pdf - 2017 - INFORMATION DISORDER.pdf - 2017 - INFORMATION DISORDER.pdf.pdf.pdf.md,,,,ok,
Review/Unreadable/2017 - job_application.pdf - 2017 - job_application.pdf.pdf - 2017 - job_application.pdf - 2017 - job_application.pdf.pdf.pdf,/mnt/d/LIBRARY/Review/Unreadable/2017 - job_application.pdf - 2017 - job_application.pdf.pdf - 2017 - job_application.pdf - 2017 - job_application.pdf.pdf.pdf,.pdf,104131,2017-05-25T20:37:36+00:00,2,,converted_ocr/Review/Unreadable/2017 - job_application.pdf - 2017 - job_application.pdf.pdf - 2017 - job_application.pdf - 2017 - job_application.pdf.pdf.pdf.md,,,,ok,
Review/Unreadable/2017 - job_application_1.pdf - 2017 - job_application_1.pdf.pdf - 2017 - job_application_1.pdf - 2017 - job_application_1.pdf.pdf.pdf,/mnt/d/LIBRARY/Review/Unreadable/2017 - job_application_1.pdf - 2017 - job_application_1.pdf.pdf - 2017 - job_application_1.pdf - 2017 - job_application_1.pdf.pdf.pdf,.pdf,288650,2017-05-25T15:40:12+00:00,2,,converted_ocr/Review/Unreadable/2017 - job_application_1.pdf - 2017 - job_application_1.pdf.pdf - 2017 - job_application_1.pdf - 2017 - job_application_1.pdf.pdf.pdf.md,,,,ok,
Review/Unreadable/2017 - JOURNAL OF MEDICAL INTERNET RESEARCH Greenhalgh et al.pdf - 201 - 2017 - JOURNAL OF MEDICAL INTERNET RESEARCH Greenhalgh et al.pdf - 2017 - JOURNAL OF MEDICAL INTERNET RESEARCH Greenhalgh et al.pdf.pdf.pdf,/mnt/d/LIBRARY/Review/Unreadable/2017 - JOURNAL OF MEDICAL INTERNET RESEARCH Greenhalgh et al.pdf - 201 - 2017 - JOURNAL OF MEDICAL INTERNET RESEARCH Greenhalgh et al.pdf - 2017 - JOURNAL OF MEDICAL INTERNET RESEARCH Greenhalgh et al.pdf.pdf.pdf,.pdf,1756712,2026-02-17T10:04:38+00:00,21,,converted_ocr/Review/Unreadable/2017 - JOURNAL OF MEDICAL INTERNET RESEARCH Greenhalgh et al.pdf - 201 - 2017 - JOURNAL OF MEDICAL INTERNET RESEARCH Gre__90abd5589c95.md,,10.1007/BF00141934;10.1007/s10464-009-9229-9;10.1007/s10606-005-9001-0;10.1007/s10606-006-9037-9;10.1016/S0140-6736(11)61229-4;10.1016/j.jacbts.2016.06.003;10.1016/j.otc.2011.08.011;10.1080/09537320310001601504;10.1111/j.1467-9566.2007.01032.x;10.1111/j.1468-0009.2012.00673.x;10.1111/j.1552-6909.2012.01399.x;10.1177/001872678704000303;10.1177/1555343416652524;10.1186/1748-5908-8-117;10.1207/S15327051HCI1523_5;10.1287/isre.3.1.60;10.1287/orsc.11.6.611.12529;10.1287/orsc.3.3.398;10.2196/jmir.1633;10.2196/jmir.8775,,ok,
Review/Unreadable/2017 - journal_article.docx - 2017 - journal_article.docx.docx - 2017 - journal_article.docx - 2017 - journal_article.docx.docx.docx,/mnt/d/LIBRARY/Review/Unreadable/2017 - journal_article.docx - 2017 - journal_article.docx.docx - 2017 - journal_article.docx - 2017 - journal_article.docx.docx.docx,.docx,69050,2026-02-23T22:19:06+00:00,0,,converted_ocr/Review/Unreadable/2017 - journal_article.docx - 2017 - journal_article.docx.docx - 2017 - journal_article.docx - 2017 - journal_article.docx.docx.docx.md,,10.3983/twc.2023.2200,,ok,
Review/Unreadable/2017 - journal_article.pdf - 2017 - journal_article.pdf.pdf - 2017 - journal_article.pdf - 2017 - journal_article.pdf.pdf.pdf,/mnt/d/LIBRARY/Review/Unreadable/2017 - journal_article.pdf - 2017 - journal_article.pdf.pdf - 2017 - journal_article.pdf - 2017 - journal_article.pdf.pdf.pdf,.pdf,2464655,2017-08-12T12:30:30+00:00,19,,converted_ocr/Review/Unreadable/2017 - journal_article.pdf - 2017 - journal_article.pdf.pdf - 2017 - journal_article.pdf - 2017 - journal_article.pdf.pdf.pdf.md,,10.1080/01419870.2015.1103880,,ok,
Review/Unreadable/2017 - journal_article_1.pdf - 2017 - journal_article_1.pdf.pdf - 2017 - journal_article_1.pdf - 2017 - journal_article_1.pdf.pdf.pdf,/mnt/d/LIBRARY/Review/Unreadable/2017 - journal_article_1.pdf - 2017 - journal_article_1.pdf.pdf - 2017 - journal_article_1.pdf - 2017 - journal_article_1.pdf.pdf.pdf,.pdf,3924205,2026-02-25T23:50:48+00:00,24,,converted_ocr/Review/Unreadable/2017 - journal_article_1.pdf - 2017 - journal_article_1.pdf.pdf - 2017 - journal_article_1.pdf - 2017 - journal_article_1.pdf.pdf.pdf.md,,10.1016/j.giq.2024.101929,,ok,
Review/Unreadable/2017 - legal_or_contract.pdf - 2017 - legal_or_contract.pdf.pdf - 2017 - legal_or_contract.pdf - 2017 - legal_or_contract.pdf.pdf.pdf,/mnt/d/LIBRARY/Review/Unreadable/2017 - legal_or_contract.pdf - 2017 - legal_or_contract.pdf.pdf - 2017 - legal_or_contract.pdf - 2017 - legal_or_contract.pdf.pdf.pdf,.pdf,5514658,2017-05-13T02:15:04+00:00,1197,,converted_ocr/Review/Unreadable/2017 - legal_or_contract.pdf - 2017 - legal_or_contract.pdf.pdf - 2017 - legal_or_contract.pdf - 2017 - legal_or_contract.pdf.pdf.pdf.md,,,,ok,
Review/Unreadable/2017 - Lepage 7.pdf - 2017 - Lepage 7.pdf.pdf - 2017 - Lepage 7.pdf - 2017 - Lepage 7.pdf.pdf.pdf,/mnt/d/LIBRARY/Review/Unreadable/2017 - Lepage 7.pdf - 2017 - Lepage 7.pdf.pdf - 2017 - Lepage 7.pdf - 2017 - Lepage 7.pdf.pdf.pdf,.pdf,18879,2017-10-18T03:57:04+00:00,1,,converted_ocr/Review/Unreadable/2017 - Lepage 7.pdf - 2017 - Lepage 7.pdf.pdf - 2017 - Lepage 7.pdf - 2017 - Lepage 7.pdf.pdf.pdf.md,,,,ok,
Review/Unreadable/2017 - Lepage 9.pdf - 2017 - Lepage 9.pdf.pdf - 2017 - Lepage 9.pdf - 2017 - Lepage 9.pdf.pdf.pdf,/mnt/d/LIBRARY/Review/Unreadable/2017 - Lepage 9.pdf - 2017 - Lepage 9.pdf.pdf - 2017 - Lepage 9.pdf - 2017 - Lepage 9.pdf.pdf.pdf,.pdf,18865,2017-10-18T03:57:06+00:00,1,,converted_ocr/Review/Unreadable/2017 - Lepage 9.pdf - 2017 - Lepage 9.pdf.pdf - 2017 - Lepage 9.pdf - 2017 - Lepage 9.pdf.pdf.pdf.md,,,,ok,
Review/Unreadable/2017 - Martin Lepage - 05 25) - ocr_needed.pdf - 2017 - Martin Lepage - 05 25) - ocr_needed.pdf.pdf - 2017 - Martin Lepage - 05 25) - ocr_needed.pdf - 2017 - Martin Lepage - 05 25) - ocr_needed.pdf.pdf.pdf,/mnt/d/LIBRARY/Review/Unreadable/2017 - Martin Lepage - 05 25) - ocr_needed.pdf - 2017 - Martin Lepage - 05 25) - ocr_needed.pdf.pdf - 2017 - Martin Lepage - 05 25) - ocr_needed.pdf - 2017 - Martin Lepage - 05 25) - ocr_needed.pdf.pdf.pdf,.pdf,99206,2017-05-25T20:33:04+00:00,2,"[1, 2]",converted_ocr/Review/Unreadable/2017 - Martin Lepage - 05 25) - ocr_needed.pdf - 2017 - Martin Lepage - 05 25) - ocr_needed.pdf.pdf - 2017 - Martin Lepa__72e8fe2208eb.md,text/Review/Unreadable/2017 - Martin Lepage - 05 25) - ocr_needed.pdf - 2017 - Martin Lepage - 05 25) - ocr_needed.pdf.pdf - 2017 - Martin Lepa__72e8fe2208eb.ocr.txt,,,ok,
Review/Unreadable/2017 - Martin Lepage - 10-19) - ocr_needed.pdf - 2017 - Martin Lepage - 10-19) - ocr_needed.pdf.pdf - 2017 - Martin Lepage - 10-19) - ocr_needed.pdf - 2017 - Martin Lepage - 10-19) - ocr_needed.pdf.pdf.pdf,/mnt/d/LIBRARY/Review/Unreadable/2017 - Martin Lepage - 10-19) - ocr_needed.pdf - 2017 - Martin Lepage - 10-19) - ocr_needed.pdf.pdf - 2017 - Martin Lepage - 10-19) - ocr_needed.pdf - 2017 - Martin Lepage - 10-19) - ocr_needed.pdf.pdf.pdf,.pdf,154366,2017-10-19T21:43:26+00:00,2,"[1, 2]",converted_ocr/Review/Unreadable/2017 - Martin Lepage - 10-19) - ocr_needed.pdf - 2017 - Martin Lepage - 10-19) - ocr_needed.pdf.pdf - 2017 - Martin Lepa__333fe0d0e750.md,text/Review/Unreadable/2017 - Martin Lepage - 10-19) - ocr_needed.pdf - 2017 - Martin Lepage - 10-19) - ocr_needed.pdf.pdf - 2017 - Martin Lepa__333fe0d0e750.ocr.txt,,,ok,
"Review/Unreadable/2017 - Martin Lepage - Martin Lepages contact information, Department - 2017 - Martin Lepage - Martin Lepages contact information, Department of French and Francophone Studies, Pennsylv.pdf - 2017 - Martin Le.pdf","/mnt/d/LIBRARY/Review/Unreadable/2017 - Martin Lepage - Martin Lepages contact information, Department - 2017 - Martin Lepage - Martin Lepages contact information, Department of French and Francophone Studies, Pennsylv.pdf - 2017 - Martin Le.pdf",.pdf,58777,2017-10-18T04:27:28+00:00,1,,"converted_ocr/Review/Unreadable/2017 - Martin Lepage - Martin Lepages contact information, Department - 2017 - Martin Lepage - Martin Lepages contact in__411c395edea3.md",,,,ok,
Review/Unreadable/2017 - Martin Lepage - Martin Lepages professional references.pdf - 20 - 2017 - Martin Lepage - Martin Lepages professional references.pdf - 2017 - Martin Lepage - Martin Lepages professional references.pdf.pd.pdf,/mnt/d/LIBRARY/Review/Unreadable/2017 - Martin Lepage - Martin Lepages professional references.pdf - 20 - 2017 - Martin Lepage - Martin Lepages professional references.pdf - 2017 - Martin Lepage - Martin Lepages professional references.pdf.pd.pdf,.pdf,59498,2017-07-06T04:01:50+00:00,1,,converted_ocr/Review/Unreadable/2017 - Martin Lepage - Martin Lepages professional references.pdf - 20 - 2017 - Martin Lepage - Martin Lepages professio__a25beaae5f0b.md,,,,ok,
"Review/Unreadable/2017 - Martin Lepage - Martin Lepages statement of teaching interests - 2017 - Martin Lepage - Martin Lepages statement of teaching interests for the Department of Sociology, Loyola Uni - thesis_or_dissertati.pdf","/mnt/d/LIBRARY/Review/Unreadable/2017 - Martin Lepage - Martin Lepages statement of teaching interests - 2017 - Martin Lepage - Martin Lepages statement of teaching interests for the Department of Sociology, Loyola Uni - thesis_or_dissertati.pdf",.pdf,95970,2017-10-17T21:05:30+00:00,2,,converted_ocr/Review/Unreadable/2017 - Martin Lepage - Martin Lepages statement of teaching interests - 2017 - Martin Lepage - Martin Lepages statement__918aa4bcf73a.md,,,,ok,
Review/Unreadable/2017 - Martin Lepage - Martin Lepages statement of teaching interests - 2017 - Martin Lepage - Martin Lepages statement of teaching interests for the Gender and Sexuality Studies Progra - thesis_or_dissertati.pdf,/mnt/d/LIBRARY/Review/Unreadable/2017 - Martin Lepage - Martin Lepages statement of teaching interests - 2017 - Martin Lepage - Martin Lepages statement of teaching interests for the Gender and Sexuality Studies Progra - thesis_or_dissertati.pdf,.pdf,110939,2017-10-17T22:16:26+00:00,2,,converted_ocr/Review/Unreadable/2017 - Martin Lepage - Martin Lepages statement of teaching interests - 2017 - Martin Lepage - Martin Lepages statement__f95fb5fbea48.md,,,,ok,
"Review/Unreadable/2017 - Martin Lepage - Martin Lepages statement of teaching interests, - 2017 - Martin Lepage - Martin Lepages statement of teaching interests, Assistant Professor - thesis_or_dissertation.pdf - 2017 - Martin.pdf","/mnt/d/LIBRARY/Review/Unreadable/2017 - Martin Lepage - Martin Lepages statement of teaching interests, - 2017 - Martin Lepage - Martin Lepages statement of teaching interests, Assistant Professor - thesis_or_dissertation.pdf - 2017 - Martin.pdf",.pdf,98048,2017-10-05T23:57:54+00:00,2,,"converted_ocr/Review/Unreadable/2017 - Martin Lepage - Martin Lepages statement of teaching interests, - 2017 - Martin Lepage - Martin Lepages statement__2dc904255a94.md",,,,ok,
"Review/Unreadable/2017 - Martin Lepage - Montreal, July 5th, 2017 - thesis_or_dissertati - 2017 - Martin Lepage - Montreal, July 5th, 2017 - thesis_or_dissertation.pdf - 2017 - Martin Lepage - Montreal, July 5th, 2017 - thesis_.pdf","/mnt/d/LIBRARY/Review/Unreadable/2017 - Martin Lepage - Montreal, July 5th, 2017 - thesis_or_dissertati - 2017 - Martin Lepage - Montreal, July 5th, 2017 - thesis_or_dissertation.pdf - 2017 - Martin Lepage - Montreal, July 5th, 2017 - thesis_.pdf",.pdf,122006,2017-07-06T03:54:52+00:00,4,,"converted_ocr/Review/Unreadable/2017 - Martin Lepage - Montreal, July 5th, 2017 - thesis_or_dissertati - 2017 - Martin Lepage - Montreal, July 5th, 2017__2a592efdca78.md",,,,ok,
"Review/Unreadable/2017 - Martin Lepage - Montreal, le 1 octobre 2017 - report.pdf - 2017 - 2017 - Martin Lepage - Montreal, le 1 octobre 2017 - report.pdf - 2017 - Martin Lepage - Montreal, le 1 octobre 2017 - report.pdf.pdf.pdf","/mnt/d/LIBRARY/Review/Unreadable/2017 - Martin Lepage - Montreal, le 1 octobre 2017 - report.pdf - 2017 - 2017 - Martin Lepage - Montreal, le 1 octobre 2017 - report.pdf - 2017 - Martin Lepage - Montreal, le 1 octobre 2017 - report.pdf.pdf.pdf",.pdf,160869,2017-10-01T18:34:46+00:00,1,,"converted_ocr/Review/Unreadable/2017 - Martin Lepage - Montreal, le 1 octobre 2017 - report.pdf - 2017 - 2017 - Martin Lepage - Montreal, le 1 octobre 2__2d24f19cc7b1.md",,,,ok,
"Review/Unreadable/2017 - Martin Lepage - Montreal, le 12 octobre 2017 - job_application - 2017 - Martin Lepage - Montreal, le 12 octobre 2017 - job_application.pdf - 2017 - Martin Lepage - Montreal, le 12 octobre 2017 - job_ap.pdf","/mnt/d/LIBRARY/Review/Unreadable/2017 - Martin Lepage - Montreal, le 12 octobre 2017 - job_application - 2017 - Martin Lepage - Montreal, le 12 octobre 2017 - job_application.pdf - 2017 - Martin Lepage - Montreal, le 12 octobre 2017 - job_ap.pdf",.pdf,69857,2017-10-12T17:00:54+00:00,1,,"converted_ocr/Review/Unreadable/2017 - Martin Lepage - Montreal, le 12 octobre 2017 - job_application - 2017 - Martin Lepage - Montreal, le 12 octobre 2__a21c798f09c6.md",,,,ok,
"Review/Unreadable/2017 - Martin Lepage - Montreal, le 12 octobre 2017 - thesis_or_disser - 2017 - Martin Lepage - Montreal, le 12 octobre 2017 - thesis_or_dissertation.pdf - 2017 - Martin Lepage - Montreal, le 12 octobre 2017.pdf","/mnt/d/LIBRARY/Review/Unreadable/2017 - Martin Lepage - Montreal, le 12 octobre 2017 - thesis_or_disser - 2017 - Martin Lepage - Montreal, le 12 octobre 2017 - thesis_or_dissertation.pdf - 2017 - Martin Lepage - Montreal, le 12 octobre 2017.pdf",.pdf,68662,2017-10-12T13:39:10+00:00,1,,"converted_ocr/Review/Unreadable/2017 - Martin Lepage - Montreal, le 12 octobre 2017 - thesis_or_disser - 2017 - Martin Lepage - Montreal, le 12 octobre__207d8f22e7d7.md",,,,ok,
"Review/Unreadable/2017 - Martin Lepage - Montreal, le 13 mai 2017 - thesis_or_dissertati - 2017 - Martin Lepage - Montreal, le 13 mai 2017 - thesis_or_dissertation.pdf - 2017 - Martin Lepage - Montreal, le 13 mai 2017 - thesis_.pdf","/mnt/d/LIBRARY/Review/Unreadable/2017 - Martin Lepage - Montreal, le 13 mai 2017 - thesis_or_dissertati - 2017 - Martin Lepage - Montreal, le 13 mai 2017 - thesis_or_dissertation.pdf - 2017 - Martin Lepage - Montreal, le 13 mai 2017 - thesis_.pdf",.pdf,69363,2017-05-14T00:38:46+00:00,1,,"converted_ocr/Review/Unreadable/2017 - Martin Lepage - Montreal, le 13 mai 2017 - thesis_or_dissertati - 2017 - Martin Lepage - Montreal, le 13 mai 2017__9659f6a88b7c.md",,,,ok,
"Review/Unreadable/2017 - Martin Lepage - Montreal, le 25 mai, 2017 - job_application.pdf - 2017 - Martin Lepage - Montreal, le 25 mai, 2017 - job_application.pdf - 2017 - Martin Lepage - Montreal, le 25 mai, 2017 - job_applicat.pdf","/mnt/d/LIBRARY/Review/Unreadable/2017 - Martin Lepage - Montreal, le 25 mai, 2017 - job_application.pdf - 2017 - Martin Lepage - Montreal, le 25 mai, 2017 - job_application.pdf - 2017 - Martin Lepage - Montreal, le 25 mai, 2017 - job_applicat.pdf",.pdf,67568,2017-05-25T20:37:48+00:00,1,,"converted_ocr/Review/Unreadable/2017 - Martin Lepage - Montreal, le 25 mai, 2017 - job_application.pdf - 2017 - Martin Lepage - Montreal, le 25 mai, 201__021be72df479.md",,,,ok,
"Review/Unreadable/2017 - Martin Lepage - Montreal, May 12th, 2017 - thesis_or_dissertati - 2017 - Martin Lepage - Montreal, May 12th, 2017 - thesis_or_dissertation.pdf - 2017 - Martin Lepage - Montreal, May 12th, 2017 - thesis_.pdf","/mnt/d/LIBRARY/Review/Unreadable/2017 - Martin Lepage - Montreal, May 12th, 2017 - thesis_or_dissertati - 2017 - Martin Lepage - Montreal, May 12th, 2017 - thesis_or_dissertation.pdf - 2017 - Martin Lepage - Montreal, May 12th, 2017 - thesis_.pdf",.pdf,99813,2017-05-13T20:08:36+00:00,2,,"converted_ocr/Review/Unreadable/2017 - Martin Lepage - Montreal, May 12th, 2017 - thesis_or_dissertati - 2017 - Martin Lepage - Montreal, May 12th, 2017__bf83cb99e20d.md",,,,ok,
Review/Unreadable/2017 - Martin Lepage - ocr_needed.pdf - 2017 - Martin Lepage - ocr_needed.pdf.pdf - 2017 - Martin Lepage - ocr_needed.pdf - 2017 - Martin Lepage - ocr_needed.pdf.pdf.pdf,/mnt/d/LIBRARY/Review/Unreadable/2017 - Martin Lepage - ocr_needed.pdf - 2017 - Martin Lepage - ocr_needed.pdf.pdf - 2017 - Martin Lepage - ocr_needed.pdf - 2017 - Martin Lepage - ocr_needed.pdf.pdf.pdf,.pdf,811682,2017-10-06T02:47:20+00:00,2,"[1, 2]",converted_ocr/Review/Unreadable/2017 - Martin Lepage - ocr_needed.pdf - 2017 - Martin Lepage - ocr_needed.pdf.pdf - 2017 - Martin Lepage - ocr_needed.pd__29f3cc7c2db4.md,text/Review/Unreadable/2017 - Martin Lepage - ocr_needed.pdf - 2017 - Martin Lepage - ocr_needed.pdf.pdf - 2017 - Martin Lepage - ocr_needed.pd__29f3cc7c2db4.ocr.txt,,,ok,
Review/Unreadable/2017 - Martin Lepage - thesis_or_dissertation.docx - 2017 - Martin Lep - 2017 - Martin Lepage - thesis_or_dissertation.docx - 2017 - Martin Lepage - thesis_or_dissertation.docx.docx.docx,/mnt/d/LIBRARY/Review/Unreadable/2017 - Martin Lepage - thesis_or_dissertation.docx - 2017 - Martin Lep - 2017 - Martin Lepage - thesis_or_dissertation.docx - 2017 - Martin Lepage - thesis_or_dissertation.docx.docx.docx,.docx,34452,2026-03-07T07:45:36+00:00,0,,converted_ocr/Review/Unreadable/2017 - Martin Lepage - thesis_or_dissertation.docx - 2017 - Martin Lep - 2017 - Martin Lepage - thesis_or_dissertation.d__7f3ddd658ded.md,,,,ok,
Review/Unreadable/2017 - ocr_needed.pdf - 2017 - ocr_needed.pdf.pdf - 2017 - ocr_needed.pdf - 2017 - ocr_needed.pdf.pdf.pdf,/mnt/d/LIBRARY/Review/Unreadable/2017 - ocr_needed.pdf - 2017 - ocr_needed.pdf.pdf - 2017 - ocr_needed.pdf - 2017 - ocr_needed.pdf.pdf.pdf,.pdf,262992,2017-05-17T16:24:44+00:00,1,[1],converted_ocr/Review/Unreadable/2017 - ocr_needed.pdf - 2017 - ocr_needed.pdf.pdf - 2017 - ocr_needed.pdf - 2017 - ocr_needed.pdf.pdf.pdf.md,text/Review/Unreadable/2017 - ocr_needed.pdf - 2017 - ocr_needed.pdf.pdf - 2017 - ocr_needed.pdf - 2017 - ocr_needed.pdf.pdf.pdf.ocr.txt,,,ok,
Review/Unreadable/2017 - ocr_needed_1.pdf - 2017 - ocr_needed_1.pdf.pdf - 2017 - ocr_needed_1.pdf - 2017 - ocr_needed_1.pdf.pdf.pdf,/mnt/d/LIBRARY/Review/Unreadable/2017 - ocr_needed_1.pdf - 2017 - ocr_needed_1.pdf.pdf - 2017 - ocr_needed_1.pdf - 2017 - ocr_needed_1.pdf.pdf.pdf,.pdf,659053,2017-05-17T16:17:34+00:00,3,"[1, 2, 3]",converted_ocr/Review/Unreadable/2017 - ocr_needed_1.pdf - 2017 - ocr_needed_1.pdf.pdf - 2017 - ocr_needed_1.pdf - 2017 - ocr_needed_1.pdf.pdf.pdf.md,text/Review/Unreadable/2017 - ocr_needed_1.pdf - 2017 - ocr_needed_1.pdf.pdf - 2017 - ocr_needed_1.pdf - 2017 - ocr_needed_1.pdf.pdf.pdf.ocr.txt,,,ok,
Review/Unreadable/2017 - ocr_needed_10.pdf - 2017 - ocr_needed_10.pdf.pdf - 2017 - ocr_needed_10.pdf - 2017 - ocr_needed_10.pdf.pdf.pdf,/mnt/d/LIBRARY/Review/Unreadable/2017 - ocr_needed_10.pdf - 2017 - ocr_needed_10.pdf.pdf - 2017 - ocr_needed_10.pdf - 2017 - ocr_needed_10.pdf.pdf.pdf,.pdf,134754,2017-09-08T01:23:30+00:00,1,[1],converted_ocr/Review/Unreadable/2017 - ocr_needed_10.pdf - 2017 - ocr_needed_10.pdf.pdf - 2017 - ocr_needed_10.pdf - 2017 - ocr_needed_10.pdf.pdf.pdf.md,text/Review/Unreadable/2017 - ocr_needed_10.pdf - 2017 - ocr_needed_10.pdf.pdf - 2017 - ocr_needed_10.pdf - 2017 - ocr_needed_10.pdf.pdf.pdf.ocr.txt,,,ok,
Review/Unreadable/2017 - ocr_needed_11.pdf - 2017 - ocr_needed_11.pdf.pdf - 2017 - ocr_needed_11.pdf - 2017 - ocr_needed_11.pdf.pdf.pdf,/mnt/d/LIBRARY/Review/Unreadable/2017 - ocr_needed_11.pdf - 2017 - ocr_needed_11.pdf.pdf - 2017 - ocr_needed_11.pdf - 2017 - ocr_needed_11.pdf.pdf.pdf,.pdf,7392956,2017-09-16T05:14:00+00:00,10,"[1, 10]",converted_ocr/Review/Unreadable/2017 - ocr_needed_11.pdf - 2017 - ocr_needed_11.pdf.pdf - 2017 - ocr_needed_11.pdf - 2017 - ocr_needed_11.pdf.pdf.pdf.md,text/Review/Unreadable/2017 - ocr_needed_11.pdf - 2017 - ocr_needed_11.pdf.pdf - 2017 - ocr_needed_11.pdf - 2017 - ocr_needed_11.pdf.pdf.pdf.ocr.txt,,,ok,
Review/Unreadable/2017 - ocr_needed_12.pdf - 2017 - ocr_needed_12.pdf.pdf - 2017 - ocr_needed_12.pdf - 2017 - ocr_needed_12.pdf.pdf.pdf,/mnt/d/LIBRARY/Review/Unreadable/2017 - ocr_needed_12.pdf - 2017 - ocr_needed_12.pdf.pdf - 2017 - ocr_needed_12.pdf - 2017 - ocr_needed_12.pdf.pdf.pdf,.pdf,153800,2017-08-23T13:50:40+00:00,1,[1],converted_ocr/Review/Unreadable/2017 - ocr_needed_12.pdf - 2017 - ocr_needed_12.pdf.pdf - 2017 - ocr_needed_12.pdf - 2017 - ocr_needed_12.pdf.pdf.pdf.md,text/Review/Unreadable/2017 - ocr_needed_12.pdf - 2017 - ocr_needed_12.pdf.pdf - 2017 - ocr_needed_12.pdf - 2017 - ocr_needed_12.pdf.pdf.pdf.ocr.txt,,,ok,
Review/Unreadable/2017 - ocr_needed_13.pdf - 2017 - ocr_needed_13.pdf.pdf - 2017 - ocr_needed_13.pdf - 2017 - ocr_needed_13.pdf.pdf.pdf,/mnt/d/LIBRARY/Review/Unreadable/2017 - ocr_needed_13.pdf - 2017 - ocr_needed_13.pdf.pdf - 2017 - ocr_needed_13.pdf - 2017 - ocr_needed_13.pdf.pdf.pdf,.pdf,170378,2017-09-11T23:06:30+00:00,1,[1],converted_ocr/Review/Unreadable/2017 - ocr_needed_13.pdf - 2017 - ocr_needed_13.pdf.pdf - 2017 - ocr_needed_13.pdf - 2017 - ocr_needed_13.pdf.pdf.pdf.md,text/Review/Unreadable/2017 - ocr_needed_13.pdf - 2017 - ocr_needed_13.pdf.pdf - 2017 - ocr_needed_13.pdf - 2017 - ocr_needed_13.pdf.pdf.pdf.ocr.txt,,,ok,
Review/Unreadable/2017 - ocr_needed_14.pdf - 2017 - ocr_needed_14.pdf.pdf - 2017 - ocr_needed_14.pdf - 2017 - ocr_needed_14.pdf.pdf.pdf,/mnt/d/LIBRARY/Review/Unreadable/2017 - ocr_needed_14.pdf - 2017 - ocr_needed_14.pdf.pdf - 2017 - ocr_needed_14.pdf - 2017 - ocr_needed_14.pdf.pdf.pdf,.pdf,371299,2017-09-05T22:50:30+00:00,1,[1],converted_ocr/Review/Unreadable/2017 - ocr_needed_14.pdf - 2017 - ocr_needed_14.pdf.pdf - 2017 - ocr_needed_14.pdf - 2017 - ocr_needed_14.pdf.pdf.pdf.md,text/Review/Unreadable/2017 - ocr_needed_14.pdf - 2017 - ocr_needed_14.pdf.pdf - 2017 - ocr_needed_14.pdf - 2017 - ocr_needed_14.pdf.pdf.pdf.ocr.txt,,,ok,
Review/Unreadable/2017 - ocr_needed_15.pdf - 2017 - ocr_needed_15.pdf.pdf - 2017 - ocr_needed_15.pdf - 2017 - ocr_needed_15.pdf.pdf.pdf,/mnt/d/LIBRARY/Review/Unreadable/2017 - ocr_needed_15.pdf - 2017 - ocr_needed_15.pdf.pdf - 2017 - ocr_needed_15.pdf - 2017 - ocr_needed_15.pdf.pdf.pdf,.pdf,479466,2017-05-17T16:21:10+00:00,1,[1],converted_ocr/Review/Unreadable/2017 - ocr_needed_15.pdf - 2017 - ocr_needed_15.pdf.pdf - 2017 - ocr_needed_15.pdf - 2017 - ocr_needed_15.pdf.pdf.pdf.md,text/Review/Unreadable/2017 - ocr_needed_15.pdf - 2017 - ocr_needed_15.pdf.pdf - 2017 - ocr_needed_15.pdf - 2017 - ocr_needed_15.pdf.pdf.pdf.ocr.txt,,,ok,
Review/Unreadable/2017 - ocr_needed_16.pdf - 2017 - ocr_needed_16.pdf.pdf - 2017 - ocr_needed_16.pdf - 2017 - ocr_needed_16.pdf.pdf.pdf,/mnt/d/LIBRARY/Review/Unreadable/2017 - ocr_needed_16.pdf - 2017 - ocr_needed_16.pdf.pdf - 2017 - ocr_needed_16.pdf - 2017 - ocr_needed_16.pdf.pdf.pdf,.pdf,59826,2017-08-30T02:57:48+00:00,1,[1],converted_ocr/Review/Unreadable/2017 - ocr_needed_16.pdf - 2017 - ocr_needed_16.pdf.pdf - 2017 - ocr_needed_16.pdf - 2017 - ocr_needed_16.pdf.pdf.pdf.md,text/Review/Unreadable/2017 - ocr_needed_16.pdf - 2017 - ocr_needed_16.pdf.pdf - 2017 - ocr_needed_16.pdf - 2017 - ocr_needed_16.pdf.pdf.pdf.ocr.txt,,,ok,
Review/Unreadable/2017 - ocr_needed_1_1.pdf - 2017 - ocr_needed_1_1.pdf.pdf - 2017 - ocr_needed_1_1.pdf - 2017 - ocr_needed_1_1.pdf.pdf.pdf,/mnt/d/LIBRARY/Review/Unreadable/2017 - ocr_needed_1_1.pdf - 2017 - ocr_needed_1_1.pdf.pdf - 2017 - ocr_needed_1_1.pdf - 2017 - ocr_needed_1_1.pdf.pdf.pdf,.pdf,2079790,2017-09-16T06:17:32+00:00,7,"[1, 7]",converted_ocr/Review/Unreadable/2017 - ocr_needed_1_1.pdf - 2017 - ocr_needed_1_1.pdf.pdf - 2017 - ocr_needed_1_1.pdf - 2017 - ocr_needed_1_1.pdf.pdf.pdf.md,text/Review/Unreadable/2017 - ocr_needed_1_1.pdf - 2017 - ocr_needed_1_1.pdf.pdf - 2017 - ocr_needed_1_1.pdf - 2017 - ocr_needed_1_1.pdf.pdf.pdf.ocr.txt,,,ok,
Review/Unreadable/2017 - ocr_needed_2.pdf - 2017 - ocr_needed_2.pdf.pdf - 2017 - ocr_needed_2.pdf - 2017 - ocr_needed_2.pdf.pdf.pdf,/mnt/d/LIBRARY/Review/Unreadable/2017 - ocr_needed_2.pdf - 2017 - ocr_needed_2.pdf.pdf - 2017 - ocr_needed_2.pdf - 2017 - ocr_needed_2.pdf.pdf.pdf,.pdf,227109,2017-05-17T16:15:42+00:00,1,[1],converted_ocr/Review/Unreadable/2017 - ocr_needed_2.pdf - 2017 - ocr_needed_2.pdf.pdf - 2017 - ocr_needed_2.pdf - 2017 - ocr_needed_2.pdf.pdf.pdf.md,text/Review/Unreadable/2017 - ocr_needed_2.pdf - 2017 - ocr_needed_2.pdf.pdf - 2017 - ocr_needed_2.pdf - 2017 - ocr_needed_2.pdf.pdf.pdf.ocr.txt,,,ok,
Review/Unreadable/2017 - ocr_needed_3.pdf - 2017 - ocr_needed_3.pdf.pdf - 2017 - ocr_needed_3.pdf - 2017 - ocr_needed_3.pdf.pdf.pdf,/mnt/d/LIBRARY/Review/Unreadable/2017 - ocr_needed_3.pdf - 2017 - ocr_needed_3.pdf.pdf - 2017 - ocr_needed_3.pdf - 2017 - ocr_needed_3.pdf.pdf.pdf,.pdf,4651196,2017-08-23T13:44:04+00:00,11,"[1, 11]",converted_ocr/Review/Unreadable/2017 - ocr_needed_3.pdf - 2017 - ocr_needed_3.pdf.pdf - 2017 - ocr_needed_3.pdf - 2017 - ocr_needed_3.pdf.pdf.pdf.md,text/Review/Unreadable/2017 - ocr_needed_3.pdf - 2017 - ocr_needed_3.pdf.pdf - 2017 - ocr_needed_3.pdf - 2017 - ocr_needed_3.pdf.pdf.pdf.ocr.txt,,,ok,
Review/Unreadable/2017 - ocr_needed_4.pdf - 2017 - ocr_needed_4.pdf.pdf - 2017 - ocr_needed_4.pdf - 2017 - ocr_needed_4.pdf.pdf.pdf,/mnt/d/LIBRARY/Review/Unreadable/2017 - ocr_needed_4.pdf - 2017 - ocr_needed_4.pdf.pdf - 2017 - ocr_needed_4.pdf - 2017 - ocr_needed_4.pdf.pdf.pdf,.pdf,60724,2017-09-12T22:19:40+00:00,1,[1],converted_ocr/Review/Unreadable/2017 - ocr_needed_4.pdf - 2017 - ocr_needed_4.pdf.pdf - 2017 - ocr_needed_4.pdf - 2017 - ocr_needed_4.pdf.pdf.pdf.md,text/Review/Unreadable/2017 - ocr_needed_4.pdf - 2017 - ocr_needed_4.pdf.pdf - 2017 - ocr_needed_4.pdf - 2017 - ocr_needed_4.pdf.pdf.pdf.ocr.txt,,,ok,
Review/Unreadable/2017 - ocr_needed_5.pdf - 2017 - ocr_needed_5.pdf.pdf - 2017 - ocr_needed_5.pdf - 2017 - ocr_needed_5.pdf.pdf.pdf,/mnt/d/LIBRARY/Review/Unreadable/2017 - ocr_needed_5.pdf - 2017 - ocr_needed_5.pdf.pdf - 2017 - ocr_needed_5.pdf - 2017 - ocr_needed_5.pdf.pdf.pdf,.pdf,167919,2017-10-01T18:47:04+00:00,1,[1],converted_ocr/Review/Unreadable/2017 - ocr_needed_5.pdf - 2017 - ocr_needed_5.pdf.pdf - 2017 - ocr_needed_5.pdf - 2017 - ocr_needed_5.pdf.pdf.pdf.md,text/Review/Unreadable/2017 - ocr_needed_5.pdf - 2017 - ocr_needed_5.pdf.pdf - 2017 - ocr_needed_5.pdf - 2017 - ocr_needed_5.pdf.pdf.pdf.ocr.txt,,,ok,
Review/Unreadable/2017 - ocr_needed_6.pdf - 2017 - ocr_needed_6.pdf.pdf - 2017 - ocr_needed_6.pdf - 2017 - ocr_needed_6.pdf.pdf.pdf,/mnt/d/LIBRARY/Review/Unreadable/2017 - ocr_needed_6.pdf - 2017 - ocr_needed_6.pdf.pdf - 2017 - ocr_needed_6.pdf - 2017 - ocr_needed_6.pdf.pdf.pdf,.pdf,1396831,2017-09-29T07:43:24+00:00,7,"[1, 7]",converted_ocr/Review/Unreadable/2017 - ocr_needed_6.pdf - 2017 - ocr_needed_6.pdf.pdf - 2017 - ocr_needed_6.pdf - 2017 - ocr_needed_6.pdf.pdf.pdf.md,text/Review/Unreadable/2017 - ocr_needed_6.pdf - 2017 - ocr_needed_6.pdf.pdf - 2017 - ocr_needed_6.pdf - 2017 - ocr_needed_6.pdf.pdf.pdf.ocr.txt,,,ok,
Review/Unreadable/2017 - ocr_needed_7.pdf - 2017 - ocr_needed_7.pdf.pdf - 2017 - ocr_needed_7.pdf - 2017 - ocr_needed_7.pdf.pdf.pdf,/mnt/d/LIBRARY/Review/Unreadable/2017 - ocr_needed_7.pdf - 2017 - ocr_needed_7.pdf.pdf - 2017 - ocr_needed_7.pdf - 2017 - ocr_needed_7.pdf.pdf.pdf,.pdf,6650923,2017-09-16T04:56:36+00:00,9,"[1, 9]",converted_ocr/Review/Unreadable/2017 - ocr_needed_7.pdf - 2017 - ocr_needed_7.pdf.pdf - 2017 - ocr_needed_7.pdf - 2017 - ocr_needed_7.pdf.pdf.pdf.md,text/Review/Unreadable/2017 - ocr_needed_7.pdf - 2017 - ocr_needed_7.pdf.pdf - 2017 - ocr_needed_7.pdf - 2017 - ocr_needed_7.pdf.pdf.pdf.ocr.txt,,,ok,
Review/Unreadable/2017 - ocr_needed_8.pdf - 2017 - ocr_needed_8.pdf.pdf - 2017 - ocr_needed_8.pdf - 2017 - ocr_needed_8.pdf.pdf.pdf,/mnt/d/LIBRARY/Review/Unreadable/2017 - ocr_needed_8.pdf - 2017 - ocr_needed_8.pdf.pdf - 2017 - ocr_needed_8.pdf - 2017 - ocr_needed_8.pdf.pdf.pdf,.pdf,3713483,2017-09-16T05:07:48+00:00,5,"[1, 2, 3, 4, 5]",converted_ocr/Review/Unreadable/2017 - ocr_needed_8.pdf - 2017 - ocr_needed_8.pdf.pdf - 2017 - ocr_needed_8.pdf - 2017 - ocr_needed_8.pdf.pdf.pdf.md,text/Review/Unreadable/2017 - ocr_needed_8.pdf - 2017 - ocr_needed_8.pdf.pdf - 2017 - ocr_needed_8.pdf - 2017 - ocr_needed_8.pdf.pdf.pdf.ocr.txt,,,ok,
Review/Unreadable/2017 - ocr_needed_9.pdf - 2017 - ocr_needed_9.pdf.pdf - 2017 - ocr_needed_9.pdf - 2017 - ocr_needed_9.pdf.pdf.pdf,/mnt/d/LIBRARY/Review/Unreadable/2017 - ocr_needed_9.pdf - 2017 - ocr_needed_9.pdf.pdf - 2017 - ocr_needed_9.pdf - 2017 - ocr_needed_9.pdf.pdf.pdf,.pdf,12218255,2026-02-14T05:27:42+00:00,18,"[1, 18]",converted_ocr/Review/Unreadable/2017 - ocr_needed_9.pdf - 2017 - ocr_needed_9.pdf.pdf - 2017 - ocr_needed_9.pdf - 2017 - ocr_needed_9.pdf.pdf.pdf.md,text/Review/Unreadable/2017 - ocr_needed_9.pdf - 2017 - ocr_needed_9.pdf.pdf - 2017 - ocr_needed_9.pdf - 2017 - ocr_needed_9.pdf.pdf.pdf.ocr.txt,,,ok,
Review/Unreadable/2017 - PAPER_The Blending of Bending_20170113.docx.pdf - 2017 - PAPER_ - 2017 - PAPER_The Blending of Bending_20170113.docx.pdf - 2017 - PAPER_The Blending of Bending_20170113.docx.pdf.pdf.pdf,/mnt/d/LIBRARY/Review/Unreadable/2017 - PAPER_The Blending of Bending_20170113.docx.pdf - 2017 - PAPER_ - 2017 - PAPER_The Blending of Bending_20170113.docx.pdf - 2017 - PAPER_The Blending of Bending_20170113.docx.pdf.pdf.pdf,.pdf,7906431,2021-12-13T01:25:52+00:00,49,,converted_ocr/Review/Unreadable/2017 - PAPER_The Blending of Bending_20170113.docx.pdf - 2017 - PAPER_ - 2017 - PAPER_The Blending of Bending_20170113.d__91df81714d29.md,,,,ok,
Review/Unreadable/2017 - policy_or_guidance.docx - 2017 - policy_or_guidance.docx.docx - 2017 - policy_or_guidance.docx - 2017 - policy_or_guidance.docx.docx.docx,/mnt/d/LIBRARY/Review/Unreadable/2017 - policy_or_guidance.docx - 2017 - policy_or_guidance.docx.docx - 2017 - policy_or_guidance.docx - 2017 - policy_or_guidance.docx.docx.docx,.docx,29259,2026-01-19T06:08:44+00:00,0,,converted_ocr/Review/Unreadable/2017 - policy_or_guidance.docx - 2017 - policy_or_guidance.docx.docx - 2017 - policy_or_guidance.docx - 2017 - policy_or_guidance.docx.docx.docx.md,,,,ok,
Review/Unreadable/2017 - report.docx - 2017 - report.docx.docx - 2017 - report.docx - 2017 - report.docx.docx.docx,/mnt/d/LIBRARY/Review/Unreadable/2017 - report.docx - 2017 - report.docx.docx - 2017 - report.docx - 2017 - report.docx.docx.docx,.docx,29241,2026-01-31T03:11:50+00:00,0,,converted_ocr/Review/Unreadable/2017 - report.docx - 2017 - report.docx.docx - 2017 - report.docx - 2017 - report.docx.docx.docx.md,,,,ok,
Review/Unreadable/2017 - report.pdf - 2017 - report.pdf.pdf - 2017 - report.pdf - 2017 - report.pdf.pdf.pdf,/mnt/d/LIBRARY/Review/Unreadable/2017 - report.pdf - 2017 - report.pdf.pdf - 2017 - report.pdf - 2017 - report.pdf.pdf.pdf,.pdf,51177,2017-08-23T13:27:58+00:00,8,,converted_ocr/Review/Unreadable/2017 - report.pdf - 2017 - report.pdf.pdf - 2017 - report.pdf - 2017 - report.pdf.pdf.pdf.md,,,,ok,
Review/Unreadable/2017 - Studies in Religion Sciences Religieuses XX(X) [2].pdf - 2017 - 2017 - Studies in Religion Sciences Religieuses XX(X) [2].pdf - 2017 - Studies in Religion Sciences Religieuses XX(X) [2].pdf.pdf.pdf,/mnt/d/LIBRARY/Review/Unreadable/2017 - Studies in Religion Sciences Religieuses XX(X) [2].pdf - 2017 - 2017 - Studies in Religion Sciences Religieuses XX(X) [2].pdf - 2017 - Studies in Religion Sciences Religieuses XX(X) [2].pdf.pdf.pdf,.pdf,19650,2017-10-18T03:57:04+00:00,1,,converted_ocr/Review/Unreadable/2017 - Studies in Religion Sciences Religieuses XX(X) [2].pdf - 2017 - 2017 - Studies in Religion Sciences Religieuses X__842da2feea30.md,,,,ok,
Review/Unreadable/2017 - Studies in Religion Sciences Religieuses XX(X) [3].pdf - 2017 - 2017 - Studies in Religion Sciences Religieuses XX(X) [3].pdf - 2017 - Studies in Religion Sciences Religieuses XX(X) [3].pdf.pdf.pdf,/mnt/d/LIBRARY/Review/Unreadable/2017 - Studies in Religion Sciences Religieuses XX(X) [3].pdf - 2017 - 2017 - Studies in Religion Sciences Religieuses XX(X) [3].pdf - 2017 - Studies in Religion Sciences Religieuses XX(X) [3].pdf.pdf.pdf,.pdf,19074,2017-10-18T03:57:04+00:00,1,,converted_ocr/Review/Unreadable/2017 - Studies in Religion Sciences Religieuses XX(X) [3].pdf - 2017 - 2017 - Studies in Religion Sciences Religieuses X__6151a517939f.md,,,,ok,
Review/Unreadable/2017 - Studies in Religion Sciences Religieuses XX(X) [4].pdf - 2017 - 2017 - Studies in Religion Sciences Religieuses XX(X) [4].pdf - 2017 - Studies in Religion Sciences Religieuses XX(X) [4].pdf.pdf.pdf,/mnt/d/LIBRARY/Review/Unreadable/2017 - Studies in Religion Sciences Religieuses XX(X) [4].pdf - 2017 - 2017 - Studies in Religion Sciences Religieuses XX(X) [4].pdf - 2017 - Studies in Religion Sciences Religieuses XX(X) [4].pdf.pdf.pdf,.pdf,20526,2017-10-18T03:57:06+00:00,1,,converted_ocr/Review/Unreadable/2017 - Studies in Religion Sciences Religieuses XX(X) [4].pdf - 2017 - 2017 - Studies in Religion Sciences Religieuses X__631585e6c60e.md,,,,ok,
Review/Unreadable/2017 - Studies in Religion Sciences Religieuses XX(X).pdf - 2017 - Stu - 2017 - Studies in Religion Sciences Religieuses XX(X).pdf - 2017 - Studies in Religion Sciences Religieuses XX(X).pdf.pdf.pdf,/mnt/d/LIBRARY/Review/Unreadable/2017 - Studies in Religion Sciences Religieuses XX(X).pdf - 2017 - Stu - 2017 - Studies in Religion Sciences Religieuses XX(X).pdf - 2017 - Studies in Religion Sciences Religieuses XX(X).pdf.pdf.pdf,.pdf,20396,2017-10-18T03:57:04+00:00,1,,converted_ocr/Review/Unreadable/2017 - Studies in Religion Sciences Religieuses XX(X).pdf - 2017 - Stu - 2017 - Studies in Religion Sciences Religieuses__a1fb3d7a10b8.md,,,,ok,
Review/Unreadable/2017 - tax_or_finance.pdf - 2017 - tax_or_finance.pdf.pdf - 2017 - tax_or_finance.pdf - 2017 - tax_or_finance.pdf.pdf.pdf,/mnt/d/LIBRARY/Review/Unreadable/2017 - tax_or_finance.pdf - 2017 - tax_or_finance.pdf.pdf - 2017 - tax_or_finance.pdf - 2017 - tax_or_finance.pdf.pdf.pdf,.pdf,153389,2019-02-20T23:53:14+00:00,1,,converted_ocr/Review/Unreadable/2017 - tax_or_finance.pdf - 2017 - tax_or_finance.pdf.pdf - 2017 - tax_or_finance.pdf - 2017 - tax_or_finance.pdf.pdf.pdf.md,,,,ok,
Review/Unreadable/2017 - thesis_or_dissertation [2].pdf - 2017 - thesis_or_dissertation [2].pdf.pdf - 2017 - thesis_or_dissertation [2].pdf - 2017 - thesis_or_dissertation [2].pdf.pdf.pdf,/mnt/d/LIBRARY/Review/Unreadable/2017 - thesis_or_dissertation [2].pdf - 2017 - thesis_or_dissertation [2].pdf.pdf - 2017 - thesis_or_dissertation [2].pdf - 2017 - thesis_or_dissertation [2].pdf.pdf.pdf,.pdf,3647426,2025-04-20T22:44:10+00:00,246,,converted_ocr/Review/Unreadable/2017 - thesis_or_dissertation [2].pdf - 2017 - thesis_or_dissertation [2].pdf.pdf - 2017 - thesis_or_dissertation [2].pd__b770960d92eb.md,,10.4000/gss.1849,,ok,
Review/Unreadable/2017 - thesis_or_dissertation.pdf - 2017 - thesis_or_dissertation.pdf.pdf - 2017 - thesis_or_dissertation.pdf - 2017 - thesis_or_dissertation.pdf.pdf.pdf,/mnt/d/LIBRARY/Review/Unreadable/2017 - thesis_or_dissertation.pdf - 2017 - thesis_or_dissertation.pdf.pdf - 2017 - thesis_or_dissertation.pdf - 2017 - thesis_or_dissertation.pdf.pdf.pdf,.pdf,381903,2017-10-06T01:31:18+00:00,12,,converted_ocr/Review/Unreadable/2017 - thesis_or_dissertation.pdf - 2017 - thesis_or_dissertation.pdf.pdf - 2017 - thesis_or_dissertation.pdf - 2017 - thesis_or_dissertation.pdf.pdf.pdf.md,,10.1558/pome.v15i1-2.1;10.1558/pome.v15i12.1,,ok,
Review/Unreadable/2017 - thesis_or_dissertation_1.pdf - 2017 - thesis_or_dissertation_1.pdf.pdf - 2017 - thesis_or_dissertation_1.pdf - 2017 - thesis_or_dissertation_1.pdf.pdf.pdf,/mnt/d/LIBRARY/Review/Unreadable/2017 - thesis_or_dissertation_1.pdf - 2017 - thesis_or_dissertation_1.pdf.pdf - 2017 - thesis_or_dissertation_1.pdf - 2017 - thesis_or_dissertation_1.pdf.pdf.pdf,.pdf,309162,2017-10-06T02:38:42+00:00,2,,converted_ocr/Review/Unreadable/2017 - thesis_or_dissertation_1.pdf - 2017 - thesis_or_dissertation_1.pdf.pdf - 2017 - thesis_or_dissertation_1.pdf - 20__aab2a3a515eb.md,,,,ok,
Review/Unreadable/2017 - thesis_or_dissertation_2.pdf - 2017 - thesis_or_dissertation_2.pdf.pdf - 2017 - thesis_or_dissertation_2.pdf - 2017 - thesis_or_dissertation_2.pdf.pdf.pdf,/mnt/d/LIBRARY/Review/Unreadable/2017 - thesis_or_dissertation_2.pdf - 2017 - thesis_or_dissertation_2.pdf.pdf - 2017 - thesis_or_dissertation_2.pdf - 2017 - thesis_or_dissertation_2.pdf.pdf.pdf,.pdf,237799,2017-10-06T01:24:14+00:00,6,,converted_ocr/Review/Unreadable/2017 - thesis_or_dissertation_2.pdf - 2017 - thesis_or_dissertation_2.pdf.pdf - 2017 - thesis_or_dissertation_2.pdf - 20__eae68ed924b9.md,,10.1558/pome.v15i1-2.1,,ok,
Review/Unreadable/2017 - thesis_or_dissertation_3.pdf - 2017 - thesis_or_dissertation_3.pdf.pdf - 2017 - thesis_or_dissertation_3.pdf - 2017 - thesis_or_dissertation_3.pdf.pdf.pdf,/mnt/d/LIBRARY/Review/Unreadable/2017 - thesis_or_dissertation_3.pdf - 2017 - thesis_or_dissertation_3.pdf.pdf - 2017 - thesis_or_dissertation_3.pdf - 2017 - thesis_or_dissertation_3.pdf.pdf.pdf,.pdf,763953,2022-01-05T18:01:54+00:00,18,,converted_ocr/Review/Unreadable/2017 - thesis_or_dissertation_3.pdf - 2017 - thesis_or_dissertation_3.pdf.pdf - 2017 - thesis_or_dissertation_3.pdf - 20__123fb8b51ff5.md,,,,ok,
Review/Unreadable/2017 - thesis_or_dissertation_4.pdf - 2017 - thesis_or_dissertation_4.pdf.pdf - 2017 - thesis_or_dissertation_4.pdf - 2017 - thesis_or_dissertation_4.pdf.pdf.pdf,/mnt/d/LIBRARY/Review/Unreadable/2017 - thesis_or_dissertation_4.pdf - 2017 - thesis_or_dissertation_4.pdf.pdf - 2017 - thesis_or_dissertation_4.pdf - 2017 - thesis_or_dissertation_4.pdf.pdf.pdf,.pdf,85655,2017-10-18T21:19:10+00:00,2,,converted_ocr/Review/Unreadable/2017 - thesis_or_dissertation_4.pdf - 2017 - thesis_or_dissertation_4.pdf.pdf - 2017 - thesis_or_dissertation_4.pdf - 20__0efe0fd832ca.md,,,,ok,
Review/Unreadable/2017 - thesis_or_dissertation_5.pdf - 2017 - thesis_or_dissertation_5.pdf.pdf - 2017 - thesis_or_dissertation_5.pdf - 2017 - thesis_or_dissertation_5.pdf.pdf.pdf,/mnt/d/LIBRARY/Review/Unreadable/2017 - thesis_or_dissertation_5.pdf - 2017 - thesis_or_dissertation_5.pdf.pdf - 2017 - thesis_or_dissertation_5.pdf - 2017 - thesis_or_dissertation_5.pdf.pdf.pdf,.pdf,4481391,2017-06-06T21:42:22+00:00,21,,converted_ocr/Review/Unreadable/2017 - thesis_or_dissertation_5.pdf - 2017 - thesis_or_dissertation_5.pdf.pdf - 2017 - thesis_or_dissertation_5.pdf - 20__c0cf2153086b.md,,,,ok,
Review/Unreadable/2017 - thesis_or_dissertation_6.pdf - 2017 - thesis_or_dissertation_6.pdf.pdf - 2017 - thesis_or_dissertation_6.pdf - 2017 - thesis_or_dissertation_6.pdf.pdf.pdf,/mnt/d/LIBRARY/Review/Unreadable/2017 - thesis_or_dissertation_6.pdf - 2017 - thesis_or_dissertation_6.pdf.pdf - 2017 - thesis_or_dissertation_6.pdf - 2017 - thesis_or_dissertation_6.pdf.pdf.pdf,.pdf,92974,2017-05-25T20:37:26+00:00,2,,converted_ocr/Review/Unreadable/2017 - thesis_or_dissertation_6.pdf - 2017 - thesis_or_dissertation_6.pdf.pdf - 2017 - thesis_or_dissertation_6.pdf - 20__27104b4474c9.md,,,,ok,
Review/Unreadable/2017 - thesis_or_dissertation_8.pdf - 2017 - thesis_or_dissertation_8.pdf.pdf - 2017 - thesis_or_dissertation_8.pdf - 2017 - thesis_or_dissertation_8.pdf.pdf.pdf,/mnt/d/LIBRARY/Review/Unreadable/2017 - thesis_or_dissertation_8.pdf - 2017 - thesis_or_dissertation_8.pdf.pdf - 2017 - thesis_or_dissertation_8.pdf - 2017 - thesis_or_dissertation_8.pdf.pdf.pdf,.pdf,136715,2018-11-12T16:05:38+00:00,1,,converted_ocr/Review/Unreadable/2017 - thesis_or_dissertation_8.pdf - 2017 - thesis_or_dissertation_8.pdf.pdf - 2017 - thesis_or_dissertation_8.pdf - 20__c34b4e361fd4.md,,,,ok,
Review/Unreadable/2018 - 18-BPRE-721150-I - report [2].pdf - 2018 - 18-BPRE-721150-I - report [2].pdf.pdf - 2018 - 18-BPRE-721150-I - report [2].pdf - 2018 - 18-BPRE-721150-I - report [2].pdf.pdf.pdf,/mnt/d/LIBRARY/Review/Unreadable/2018 - 18-BPRE-721150-I - report [2].pdf - 2018 - 18-BPRE-721150-I - report [2].pdf.pdf - 2018 - 18-BPRE-721150-I - report [2].pdf - 2018 - 18-BPRE-721150-I - report [2].pdf.pdf.pdf,.pdf,25357,2018-12-10T01:00:22+00:00,1,,converted_ocr/Review/Unreadable/2018 - 18-BPRE-721150-I - report [2].pdf - 2018 - 18-BPRE-721150-I - report [2].pdf.pdf - 2018 - 18-BPRE-721150-I - repo__fb9d901928a2.md,,,,ok,
Review/Unreadable/2018 - 18-BPRE-721150-I - report.pdf - 2018 - 18-BPRE-721150-I - report.pdf.pdf - 2018 - 18-BPRE-721150-I - report.pdf - 2018 - 18-BPRE-721150-I - report.pdf.pdf.pdf,/mnt/d/LIBRARY/Review/Unreadable/2018 - 18-BPRE-721150-I - report.pdf - 2018 - 18-BPRE-721150-I - report.pdf.pdf - 2018 - 18-BPRE-721150-I - report.pdf - 2018 - 18-BPRE-721150-I - report.pdf.pdf.pdf,.pdf,25309,2021-10-02T20:54:58+00:00,1,,converted_ocr/Review/Unreadable/2018 - 18-BPRE-721150-I - report.pdf - 2018 - 18-BPRE-721150-I - report.pdf.pdf - 2018 - 18-BPRE-721150-I - report.pdf -__41b9c1165749.md,,,,ok,
Review/Unreadable/2018 - audit_or_assessment.pdf - 2018 - audit_or_assessment.pdf.pdf - 2018 - audit_or_assessment.pdf - 2018 - audit_or_assessment.pdf.pdf.pdf,/mnt/d/LIBRARY/Review/Unreadable/2018 - audit_or_assessment.pdf - 2018 - audit_or_assessment.pdf.pdf - 2018 - audit_or_assessment.pdf - 2018 - audit_or_assessment.pdf.pdf.pdf,.pdf,141909,2026-02-23T07:00:12+00:00,7,,converted_ocr/Review/Unreadable/2018 - audit_or_assessment.pdf - 2018 - audit_or_assessment.pdf.pdf - 2018 - audit_or_assessment.pdf - 2018 - audit_or_assessment.pdf.pdf.pdf.md,,,,ok,
Review/Unreadable/2018 - book_chapter.docx - 2018 - book_chapter.docx.docx - 2018 - book_chapter.docx - 2018 - book_chapter.docx.docx.docx,/mnt/d/LIBRARY/Review/Unreadable/2018 - book_chapter.docx - 2018 - book_chapter.docx.docx - 2018 - book_chapter.docx - 2018 - book_chapter.docx.docx.docx,.docx,110290,2026-02-14T00:02:14+00:00,0,,converted_ocr/Review/Unreadable/2018 - book_chapter.docx - 2018 - book_chapter.docx.docx - 2018 - book_chapter.docx - 2018 - book_chapter.docx.docx.docx.md,,10.1080/0048721X.2016.1210390;10.6084/m9.figshare.12652460.v1,,ok,
Review/Unreadable/2018 - Chapter Title From Fan Activism to Graphic Narrative Culture an - 2018 - Chapter Title From Fan Activism to Graphic Narrative Culture and Race in Gene Luen.pdf - 2018 - Chapter Title From Fan Activism t.pdf,/mnt/d/LIBRARY/Review/Unreadable/2018 - Chapter Title From Fan Activism to Graphic Narrative Culture an - 2018 - Chapter Title From Fan Activism to Graphic Narrative Culture and Race in Gene Luen.pdf - 2018 - Chapter Title From Fan Activism t.pdf,.pdf,317467,2026-02-14T00:01:10+00:00,25,,converted_ocr/Review/Unreadable/2018 - Chapter Title From Fan Activism to Graphic Narrative Culture an - 2018 - Chapter Title From Fan Activism to Graph__720140a8bcaf.md,,,,ok,
Review/Unreadable/2018 - Conseil de recherches en Social Sciences and Humanities.pdf - 2 - 2018 - Conseil de recherches en Social Sciences and Humanities.pdf - 2018 - Conseil de recherches en Social Sciences and Humanities.pdf.pdf,/mnt/d/LIBRARY/Review/Unreadable/2018 - Conseil de recherches en Social Sciences and Humanities.pdf - 2 - 2018 - Conseil de recherches en Social Sciences and Humanities.pdf - 2018 - Conseil de recherches en Social Sciences and Humanities.pdf.pdf,.pdf,530048,2017-09-21T07:01:50+00:00,25,,converted_ocr/Review/Unreadable/2018 - Conseil de recherches en Social Sciences and Humanities.pdf - 2 - 2018 - Conseil de recherches en Social Sciences__4548ff272cc8.md,,10.1177/0008429817710971;10.1558/pome.v12i2.159;10.1558/pome.v15i1-2.79;10.4000/gss.1722,,ok,
Review/Unreadable/2018 - correspondence.pdf - 2018 - correspondence.pdf.pdf - 2018 - correspondence.pdf - 2018 - correspondence.pdf.pdf.pdf,/mnt/d/LIBRARY/Review/Unreadable/2018 - correspondence.pdf - 2018 - correspondence.pdf.pdf - 2018 - correspondence.pdf - 2018 - correspondence.pdf.pdf.pdf,.pdf,143771,2018-05-14T16:24:10+00:00,2,,converted_ocr/Review/Unreadable/2018 - correspondence.pdf - 2018 - correspondence.pdf.pdf - 2018 - correspondence.pdf - 2018 - correspondence.pdf.pdf.pdf.md,,,,ok,
"Review/Unreadable/2018 - Dion 2018 LEPAGE, Martin.pdf - 2018 - Dion 2018 LEPAGE, Martin.pdf.pdf - 2018 - Dion 2018 LEPAGE, Martin.pdf - 2018 - Dion 2018 LEPAGE, Martin.pdf.pdf.pdf","/mnt/d/LIBRARY/Review/Unreadable/2018 - Dion 2018 LEPAGE, Martin.pdf - 2018 - Dion 2018 LEPAGE, Martin.pdf.pdf - 2018 - Dion 2018 LEPAGE, Martin.pdf - 2018 - Dion 2018 LEPAGE, Martin.pdf.pdf.pdf",.pdf,157554,2018-02-23T21:07:26+00:00,6,,"converted_ocr/Review/Unreadable/2018 - Dion 2018 LEPAGE, Martin.pdf - 2018 - Dion 2018 LEPAGE, Martin.pdf.pdf - 2018 - Dion 2018 LEPAGE, Martin.pdf - 20__fc648a7b99e0.md",,10.1558/pome.v12i2.159,,ok,
Review/Unreadable/2018 - edn.indd - book_or_monograph.pdf - 2018 - edn.indd - book_or_monograph.pdf.pdf - 2018 - edn.indd - book_or_monograph.pdf - 2018 - edn.indd - book_or_monograph.pdf.pdf.pdf,/mnt/d/LIBRARY/Review/Unreadable/2018 - edn.indd - book_or_monograph.pdf - 2018 - edn.indd - book_or_monograph.pdf.pdf - 2018 - edn.indd - book_or_monograph.pdf - 2018 - edn.indd - book_or_monograph.pdf.pdf.pdf,.pdf,6051693,2026-02-09T20:26:52+00:00,330,,converted_ocr/Review/Unreadable/2018 - edn.indd - book_or_monograph.pdf - 2018 - edn.indd - book_or_monograph.pdf.pdf - 2018 - edn.indd - book_or_monogr__e872fce2859b.md,,10.3998/mpub.10072208,,ok,
Review/Unreadable/2018 - ilovepdf.com - ocr_needed.pdf - 2018 - ilovepdf.com - ocr_needed.pdf.pdf - 2018 - ilovepdf.com - ocr_needed.pdf - 2018 - ilovepdf.com - ocr_needed.pdf.pdf.pdf,/mnt/d/LIBRARY/Review/Unreadable/2018 - ilovepdf.com - ocr_needed.pdf - 2018 - ilovepdf.com - ocr_needed.pdf.pdf - 2018 - ilovepdf.com - ocr_needed.pdf - 2018 - ilovepdf.com - ocr_needed.pdf.pdf.pdf,.pdf,301454,2018-05-30T19:17:06+00:00,1,[1],converted_ocr/Review/Unreadable/2018 - ilovepdf.com - ocr_needed.pdf - 2018 - ilovepdf.com - ocr_needed.pdf.pdf - 2018 - ilovepdf.com - ocr_needed.pdf -__7bc97ac956ce.md,text/Review/Unreadable/2018 - ilovepdf.com - ocr_needed.pdf - 2018 - ilovepdf.com - ocr_needed.pdf.pdf - 2018 - ilovepdf.com - ocr_needed.pdf -__7bc97ac956ce.ocr.txt,,,ok,
Review/Unreadable/2018 - job_application.pdf - 2018 - job_application.pdf.pdf - 2018 - job_application.pdf - 2018 - job_application.pdf.pdf.pdf,/mnt/d/LIBRARY/Review/Unreadable/2018 - job_application.pdf - 2018 - job_application.pdf.pdf - 2018 - job_application.pdf - 2018 - job_application.pdf.pdf.pdf,.pdf,78750,2018-01-15T04:12:46+00:00,2,,converted_ocr/Review/Unreadable/2018 - job_application.pdf - 2018 - job_application.pdf.pdf - 2018 - job_application.pdf - 2018 - job_application.pdf.pdf.pdf.md,,,,ok,
Review/Unreadable/2018 - job_application_1.pdf - 2018 - job_application_1.pdf.pdf - 2018 - job_application_1.pdf - 2018 - job_application_1.pdf.pdf.pdf,/mnt/d/LIBRARY/Review/Unreadable/2018 - job_application_1.pdf - 2018 - job_application_1.pdf.pdf - 2018 - job_application_1.pdf - 2018 - job_application_1.pdf.pdf.pdf,.pdf,75768,2018-02-22T18:26:16+00:00,2,,converted_ocr/Review/Unreadable/2018 - job_application_1.pdf - 2018 - job_application_1.pdf.pdf - 2018 - job_application_1.pdf - 2018 - job_application_1.pdf.pdf.pdf.md,,,,ok,
Review/Unreadable/2018 - journal_article.docx - 2018 - journal_article.docx.docx - 2018 - journal_article.docx - 2018 - journal_article.docx.docx.docx,/mnt/d/LIBRARY/Review/Unreadable/2018 - journal_article.docx - 2018 - journal_article.docx.docx - 2018 - journal_article.docx - 2018 - journal_article.docx.docx.docx,.docx,39244,2026-02-24T00:50:26+00:00,0,,converted_ocr/Review/Unreadable/2018 - journal_article.docx - 2018 - journal_article.docx.docx - 2018 - journal_article.docx - 2018 - journal_article.docx.docx.docx.md,,,,ok,
"Review/Unreadable/2018 - Martin Lepage - Curriculum vitae, Bourse postdoctorale du Fonds - 2018 - Martin Lepage - Curriculum vitae, Bourse postdoctorale du Fonds Gerard-Dion 2018 LEPAGE, Martin - conference_paper.pdf.pdf","/mnt/d/LIBRARY/Review/Unreadable/2018 - Martin Lepage - Curriculum vitae, Bourse postdoctorale du Fonds - 2018 - Martin Lepage - Curriculum vitae, Bourse postdoctorale du Fonds Gerard-Dion 2018 LEPAGE, Martin - conference_paper.pdf.pdf",.pdf,173994,2018-02-23T21:08:08+00:00,5,,"converted_ocr/Review/Unreadable/2018 - Martin Lepage - Curriculum vitae, Bourse postdoctorale du Fonds - 2018 - Martin Lepage - Curriculum vitae, Bourse__039741a0cafd.md",,,,ok,
Review/Unreadable/2018 - Martin Lepage - legal_or_contract.pdf - 2018 - Martin Lepage - legal_or_contract.pdf.pdf - 2018 - Martin Lepage - legal_or_contract.pdf - 2018 - Martin Lepage - legal_or_contract.pdf.pdf.pdf,/mnt/d/LIBRARY/Review/Unreadable/2018 - Martin Lepage - legal_or_contract.pdf - 2018 - Martin Lepage - legal_or_contract.pdf.pdf - 2018 - Martin Lepage - legal_or_contract.pdf - 2018 - Martin Lepage - legal_or_contract.pdf.pdf.pdf,.pdf,200934,2018-06-30T04:18:36+00:00,37,,converted_ocr/Review/Unreadable/2018 - Martin Lepage - legal_or_contract.pdf - 2018 - Martin Lepage - legal_or_contract.pdf.pdf - 2018 - Martin Lepage -__1c200e4db843.md,,,,ok,
Review/Unreadable/2018 - Martin Lepage - Martin LEPAGE Curriculum vitae - thesis_or_diss - 2018 - Martin Lepage - Martin LEPAGE Curriculum vitae - thesis_or_dissertation.pdf - 2018 - Martin Lepage - Martin LEPAGE Curriculum vit.pdf,/mnt/d/LIBRARY/Review/Unreadable/2018 - Martin Lepage - Martin LEPAGE Curriculum vitae - thesis_or_diss - 2018 - Martin Lepage - Martin LEPAGE Curriculum vitae - thesis_or_dissertation.pdf - 2018 - Martin Lepage - Martin LEPAGE Curriculum vit.pdf,.pdf,171799,2020-02-17T23:14:30+00:00,2,,converted_ocr/Review/Unreadable/2018 - Martin Lepage - Martin LEPAGE Curriculum vitae - thesis_or_diss - 2018 - Martin Lepage - Martin LEPAGE Curriculum__d59329f4d400.md,,,,ok,
"Review/Unreadable/2018 - Martin Lepage - Martin Lepages statement of research interests, - 2018 - Martin Lepage - Martin Lepages statement of research interests, Baker Postdoctoral Fellowship 2018 - thesis_or_dissertation.pdf.pdf","/mnt/d/LIBRARY/Review/Unreadable/2018 - Martin Lepage - Martin Lepages statement of research interests, - 2018 - Martin Lepage - Martin Lepages statement of research interests, Baker Postdoctoral Fellowship 2018 - thesis_or_dissertation.pdf.pdf",.pdf,134112,2018-05-14T20:19:06+00:00,4,,"converted_ocr/Review/Unreadable/2018 - Martin Lepage - Martin Lepages statement of research interests, - 2018 - Martin Lepage - Martin Lepages statement__32539c2a0374.md",,,,ok,
"Review/Unreadable/2018 - Martin Lepage - Montreal, May 15th, 2018 - thesis_or_dissertati - 2018 - Martin Lepage - Montreal, May 15th, 2018 - thesis_or_dissertation.pdf - 2018 - Martin Lepage - Montreal, May 15th, 2018 - thesis_.pdf","/mnt/d/LIBRARY/Review/Unreadable/2018 - Martin Lepage - Montreal, May 15th, 2018 - thesis_or_dissertati - 2018 - Martin Lepage - Montreal, May 15th, 2018 - thesis_or_dissertation.pdf - 2018 - Martin Lepage - Montreal, May 15th, 2018 - thesis_.pdf",.pdf,150382,2018-05-14T19:48:18+00:00,2,,"converted_ocr/Review/Unreadable/2018 - Martin Lepage - Montreal, May 15th, 2018 - thesis_or_dissertati - 2018 - Martin Lepage - Montreal, May 15th, 2018__970f276e5473.md",,,,ok,
Review/Unreadable/2018 - Martin Lepage - ocr_needed.pdf - 2018 - Martin Lepage - ocr_needed.pdf.pdf - 2018 - Martin Lepage - ocr_needed.pdf - 2018 - Martin Lepage - ocr_needed.pdf.pdf.pdf,/mnt/d/LIBRARY/Review/Unreadable/2018 - Martin Lepage - ocr_needed.pdf - 2018 - Martin Lepage - ocr_needed.pdf.pdf - 2018 - Martin Lepage - ocr_needed.pdf - 2018 - Martin Lepage - ocr_needed.pdf.pdf.pdf,.pdf,853040,2025-10-16T21:53:30+00:00,5,"[1, 2, 3, 4, 5]",converted_ocr/Review/Unreadable/2018 - Martin Lepage - ocr_needed.pdf - 2018 - Martin Lepage - ocr_needed.pdf.pdf - 2018 - Martin Lepage - ocr_needed.pd__6288eb6b2b07.md,text/Review/Unreadable/2018 - Martin Lepage - ocr_needed.pdf - 2018 - Martin Lepage - ocr_needed.pdf.pdf - 2018 - Martin Lepage - ocr_needed.pd__6288eb6b2b07.ocr.txt,,,ok,
Review/Unreadable/2018 - Martin Lepage - ocr_needed_1.pdf - 2018 - Martin Lepage - ocr_needed_1.pdf.pdf - 2018 - Martin Lepage - ocr_needed_1.pdf - 2018 - Martin Lepage - ocr_needed_1.pdf.pdf.pdf,/mnt/d/LIBRARY/Review/Unreadable/2018 - Martin Lepage - ocr_needed_1.pdf - 2018 - Martin Lepage - ocr_needed_1.pdf.pdf - 2018 - Martin Lepage - ocr_needed_1.pdf - 2018 - Martin Lepage - ocr_needed_1.pdf.pdf.pdf,.pdf,22199,2018-02-23T19:18:08+00:00,1,[1],converted_ocr/Review/Unreadable/2018 - Martin Lepage - ocr_needed_1.pdf - 2018 - Martin Lepage - ocr_needed_1.pdf.pdf - 2018 - Martin Lepage - ocr_neede__36d826f9bea1.md,text/Review/Unreadable/2018 - Martin Lepage - ocr_needed_1.pdf - 2018 - Martin Lepage - ocr_needed_1.pdf.pdf - 2018 - Martin Lepage - ocr_neede__36d826f9bea1.ocr.txt,,,ok,
Review/Unreadable/2018 - Martin Lepage - thesis_or_dissertation.docx - 2018 - Martin Lep - 2018 - Martin Lepage - thesis_or_dissertation.docx - 2018 - Martin Lepage - thesis_or_dissertation.docx.docx.docx,/mnt/d/LIBRARY/Review/Unreadable/2018 - Martin Lepage - thesis_or_dissertation.docx - 2018 - Martin Lep - 2018 - Martin Lepage - thesis_or_dissertation.docx - 2018 - Martin Lepage - thesis_or_dissertation.docx.docx.docx,.docx,24281,2026-03-07T07:45:34+00:00,0,,converted_ocr/Review/Unreadable/2018 - Martin Lepage - thesis_or_dissertation.docx - 2018 - Martin Lep - 2018 - Martin Lepage - thesis_or_dissertation.d__f1d6376c4aea.md,,,,ok,
Review/Unreadable/2018 - Martin Lepage - thesis_or_dissertation.pdf - 2018 - Martin Lepa - 2018 - Martin Lepage - thesis_or_dissertation.pdf - 2018 - Martin Lepage - thesis_or_dissertation.pdf.pdf.pdf,/mnt/d/LIBRARY/Review/Unreadable/2018 - Martin Lepage - thesis_or_dissertation.pdf - 2018 - Martin Lepa - 2018 - Martin Lepage - thesis_or_dissertation.pdf - 2018 - Martin Lepage - thesis_or_dissertation.pdf.pdf.pdf,.pdf,120978,2018-03-20T19:48:42+00:00,3,,converted_ocr/Review/Unreadable/2018 - Martin Lepage - thesis_or_dissertation.pdf - 2018 - Martin Lepa - 2018 - Martin Lepage - thesis_or_dissertation.p__c84e38de22b6.md,,,,ok,
Review/Unreadable/2018 - Martin Lepage - thesis_or_dissertation_1.pdf - 2018 - Martin Le - 2018 - Martin Lepage - thesis_or_dissertation_1.pdf - 2018 - Martin Lepage - thesis_or_dissertation_1.pdf.pdf.pdf,/mnt/d/LIBRARY/Review/Unreadable/2018 - Martin Lepage - thesis_or_dissertation_1.pdf - 2018 - Martin Le - 2018 - Martin Lepage - thesis_or_dissertation_1.pdf - 2018 - Martin Lepage - thesis_or_dissertation_1.pdf.pdf.pdf,.pdf,541237,2018-05-14T17:30:24+00:00,4,,converted_ocr/Review/Unreadable/2018 - Martin Lepage - thesis_or_dissertation_1.pdf - 2018 - Martin Le - 2018 - Martin Lepage - thesis_or_dissertation_1__332d96a72c08.md,,,,ok,
"Review/Unreadable/2018 - Martin Lepages references, Allan Slaight Chair for the Study of - 2018 - Martin Lepages references, Allan Slaight Chair for the Study of the Conjuring Arts, Carlet.pdf - 2018 - Martin Lepages references.pdf","/mnt/d/LIBRARY/Review/Unreadable/2018 - Martin Lepages references, Allan Slaight Chair for the Study of - 2018 - Martin Lepages references, Allan Slaight Chair for the Study of the Conjuring Arts, Carlet.pdf - 2018 - Martin Lepages references.pdf",.pdf,58557,2018-03-06T09:42:36+00:00,1,,"converted_ocr/Review/Unreadable/2018 - Martin Lepages references, Allan Slaight Chair for the Study of - 2018 - Martin Lepages references, Allan Slaight__7c01aa042c77.md",,,,ok,
Review/Unreadable/2018 - ocr_needed [2].pdf - 2018 - ocr_needed [2].pdf.pdf - 2018 - ocr_needed [2].pdf - 2018 - ocr_needed [2].pdf.pdf.pdf,/mnt/d/LIBRARY/Review/Unreadable/2018 - ocr_needed [2].pdf - 2018 - ocr_needed [2].pdf.pdf - 2018 - ocr_needed [2].pdf - 2018 - ocr_needed [2].pdf.pdf.pdf,.pdf,173884,2018-05-14T17:27:56+00:00,1,[1],converted_ocr/Review/Unreadable/2018 - ocr_needed [2].pdf - 2018 - ocr_needed [2].pdf.pdf - 2018 - ocr_needed [2].pdf - 2018 - ocr_needed [2].pdf.pdf.pdf.md,text/Review/Unreadable/2018 - ocr_needed [2].pdf - 2018 - ocr_needed [2].pdf.pdf - 2018 - ocr_needed [2].pdf - 2018 - ocr_needed [2].pdf.pdf.pdf.ocr.txt,,,ok,
Review/Unreadable/2018 - ocr_needed.pdf - 2018 - ocr_needed.pdf.pdf - 2018 - ocr_needed.pdf - 2018 - ocr_needed.pdf.pdf.pdf,/mnt/d/LIBRARY/Review/Unreadable/2018 - ocr_needed.pdf - 2018 - ocr_needed.pdf.pdf - 2018 - ocr_needed.pdf - 2018 - ocr_needed.pdf.pdf.pdf,.pdf,253784,2018-05-14T17:27:56+00:00,1,[1],converted_ocr/Review/Unreadable/2018 - ocr_needed.pdf - 2018 - ocr_needed.pdf.pdf - 2018 - ocr_needed.pdf - 2018 - ocr_needed.pdf.pdf.pdf.md,text/Review/Unreadable/2018 - ocr_needed.pdf - 2018 - ocr_needed.pdf.pdf - 2018 - ocr_needed.pdf - 2018 - ocr_needed.pdf.pdf.pdf.ocr.txt,,,ok,
Review/Unreadable/2018 - ocr_needed_1.pdf - 2018 - ocr_needed_1.pdf.pdf - 2018 - ocr_needed_1.pdf - 2018 - ocr_needed_1.pdf.pdf.pdf,/mnt/d/LIBRARY/Review/Unreadable/2018 - ocr_needed_1.pdf - 2018 - ocr_needed_1.pdf.pdf - 2018 - ocr_needed_1.pdf - 2018 - ocr_needed_1.pdf.pdf.pdf,.pdf,1455466,2021-09-26T20:49:40+00:00,4,"[1, 2, 3, 4]",converted_ocr/Review/Unreadable/2018 - ocr_needed_1.pdf - 2018 - ocr_needed_1.pdf.pdf - 2018 - ocr_needed_1.pdf - 2018 - ocr_needed_1.pdf.pdf.pdf.md,text/Review/Unreadable/2018 - ocr_needed_1.pdf - 2018 - ocr_needed_1.pdf.pdf - 2018 - ocr_needed_1.pdf - 2018 - ocr_needed_1.pdf.pdf.pdf.ocr.txt,,,ok,
Review/Unreadable/2018 - ocr_needed_2.pdf - 2018 - ocr_needed_2.pdf.pdf - 2018 - ocr_needed_2.pdf - 2018 - ocr_needed_2.pdf.pdf.pdf,/mnt/d/LIBRARY/Review/Unreadable/2018 - ocr_needed_2.pdf - 2018 - ocr_needed_2.pdf.pdf - 2018 - ocr_needed_2.pdf - 2018 - ocr_needed_2.pdf.pdf.pdf,.pdf,208213,2018-01-14T03:01:02+00:00,1,[1],converted_ocr/Review/Unreadable/2018 - ocr_needed_2.pdf - 2018 - ocr_needed_2.pdf.pdf - 2018 - ocr_needed_2.pdf - 2018 - ocr_needed_2.pdf.pdf.pdf.md,text/Review/Unreadable/2018 - ocr_needed_2.pdf - 2018 - ocr_needed_2.pdf.pdf - 2018 - ocr_needed_2.pdf - 2018 - ocr_needed_2.pdf.pdf.pdf.ocr.txt,,,ok,
Review/Unreadable/2018 - policy_or_guidance.pdf - 2018 - policy_or_guidance.pdf.pdf - 2018 - policy_or_guidance.pdf - 2018 - policy_or_guidance.pdf.pdf.pdf,/mnt/d/LIBRARY/Review/Unreadable/2018 - policy_or_guidance.pdf - 2018 - policy_or_guidance.pdf.pdf - 2018 - policy_or_guidance.pdf - 2018 - policy_or_guidance.pdf.pdf.pdf,.pdf,195206,2018-03-23T08:43:16+00:00,2,,converted_ocr/Review/Unreadable/2018 - policy_or_guidance.pdf - 2018 - policy_or_guidance.pdf.pdf - 2018 - policy_or_guidance.pdf - 2018 - policy_or_guidance.pdf.pdf.pdf.md,,,,ok,
Review/Unreadable/2018 - religions.pdf - 2018 - religions.pdf.pdf - 2018 - religions.pdf - 2018 - religions.pdf.pdf.pdf,/mnt/d/LIBRARY/Review/Unreadable/2018 - religions.pdf - 2018 - religions.pdf.pdf - 2018 - religions.pdf - 2018 - religions.pdf.pdf.pdf,.pdf,270466,2021-12-04T00:41:40+00:00,18,,converted_ocr/Review/Unreadable/2018 - religions.pdf - 2018 - religions.pdf.pdf - 2018 - religions.pdf - 2018 - religions.pdf.pdf.pdf.md,,10.3390/rel9040105,,ok,
Review/Unreadable/2018 - report [2].pdf - 2018 - report [2].pdf.pdf - 2018 - report [2].pdf - 2018 - report [2].pdf.pdf.pdf,/mnt/d/LIBRARY/Review/Unreadable/2018 - report [2].pdf - 2018 - report [2].pdf.pdf - 2018 - report [2].pdf - 2018 - report [2].pdf.pdf.pdf,.pdf,121992,2021-10-02T20:59:14+00:00,2,,converted_ocr/Review/Unreadable/2018 - report [2].pdf - 2018 - report [2].pdf.pdf - 2018 - report [2].pdf - 2018 - report [2].pdf.pdf.pdf.md,,,,ok,
Review/Unreadable/2018 - report.pdf - 2018 - report.pdf.pdf - 2018 - report.pdf - 2018 - report.pdf.pdf.pdf,/mnt/d/LIBRARY/Review/Unreadable/2018 - report.pdf - 2018 - report.pdf.pdf - 2018 - report.pdf - 2018 - report.pdf.pdf.pdf,.pdf,137477,2021-10-02T20:56:44+00:00,2,,converted_ocr/Review/Unreadable/2018 - report.pdf - 2018 - report.pdf.pdf - 2018 - report.pdf - 2018 - report.pdf.pdf.pdf.md,,,,ok,
Review/Unreadable/2018 - report_1.pdf - 2018 - report_1.pdf.pdf - 2018 - report_1.pdf - 2018 - report_1.pdf.pdf.pdf,/mnt/d/LIBRARY/Review/Unreadable/2018 - report_1.pdf - 2018 - report_1.pdf.pdf - 2018 - report_1.pdf - 2018 - report_1.pdf.pdf.pdf,.pdf,140477,2017-10-17T23:34:42+00:00,3,,converted_ocr/Review/Unreadable/2018 - report_1.pdf - 2018 - report_1.pdf.pdf - 2018 - report_1.pdf - 2018 - report_1.pdf.pdf.pdf.md,,,,ok,
Review/Unreadable/2018 - Studying complexity in health services research desperately see - 2018 - Studying complexity in health services research desperately seeking an overdue paradigm sh.pdf - 2018 - Studying complexity in he.pdf,/mnt/d/LIBRARY/Review/Unreadable/2018 - Studying complexity in health services research desperately see - 2018 - Studying complexity in health services research desperately seeking an overdue paradigm sh.pdf - 2018 - Studying complexity in he.pdf,.pdf,570176,2026-02-17T21:39:32+00:00,6,,converted_ocr/Review/Unreadable/2018 - Studying complexity in health services research desperately see - 2018 - Studying complexity in health services r__c44626627c49.md,,10.1186/s12916-018-1079-6;10.1186/s12916-018-1089-4;10.1186/s12916018-1087-6,,ok,
"Review/Unreadable/2018 - Tech Tools Profile, Police, and Pun.pdf - 2018 - Tech Tools Profile, Police, and Pun.pdf.pdf - 2018 - Tech Tools Profile, Police, and Pun.pdf - 2018 - Tech Tools Profile, Police, and Pun.pdf.pdf.pdf","/mnt/d/LIBRARY/Review/Unreadable/2018 - Tech Tools Profile, Police, and Pun.pdf - 2018 - Tech Tools Profile, Police, and Pun.pdf.pdf - 2018 - Tech Tools Profile, Police, and Pun.pdf - 2018 - Tech Tools Profile, Police, and Pun.pdf.pdf.pdf",.pdf,217305,2026-02-17T10:07:28+00:00,3,,"converted_ocr/Review/Unreadable/2018 - Tech Tools Profile, Police, and Pun.pdf - 2018 - Tech Tools Profile, Police, and Pun.pdf.pdf - 2018 - Tech Tools__9bb2dd55ee35.md",,10.5204/lthj.v1i0.1386,9781250215789,ok,
Review/Unreadable/2018 - thesis_or_dissertation.pdf - 2018 - thesis_or_dissertation.pdf.pdf - 2018 - thesis_or_dissertation.pdf - 2018 - thesis_or_dissertation.pdf.pdf.pdf,/mnt/d/LIBRARY/Review/Unreadable/2018 - thesis_or_dissertation.pdf - 2018 - thesis_or_dissertation.pdf.pdf - 2018 - thesis_or_dissertation.pdf - 2018 - thesis_or_dissertation.pdf.pdf.pdf,.pdf,75980,2017-08-23T15:08:38+00:00,12,,converted_ocr/Review/Unreadable/2018 - thesis_or_dissertation.pdf - 2018 - thesis_or_dissertation.pdf.pdf - 2018 - thesis_or_dissertation.pdf - 2018 - thesis_or_dissertation.pdf.pdf.pdf.md,,,,ok,
Review/Unreadable/2018 - thesis_or_dissertation_1.pdf - 2018 - thesis_or_dissertation_1.pdf.pdf - 2018 - thesis_or_dissertation_1.pdf - 2018 - thesis_or_dissertation_1.pdf.pdf.pdf,/mnt/d/LIBRARY/Review/Unreadable/2018 - thesis_or_dissertation_1.pdf - 2018 - thesis_or_dissertation_1.pdf.pdf - 2018 - thesis_or_dissertation_1.pdf - 2018 - thesis_or_dissertation_1.pdf.pdf.pdf,.pdf,1504678,2021-12-05T01:23:56+00:00,140,,converted_ocr/Review/Unreadable/2018 - thesis_or_dissertation_1.pdf - 2018 - thesis_or_dissertation_1.pdf.pdf - 2018 - thesis_or_dissertation_1.pdf - 20__5185c64e39b5.md,,,,ok,
Review/Unreadable/2018 - thesis_or_dissertation_2.pdf - 2018 - thesis_or_dissertation_2.pdf.pdf - 2018 - thesis_or_dissertation_2.pdf - 2018 - thesis_or_dissertation_2.pdf.pdf.pdf,/mnt/d/LIBRARY/Review/Unreadable/2018 - thesis_or_dissertation_2.pdf - 2018 - thesis_or_dissertation_2.pdf.pdf - 2018 - thesis_or_dissertation_2.pdf - 2018 - thesis_or_dissertation_2.pdf.pdf.pdf,.pdf,693284,2018-01-15T04:14:14+00:00,30,,converted_ocr/Review/Unreadable/2018 - thesis_or_dissertation_2.pdf - 2018 - thesis_or_dissertation_2.pdf.pdf - 2018 - thesis_or_dissertation_2.pdf - 20__3d8e21769a06.md,,10.1177/0008429817710971,,ok,
Review/Unreadable/2018 - thesis_or_dissertation_3.pdf - 2018 - thesis_or_dissertation_3.pdf.pdf - 2018 - thesis_or_dissertation_3.pdf - 2018 - thesis_or_dissertation_3.pdf.pdf.pdf,/mnt/d/LIBRARY/Review/Unreadable/2018 - thesis_or_dissertation_3.pdf - 2018 - thesis_or_dissertation_3.pdf.pdf - 2018 - thesis_or_dissertation_3.pdf - 2018 - thesis_or_dissertation_3.pdf.pdf.pdf,.pdf,327500,2018-03-06T09:53:06+00:00,12,,converted_ocr/Review/Unreadable/2018 - thesis_or_dissertation_3.pdf - 2018 - thesis_or_dissertation_3.pdf.pdf - 2018 - thesis_or_dissertation_3.pdf - 20__ec8ac654ceb3.md,,10.1558/pome.v15i12.1,,ok,
Review/Unreadable/2018 - thesis_or_dissertation_4.pdf - 2018 - thesis_or_dissertation_4.pdf.pdf - 2018 - thesis_or_dissertation_4.pdf - 2018 - thesis_or_dissertation_4.pdf.pdf.pdf,/mnt/d/LIBRARY/Review/Unreadable/2018 - thesis_or_dissertation_4.pdf - 2018 - thesis_or_dissertation_4.pdf.pdf - 2018 - thesis_or_dissertation_4.pdf - 2018 - thesis_or_dissertation_4.pdf.pdf.pdf,.pdf,303907,2018-02-19T23:19:04+00:00,1,,converted_ocr/Review/Unreadable/2018 - thesis_or_dissertation_4.pdf - 2018 - thesis_or_dissertation_4.pdf.pdf - 2018 - thesis_or_dissertation_4.pdf - 20__e2a0440a0182.md,,,,ok,
Review/Unreadable/2018 - thesis_or_dissertation_5.pdf - 2018 - thesis_or_dissertation_5.pdf.pdf - 2018 - thesis_or_dissertation_5.pdf - 2018 - thesis_or_dissertation_5.pdf.pdf.pdf,/mnt/d/LIBRARY/Review/Unreadable/2018 - thesis_or_dissertation_5.pdf - 2018 - thesis_or_dissertation_5.pdf.pdf - 2018 - thesis_or_dissertation_5.pdf - 2018 - thesis_or_dissertation_5.pdf.pdf.pdf,.pdf,100443,2018-02-23T21:12:00+00:00,2,,converted_ocr/Review/Unreadable/2018 - thesis_or_dissertation_5.pdf - 2018 - thesis_or_dissertation_5.pdf.pdf - 2018 - thesis_or_dissertation_5.pdf - 20__fc9a7b0e7173.md,,,,ok,
Review/Unreadable/2018 - thesis_or_dissertation_6.pdf - 2018 - thesis_or_dissertation_6.pdf.pdf - 2018 - thesis_or_dissertation_6.pdf - 2018 - thesis_or_dissertation_6.pdf.pdf.pdf,/mnt/d/LIBRARY/Review/Unreadable/2018 - thesis_or_dissertation_6.pdf - 2018 - thesis_or_dissertation_6.pdf.pdf - 2018 - thesis_or_dissertation_6.pdf - 2018 - thesis_or_dissertation_6.pdf.pdf.pdf,.pdf,1400154,2021-12-05T20:20:56+00:00,62,,converted_ocr/Review/Unreadable/2018 - thesis_or_dissertation_6.pdf - 2018 - thesis_or_dissertation_6.pdf.pdf - 2018 - thesis_or_dissertation_6.pdf - 20__91659e127da6.md,,,,ok,
Review/Unreadable/2019 - audit_or_assessment [2].docx - 2019 - audit_or_assessment [2].docx.docx - 2019 - audit_or_assessment [2].docx - 2019 - audit_or_assessment [2].docx.docx.docx,/mnt/d/LIBRARY/Review/Unreadable/2019 - audit_or_assessment [2].docx - 2019 - audit_or_assessment [2].docx.docx - 2019 - audit_or_assessment [2].docx - 2019 - audit_or_assessment [2].docx.docx.docx,.docx,36816,2026-02-08T03:32:28+00:00,0,,converted_ocr/Review/Unreadable/2019 - audit_or_assessment [2].docx - 2019 - audit_or_assessment [2].docx.docx - 2019 - audit_or_assessment [2].docx - 2__7f16dd7dd816.md,,,,ok,
Review/Unreadable/2019 - audit_or_assessment.docx - 2019 - audit_or_assessment.docx.docx - 2019 - audit_or_assessment.docx - 2019 - audit_or_assessment.docx.docx.docx,/mnt/d/LIBRARY/Review/Unreadable/2019 - audit_or_assessment.docx - 2019 - audit_or_assessment.docx.docx - 2019 - audit_or_assessment.docx - 2019 - audit_or_assessment.docx.docx.docx,.docx,36816,2026-02-08T03:53:04+00:00,0,,converted_ocr/Review/Unreadable/2019 - audit_or_assessment.docx - 2019 - audit_or_assessment.docx.docx - 2019 - audit_or_assessment.docx - 2019 - audit_or_assessment.docx.docx.docx.md,,,,ok,
Review/Unreadable/2019 - book_or_monograph.pdf - 2019 - book_or_monograph.pdf.pdf - 2019 - book_or_monograph.pdf - 2019 - book_or_monograph.pdf.pdf.pdf,/mnt/d/LIBRARY/Review/Unreadable/2019 - book_or_monograph.pdf - 2019 - book_or_monograph.pdf.pdf - 2019 - book_or_monograph.pdf - 2019 - book_or_monograph.pdf.pdf.pdf,.pdf,2096197,2026-02-09T13:19:48+00:00,222,,converted_ocr/Review/Unreadable/2019 - book_or_monograph.pdf - 2019 - book_or_monograph.pdf.pdf - 2019 - book_or_monograph.pdf - 2019 - book_or_monograph.pdf.pdf.pdf.md,,,9781478005858;9781478006510;9781478007227,ok,
"Review/Unreadable/2019 - HOW TO COMPLETE THE RECORD OF EMPLOYMENT,.pdf - 2019 - HOW TO C - 2019 - HOW TO COMPLETE THE RECORD OF EMPLOYMENT,.pdf - 2019 - HOW TO COMPLETE THE RECORD OF EMPLOYMENT,.pdf.pdf.pdf","/mnt/d/LIBRARY/Review/Unreadable/2019 - HOW TO COMPLETE THE RECORD OF EMPLOYMENT,.pdf - 2019 - HOW TO C - 2019 - HOW TO COMPLETE THE RECORD OF EMPLOYMENT,.pdf - 2019 - HOW TO COMPLETE THE RECORD OF EMPLOYMENT,.pdf.pdf.pdf",.pdf,35820,2019-06-26T03:42:00+00:00,1,,"converted_ocr/Review/Unreadable/2019 - HOW TO COMPLETE THE RECORD OF EMPLOYMENT,.pdf - 2019 - HOW TO C - 2019 - HOW TO COMPLETE THE RECORD OF EMPLOYMENT__59a4c359b372.md",,,,ok,
"Review/Unreadable/2019 - ILCEA, 31 2018.pdf - 2019 - ILCEA, 31 2018.pdf.pdf - 2019 - ILCEA, 31 2018.pdf - 2019 - ILCEA, 31 2018.pdf.pdf.pdf","/mnt/d/LIBRARY/Review/Unreadable/2019 - ILCEA, 31 2018.pdf - 2019 - ILCEA, 31 2018.pdf.pdf - 2019 - ILCEA, 31 2018.pdf - 2019 - ILCEA, 31 2018.pdf.pdf.pdf",.pdf,598574,2021-12-05T22:57:14+00:00,17,,"converted_ocr/Review/Unreadable/2019 - ILCEA, 31 2018.pdf - 2019 - ILCEA, 31 2018.pdf.pdf - 2019 - ILCEA, 31 2018.pdf - 2019 - ILCEA, 31 2018.pdf.pdf.pdf.md",,10.4000/ilcea.4677,,ok,
Review/Unreadable/2019 - information_PCU.pdf - 2019 - information_PCU.pdf.pdf - 2019 - information_PCU.pdf - 2019 - information_PCU.pdf.pdf.pdf,/mnt/d/LIBRARY/Review/Unreadable/2019 - information_PCU.pdf - 2019 - information_PCU.pdf.pdf - 2019 - information_PCU.pdf - 2019 - information_PCU.pdf.pdf.pdf,.pdf,7391,2018-12-10T01:07:58+00:00,1,,converted_ocr/Review/Unreadable/2019 - information_PCU.pdf - 2019 - information_PCU.pdf.pdf - 2019 - information_PCU.pdf - 2019 - information_PCU.pdf.pdf.pdf.md,,,,ok,
Review/Unreadable/2019 - journal_article.pdf - 2019 - journal_article.pdf.pdf - 2019 - journal_article.pdf - 2019 - journal_article.pdf.pdf.pdf,/mnt/d/LIBRARY/Review/Unreadable/2019 - journal_article.pdf - 2019 - journal_article.pdf.pdf - 2019 - journal_article.pdf - 2019 - journal_article.pdf.pdf.pdf,.pdf,83141,2026-02-12T19:00:20+00:00,7,,converted_ocr/Review/Unreadable/2019 - journal_article.pdf - 2019 - journal_article.pdf.pdf - 2019 - journal_article.pdf - 2019 - journal_article.pdf.pdf.pdf.md,,10.1080/1369118X.2019.1609544,9781526436917;9781526436924,ok,
Review/Unreadable/2019 - Martin Lepage - 08-2019-signed - ocr_needed.pdf - 2019 - Martin - 2019 - Martin Lepage - 08-2019-signed - ocr_needed.pdf - 2019 - Martin Lepage - 08-2019-signed - ocr_needed.pdf.pdf.pdf,/mnt/d/LIBRARY/Review/Unreadable/2019 - Martin Lepage - 08-2019-signed - ocr_needed.pdf - 2019 - Martin - 2019 - Martin Lepage - 08-2019-signed - ocr_needed.pdf - 2019 - Martin Lepage - 08-2019-signed - ocr_needed.pdf.pdf.pdf,.pdf,95197,2019-07-16T20:17:52+00:00,1,[1],converted_ocr/Review/Unreadable/2019 - Martin Lepage - 08-2019-signed - ocr_needed.pdf - 2019 - Martin - 2019 - Martin Lepage - 08-2019-signed - ocr_nee__8637c455cf53.md,text/Review/Unreadable/2019 - Martin Lepage - 08-2019-signed - ocr_needed.pdf - 2019 - Martin - 2019 - Martin Lepage - 08-2019-signed - ocr_nee__8637c455cf53.ocr.txt,,,ok,
"Review/Unreadable/2019 - Martin Lepage - 2019, CRIDAQ.pdf - 2019 - Martin Lepage - 2019, CRIDAQ.pdf.pdf - 2019 - Martin Lepage - 2019, CRIDAQ.pdf - 2019 - Martin Lepage - 2019, CRIDAQ.pdf.pdf.pdf","/mnt/d/LIBRARY/Review/Unreadable/2019 - Martin Lepage - 2019, CRIDAQ.pdf - 2019 - Martin Lepage - 2019, CRIDAQ.pdf.pdf - 2019 - Martin Lepage - 2019, CRIDAQ.pdf - 2019 - Martin Lepage - 2019, CRIDAQ.pdf.pdf.pdf",.pdf,118954,2018-01-14T02:56:22+00:00,3,,"converted_ocr/Review/Unreadable/2019 - Martin Lepage - 2019, CRIDAQ.pdf - 2019 - Martin Lepage - 2019, CRIDAQ.pdf.pdf - 2019 - Martin Lepage - 2019, CRI__0aafde77318d.md",,,,ok,
"Review/Unreadable/2019 - Martin Lepage - Bibliographie, bourses postdoctorales CRSH 2018 - 2019 - Martin Lepage - Bibliographie, bourses postdoctorales CRSH 2018-2019 LEPAGE, MARTIN # 223356.pdf - 2019 - Martin Lepage - Bibliog.pdf","/mnt/d/LIBRARY/Review/Unreadable/2019 - Martin Lepage - Bibliographie, bourses postdoctorales CRSH 2018 - 2019 - Martin Lepage - Bibliographie, bourses postdoctorales CRSH 2018-2019 LEPAGE, MARTIN # 223356.pdf - 2019 - Martin Lepage - Bibliog.pdf",.pdf,189623,2017-09-17T07:11:16+00:00,7,,"converted_ocr/Review/Unreadable/2019 - Martin Lepage - Bibliographie, bourses postdoctorales CRSH 2018 - 2019 - Martin Lepage - Bibliographie, bourses p__e217a02256ee.md",,10.1177/0008429817710971;10.1558/pome.v12i2.159;10.1558/pome.v15i1-2.79;10.4000/gss.1722;10.4000/gss.1849,,ok,
Review/Unreadable/2019 - Martin Lepage - ocr_needed.pdf - 2019 - Martin Lepage - ocr_needed.pdf.pdf - 2019 - Martin Lepage - ocr_needed.pdf - 2019 - Martin Lepage - ocr_needed.pdf.pdf.pdf,/mnt/d/LIBRARY/Review/Unreadable/2019 - Martin Lepage - ocr_needed.pdf - 2019 - Martin Lepage - ocr_needed.pdf.pdf - 2019 - Martin Lepage - ocr_needed.pdf - 2019 - Martin Lepage - ocr_needed.pdf.pdf.pdf,.pdf,1575153,2019-11-25T20:36:24+00:00,2,"[1, 2]",converted_ocr/Review/Unreadable/2019 - Martin Lepage - ocr_needed.pdf - 2019 - Martin Lepage - ocr_needed.pdf.pdf - 2019 - Martin Lepage - ocr_needed.pd__0cbfdbdea867.md,text/Review/Unreadable/2019 - Martin Lepage - ocr_needed.pdf - 2019 - Martin Lepage - ocr_needed.pdf.pdf - 2019 - Martin Lepage - ocr_needed.pd__0cbfdbdea867.ocr.txt,,,ok,
Review/Unreadable/2019 - Martin Lepage - ocr_needed_1.pdf - 2019 - Martin Lepage - ocr_needed_1.pdf.pdf - 2019 - Martin Lepage - ocr_needed_1.pdf - 2019 - Martin Lepage - ocr_needed_1.pdf.pdf.pdf,/mnt/d/LIBRARY/Review/Unreadable/2019 - Martin Lepage - ocr_needed_1.pdf - 2019 - Martin Lepage - ocr_needed_1.pdf.pdf - 2019 - Martin Lepage - ocr_needed_1.pdf - 2019 - Martin Lepage - ocr_needed_1.pdf.pdf.pdf,.pdf,1645800,2019-11-25T20:38:48+00:00,2,"[1, 2]",converted_ocr/Review/Unreadable/2019 - Martin Lepage - ocr_needed_1.pdf - 2019 - Martin Lepage - ocr_needed_1.pdf.pdf - 2019 - Martin Lepage - ocr_neede__6a14c5c044c2.md,text/Review/Unreadable/2019 - Martin Lepage - ocr_needed_1.pdf - 2019 - Martin Lepage - ocr_needed_1.pdf.pdf - 2019 - Martin Lepage - ocr_neede__6a14c5c044c2.ocr.txt,,,ok,
"Review/Unreadable/2019 - Martin Lepage - Plan de travail, bourses postdoctorales CRSH 20 - 2019 - Martin Lepage - Plan de travail, bourses postdoctorales CRSH 2018-2019 LEPAGE, MARTIN # 223356.pdf - 2019 - Martin Lepage - Plan.pdf","/mnt/d/LIBRARY/Review/Unreadable/2019 - Martin Lepage - Plan de travail, bourses postdoctorales CRSH 20 - 2019 - Martin Lepage - Plan de travail, bourses postdoctorales CRSH 2018-2019 LEPAGE, MARTIN # 223356.pdf - 2019 - Martin Lepage - Plan.pdf",.pdf,138938,2017-09-18T00:04:28+00:00,4,,"converted_ocr/Review/Unreadable/2019 - Martin Lepage - Plan de travail, bourses postdoctorales CRSH 20 - 2019 - Martin Lepage - Plan de travail, bourses__196d721e7355.md",,,,ok,
Review/Unreadable/2019 - Martin Lepage - TITLE of Research Project.docx - 2019 - Martin - 2019 - Martin Lepage - TITLE of Research Project.docx - 2019 - Martin Lepage - TITLE of Research Project.docx.docx.docx,/mnt/d/LIBRARY/Review/Unreadable/2019 - Martin Lepage - TITLE of Research Project.docx - 2019 - Martin - 2019 - Martin Lepage - TITLE of Research Project.docx - 2019 - Martin Lepage - TITLE of Research Project.docx.docx.docx,.docx,30276,2025-10-12T02:13:36+00:00,0,,converted_ocr/Review/Unreadable/2019 - Martin Lepage - TITLE of Research Project.docx - 2019 - Martin - 2019 - Martin Lepage - TITLE of Research Project__92eae3b7bde5.md,,10.1016/S2352-3018;10.1016/S2352-3018(22)00124-2;10.1016/j.drugpo.2016.10.007;10.1016/j.drugpo.2018.11.014;10.1108/DAT-10-2018-0058;10.1177/1049732309333018;10.1177/1363460720986922;10.1177/1363460721995467;10.22514/jomh.2022.003;10.7202/1062117ar,,ok,
"Review/Unreadable/2019 - Methodos, 2 2002.pdf - 2019 - Methodos, 2 2002.pdf.pdf - 2019 - Methodos, 2 2002.pdf - 2019 - Methodos, 2 2002.pdf.pdf.pdf","/mnt/d/LIBRARY/Review/Unreadable/2019 - Methodos, 2 2002.pdf - 2019 - Methodos, 2 2002.pdf.pdf - 2019 - Methodos, 2 2002.pdf - 2019 - Methodos, 2 2002.pdf.pdf.pdf",.pdf,300296,2020-04-28T02:44:46+00:00,16,,"converted_ocr/Review/Unreadable/2019 - Methodos, 2 2002.pdf - 2019 - Methodos, 2 2002.pdf.pdf - 2019 - Methodos, 2 2002.pdf - 2019 - Methodos, 2 2002.pdf.pdf.pdf.md",,10.4000/methodos.90,,ok,
Review/Unreadable/2019 - Polarization versus.pdf - 2019 - Polarization versus.pdf.pdf - 2019 - Polarization versus.pdf - 2019 - Polarization versus.pdf.pdf.pdf,/mnt/d/LIBRARY/Review/Unreadable/2019 - Polarization versus.pdf - 2019 - Polarization versus.pdf.pdf - 2019 - Polarization versus.pdf - 2019 - Polarization versus.pdf.pdf.pdf,.pdf,674367,2026-02-09T13:17:00+00:00,13,,converted_ocr/Review/Unreadable/2019 - Polarization versus.pdf - 2019 - Polarization versus.pdf.pdf - 2019 - Polarization versus.pdf - 2019 - Polarization versus.pdf.pdf.pdf.md,,,,ok,
Review/Unreadable/2019 - policy_or_guidance.docx - 2019 - policy_or_guidance.docx.docx - 2019 - policy_or_guidance.docx - 2019 - policy_or_guidance.docx.docx.docx,/mnt/d/LIBRARY/Review/Unreadable/2019 - policy_or_guidance.docx - 2019 - policy_or_guidance.docx.docx - 2019 - policy_or_guidance.docx - 2019 - policy_or_guidance.docx.docx.docx,.docx,30675,2026-01-25T23:40:46+00:00,0,,converted_ocr/Review/Unreadable/2019 - policy_or_guidance.docx - 2019 - policy_or_guidance.docx.docx - 2019 - policy_or_guidance.docx - 2019 - policy_or_guidance.docx.docx.docx.md,,,,ok,
Review/Unreadable/2019 - Sergei Guriev and Daniel Treisman.pdf - 2019 - Sergei Guriev and Daniel Treisman.pdf.pdf - 2019 - Sergei Guriev and Daniel Treisman.pdf - 2019 - Sergei Guriev and Daniel Treisman.pdf.pdf.pdf,/mnt/d/LIBRARY/Review/Unreadable/2019 - Sergei Guriev and Daniel Treisman.pdf - 2019 - Sergei Guriev and Daniel Treisman.pdf.pdf - 2019 - Sergei Guriev and Daniel Treisman.pdf - 2019 - Sergei Guriev and Daniel Treisman.pdf.pdf.pdf,.pdf,1210694,2026-02-09T21:25:12+00:00,47,,converted_ocr/Review/Unreadable/2019 - Sergei Guriev and Daniel Treisman.pdf - 2019 - Sergei Guriev and Daniel Treisman.pdf.pdf - 2019 - Sergei Guriev a__d3c51ceb348d.md,,,,ok,
Review/Unreadable/2019 - tax_or_finance.pdf - 2019 - tax_or_finance.pdf.pdf - 2019 - tax_or_finance.pdf - 2019 - tax_or_finance.pdf.pdf.pdf,/mnt/d/LIBRARY/Review/Unreadable/2019 - tax_or_finance.pdf - 2019 - tax_or_finance.pdf.pdf - 2019 - tax_or_finance.pdf - 2019 - tax_or_finance.pdf.pdf.pdf,.pdf,381274,2019-07-16T23:11:40+00:00,2,,converted_ocr/Review/Unreadable/2019 - tax_or_finance.pdf - 2019 - tax_or_finance.pdf.pdf - 2019 - tax_or_finance.pdf - 2019 - tax_or_finance.pdf.pdf.pdf.md,,,,ok,
Review/Unreadable/2019 - thesis_or_dissertation.pdf - 2019 - thesis_or_dissertation.pdf.pdf - 2019 - thesis_or_dissertation.pdf - 2019 - thesis_or_dissertation.pdf.pdf.pdf,/mnt/d/LIBRARY/Review/Unreadable/2019 - thesis_or_dissertation.pdf - 2019 - thesis_or_dissertation.pdf.pdf - 2019 - thesis_or_dissertation.pdf - 2019 - thesis_or_dissertation.pdf.pdf.pdf,.pdf,185008,2025-05-26T03:57:16+00:00,5,,converted_ocr/Review/Unreadable/2019 - thesis_or_dissertation.pdf - 2019 - thesis_or_dissertation.pdf.pdf - 2019 - thesis_or_dissertation.pdf - 2019 - thesis_or_dissertation.pdf.pdf.pdf.md,,,,ok,
Review/Unreadable/2019 - thesis_or_dissertation_1.pdf - 2019 - thesis_or_dissertation_1.pdf.pdf - 2019 - thesis_or_dissertation_1.pdf - 2019 - thesis_or_dissertation_1.pdf.pdf.pdf,/mnt/d/LIBRARY/Review/Unreadable/2019 - thesis_or_dissertation_1.pdf - 2019 - thesis_or_dissertation_1.pdf.pdf - 2019 - thesis_or_dissertation_1.pdf - 2019 - thesis_or_dissertation_1.pdf.pdf.pdf,.pdf,223950,2019-06-14T16:18:32+00:00,7,,converted_ocr/Review/Unreadable/2019 - thesis_or_dissertation_1.pdf - 2019 - thesis_or_dissertation_1.pdf.pdf - 2019 - thesis_or_dissertation_1.pdf - 20__c02698da323e.md,,,,ok,
Review/Unreadable/2019 - Traditions and Trajectories in the Historiography of European W - 2019 - Traditions and Trajectories in the Historiography of European Witch Hunting.pdf - 2019 - Traditions and Trajectories in the Histo.pdf,/mnt/d/LIBRARY/Review/Unreadable/2019 - Traditions and Trajectories in the Historiography of European W - 2019 - Traditions and Trajectories in the Historiography of European Witch Hunting.pdf - 2019 - Traditions and Trajectories in the Histo.pdf,.pdf,457246,2021-12-05T00:23:16+00:00,41,,converted_ocr/Review/Unreadable/2019 - Traditions and Trajectories in the Historiography of European W - 2019 - Traditions and Trajectories in the Histo__1f6d3cbb7bf2.md,,10.1111/j.1478-0542.2006.00310.x,,ok,
Review/Unreadable/2019 - Transforming Acquisitions and Collection Services.pdf - 2019 - 2019 - Transforming Acquisitions and Collection Services.pdf - 2019 - Transforming Acquisitions and Collection Services.pdf.pdf.pdf,/mnt/d/LIBRARY/Review/Unreadable/2019 - Transforming Acquisitions and Collection Services.pdf - 2019 - 2019 - Transforming Acquisitions and Collection Services.pdf - 2019 - Transforming Acquisitions and Collection Services.pdf.pdf.pdf,.pdf,2449935,2026-02-17T22:55:46+00:00,458,,converted_ocr/Review/Unreadable/2019 - Transforming Acquisitions and Collection Services.pdf - 2019 - 2019 - Transforming Acquisitions and Collection Se__dc1b490e00e3.md,,,,ok,
Review/Unreadable/2020 - book_or_monograph.pdf - 2020 - book_or_monograph.pdf.pdf - 2020 - book_or_monograph.pdf - 2020 - book_or_monograph.pdf.pdf.pdf,/mnt/d/LIBRARY/Review/Unreadable/2020 - book_or_monograph.pdf - 2020 - book_or_monograph.pdf.pdf - 2020 - book_or_monograph.pdf - 2020 - book_or_monograph.pdf.pdf.pdf,.pdf,2013773,2020-03-28T12:47:54+00:00,252,,converted_ocr/Review/Unreadable/2020 - book_or_monograph.pdf - 2020 - book_or_monograph.pdf.pdf - 2020 - book_or_monograph.pdf - 2020 - book_or_monograph.pdf.pdf.pdf.md,,,,ok,
Review/Unreadable/2020 - book_or_monograph_1.pdf - 2020 - book_or_monograph_1.pdf.pdf - 2020 - book_or_monograph_1.pdf - 2020 - book_or_monograph_1.pdf.pdf.pdf,/mnt/d/LIBRARY/Review/Unreadable/2020 - book_or_monograph_1.pdf - 2020 - book_or_monograph_1.pdf.pdf - 2020 - book_or_monograph_1.pdf - 2020 - book_or_monograph_1.pdf.pdf.pdf,.pdf,257654,2026-02-09T21:24:40+00:00,4,,converted_ocr/Review/Unreadable/2020 - book_or_monograph_1.pdf - 2020 - book_or_monograph_1.pdf.pdf - 2020 - book_or_monograph_1.pdf - 2020 - book_or_monograph_1.pdf.pdf.pdf.md,,,9781524762940,ok,
Review/Unreadable/2020 - Croft - Slayage 18.1.docx - legal_or_contract.pdf - 2020 - Crof - 2020 - Croft - Slayage 18.1.docx - legal_or_contract.pdf - 2020 - Croft - Slayage 18.1.docx - legal_or_contract.pdf.pdf.pdf,/mnt/d/LIBRARY/Review/Unreadable/2020 - Croft - Slayage 18.1.docx - legal_or_contract.pdf - 2020 - Crof - 2020 - Croft - Slayage 18.1.docx - legal_or_contract.pdf - 2020 - Croft - Slayage 18.1.docx - legal_or_contract.pdf.pdf.pdf,.pdf,305196,2021-12-23T22:22:26+00:00,18,,converted_ocr/Review/Unreadable/2020 - Croft - Slayage 18.1.docx - legal_or_contract.pdf - 2020 - Crof - 2020 - Croft - Slayage 18.1.docx - legal_or_con__9713481cea8b.md,,,,ok,
Review/Unreadable/2020 - Death as a Gift in Whedon and Tolkien August.docx - thesis_or_d - 2020 - Death as a Gift in Whedon and Tolkien August.docx - thesis_or_dissertation.pdf - 2020 - Death as a Gift in Whedon and Tolkien Aug.pdf,/mnt/d/LIBRARY/Review/Unreadable/2020 - Death as a Gift in Whedon and Tolkien August.docx - thesis_or_d - 2020 - Death as a Gift in Whedon and Tolkien August.docx - thesis_or_dissertation.pdf - 2020 - Death as a Gift in Whedon and Tolkien Aug.pdf,.pdf,248989,2021-12-23T22:21:00+00:00,16,,converted_ocr/Review/Unreadable/2020 - Death as a Gift in Whedon and Tolkien August.docx - thesis_or_d - 2020 - Death as a Gift in Whedon and Tolkien Au__4aca5b0fd803.md,,,,ok,
Review/Unreadable/2020 - journal_article.pdf - 2020 - journal_article.pdf.pdf - 2020 - journal_article.pdf - 2020 - journal_article.pdf.pdf.pdf,/mnt/d/LIBRARY/Review/Unreadable/2020 - journal_article.pdf - 2020 - journal_article.pdf.pdf - 2020 - journal_article.pdf - 2020 - journal_article.pdf.pdf.pdf,.pdf,668315,2026-03-01T11:14:02+00:00,18,,converted_ocr/Review/Unreadable/2020 - journal_article.pdf - 2020 - journal_article.pdf.pdf - 2020 - journal_article.pdf - 2020 - journal_article.pdf.pdf.pdf.md,,10.4102/td.v16i1.758,,ok,
Review/Unreadable/2020 - journal_article_1.pdf - 2020 - journal_article_1.pdf.pdf - 2020 - journal_article_1.pdf - 2020 - journal_article_1.pdf.pdf.pdf,/mnt/d/LIBRARY/Review/Unreadable/2020 - journal_article_1.pdf - 2020 - journal_article_1.pdf.pdf - 2020 - journal_article_1.pdf - 2020 - journal_article_1.pdf.pdf.pdf,.pdf,287914,2022-01-05T15:54:20+00:00,20,,converted_ocr/Review/Unreadable/2020 - journal_article_1.pdf - 2020 - journal_article_1.pdf.pdf - 2020 - journal_article_1.pdf - 2020 - journal_article_1.pdf.pdf.pdf.md,,10.4000/gss.6006,,ok,
Review/Unreadable/2020 - KENOGAMI.pdf - 2020 - KENOGAMI.pdf.pdf - 2020 - KENOGAMI.pdf - 2020 - KENOGAMI.pdf.pdf.pdf,/mnt/d/LIBRARY/Review/Unreadable/2020 - KENOGAMI.pdf - 2020 - KENOGAMI.pdf.pdf - 2020 - KENOGAMI.pdf - 2020 - KENOGAMI.pdf.pdf.pdf,.pdf,33496,2020-01-30T00:21:26+00:00,1,,converted_ocr/Review/Unreadable/2020 - KENOGAMI.pdf - 2020 - KENOGAMI.pdf.pdf - 2020 - KENOGAMI.pdf - 2020 - KENOGAMI.pdf.pdf.pdf.md,,,,ok,
Review/Unreadable/2020 - legal_or_contract.docx - 2020 - legal_or_contract.docx.docx - 2020 - legal_or_contract.docx - 2020 - legal_or_contract.docx.docx.docx,/mnt/d/LIBRARY/Review/Unreadable/2020 - legal_or_contract.docx - 2020 - legal_or_contract.docx.docx - 2020 - legal_or_contract.docx - 2020 - legal_or_contract.docx.docx.docx,.docx,634490,2025-10-19T16:59:46+00:00,0,,converted_ocr/Review/Unreadable/2020 - legal_or_contract.docx - 2020 - legal_or_contract.docx.docx - 2020 - legal_or_contract.docx - 2020 - legal_or_contract.docx.docx.docx.md,,,,ok,
Review/Unreadable/2020 - Martin Lepage - Publications - thesis_or_dissertation.docx - 20 - 2020 - Martin Lepage - Publications - thesis_or_dissertation.docx - 2020 - Martin Lepage - Publications - thesis_or_dissertation.docx.d.docx,/mnt/d/LIBRARY/Review/Unreadable/2020 - Martin Lepage - Publications - thesis_or_dissertation.docx - 20 - 2020 - Martin Lepage - Publications - thesis_or_dissertation.docx - 2020 - Martin Lepage - Publications - thesis_or_dissertation.docx.d.docx,.docx,38005,2025-08-03T02:07:30+00:00,0,,converted_ocr/Review/Unreadable/2020 - Martin Lepage - Publications - thesis_or_dissertation.docx - 20 - 2020 - Martin Lepage - Publications - thesis_or__c74b1c81826e.md,,,,ok,
Review/Unreadable/2020 - Martin Lepage - SimpleTax - tax_or_finance [2].pdf - 2020 - Mar - 2020 - Martin Lepage - SimpleTax - tax_or_finance [2].pdf - 2020 - Martin Lepage - SimpleTax - tax_or_finance [2].pdf.pdf.pdf,/mnt/d/LIBRARY/Review/Unreadable/2020 - Martin Lepage - SimpleTax - tax_or_finance [2].pdf - 2020 - Mar - 2020 - Martin Lepage - SimpleTax - tax_or_finance [2].pdf - 2020 - Martin Lepage - SimpleTax - tax_or_finance [2].pdf.pdf.pdf,.pdf,590517,2021-11-26T21:28:30+00:00,21,,converted_ocr/Review/Unreadable/2020 - Martin Lepage - SimpleTax - tax_or_finance [2].pdf - 2020 - Mar - 2020 - Martin Lepage - SimpleTax - tax_or_finan__e49498491be8.md,,,,ok,
Review/Unreadable/2020 - Martin Lepage - SimpleTax - tax_or_finance [3].pdf - 2020 - Mar - 2020 - Martin Lepage - SimpleTax - tax_or_finance [3].pdf - 2020 - Martin Lepage - SimpleTax - tax_or_finance [3].pdf.pdf.pdf,/mnt/d/LIBRARY/Review/Unreadable/2020 - Martin Lepage - SimpleTax - tax_or_finance [3].pdf - 2020 - Mar - 2020 - Martin Lepage - SimpleTax - tax_or_finance [3].pdf - 2020 - Martin Lepage - SimpleTax - tax_or_finance [3].pdf.pdf.pdf,.pdf,1583289,2021-11-26T21:28:40+00:00,27,,converted_ocr/Review/Unreadable/2020 - Martin Lepage - SimpleTax - tax_or_finance [3].pdf - 2020 - Mar - 2020 - Martin Lepage - SimpleTax - tax_or_finan__45d77844ba1c.md,,,,ok,
Review/Unreadable/2020 - Martin Lepage - SimpleTax - tax_or_finance.pdf - 2020 - Martin - 2020 - Martin Lepage - SimpleTax - tax_or_finance.pdf - 2020 - Martin Lepage - SimpleTax - tax_or_finance.pdf.pdf.pdf,/mnt/d/LIBRARY/Review/Unreadable/2020 - Martin Lepage - SimpleTax - tax_or_finance.pdf - 2020 - Martin - 2020 - Martin Lepage - SimpleTax - tax_or_finance.pdf - 2020 - Martin Lepage - SimpleTax - tax_or_finance.pdf.pdf.pdf,.pdf,593623,2021-11-26T21:49:34+00:00,21,,converted_ocr/Review/Unreadable/2020 - Martin Lepage - SimpleTax - tax_or_finance.pdf - 2020 - Martin - 2020 - Martin Lepage - SimpleTax - tax_or_financ__de75f9f156c4.md,,,,ok,
Review/Unreadable/2020 - policy_or_guidance [2].docx - 2020 - policy_or_guidance [2].docx.docx - 2020 - policy_or_guidance [2].docx - 2020 - policy_or_guidance [2].docx.docx.docx,/mnt/d/LIBRARY/Review/Unreadable/2020 - policy_or_guidance [2].docx - 2020 - policy_or_guidance [2].docx.docx - 2020 - policy_or_guidance [2].docx - 2020 - policy_or_guidance [2].docx.docx.docx,.docx,29661,2025-08-07T00:30:02+00:00,0,,converted_ocr/Review/Unreadable/2020 - policy_or_guidance [2].docx - 2020 - policy_or_guidance [2].docx.docx - 2020 - policy_or_guidance [2].docx - 2020 - policy_or_guidance [2].docx.docx.docx.md,,,,ok,
Review/Unreadable/2020 - policy_or_guidance.docx - 2020 - policy_or_guidance.docx.docx - 2020 - policy_or_guidance.docx - 2020 - policy_or_guidance.docx.docx.docx,/mnt/d/LIBRARY/Review/Unreadable/2020 - policy_or_guidance.docx - 2020 - policy_or_guidance.docx.docx - 2020 - policy_or_guidance.docx - 2020 - policy_or_guidance.docx.docx.docx,.docx,29829,2025-08-07T00:29:54+00:00,0,,converted_ocr/Review/Unreadable/2020 - policy_or_guidance.docx - 2020 - policy_or_guidance.docx.docx - 2020 - policy_or_guidance.docx - 2020 - policy_or_guidance.docx.docx.docx.md,,,,ok,
Review/Unreadable/2020 - policy_or_guidance_1.docx - 2020 - policy_or_guidance_1.docx.docx - 2020 - policy_or_guidance_1.docx - 2020 - policy_or_guidance_1.docx.docx.docx,/mnt/d/LIBRARY/Review/Unreadable/2020 - policy_or_guidance_1.docx - 2020 - policy_or_guidance_1.docx.docx - 2020 - policy_or_guidance_1.docx - 2020 - policy_or_guidance_1.docx.docx.docx,.docx,29230,2025-08-06T19:49:40+00:00,0,,converted_ocr/Review/Unreadable/2020 - policy_or_guidance_1.docx - 2020 - policy_or_guidance_1.docx.docx - 2020 - policy_or_guidance_1.docx - 2020 - policy_or_guidance_1.docx.docx.docx.md,,,,ok,
"Review/Unreadable/2020 - RELIGIOLOGIQUES, no 40, printemps automne 2020, 511.pdf - 2020 - 2020 - RELIGIOLOGIQUES, no 40, printemps automne 2020, 511.pdf - 2020 - RELIGIOLOGIQUES, no 40, printemps automne 2020, 511.pdf.pdf.pdf","/mnt/d/LIBRARY/Review/Unreadable/2020 - RELIGIOLOGIQUES, no 40, printemps automne 2020, 511.pdf - 2020 - 2020 - RELIGIOLOGIQUES, no 40, printemps automne 2020, 511.pdf - 2020 - RELIGIOLOGIQUES, no 40, printemps automne 2020, 511.pdf.pdf.pdf",.pdf,178013,2021-12-05T01:01:54+00:00,7,,"converted_ocr/Review/Unreadable/2020 - RELIGIOLOGIQUES, no 40, printemps automne 2020, 511.pdf - 2020 - 2020 - RELIGIOLOGIQUES, no 40, printemps automne__e58d7b8998f0.md",,,,ok,
Review/Unreadable/2020 - report.docx - 2020 - report.docx.docx - 2020 - report.docx - 2020 - report.docx.docx.docx,/mnt/d/LIBRARY/Review/Unreadable/2020 - report.docx - 2020 - report.docx.docx - 2020 - report.docx - 2020 - report.docx.docx.docx,.docx,39067,2026-02-24T04:40:34+00:00,0,,converted_ocr/Review/Unreadable/2020 - report.docx - 2020 - report.docx.docx - 2020 - report.docx - 2020 - report.docx.docx.docx.md,,,,ok,
Review/Unreadable/2020 - statement_or_bill.pdf - 2020 - statement_or_bill.pdf.pdf - 2020 - statement_or_bill.pdf - 2020 - statement_or_bill.pdf.pdf.pdf,/mnt/d/LIBRARY/Review/Unreadable/2020 - statement_or_bill.pdf - 2020 - statement_or_bill.pdf.pdf - 2020 - statement_or_bill.pdf - 2020 - statement_or_bill.pdf.pdf.pdf,.pdf,179129,2020-10-09T00:43:40+00:00,2,,converted_ocr/Review/Unreadable/2020 - statement_or_bill.pdf - 2020 - statement_or_bill.pdf.pdf - 2020 - statement_or_bill.pdf - 2020 - statement_or_bill.pdf.pdf.pdf.md,,,,ok,
Review/Unreadable/2020 - Summary.docx - 2020 - Summary.docx.docx - 2020 - Summary.docx - 2020 - Summary.docx.docx.docx,/mnt/d/LIBRARY/Review/Unreadable/2020 - Summary.docx - 2020 - Summary.docx.docx - 2020 - Summary.docx - 2020 - Summary.docx.docx.docx,.docx,22689,2025-05-26T03:54:46+00:00,0,,converted_ocr/Review/Unreadable/2020 - Summary.docx - 2020 - Summary.docx.docx - 2020 - Summary.docx - 2020 - Summary.docx.docx.docx.md,,,,ok,
Review/Unreadable/2020 - tax_or_finance.pdf - 2020 - tax_or_finance.pdf.pdf - 2020 - tax_or_finance.pdf - 2020 - tax_or_finance.pdf.pdf.pdf,/mnt/d/LIBRARY/Review/Unreadable/2020 - tax_or_finance.pdf - 2020 - tax_or_finance.pdf.pdf - 2020 - tax_or_finance.pdf - 2020 - tax_or_finance.pdf.pdf.pdf,.pdf,23678,2025-05-08T22:01:16+00:00,5,,converted_ocr/Review/Unreadable/2020 - tax_or_finance.pdf - 2020 - tax_or_finance.pdf.pdf - 2020 - tax_or_finance.pdf - 2020 - tax_or_finance.pdf.pdf.pdf.md,,,,ok,
Review/Unreadable/2020 - USEFULNESS OF FORENSIC GRAPHOLOGY IN PERSONALITY.pdf - 2020 - U - 2020 - USEFULNESS OF FORENSIC GRAPHOLOGY IN PERSONALITY.pdf - 2020 - USEFULNESS OF FORENSIC GRAPHOLOGY IN PERSONALITY.pdf.pdf.pdf,/mnt/d/LIBRARY/Review/Unreadable/2020 - USEFULNESS OF FORENSIC GRAPHOLOGY IN PERSONALITY.pdf - 2020 - U - 2020 - USEFULNESS OF FORENSIC GRAPHOLOGY IN PERSONALITY.pdf - 2020 - USEFULNESS OF FORENSIC GRAPHOLOGY IN PERSONALITY.pdf.pdf.pdf,.pdf,643013,2026-02-08T07:34:24+00:00,122,,converted_ocr/Review/Unreadable/2020 - USEFULNESS OF FORENSIC GRAPHOLOGY IN PERSONALITY.pdf - 2020 - U - 2020 - USEFULNESS OF FORENSIC GRAPHOLOGY IN PER__36ee60f9c3c8.md,,,,ok,
Review/Unreadable/2021 - 19.pdf - 2021 - 19.pdf.pdf - 2021 - 19.pdf - 2021 - 19.pdf.pdf.pdf,/mnt/d/LIBRARY/Review/Unreadable/2021 - 19.pdf - 2021 - 19.pdf.pdf - 2021 - 19.pdf - 2021 - 19.pdf.pdf.pdf,.pdf,113590,2021-09-02T01:58:30+00:00,1,,converted_ocr/Review/Unreadable/2021 - 19.pdf - 2021 - 19.pdf.pdf - 2021 - 19.pdf - 2021 - 19.pdf.pdf.pdf.md,,,,ok,
Review/Unreadable/2021 - journal_article.pdf - 2021 - journal_article.pdf.pdf - 2021 - journal_article.pdf - 2021 - journal_article.pdf.pdf.pdf,/mnt/d/LIBRARY/Review/Unreadable/2021 - journal_article.pdf - 2021 - journal_article.pdf.pdf - 2021 - journal_article.pdf - 2021 - journal_article.pdf.pdf.pdf,.pdf,396071,2021-12-03T22:38:14+00:00,23,,converted_ocr/Review/Unreadable/2021 - journal_article.pdf - 2021 - journal_article.pdf.pdf - 2021 - journal_article.pdf - 2021 - journal_article.pdf.pdf.pdf.md,,10.3390/rel12020087,,ok,
Review/Unreadable/2021 - legal_or_contract.pdf - 2021 - legal_or_contract.pdf.pdf - 2021 - legal_or_contract.pdf - 2021 - legal_or_contract.pdf.pdf.pdf,/mnt/d/LIBRARY/Review/Unreadable/2021 - legal_or_contract.pdf - 2021 - legal_or_contract.pdf.pdf - 2021 - legal_or_contract.pdf - 2021 - legal_or_contract.pdf.pdf.pdf,.pdf,1255156,2026-01-26T01:48:46+00:00,52,,converted_ocr/Review/Unreadable/2021 - legal_or_contract.pdf - 2021 - legal_or_contract.pdf.pdf - 2021 - legal_or_contract.pdf - 2021 - legal_or_contract.pdf.pdf.pdf.md,,,,ok,
Review/Unreadable/2021 - Martin Lepage - ocr_needed.pdf - 2021 - Martin Lepage - ocr_needed.pdf.pdf - 2021 - Martin Lepage - ocr_needed.pdf - 2021 - Martin Lepage - ocr_needed.pdf.pdf.pdf,/mnt/d/LIBRARY/Review/Unreadable/2021 - Martin Lepage - ocr_needed.pdf - 2021 - Martin Lepage - ocr_needed.pdf.pdf - 2021 - Martin Lepage - ocr_needed.pdf - 2021 - Martin Lepage - ocr_needed.pdf.pdf.pdf,.pdf,494410,2021-11-30T02:43:46+00:00,2,"[1, 2]",converted_ocr/Review/Unreadable/2021 - Martin Lepage - ocr_needed.pdf - 2021 - Martin Lepage - ocr_needed.pdf.pdf - 2021 - Martin Lepage - ocr_needed.pd__ed56686a392d.md,text/Review/Unreadable/2021 - Martin Lepage - ocr_needed.pdf - 2021 - Martin Lepage - ocr_needed.pdf.pdf - 2021 - Martin Lepage - ocr_needed.pd__ed56686a392d.ocr.txt,,,ok,
Review/Unreadable/2021 - Martin Lepage - tax_or_finance [2].pdf - 2021 - Martin Lepage - tax_or_finance [2].pdf.pdf - 2021 - Martin Lepage - tax_or_finance [2].pdf - 2021 - Martin Lepage - tax_or_finance [2].pdf.pdf.pdf,/mnt/d/LIBRARY/Review/Unreadable/2021 - Martin Lepage - tax_or_finance [2].pdf - 2021 - Martin Lepage - tax_or_finance [2].pdf.pdf - 2021 - Martin Lepage - tax_or_finance [2].pdf - 2021 - Martin Lepage - tax_or_finance [2].pdf.pdf.pdf,.pdf,933163,2022-03-09T21:12:36+00:00,69,,converted_ocr/Review/Unreadable/2021 - Martin Lepage - tax_or_finance [2].pdf - 2021 - Martin Lepage - tax_or_finance [2].pdf.pdf - 2021 - Martin Lepage__e0cd36c90e36.md,,,,ok,
Review/Unreadable/2021 - Martin Lepage - tax_or_finance.pdf - 2021 - Martin Lepage - tax_or_finance.pdf.pdf - 2021 - Martin Lepage - tax_or_finance.pdf - 2021 - Martin Lepage - tax_or_finance.pdf.pdf.pdf,/mnt/d/LIBRARY/Review/Unreadable/2021 - Martin Lepage - tax_or_finance.pdf - 2021 - Martin Lepage - tax_or_finance.pdf.pdf - 2021 - Martin Lepage - tax_or_finance.pdf - 2021 - Martin Lepage - tax_or_finance.pdf.pdf.pdf,.pdf,927829,2022-03-09T21:12:12+00:00,69,,converted_ocr/Review/Unreadable/2021 - Martin Lepage - tax_or_finance.pdf - 2021 - Martin Lepage - tax_or_finance.pdf.pdf - 2021 - Martin Lepage - tax_o__cee31e985d60.md,,,,ok,
Review/Unreadable/2021 - Martin Lepage [2].pdf - 2021 - Martin Lepage [2].pdf.pdf - 2021 - Martin Lepage [2].pdf - 2021 - Martin Lepage [2].pdf.pdf.pdf,/mnt/d/LIBRARY/Review/Unreadable/2021 - Martin Lepage [2].pdf - 2021 - Martin Lepage [2].pdf.pdf - 2021 - Martin Lepage [2].pdf - 2021 - Martin Lepage [2].pdf.pdf.pdf,.pdf,269522,2021-10-22T17:38:24+00:00,6,,converted_ocr/Review/Unreadable/2021 - Martin Lepage [2].pdf - 2021 - Martin Lepage [2].pdf.pdf - 2021 - Martin Lepage [2].pdf - 2021 - Martin Lepage [2].pdf.pdf.pdf.md,,,,ok,
Review/Unreadable/2021 - Martin Lepage.pdf - 2021 - Martin Lepage.pdf.pdf - 2021 - Martin Lepage.pdf - 2021 - Martin Lepage.pdf.pdf.pdf,/mnt/d/LIBRARY/Review/Unreadable/2021 - Martin Lepage.pdf - 2021 - Martin Lepage.pdf.pdf - 2021 - Martin Lepage.pdf - 2021 - Martin Lepage.pdf.pdf.pdf,.pdf,160139,2021-10-22T17:36:00+00:00,6,,converted_ocr/Review/Unreadable/2021 - Martin Lepage.pdf - 2021 - Martin Lepage.pdf.pdf - 2021 - Martin Lepage.pdf - 2021 - Martin Lepage.pdf.pdf.pdf.md,,,,ok,
Review/Unreadable/2021 - ocr_needed [2].pdf - 2021 - ocr_needed [2].pdf.pdf - 2021 - ocr_needed [2].pdf - 2021 - ocr_needed [2].pdf.pdf.pdf,/mnt/d/LIBRARY/Review/Unreadable/2021 - ocr_needed [2].pdf - 2021 - ocr_needed [2].pdf.pdf - 2021 - ocr_needed [2].pdf - 2021 - ocr_needed [2].pdf.pdf.pdf,.pdf,817888,2021-11-02T19:11:06+00:00,4,"[1, 2, 3, 4]",converted_ocr/Review/Unreadable/2021 - ocr_needed [2].pdf - 2021 - ocr_needed [2].pdf.pdf - 2021 - ocr_needed [2].pdf - 2021 - ocr_needed [2].pdf.pdf.pdf.md,text/Review/Unreadable/2021 - ocr_needed [2].pdf - 2021 - ocr_needed [2].pdf.pdf - 2021 - ocr_needed [2].pdf - 2021 - ocr_needed [2].pdf.pdf.pdf.ocr.txt,,,ok,
Review/Unreadable/2021 - ocr_needed.pdf - 2021 - ocr_needed.pdf.pdf - 2021 - ocr_needed.pdf - 2021 - ocr_needed.pdf.pdf.pdf,/mnt/d/LIBRARY/Review/Unreadable/2021 - ocr_needed.pdf - 2021 - ocr_needed.pdf.pdf - 2021 - ocr_needed.pdf - 2021 - ocr_needed.pdf.pdf.pdf,.pdf,490321,2021-11-30T02:43:10+00:00,2,"[1, 2]",converted_ocr/Review/Unreadable/2021 - ocr_needed.pdf - 2021 - ocr_needed.pdf.pdf - 2021 - ocr_needed.pdf - 2021 - ocr_needed.pdf.pdf.pdf.md,text/Review/Unreadable/2021 - ocr_needed.pdf - 2021 - ocr_needed.pdf.pdf - 2021 - ocr_needed.pdf - 2021 - ocr_needed.pdf.pdf.pdf.ocr.txt,,,ok,
Review/Unreadable/2021 - ocr_needed_1.pdf - 2021 - ocr_needed_1.pdf.pdf - 2021 - ocr_needed_1.pdf - 2021 - ocr_needed_1.pdf.pdf.pdf,/mnt/d/LIBRARY/Review/Unreadable/2021 - ocr_needed_1.pdf - 2021 - ocr_needed_1.pdf.pdf - 2021 - ocr_needed_1.pdf - 2021 - ocr_needed_1.pdf.pdf.pdf,.pdf,1674663,2021-12-23T20:52:34+00:00,22,"[1, 22]",converted_ocr/Review/Unreadable/2021 - ocr_needed_1.pdf - 2021 - ocr_needed_1.pdf.pdf - 2021 - ocr_needed_1.pdf - 2021 - ocr_needed_1.pdf.pdf.pdf.md,text/Review/Unreadable/2021 - ocr_needed_1.pdf - 2021 - ocr_needed_1.pdf.pdf - 2021 - ocr_needed_1.pdf - 2021 - ocr_needed_1.pdf.pdf.pdf.ocr.txt,,,ok,
Review/Unreadable/2021 - ocr_needed_2.pdf - 2021 - ocr_needed_2.pdf.pdf - 2021 - ocr_needed_2.pdf - 2021 - ocr_needed_2.pdf.pdf.pdf,/mnt/d/LIBRARY/Review/Unreadable/2021 - ocr_needed_2.pdf - 2021 - ocr_needed_2.pdf.pdf - 2021 - ocr_needed_2.pdf - 2021 - ocr_needed_2.pdf.pdf.pdf,.pdf,9067959,2026-02-12T18:51:34+00:00,21,"[1, 21]",converted_ocr/Review/Unreadable/2021 - ocr_needed_2.pdf - 2021 - ocr_needed_2.pdf.pdf - 2021 - ocr_needed_2.pdf - 2021 - ocr_needed_2.pdf.pdf.pdf.md,text/Review/Unreadable/2021 - ocr_needed_2.pdf - 2021 - ocr_needed_2.pdf.pdf - 2021 - ocr_needed_2.pdf - 2021 - ocr_needed_2.pdf.pdf.pdf.ocr.txt,,,ok,
Review/Unreadable/2021 - ocr_needed_3.pdf - 2021 - ocr_needed_3.pdf.pdf - 2021 - ocr_needed_3.pdf - 2021 - ocr_needed_3.pdf.pdf.pdf,/mnt/d/LIBRARY/Review/Unreadable/2021 - ocr_needed_3.pdf - 2021 - ocr_needed_3.pdf.pdf - 2021 - ocr_needed_3.pdf - 2021 - ocr_needed_3.pdf.pdf.pdf,.pdf,232992,2021-11-30T02:40:50+00:00,1,[1],converted_ocr/Review/Unreadable/2021 - ocr_needed_3.pdf - 2021 - ocr_needed_3.pdf.pdf - 2021 - ocr_needed_3.pdf - 2021 - ocr_needed_3.pdf.pdf.pdf.md,text/Review/Unreadable/2021 - ocr_needed_3.pdf - 2021 - ocr_needed_3.pdf.pdf - 2021 - ocr_needed_3.pdf - 2021 - ocr_needed_3.pdf.pdf.pdf.ocr.txt,,,ok,
Review/Unreadable/2021 - ocr_needed_4.pdf - 2021 - ocr_needed_4.pdf.pdf - 2021 - ocr_needed_4.pdf - 2021 - ocr_needed_4.pdf.pdf.pdf,/mnt/d/LIBRARY/Review/Unreadable/2021 - ocr_needed_4.pdf - 2021 - ocr_needed_4.pdf.pdf - 2021 - ocr_needed_4.pdf - 2021 - ocr_needed_4.pdf.pdf.pdf,.pdf,257951,2021-11-30T02:37:32+00:00,1,[1],converted_ocr/Review/Unreadable/2021 - ocr_needed_4.pdf - 2021 - ocr_needed_4.pdf.pdf - 2021 - ocr_needed_4.pdf - 2021 - ocr_needed_4.pdf.pdf.pdf.md,text/Review/Unreadable/2021 - ocr_needed_4.pdf - 2021 - ocr_needed_4.pdf.pdf - 2021 - ocr_needed_4.pdf - 2021 - ocr_needed_4.pdf.pdf.pdf.ocr.txt,,,ok,
Review/Unreadable/2021 - ocr_needed_5.pdf - 2021 - ocr_needed_5.pdf.pdf - 2021 - ocr_needed_5.pdf - 2021 - ocr_needed_5.pdf.pdf.pdf,/mnt/d/LIBRARY/Review/Unreadable/2021 - ocr_needed_5.pdf - 2021 - ocr_needed_5.pdf.pdf - 2021 - ocr_needed_5.pdf - 2021 - ocr_needed_5.pdf.pdf.pdf,.pdf,976742,2022-03-09T21:23:06+00:00,5,"[1, 2, 3, 4, 5]",converted_ocr/Review/Unreadable/2021 - ocr_needed_5.pdf - 2021 - ocr_needed_5.pdf.pdf - 2021 - ocr_needed_5.pdf - 2021 - ocr_needed_5.pdf.pdf.pdf.md,text/Review/Unreadable/2021 - ocr_needed_5.pdf - 2021 - ocr_needed_5.pdf.pdf - 2021 - ocr_needed_5.pdf - 2021 - ocr_needed_5.pdf.pdf.pdf.ocr.txt,,,ok,
Review/Unreadable/2021 - ocr_needed_6.pdf - 2021 - ocr_needed_6.pdf.pdf - 2021 - ocr_needed_6.pdf - 2021 - ocr_needed_6.pdf.pdf.pdf,/mnt/d/LIBRARY/Review/Unreadable/2021 - ocr_needed_6.pdf - 2021 - ocr_needed_6.pdf.pdf - 2021 - ocr_needed_6.pdf - 2021 - ocr_needed_6.pdf.pdf.pdf,.pdf,16029654,2026-02-09T13:17:30+00:00,377,"[1, 377]",converted_ocr/Review/Unreadable/2021 - ocr_needed_6.pdf - 2021 - ocr_needed_6.pdf.pdf - 2021 - ocr_needed_6.pdf - 2021 - ocr_needed_6.pdf.pdf.pdf.md,text/Review/Unreadable/2021 - ocr_needed_6.pdf - 2021 - ocr_needed_6.pdf.pdf - 2021 - ocr_needed_6.pdf - 2021 - ocr_needed_6.pdf.pdf.pdf.ocr.txt,,,ok,
Review/Unreadable/2021 - ocr_needed_7.pdf - 2021 - ocr_needed_7.pdf.pdf - 2021 - ocr_needed_7.pdf - 2021 - ocr_needed_7.pdf.pdf.pdf,/mnt/d/LIBRARY/Review/Unreadable/2021 - ocr_needed_7.pdf - 2021 - ocr_needed_7.pdf.pdf - 2021 - ocr_needed_7.pdf - 2021 - ocr_needed_7.pdf.pdf.pdf,.pdf,810808,2021-11-02T19:11:52+00:00,4,"[1, 2, 3, 4]",converted_ocr/Review/Unreadable/2021 - ocr_needed_7.pdf - 2021 - ocr_needed_7.pdf.pdf - 2021 - ocr_needed_7.pdf - 2021 - ocr_needed_7.pdf.pdf.pdf.md,text/Review/Unreadable/2021 - ocr_needed_7.pdf - 2021 - ocr_needed_7.pdf.pdf - 2021 - ocr_needed_7.pdf - 2021 - ocr_needed_7.pdf.pdf.pdf.ocr.txt,,,ok,
Review/Unreadable/2021 - report [2].docx - 2021 - report [2].docx.docx - 2021 - report [2].docx - 2021 - report [2].docx.docx.docx,/mnt/d/LIBRARY/Review/Unreadable/2021 - report [2].docx - 2021 - report [2].docx.docx - 2021 - report [2].docx - 2021 - report [2].docx.docx.docx,.docx,36540,2026-01-21T04:52:46+00:00,0,,converted_ocr/Review/Unreadable/2021 - report [2].docx - 2021 - report [2].docx.docx - 2021 - report [2].docx - 2021 - report [2].docx.docx.docx.md,,,,ok,
Review/Unreadable/2021 - report.docx - 2021 - report.docx.docx - 2021 - report.docx - 2021 - report.docx.docx.docx,/mnt/d/LIBRARY/Review/Unreadable/2021 - report.docx - 2021 - report.docx.docx - 2021 - report.docx - 2021 - report.docx.docx.docx,.docx,36543,2025-10-25T19:20:32+00:00,0,,converted_ocr/Review/Unreadable/2021 - report.docx - 2021 - report.docx.docx - 2021 - report.docx - 2021 - report.docx.docx.docx.md,,,,ok,
Review/Unreadable/2021 - report.pdf - 2021 - report.pdf.pdf - 2021 - report.pdf - 2021 - report.pdf.pdf.pdf,/mnt/d/LIBRARY/Review/Unreadable/2021 - report.pdf - 2021 - report.pdf.pdf - 2021 - report.pdf - 2021 - report.pdf.pdf.pdf,.pdf,1159140,2020-09-15T13:19:06+00:00,1,,converted_ocr/Review/Unreadable/2021 - report.pdf - 2021 - report.pdf.pdf - 2021 - report.pdf - 2021 - report.pdf.pdf.pdf.md,,,,ok,
Review/Unreadable/2021 - report_1.pdf - 2021 - report_1.pdf.pdf - 2021 - report_1.pdf - 2021 - report_1.pdf.pdf.pdf,/mnt/d/LIBRARY/Review/Unreadable/2021 - report_1.pdf - 2021 - report_1.pdf.pdf - 2021 - report_1.pdf - 2021 - report_1.pdf.pdf.pdf,.pdf,2225376,2021-10-24T21:41:52+00:00,12,,converted_ocr/Review/Unreadable/2021 - report_1.pdf - 2021 - report_1.pdf.pdf - 2021 - report_1.pdf - 2021 - report_1.pdf.pdf.pdf.md,,,,ok,
Review/Unreadable/2021 - report_2.pdf - 2021 - report_2.pdf.pdf - 2021 - report_2.pdf - 2021 - report_2.pdf.pdf.pdf,/mnt/d/LIBRARY/Review/Unreadable/2021 - report_2.pdf - 2021 - report_2.pdf.pdf - 2021 - report_2.pdf - 2021 - report_2.pdf.pdf.pdf,.pdf,1348181,2022-09-14T06:14:00+00:00,16,,converted_ocr/Review/Unreadable/2021 - report_2.pdf - 2021 - report_2.pdf.pdf - 2021 - report_2.pdf - 2021 - report_2.pdf.pdf.pdf.md,,,,ok,
Review/Unreadable/2021 - Revenu Quebec - ocr_needed_1.pdf - 2021 - Revenu Quebec - ocr_needed_1.pdf.pdf - 2021 - Revenu Quebec - ocr_needed_1.pdf - 2021 - Revenu Quebec - ocr_needed_1.pdf.pdf.pdf,/mnt/d/LIBRARY/Review/Unreadable/2021 - Revenu Quebec - ocr_needed_1.pdf - 2021 - Revenu Quebec - ocr_needed_1.pdf.pdf - 2021 - Revenu Quebec - ocr_needed_1.pdf - 2021 - Revenu Quebec - ocr_needed_1.pdf.pdf.pdf,.pdf,455562,2021-11-02T19:12:16+00:00,2,"[1, 2]",converted_ocr/Review/Unreadable/2021 - Revenu Quebec - ocr_needed_1.pdf - 2021 - Revenu Quebec - ocr_needed_1.pdf.pdf - 2021 - Revenu Quebec - ocr_neede__d90d559c876d.md,text/Review/Unreadable/2021 - Revenu Quebec - ocr_needed_1.pdf - 2021 - Revenu Quebec - ocr_needed_1.pdf.pdf - 2021 - Revenu Quebec - ocr_neede__d90d559c876d.ocr.txt,,,ok,
Review/Unreadable/2021 - Revenu Quebec - tax_or_finance_1.pdf - 2021 - Revenu Quebec - tax_or_finance_1.pdf.pdf - 2021 - Revenu Quebec - tax_or_finance_1.pdf - 2021 - Revenu Quebec - tax_or_finance_1.pdf.pdf.pdf,/mnt/d/LIBRARY/Review/Unreadable/2021 - Revenu Quebec - tax_or_finance_1.pdf - 2021 - Revenu Quebec - tax_or_finance_1.pdf.pdf - 2021 - Revenu Quebec - tax_or_finance_1.pdf - 2021 - Revenu Quebec - tax_or_finance_1.pdf.pdf.pdf,.pdf,220227,2025-05-08T22:01:16+00:00,4,,converted_ocr/Review/Unreadable/2021 - Revenu Quebec - tax_or_finance_1.pdf - 2021 - Revenu Quebec - tax_or_finance_1.pdf.pdf - 2021 - Revenu Quebec - t__9c9c1ccb8875.md,,,,ok,
Review/Unreadable/2021 - SLAM_Magazine_December_2021.pdf - 2021 - SLAM_Magazine_December_2021.pdf.pdf - 2021 - SLAM_Magazine_December_2021.pdf - 2021 - SLAM_Magazine_December_2021.pdf.pdf.pdf,/mnt/d/LIBRARY/Review/Unreadable/2021 - SLAM_Magazine_December_2021.pdf - 2021 - SLAM_Magazine_December_2021.pdf.pdf - 2021 - SLAM_Magazine_December_2021.pdf - 2021 - SLAM_Magazine_December_2021.pdf.pdf.pdf,.pdf,553878,2021-12-21T14:43:36+00:00,2,,converted_ocr/Review/Unreadable/2021 - SLAM_Magazine_December_2021.pdf - 2021 - SLAM_Magazine_December_2021.pdf.pdf - 2021 - SLAM_Magazine_December_2021__e9ac07b78b7f.md,,,,ok,
Review/Unreadable/2021 - Spiritual Activism in Swit.pdf - 2021 - Spiritual Activism in Swit.pdf.pdf - 2021 - Spiritual Activism in Swit.pdf - 2021 - Spiritual Activism in Swit.pdf.pdf.pdf,/mnt/d/LIBRARY/Review/Unreadable/2021 - Spiritual Activism in Swit.pdf - 2021 - Spiritual Activism in Swit.pdf.pdf - 2021 - Spiritual Activism in Swit.pdf - 2021 - Spiritual Activism in Swit.pdf.pdf.pdf,.pdf,871237,2025-10-12T02:11:40+00:00,15,,converted_ocr/Review/Unreadable/2021 - Spiritual Activism in Swit.pdf - 2021 - Spiritual Activism in Swit.pdf.pdf - 2021 - Spiritual Activism in Swit.pd__3cb2da697beb.md,,10.3390/rel13010023,,ok,
Review/Unreadable/2021 - tax_or_finance [2].pdf - 2021 - tax_or_finance [2].pdf.pdf - 2021 - tax_or_finance [2].pdf - 2021 - tax_or_finance [2].pdf.pdf.pdf,/mnt/d/LIBRARY/Review/Unreadable/2021 - tax_or_finance [2].pdf - 2021 - tax_or_finance [2].pdf.pdf - 2021 - tax_or_finance [2].pdf - 2021 - tax_or_finance [2].pdf.pdf.pdf,.pdf,20789,2025-05-08T22:01:18+00:00,4,,converted_ocr/Review/Unreadable/2021 - tax_or_finance [2].pdf - 2021 - tax_or_finance [2].pdf.pdf - 2021 - tax_or_finance [2].pdf - 2021 - tax_or_finance [2].pdf.pdf.pdf.md,,,,ok,
Review/Unreadable/2021 - tax_or_finance [2]_1.pdf - 2021 - tax_or_finance [2]_1.pdf.pdf - 2021 - tax_or_finance [2]_1.pdf - 2021 - tax_or_finance [2]_1.pdf.pdf.pdf,/mnt/d/LIBRARY/Review/Unreadable/2021 - tax_or_finance [2]_1.pdf - 2021 - tax_or_finance [2]_1.pdf.pdf - 2021 - tax_or_finance [2]_1.pdf - 2021 - tax_or_finance [2]_1.pdf.pdf.pdf,.pdf,16157,2022-03-04T17:38:44+00:00,4,,converted_ocr/Review/Unreadable/2021 - tax_or_finance [2]_1.pdf - 2021 - tax_or_finance [2]_1.pdf.pdf - 2021 - tax_or_finance [2]_1.pdf - 2021 - tax_or_finance [2]_1.pdf.pdf.pdf.md,,,,ok,
Review/Unreadable/2021 - tax_or_finance [2]_2.pdf - 2021 - tax_or_finance [2]_2.pdf.pdf - 2021 - tax_or_finance [2]_2.pdf - 2021 - tax_or_finance [2]_2.pdf.pdf.pdf,/mnt/d/LIBRARY/Review/Unreadable/2021 - tax_or_finance [2]_2.pdf - 2021 - tax_or_finance [2]_2.pdf.pdf - 2021 - tax_or_finance [2]_2.pdf - 2021 - tax_or_finance [2]_2.pdf.pdf.pdf,.pdf,218408,2025-05-08T22:01:16+00:00,4,,converted_ocr/Review/Unreadable/2021 - tax_or_finance [2]_2.pdf - 2021 - tax_or_finance [2]_2.pdf.pdf - 2021 - tax_or_finance [2]_2.pdf - 2021 - tax_or_finance [2]_2.pdf.pdf.pdf.md,,,,ok,
Review/Unreadable/2021 - tax_or_finance [3].pdf - 2021 - tax_or_finance [3].pdf.pdf - 2021 - tax_or_finance [3].pdf - 2021 - tax_or_finance [3].pdf.pdf.pdf,/mnt/d/LIBRARY/Review/Unreadable/2021 - tax_or_finance [3].pdf - 2021 - tax_or_finance [3].pdf.pdf - 2021 - tax_or_finance [3].pdf - 2021 - tax_or_finance [3].pdf.pdf.pdf,.pdf,168909,2025-05-08T22:01:16+00:00,2,,converted_ocr/Review/Unreadable/2021 - tax_or_finance [3].pdf - 2021 - tax_or_finance [3].pdf.pdf - 2021 - tax_or_finance [3].pdf - 2021 - tax_or_finance [3].pdf.pdf.pdf.md,,,,ok,
Review/Unreadable/2021 - tax_or_finance.pdf - 2021 - tax_or_finance.pdf.pdf - 2021 - tax_or_finance.pdf - 2021 - tax_or_finance.pdf.pdf.pdf,/mnt/d/LIBRARY/Review/Unreadable/2021 - tax_or_finance.pdf - 2021 - tax_or_finance.pdf.pdf - 2021 - tax_or_finance.pdf - 2021 - tax_or_finance.pdf.pdf.pdf,.pdf,23936,2021-11-30T02:25:54+00:00,1,,converted_ocr/Review/Unreadable/2021 - tax_or_finance.pdf - 2021 - tax_or_finance.pdf.pdf - 2021 - tax_or_finance.pdf - 2021 - tax_or_finance.pdf.pdf.pdf.md,,,,ok,
Review/Unreadable/2021 - tax_or_finance_1.pdf - 2021 - tax_or_finance_1.pdf.pdf - 2021 - tax_or_finance_1.pdf - 2021 - tax_or_finance_1.pdf.pdf.pdf,/mnt/d/LIBRARY/Review/Unreadable/2021 - tax_or_finance_1.pdf - 2021 - tax_or_finance_1.pdf.pdf - 2021 - tax_or_finance_1.pdf - 2021 - tax_or_finance_1.pdf.pdf.pdf,.pdf,23599,2025-05-08T22:01:18+00:00,6,,converted_ocr/Review/Unreadable/2021 - tax_or_finance_1.pdf - 2021 - tax_or_finance_1.pdf.pdf - 2021 - tax_or_finance_1.pdf - 2021 - tax_or_finance_1.pdf.pdf.pdf.md,,,,ok,
Review/Unreadable/2021 - tax_or_finance_1_1.pdf - 2021 - tax_or_finance_1_1.pdf.pdf - 2021 - tax_or_finance_1_1.pdf - 2021 - tax_or_finance_1_1.pdf.pdf.pdf,/mnt/d/LIBRARY/Review/Unreadable/2021 - tax_or_finance_1_1.pdf - 2021 - tax_or_finance_1_1.pdf.pdf - 2021 - tax_or_finance_1_1.pdf - 2021 - tax_or_finance_1_1.pdf.pdf.pdf,.pdf,23599,2022-03-09T20:50:58+00:00,6,,converted_ocr/Review/Unreadable/2021 - tax_or_finance_1_1.pdf - 2021 - tax_or_finance_1_1.pdf.pdf - 2021 - tax_or_finance_1_1.pdf - 2021 - tax_or_finance_1_1.pdf.pdf.pdf.md,,,,ok,
Review/Unreadable/2021 - tax_or_finance_2.pdf - 2021 - tax_or_finance_2.pdf.pdf - 2021 - tax_or_finance_2.pdf - 2021 - tax_or_finance_2.pdf.pdf.pdf,/mnt/d/LIBRARY/Review/Unreadable/2021 - tax_or_finance_2.pdf - 2021 - tax_or_finance_2.pdf.pdf - 2021 - tax_or_finance_2.pdf - 2021 - tax_or_finance_2.pdf.pdf.pdf,.pdf,1324993,2025-05-08T22:01:18+00:00,4,,converted_ocr/Review/Unreadable/2021 - tax_or_finance_2.pdf - 2021 - tax_or_finance_2.pdf.pdf - 2021 - tax_or_finance_2.pdf - 2021 - tax_or_finance_2.pdf.pdf.pdf.md,,,,ok,
Review/Unreadable/2021 - tax_or_finance_3.pdf - 2021 - tax_or_finance_3.pdf.pdf - 2021 - tax_or_finance_3.pdf - 2021 - tax_or_finance_3.pdf.pdf.pdf,/mnt/d/LIBRARY/Review/Unreadable/2021 - tax_or_finance_3.pdf - 2021 - tax_or_finance_3.pdf.pdf - 2021 - tax_or_finance_3.pdf - 2021 - tax_or_finance_3.pdf.pdf.pdf,.pdf,1845800,2021-11-27T00:05:10+00:00,27,,converted_ocr/Review/Unreadable/2021 - tax_or_finance_3.pdf - 2021 - tax_or_finance_3.pdf.pdf - 2021 - tax_or_finance_3.pdf - 2021 - tax_or_finance_3.pdf.pdf.pdf.md,,,,ok,
Review/Unreadable/2021 - tax_or_finance_4.pdf - 2021 - tax_or_finance_4.pdf.pdf - 2021 - tax_or_finance_4.pdf - 2021 - tax_or_finance_4.pdf.pdf.pdf,/mnt/d/LIBRARY/Review/Unreadable/2021 - tax_or_finance_4.pdf - 2021 - tax_or_finance_4.pdf.pdf - 2021 - tax_or_finance_4.pdf - 2021 - tax_or_finance_4.pdf.pdf.pdf,.pdf,12508,2022-03-04T17:35:22+00:00,4,,converted_ocr/Review/Unreadable/2021 - tax_or_finance_4.pdf - 2021 - tax_or_finance_4.pdf.pdf - 2021 - tax_or_finance_4.pdf - 2021 - tax_or_finance_4.pdf.pdf.pdf.md,,,,ok,
Review/Unreadable/2021 - tax_or_finance_5.pdf - 2021 - tax_or_finance_5.pdf.pdf - 2021 - tax_or_finance_5.pdf - 2021 - tax_or_finance_5.pdf.pdf.pdf,/mnt/d/LIBRARY/Review/Unreadable/2021 - tax_or_finance_5.pdf - 2021 - tax_or_finance_5.pdf.pdf - 2021 - tax_or_finance_5.pdf - 2021 - tax_or_finance_5.pdf.pdf.pdf,.pdf,219069,2025-05-08T22:01:16+00:00,4,,converted_ocr/Review/Unreadable/2021 - tax_or_finance_5.pdf - 2021 - tax_or_finance_5.pdf.pdf - 2021 - tax_or_finance_5.pdf - 2021 - tax_or_finance_5.pdf.pdf.pdf.md,,,,ok,
Review/Unreadable/2022 - book_or_monograph.pdf - 2022 - book_or_monograph.pdf.pdf - 2022 - book_or_monograph.pdf - 2022 - book_or_monograph.pdf.pdf.pdf,/mnt/d/LIBRARY/Review/Unreadable/2022 - book_or_monograph.pdf - 2022 - book_or_monograph.pdf.pdf - 2022 - book_or_monograph.pdf - 2022 - book_or_monograph.pdf.pdf.pdf,.pdf,5636049,2026-02-26T21:57:58+00:00,208,,converted_ocr/Review/Unreadable/2022 - book_or_monograph.pdf - 2022 - book_or_monograph.pdf.pdf - 2022 - book_or_monograph.pdf - 2022 - book_or_monograph.pdf.pdf.pdf.md,,,,ok,
Review/Unreadable/2022 - Glammy Lee Bio.pdf - 2022 - Glammy Lee Bio.pdf.pdf - 2022 - Glammy Lee Bio.pdf - 2022 - Glammy Lee Bio.pdf.pdf.pdf,/mnt/d/LIBRARY/Review/Unreadable/2022 - Glammy Lee Bio.pdf - 2022 - Glammy Lee Bio.pdf.pdf - 2022 - Glammy Lee Bio.pdf - 2022 - Glammy Lee Bio.pdf.pdf.pdf,.pdf,281734,2022-07-29T13:04:42+00:00,1,,converted_ocr/Review/Unreadable/2022 - Glammy Lee Bio.pdf - 2022 - Glammy Lee Bio.pdf.pdf - 2022 - Glammy Lee Bio.pdf - 2022 - Glammy Lee Bio.pdf.pdf.pdf.md,,,,ok,
Review/Unreadable/2022 - job_application.pdf - 2022 - job_application.pdf.pdf - 2022 - job_application.pdf - 2022 - job_application.pdf.pdf.pdf,/mnt/d/LIBRARY/Review/Unreadable/2022 - job_application.pdf - 2022 - job_application.pdf.pdf - 2022 - job_application.pdf - 2022 - job_application.pdf.pdf.pdf,.pdf,353283,2022-03-12T17:28:58+00:00,4,,converted_ocr/Review/Unreadable/2022 - job_application.pdf - 2022 - job_application.pdf.pdf - 2022 - job_application.pdf - 2022 - job_application.pdf.pdf.pdf.md,,,,ok,
Review/Unreadable/2022 - Journal of Humanistic Psychology.docx - 2022 - Journal of Humanistic Psychology.docx.docx - 2022 - Journal of Humanistic Psychology.docx - 2022 - Journal of Humanistic Psychology.docx.docx.docx,/mnt/d/LIBRARY/Review/Unreadable/2022 - Journal of Humanistic Psychology.docx - 2022 - Journal of Humanistic Psychology.docx.docx - 2022 - Journal of Humanistic Psychology.docx - 2022 - Journal of Humanistic Psychology.docx.docx.docx,.docx,55977,2025-07-13T22:49:38+00:00,0,,converted_ocr/Review/Unreadable/2022 - Journal of Humanistic Psychology.docx - 2022 - Journal of Humanistic Psychology.docx.docx - 2022 - Journal of Hum__333c9a8f1519.md,,,,ok,
Review/Unreadable/2022 - journal_article.pdf - 2022 - journal_article.pdf.pdf - 2022 - journal_article.pdf - 2022 - journal_article.pdf.pdf.pdf,/mnt/d/LIBRARY/Review/Unreadable/2022 - journal_article.pdf - 2022 - journal_article.pdf.pdf - 2022 - journal_article.pdf - 2022 - journal_article.pdf.pdf.pdf,.pdf,238751,2025-12-23T12:16:22+00:00,1,,converted_ocr/Review/Unreadable/2022 - journal_article.pdf - 2022 - journal_article.pdf.pdf - 2022 - journal_article.pdf - 2022 - journal_article.pdf.pdf.pdf.md,,,,ok,
Review/Unreadable/2022 - report.pdf - 2022 - report.pdf.pdf - 2022 - report.pdf - 2022 - report.pdf.pdf.pdf,/mnt/d/LIBRARY/Review/Unreadable/2022 - report.pdf - 2022 - report.pdf.pdf - 2022 - report.pdf - 2022 - report.pdf.pdf.pdf,.pdf,3330859,2026-02-25T23:49:46+00:00,79,,converted_ocr/Review/Unreadable/2022 - report.pdf - 2022 - report.pdf.pdf - 2022 - report.pdf - 2022 - report.pdf.pdf.pdf.md,,10.1145/3313831.3376727,,ok,
Review/Unreadable/2022 - tax_or_finance [2].pdf - 2022 - tax_or_finance [2].pdf.pdf - 2022 - tax_or_finance [2].pdf - 2022 - tax_or_finance [2].pdf.pdf.pdf,/mnt/d/LIBRARY/Review/Unreadable/2022 - tax_or_finance [2].pdf - 2022 - tax_or_finance [2].pdf.pdf - 2022 - tax_or_finance [2].pdf - 2022 - tax_or_finance [2].pdf.pdf.pdf,.pdf,218383,2025-05-08T22:01:16+00:00,4,,converted_ocr/Review/Unreadable/2022 - tax_or_finance [2].pdf - 2022 - tax_or_finance [2].pdf.pdf - 2022 - tax_or_finance [2].pdf - 2022 - tax_or_finance [2].pdf.pdf.pdf.md,,,,ok,
Review/Unreadable/2022 - tax_or_finance [3].pdf - 2022 - tax_or_finance [3].pdf.pdf - 2022 - tax_or_finance [3].pdf - 2022 - tax_or_finance [3].pdf.pdf.pdf,/mnt/d/LIBRARY/Review/Unreadable/2022 - tax_or_finance [3].pdf - 2022 - tax_or_finance [3].pdf.pdf - 2022 - tax_or_finance [3].pdf - 2022 - tax_or_finance [3].pdf.pdf.pdf,.pdf,219804,2025-05-08T22:01:16+00:00,4,,converted_ocr/Review/Unreadable/2022 - tax_or_finance [3].pdf - 2022 - tax_or_finance [3].pdf.pdf - 2022 - tax_or_finance [3].pdf - 2022 - tax_or_finance [3].pdf.pdf.pdf.md,,,,ok,
Review/Unreadable/2022 - tax_or_finance.pdf - 2022 - tax_or_finance.pdf.pdf - 2022 - tax_or_finance.pdf - 2022 - tax_or_finance.pdf.pdf.pdf,/mnt/d/LIBRARY/Review/Unreadable/2022 - tax_or_finance.pdf - 2022 - tax_or_finance.pdf.pdf - 2022 - tax_or_finance.pdf - 2022 - tax_or_finance.pdf.pdf.pdf,.pdf,1328494,2025-05-08T22:01:18+00:00,5,,converted_ocr/Review/Unreadable/2022 - tax_or_finance.pdf - 2022 - tax_or_finance.pdf.pdf - 2022 - tax_or_finance.pdf - 2022 - tax_or_finance.pdf.pdf.pdf.md,,,,ok,
Review/Unreadable/2022 - tax_or_finance_1.pdf - 2022 - tax_or_finance_1.pdf.pdf - 2022 - tax_or_finance_1.pdf - 2022 - tax_or_finance_1.pdf.pdf.pdf,/mnt/d/LIBRARY/Review/Unreadable/2022 - tax_or_finance_1.pdf - 2022 - tax_or_finance_1.pdf.pdf - 2022 - tax_or_finance_1.pdf - 2022 - tax_or_finance_1.pdf.pdf.pdf,.pdf,23129,2025-05-08T22:01:16+00:00,4,,converted_ocr/Review/Unreadable/2022 - tax_or_finance_1.pdf - 2022 - tax_or_finance_1.pdf.pdf - 2022 - tax_or_finance_1.pdf - 2022 - tax_or_finance_1.pdf.pdf.pdf.md,,,,ok,
Review/Unreadable/2022 - tax_or_finance_2.pdf - 2022 - tax_or_finance_2.pdf.pdf - 2022 - tax_or_finance_2.pdf - 2022 - tax_or_finance_2.pdf.pdf.pdf,/mnt/d/LIBRARY/Review/Unreadable/2022 - tax_or_finance_2.pdf - 2022 - tax_or_finance_2.pdf.pdf - 2022 - tax_or_finance_2.pdf - 2022 - tax_or_finance_2.pdf.pdf.pdf,.pdf,218400,2025-05-08T22:01:16+00:00,4,,converted_ocr/Review/Unreadable/2022 - tax_or_finance_2.pdf - 2022 - tax_or_finance_2.pdf.pdf - 2022 - tax_or_finance_2.pdf - 2022 - tax_or_finance_2.pdf.pdf.pdf.md,,,,ok,
Review/Unreadable/2023 - B Resource Links v2.0.2 - report.pdf - 2023 - B Resource Links v2.0.2 - report.pdf.pdf - 2023 - B Resource Links v2.0.2 - report.pdf - 2023 - B Resource Links v2.0.2 - report.pdf.pdf.pdf,/mnt/d/LIBRARY/Review/Unreadable/2023 - B Resource Links v2.0.2 - report.pdf - 2023 - B Resource Links v2.0.2 - report.pdf.pdf - 2023 - B Resource Links v2.0.2 - report.pdf - 2023 - B Resource Links v2.0.2 - report.pdf.pdf.pdf,.pdf,171708,2026-01-29T22:03:04+00:00,10,,converted_ocr/Review/Unreadable/2023 - B Resource Links v2.0.2 - report.pdf - 2023 - B Resource Links v2.0.2 - report.pdf.pdf - 2023 - B Resource Links__41cad96c951d.md,,,,ok,
Review/Unreadable/2023 - book_or_monograph.pdf - 2023 - book_or_monograph.pdf.pdf - 2023 - book_or_monograph.pdf - 2023 - book_or_monograph.pdf.pdf.pdf,/mnt/d/LIBRARY/Review/Unreadable/2023 - book_or_monograph.pdf - 2023 - book_or_monograph.pdf.pdf - 2023 - book_or_monograph.pdf - 2023 - book_or_monograph.pdf.pdf.pdf,.pdf,59891490,2026-02-09T20:34:06+00:00,473,,converted_ocr/Review/Unreadable/2023 - book_or_monograph.pdf - 2023 - book_or_monograph.pdf.pdf - 2023 - book_or_monograph.pdf - 2023 - book_or_monograph.pdf.pdf.pdf.md,,,9780190923624;9780190923631,ok,
Review/Unreadable/2023 - Hereby Certifies that.pdf - 2023 - Hereby Certifies that.pdf.pdf - 2023 - Hereby Certifies that.pdf - 2023 - Hereby Certifies that.pdf.pdf.pdf,/mnt/d/LIBRARY/Review/Unreadable/2023 - Hereby Certifies that.pdf - 2023 - Hereby Certifies that.pdf.pdf - 2023 - Hereby Certifies that.pdf - 2023 - Hereby Certifies that.pdf.pdf.pdf,.pdf,114623,2025-08-06T22:50:44+00:00,1,,converted_ocr/Review/Unreadable/2023 - Hereby Certifies that.pdf - 2023 - Hereby Certifies that.pdf.pdf - 2023 - Hereby Certifies that.pdf - 2023 - Hereby Certifies that.pdf.pdf.pdf.md,,,,ok,
Review/Unreadable/2023 - job_application.pdf - 2023 - job_application.pdf.pdf - 2023 - job_application.pdf - 2023 - job_application.pdf.pdf.pdf,/mnt/d/LIBRARY/Review/Unreadable/2023 - job_application.pdf - 2023 - job_application.pdf.pdf - 2023 - job_application.pdf - 2023 - job_application.pdf.pdf.pdf,.pdf,393394,2022-04-05T23:21:40+00:00,8,,converted_ocr/Review/Unreadable/2023 - job_application.pdf - 2023 - job_application.pdf.pdf - 2023 - job_application.pdf - 2023 - job_application.pdf.pdf.pdf.md,,,,ok,
Review/Unreadable/2023 - journal_article.pdf - 2023 - journal_article.pdf.pdf - 2023 - journal_article.pdf - 2023 - journal_article.pdf.pdf.pdf,/mnt/d/LIBRARY/Review/Unreadable/2023 - journal_article.pdf - 2023 - journal_article.pdf.pdf - 2023 - journal_article.pdf - 2023 - journal_article.pdf.pdf.pdf,.pdf,1946127,2026-02-03T19:55:42+00:00,48,,converted_ocr/Review/Unreadable/2023 - journal_article.pdf - 2023 - journal_article.pdf.pdf - 2023 - journal_article.pdf - 2023 - journal_article.pdf.pdf.pdf.md,,10.6028/NIST.AI.100-1,,ok,
Review/Unreadable/2023 - journal_article_1.pdf - 2023 - journal_article_1.pdf.pdf - 2023 - journal_article_1.pdf - 2023 - journal_article_1.pdf.pdf.pdf,/mnt/d/LIBRARY/Review/Unreadable/2023 - journal_article_1.pdf - 2023 - journal_article_1.pdf.pdf - 2023 - journal_article_1.pdf - 2023 - journal_article_1.pdf.pdf.pdf,.pdf,333511,2026-03-01T11:14:42+00:00,5,,converted_ocr/Review/Unreadable/2023 - journal_article_1.pdf - 2023 - journal_article_1.pdf.pdf - 2023 - journal_article_1.pdf - 2023 - journal_article_1.pdf.pdf.pdf.md,,10.1177/27536386231177348,,ok,
Review/Unreadable/2023 - Martin Lepage - thesis_or_dissertation.pdf - 2023 - Martin Lepa - 2023 - Martin Lepage - thesis_or_dissertation.pdf - 2023 - Martin Lepage - thesis_or_dissertation.pdf.pdf.pdf,/mnt/d/LIBRARY/Review/Unreadable/2023 - Martin Lepage - thesis_or_dissertation.pdf - 2023 - Martin Lepa - 2023 - Martin Lepage - thesis_or_dissertation.pdf - 2023 - Martin Lepage - thesis_or_dissertation.pdf.pdf.pdf,.pdf,92352,2025-10-03T22:18:44+00:00,2,,converted_ocr/Review/Unreadable/2023 - Martin Lepage - thesis_or_dissertation.pdf - 2023 - Martin Lepa - 2023 - Martin Lepage - thesis_or_dissertation.p__497d48fd7fe3.md,,,,ok,
Review/Unreadable/2023 - Martin Lepage - thesis_or_dissertation_1.pdf - 2023 - Martin Le - 2023 - Martin Lepage - thesis_or_dissertation_1.pdf - 2023 - Martin Lepage - thesis_or_dissertation_1.pdf.pdf.pdf,/mnt/d/LIBRARY/Review/Unreadable/2023 - Martin Lepage - thesis_or_dissertation_1.pdf - 2023 - Martin Le - 2023 - Martin Lepage - thesis_or_dissertation_1.pdf - 2023 - Martin Lepage - thesis_or_dissertation_1.pdf.pdf.pdf,.pdf,201386,2025-08-03T02:14:28+00:00,2,,converted_ocr/Review/Unreadable/2023 - Martin Lepage - thesis_or_dissertation_1.pdf - 2023 - Martin Le - 2023 - Martin Lepage - thesis_or_dissertation_1__1e16c8c055bc.md,,,,ok,
Review/Unreadable/2023 - ocr_needed.pdf - 2023 - ocr_needed.pdf.pdf - 2023 - ocr_needed.pdf - 2023 - ocr_needed.pdf.pdf.pdf,/mnt/d/LIBRARY/Review/Unreadable/2023 - ocr_needed.pdf - 2023 - ocr_needed.pdf.pdf - 2023 - ocr_needed.pdf - 2023 - ocr_needed.pdf.pdf.pdf,.pdf,1045599,2026-02-14T00:01:10+00:00,23,"[1, 23]",converted_ocr/Review/Unreadable/2023 - ocr_needed.pdf - 2023 - ocr_needed.pdf.pdf - 2023 - ocr_needed.pdf - 2023 - ocr_needed.pdf.pdf.pdf.md,text/Review/Unreadable/2023 - ocr_needed.pdf - 2023 - ocr_needed.pdf.pdf - 2023 - ocr_needed.pdf - 2023 - ocr_needed.pdf.pdf.pdf.ocr.txt,,,ok,
Review/Unreadable/2023 - PROOFREAD_Anime Full MS_typesetting_MP - book_or_monograph.pdf - 2023 - PROOFREAD_Anime Full MS_typesetting_MP - book_or_monograph.pdf - 2023 - PROOFREAD_Anime Full MS_typesetting_MP - book_or_monograp.pdf,/mnt/d/LIBRARY/Review/Unreadable/2023 - PROOFREAD_Anime Full MS_typesetting_MP - book_or_monograph.pdf - 2023 - PROOFREAD_Anime Full MS_typesetting_MP - book_or_monograph.pdf - 2023 - PROOFREAD_Anime Full MS_typesetting_MP - book_or_monograp.pdf,.pdf,2855798,2023-11-12T01:36:06+00:00,362,,converted_ocr/Review/Unreadable/2023 - PROOFREAD_Anime Full MS_typesetting_MP - book_or_monograph.pdf - 2023 - PROOFREAD_Anime Full MS_typesetting_MP -__ab0762a73de3.md,,,,ok,
Review/Unreadable/2023 - report.pdf - 2023 - report.pdf.pdf - 2023 - report.pdf - 2023 - report.pdf.pdf.pdf,/mnt/d/LIBRARY/Review/Unreadable/2023 - report.pdf - 2023 - report.pdf.pdf - 2023 - report.pdf - 2023 - report.pdf.pdf.pdf,.pdf,758210,2026-01-30T17:26:02+00:00,2,,converted_ocr/Review/Unreadable/2023 - report.pdf - 2023 - report.pdf.pdf - 2023 - report.pdf - 2023 - report.pdf.pdf.pdf.md,,,,ok,
Review/Unreadable/2023 - Sorcellerie social compass.pdf - 2023 - Sorcellerie social compass.pdf.pdf - 2023 - Sorcellerie social compass.pdf - 2023 - Sorcellerie social compass.pdf.pdf.pdf,/mnt/d/LIBRARY/Review/Unreadable/2023 - Sorcellerie social compass.pdf - 2023 - Sorcellerie social compass.pdf.pdf - 2023 - Sorcellerie social compass.pdf - 2023 - Sorcellerie social compass.pdf.pdf.pdf,.pdf,114232,2025-04-13T00:41:10+00:00,3,,converted_ocr/Review/Unreadable/2023 - Sorcellerie social compass.pdf - 2023 - Sorcellerie social compass.pdf.pdf - 2023 - Sorcellerie social compass.pd__f0c8a2ba644f.md,,,,ok,
Review/Unreadable/2023 - tax_or_finance [2].pdf - 2023 - tax_or_finance [2].pdf.pdf - 2023 - tax_or_finance [2].pdf - 2023 - tax_or_finance [2].pdf.pdf.pdf,/mnt/d/LIBRARY/Review/Unreadable/2023 - tax_or_finance [2].pdf - 2023 - tax_or_finance [2].pdf.pdf - 2023 - tax_or_finance [2].pdf - 2023 - tax_or_finance [2].pdf.pdf.pdf,.pdf,218008,2025-05-08T22:01:16+00:00,4,,converted_ocr/Review/Unreadable/2023 - tax_or_finance [2].pdf - 2023 - tax_or_finance [2].pdf.pdf - 2023 - tax_or_finance [2].pdf - 2023 - tax_or_finance [2].pdf.pdf.pdf.md,,,,ok,
Review/Unreadable/2023 - tax_or_finance [3].pdf - 2023 - tax_or_finance [3].pdf.pdf - 2023 - tax_or_finance [3].pdf - 2023 - tax_or_finance [3].pdf.pdf.pdf,/mnt/d/LIBRARY/Review/Unreadable/2023 - tax_or_finance [3].pdf - 2023 - tax_or_finance [3].pdf.pdf - 2023 - tax_or_finance [3].pdf - 2023 - tax_or_finance [3].pdf.pdf.pdf,.pdf,169723,2025-05-08T22:01:18+00:00,2,,converted_ocr/Review/Unreadable/2023 - tax_or_finance [3].pdf - 2023 - tax_or_finance [3].pdf.pdf - 2023 - tax_or_finance [3].pdf - 2023 - tax_or_finance [3].pdf.pdf.pdf.md,,,,ok,
Review/Unreadable/2023 - tax_or_finance.pdf - 2023 - tax_or_finance.pdf.pdf - 2023 - tax_or_finance.pdf - 2023 - tax_or_finance.pdf.pdf.pdf,/mnt/d/LIBRARY/Review/Unreadable/2023 - tax_or_finance.pdf - 2023 - tax_or_finance.pdf.pdf - 2023 - tax_or_finance.pdf - 2023 - tax_or_finance.pdf.pdf.pdf,.pdf,24269,2025-05-08T22:01:16+00:00,5,,converted_ocr/Review/Unreadable/2023 - tax_or_finance.pdf - 2023 - tax_or_finance.pdf.pdf - 2023 - tax_or_finance.pdf - 2023 - tax_or_finance.pdf.pdf.pdf.md,,,,ok,
Review/Unreadable/2023 - tax_or_finance_1.pdf - 2023 - tax_or_finance_1.pdf.pdf - 2023 - tax_or_finance_1.pdf - 2023 - tax_or_finance_1.pdf.pdf.pdf,/mnt/d/LIBRARY/Review/Unreadable/2023 - tax_or_finance_1.pdf - 2023 - tax_or_finance_1.pdf.pdf - 2023 - tax_or_finance_1.pdf - 2023 - tax_or_finance_1.pdf.pdf.pdf,.pdf,223067,2025-05-08T22:01:16+00:00,4,,converted_ocr/Review/Unreadable/2023 - tax_or_finance_1.pdf - 2023 - tax_or_finance_1.pdf.pdf - 2023 - tax_or_finance_1.pdf - 2023 - tax_or_finance_1.pdf.pdf.pdf.md,,,,ok,
Review/Unreadable/2023 - thesis_or_dissertation.docx - 2023 - thesis_or_dissertation.docx.docx - 2023 - thesis_or_dissertation.docx - 2023 - thesis_or_dissertation.docx.docx.docx,/mnt/d/LIBRARY/Review/Unreadable/2023 - thesis_or_dissertation.docx - 2023 - thesis_or_dissertation.docx.docx - 2023 - thesis_or_dissertation.docx - 2023 - thesis_or_dissertation.docx.docx.docx,.docx,8788,2025-08-06T22:37:38+00:00,0,,converted_ocr/Review/Unreadable/2023 - thesis_or_dissertation.docx - 2023 - thesis_or_dissertation.docx.docx - 2023 - thesis_or_dissertation.docx - 2023 - thesis_or_dissertation.docx.docx.docx.md,,,,ok,
Review/Unreadable/2024 - 0463.pdf - 2024 - 0463.pdf.pdf - 2024 - 0463.pdf - 2024 - 0463.pdf.pdf.pdf,/mnt/d/LIBRARY/Review/Unreadable/2024 - 0463.pdf - 2024 - 0463.pdf.pdf - 2024 - 0463.pdf - 2024 - 0463.pdf.pdf.pdf,.pdf,785945,2026-02-18T00:51:42+00:00,32,,converted_ocr/Review/Unreadable/2024 - 0463.pdf - 2024 - 0463.pdf.pdf - 2024 - 0463.pdf - 2024 - 0463.pdf.pdf.pdf.md,,10.5281/zenodo.10936348,,ok,
Review/Unreadable/2024 - 2024.pdf - 2024 - 2024.pdf.pdf - 2024 - 2024.pdf - 2024 - 2024.pdf.pdf.pdf,/mnt/d/LIBRARY/Review/Unreadable/2024 - 2024.pdf - 2024 - 2024.pdf.pdf - 2024 - 2024.pdf - 2024 - 2024.pdf.pdf.pdf,.pdf,159322,2025-04-13T00:42:06+00:00,5,,converted_ocr/Review/Unreadable/2024 - 2024.pdf - 2024 - 2024.pdf.pdf - 2024 - 2024.pdf - 2024 - 2024.pdf.pdf.pdf.md,,10.1177/0037768607086498;10.1177/0037768617704165;10.1177/0037768618768439;10.1177/00377686231217194,,ok,
Review/Unreadable/2024 - cover_letter.docx - 2024 - cover_letter.docx.docx - 2024 - cover_letter.docx - 2024 - cover_letter.docx.docx.docx,/mnt/d/LIBRARY/Review/Unreadable/2024 - cover_letter.docx - 2024 - cover_letter.docx.docx - 2024 - cover_letter.docx - 2024 - cover_letter.docx.docx.docx,.docx,7945,2025-11-01T18:03:14+00:00,0,,converted_ocr/Review/Unreadable/2024 - cover_letter.docx - 2024 - cover_letter.docx.docx - 2024 - cover_letter.docx - 2024 - cover_letter.docx.docx.docx.md,,,,ok,
Review/Unreadable/2024 - Direction generale.pdf - 2024 - Direction generale.pdf.pdf - 2024 - Direction generale.pdf - 2024 - Direction generale.pdf.pdf.pdf,/mnt/d/LIBRARY/Review/Unreadable/2024 - Direction generale.pdf - 2024 - Direction generale.pdf.pdf - 2024 - Direction generale.pdf - 2024 - Direction generale.pdf.pdf.pdf,.pdf,39218,2025-10-11T17:06:26+00:00,1,,converted_ocr/Review/Unreadable/2024 - Direction generale.pdf - 2024 - Direction generale.pdf.pdf - 2024 - Direction generale.pdf - 2024 - Direction generale.pdf.pdf.pdf.md,,,,ok,
"Review/Unreadable/2024 - e Scythe Already in Motion Buffy, Queer Ritual, and the Politic - 2024 - e Scythe Already in Motion Buffy, Queer Ritual, and the Politics of Glit.pdf - 2024 - e Scythe Already in Motion Buffy, Queer Rit.pdf","/mnt/d/LIBRARY/Review/Unreadable/2024 - e Scythe Already in Motion Buffy, Queer Ritual, and the Politic - 2024 - e Scythe Already in Motion Buffy, Queer Ritual, and the Politics of Glit.pdf - 2024 - e Scythe Already in Motion Buffy, Queer Rit.pdf",.pdf,4609,2025-08-03T02:20:56+00:00,3,,"converted_ocr/Review/Unreadable/2024 - e Scythe Already in Motion Buffy, Queer Ritual, and the Politic - 2024 - e Scythe Already in Motion Buffy, Queer__deed2b78d4d4.md",,,,ok,
Review/Unreadable/2024 - journal_article [2].pdf - 2024 - journal_article [2].pdf.pdf - 2024 - journal_article [2].pdf - 2024 - journal_article [2].pdf.pdf.pdf,/mnt/d/LIBRARY/Review/Unreadable/2024 - journal_article [2].pdf - 2024 - journal_article [2].pdf.pdf - 2024 - journal_article [2].pdf - 2024 - journal_article [2].pdf.pdf.pdf,.pdf,273232,2026-02-13T16:18:04+00:00,33,,converted_ocr/Review/Unreadable/2024 - journal_article [2].pdf - 2024 - journal_article [2].pdf.pdf - 2024 - journal_article [2].pdf - 2024 - journal_article [2].pdf.pdf.pdf.md,,10.1111/bld.12413;10.17645/si.v11i1.5642,,ok,
Review/Unreadable/2024 - journal_article_1.pdf - 2024 - journal_article_1.pdf.pdf - 2024 - journal_article_1.pdf - 2024 - journal_article_1.pdf.pdf.pdf,/mnt/d/LIBRARY/Review/Unreadable/2024 - journal_article_1.pdf - 2024 - journal_article_1.pdf.pdf - 2024 - journal_article_1.pdf - 2024 - journal_article_1.pdf.pdf.pdf,.pdf,606909,2025-11-01T18:12:48+00:00,11,,converted_ocr/Review/Unreadable/2024 - journal_article_1.pdf - 2024 - journal_article_1.pdf.pdf - 2024 - journal_article_1.pdf - 2024 - journal_article_1.pdf.pdf.pdf.md,,10.1007/s10461-02304263-1;10.1007/s10508-012-0009-5;10.1007/s10508-014-0279-1;10.1007/s11606-015-3333-3;10.1007/s11930-017-0108-3;10.1007/s11934-020-01030-w;10.1007/s12119-021-09876-z;10.1016/S23523018(20)30197-1;10.1016/j.drugpo.2018;10.1016/j.jsxm.2018.03.086;10.1016/j.jsxm.2019.02.014;10.1016/j.sxmr.2021.01.002;10.1017/S071498081900062X;10.1037/a0012955;10.1071/SH25150;10.1071/SH25150/1716593/sh25150.pdf;10.1080/00224499.2017.1410519;10.1080/00224499.2019.1689379;10.1080/0092623X.2015.1113597;10.1080/0092623X.2016.1263703,9780195377903,ok,
Review/Unreadable/2024 - journal_article_2.pdf - 2024 - journal_article_2.pdf.pdf - 2024 - journal_article_2.pdf - 2024 - journal_article_2.pdf.pdf.pdf,/mnt/d/LIBRARY/Review/Unreadable/2024 - journal_article_2.pdf - 2024 - journal_article_2.pdf.pdf - 2024 - journal_article_2.pdf - 2024 - journal_article_2.pdf.pdf.pdf,.pdf,1314024,2026-02-14T05:14:38+00:00,17,,converted_ocr/Review/Unreadable/2024 - journal_article_2.pdf - 2024 - journal_article_2.pdf.pdf - 2024 - journal_article_2.pdf - 2024 - journal_article_2.pdf.pdf.pdf.md,,10.3390/sexes5040032,,ok,
Review/Unreadable/2024 - legal_or_contract [2].docx - 2024 - legal_or_contract [2].docx.docx - 2024 - legal_or_contract [2].docx - 2024 - legal_or_contract [2].docx.docx.docx,/mnt/d/LIBRARY/Review/Unreadable/2024 - legal_or_contract [2].docx - 2024 - legal_or_contract [2].docx.docx - 2024 - legal_or_contract [2].docx - 2024 - legal_or_contract [2].docx.docx.docx,.docx,3537742,2025-10-12T02:18:10+00:00,0,,converted_ocr/Review/Unreadable/2024 - legal_or_contract [2].docx - 2024 - legal_or_contract [2].docx.docx - 2024 - legal_or_contract [2].docx - 2024 - legal_or_contract [2].docx.docx.docx.md,,,,ok,
Review/Unreadable/2024 - legal_or_contract [3].docx - 2024 - legal_or_contract [3].docx.docx - 2024 - legal_or_contract [3].docx - 2024 - legal_or_contract [3].docx.docx.docx,/mnt/d/LIBRARY/Review/Unreadable/2024 - legal_or_contract [3].docx - 2024 - legal_or_contract [3].docx.docx - 2024 - legal_or_contract [3].docx - 2024 - legal_or_contract [3].docx.docx.docx,.docx,3050947,2025-11-24T01:11:32+00:00,0,,converted_ocr/Review/Unreadable/2024 - legal_or_contract [3].docx - 2024 - legal_or_contract [3].docx.docx - 2024 - legal_or_contract [3].docx - 2024 - legal_or_contract [3].docx.docx.docx.md,,,,ok,
Review/Unreadable/2024 - legal_or_contract [4].docx - 2024 - legal_or_contract [4].docx.docx - 2024 - legal_or_contract [4].docx - 2024 - legal_or_contract [4].docx.docx.docx,/mnt/d/LIBRARY/Review/Unreadable/2024 - legal_or_contract [4].docx - 2024 - legal_or_contract [4].docx.docx - 2024 - legal_or_contract [4].docx - 2024 - legal_or_contract [4].docx.docx.docx,.docx,3051678,2025-12-24T21:16:22+00:00,0,,converted_ocr/Review/Unreadable/2024 - legal_or_contract [4].docx - 2024 - legal_or_contract [4].docx.docx - 2024 - legal_or_contract [4].docx - 2024 - legal_or_contract [4].docx.docx.docx.md,,,,ok,
Review/Unreadable/2024 - legal_or_contract [5].docx - 2024 - legal_or_contract [5].docx.docx - 2024 - legal_or_contract [5].docx - 2024 - legal_or_contract [5].docx.docx.docx,/mnt/d/LIBRARY/Review/Unreadable/2024 - legal_or_contract [5].docx - 2024 - legal_or_contract [5].docx.docx - 2024 - legal_or_contract [5].docx - 2024 - legal_or_contract [5].docx.docx.docx,.docx,3061493,2025-11-16T21:02:48+00:00,0,,converted_ocr/Review/Unreadable/2024 - legal_or_contract [5].docx - 2024 - legal_or_contract [5].docx.docx - 2024 - legal_or_contract [5].docx - 2024 - legal_or_contract [5].docx.docx.docx.md,,,,ok,
Review/Unreadable/2024 - legal_or_contract.docx - 2024 - legal_or_contract.docx.docx - 2024 - legal_or_contract.docx - 2024 - legal_or_contract.docx.docx.docx,/mnt/d/LIBRARY/Review/Unreadable/2024 - legal_or_contract.docx - 2024 - legal_or_contract.docx.docx - 2024 - legal_or_contract.docx - 2024 - legal_or_contract.docx.docx.docx,.docx,217075,2025-08-03T01:15:04+00:00,0,,converted_ocr/Review/Unreadable/2024 - legal_or_contract.docx - 2024 - legal_or_contract.docx.docx - 2024 - legal_or_contract.docx - 2024 - legal_or_contract.docx.docx.docx.md,,,,ok,
Review/Unreadable/2024 - legal_or_contract.pdf - 2024 - legal_or_contract.pdf.pdf - 2024 - legal_or_contract.pdf - 2024 - legal_or_contract.pdf.pdf.pdf,/mnt/d/LIBRARY/Review/Unreadable/2024 - legal_or_contract.pdf - 2024 - legal_or_contract.pdf.pdf - 2024 - legal_or_contract.pdf - 2024 - legal_or_contract.pdf.pdf.pdf,.pdf,95831,2023-11-11T18:06:38+00:00,3,,converted_ocr/Review/Unreadable/2024 - legal_or_contract.pdf - 2024 - legal_or_contract.pdf.pdf - 2024 - legal_or_contract.pdf - 2024 - legal_or_contract.pdf.pdf.pdf.md,,,,ok,
Review/Unreadable/2024 - legal_or_contract_1.docx - 2024 - legal_or_contract_1.docx.docx - 2024 - legal_or_contract_1.docx - 2024 - legal_or_contract_1.docx.docx.docx,/mnt/d/LIBRARY/Review/Unreadable/2024 - legal_or_contract_1.docx - 2024 - legal_or_contract_1.docx.docx - 2024 - legal_or_contract_1.docx - 2024 - legal_or_contract_1.docx.docx.docx,.docx,3061117,2025-08-03T19:56:10+00:00,0,,converted_ocr/Review/Unreadable/2024 - legal_or_contract_1.docx - 2024 - legal_or_contract_1.docx.docx - 2024 - legal_or_contract_1.docx - 2024 - legal_or_contract_1.docx.docx.docx.md,,,,ok,
Review/Unreadable/2024 - manuscript.pdf - 2024 - manuscript.pdf.pdf - 2024 - manuscript.pdf - 2024 - manuscript.pdf.pdf.pdf,/mnt/d/LIBRARY/Review/Unreadable/2024 - manuscript.pdf - 2024 - manuscript.pdf.pdf - 2024 - manuscript.pdf - 2024 - manuscript.pdf.pdf.pdf,.pdf,145443,2025-08-03T02:23:38+00:00,4,,converted_ocr/Review/Unreadable/2024 - manuscript.pdf - 2024 - manuscript.pdf.pdf - 2024 - manuscript.pdf - 2024 - manuscript.pdf.pdf.pdf.md,,,,ok,
Review/Unreadable/2024 - Martin Lepage - ocr_needed.pdf - 2024 - Martin Lepage - ocr_needed.pdf.pdf - 2024 - Martin Lepage - ocr_needed.pdf - 2024 - Martin Lepage - ocr_needed.pdf.pdf.pdf,/mnt/d/LIBRARY/Review/Unreadable/2024 - Martin Lepage - ocr_needed.pdf - 2024 - Martin Lepage - ocr_needed.pdf.pdf - 2024 - Martin Lepage - ocr_needed.pdf - 2024 - Martin Lepage - ocr_needed.pdf.pdf.pdf,.pdf,736267,2025-10-12T02:17:10+00:00,14,"[1, 14]",converted_ocr/Review/Unreadable/2024 - Martin Lepage - ocr_needed.pdf - 2024 - Martin Lepage - ocr_needed.pdf.pdf - 2024 - Martin Lepage - ocr_needed.pd__fafc488d5f87.md,text/Review/Unreadable/2024 - Martin Lepage - ocr_needed.pdf - 2024 - Martin Lepage - ocr_needed.pdf.pdf - 2024 - Martin Lepage - ocr_needed.pd__fafc488d5f87.ocr.txt,,,ok,
Review/Unreadable/2024 - ocr_needed.pdf - 2024 - ocr_needed.pdf.pdf - 2024 - ocr_needed.pdf - 2024 - ocr_needed.pdf.pdf.pdf,/mnt/d/LIBRARY/Review/Unreadable/2024 - ocr_needed.pdf - 2024 - ocr_needed.pdf.pdf - 2024 - ocr_needed.pdf - 2024 - ocr_needed.pdf.pdf.pdf,.pdf,38882,2025-10-12T02:17:30+00:00,1,[1],converted_ocr/Review/Unreadable/2024 - ocr_needed.pdf - 2024 - ocr_needed.pdf.pdf - 2024 - ocr_needed.pdf - 2024 - ocr_needed.pdf.pdf.pdf.md,text/Review/Unreadable/2024 - ocr_needed.pdf - 2024 - ocr_needed.pdf.pdf - 2024 - ocr_needed.pdf - 2024 - ocr_needed.pdf.pdf.pdf.ocr.txt,,,ok,
Review/Unreadable/2024 - ocr_needed_1.pdf - 2024 - ocr_needed_1.pdf.pdf - 2024 - ocr_needed_1.pdf - 2024 - ocr_needed_1.pdf.pdf.pdf,/mnt/d/LIBRARY/Review/Unreadable/2024 - ocr_needed_1.pdf - 2024 - ocr_needed_1.pdf.pdf - 2024 - ocr_needed_1.pdf - 2024 - ocr_needed_1.pdf.pdf.pdf,.pdf,28020,2025-10-12T02:13:26+00:00,2,"[1, 2]",converted_ocr/Review/Unreadable/2024 - ocr_needed_1.pdf - 2024 - ocr_needed_1.pdf.pdf - 2024 - ocr_needed_1.pdf - 2024 - ocr_needed_1.pdf.pdf.pdf.md,text/Review/Unreadable/2024 - ocr_needed_1.pdf - 2024 - ocr_needed_1.pdf.pdf - 2024 - ocr_needed_1.pdf - 2024 - ocr_needed_1.pdf.pdf.pdf.ocr.txt,,,ok,
Review/Unreadable/2024 - policy_or_guidance.docx - 2024 - policy_or_guidance.docx.docx - 2024 - policy_or_guidance.docx - 2024 - policy_or_guidance.docx.docx.docx,/mnt/d/LIBRARY/Review/Unreadable/2024 - policy_or_guidance.docx - 2024 - policy_or_guidance.docx.docx - 2024 - policy_or_guidance.docx - 2024 - policy_or_guidance.docx.docx.docx,.docx,30216,2025-11-24T02:59:36+00:00,0,,converted_ocr/Review/Unreadable/2024 - policy_or_guidance.docx - 2024 - policy_or_guidance.docx.docx - 2024 - policy_or_guidance.docx - 2024 - policy_or_guidance.docx.docx.docx.md,,,,ok,
Review/Unreadable/2024 - policy_or_guidance_1.docx - 2024 - policy_or_guidance_1.docx.docx - 2024 - policy_or_guidance_1.docx - 2024 - policy_or_guidance_1.docx.docx.docx,/mnt/d/LIBRARY/Review/Unreadable/2024 - policy_or_guidance_1.docx - 2024 - policy_or_guidance_1.docx.docx - 2024 - policy_or_guidance_1.docx - 2024 - policy_or_guidance_1.docx.docx.docx,.docx,30223,2025-11-24T03:16:50+00:00,0,,converted_ocr/Review/Unreadable/2024 - policy_or_guidance_1.docx - 2024 - policy_or_guidance_1.docx.docx - 2024 - policy_or_guidance_1.docx - 2024 - policy_or_guidance_1.docx.docx.docx.md,,,,ok,
Review/Unreadable/2024 - report.docx - 2024 - report.docx.docx - 2024 - report.docx - 2024 - report.docx.docx.docx,/mnt/d/LIBRARY/Review/Unreadable/2024 - report.docx - 2024 - report.docx.docx - 2024 - report.docx - 2024 - report.docx.docx.docx,.docx,20842,2025-05-26T03:55:58+00:00,0,,converted_ocr/Review/Unreadable/2024 - report.docx - 2024 - report.docx.docx - 2024 - report.docx - 2024 - report.docx.docx.docx.md,,,,ok,
Review/Unreadable/2024 - report.pdf - 2024 - report.pdf.pdf - 2024 - report.pdf - 2024 - report.pdf.pdf.pdf,/mnt/d/LIBRARY/Review/Unreadable/2024 - report.pdf - 2024 - report.pdf.pdf - 2024 - report.pdf - 2024 - report.pdf.pdf.pdf,.pdf,9201589,2025-04-26T02:57:40+00:00,240,,converted_ocr/Review/Unreadable/2024 - report.pdf - 2024 - report.pdf.pdf - 2024 - report.pdf - 2024 - report.pdf.pdf.pdf.md,,,9780190915988;9780190916008;9780190916015;9780197769638,ok,
Review/Unreadable/2024 - review.pdf - 2024 - review.pdf.pdf - 2024 - review.pdf - 2024 - review.pdf.pdf.pdf,/mnt/d/LIBRARY/Review/Unreadable/2024 - review.pdf - 2024 - review.pdf.pdf - 2024 - review.pdf - 2024 - review.pdf.pdf.pdf,.pdf,92602,2026-02-14T05:08:04+00:00,0,,converted_ocr/Review/Unreadable/2024 - review.pdf - 2024 - review.pdf.pdf - 2024 - review.pdf - 2024 - review.pdf.pdf.pdf.md,text/Review/Unreadable/2024 - review.pdf - 2024 - review.pdf.pdf - 2024 - review.pdf - 2024 - review.pdf.pdf.pdf.html.txt,,,ok_html,HTML saved from URL but stored with .pdf extension; converted via lxml text extraction (no OCR).
Review/Unreadable/2024 - tax_or_finance.pdf - 2024 - tax_or_finance.pdf.pdf - 2024 - tax_or_finance.pdf - 2024 - tax_or_finance.pdf.pdf.pdf,/mnt/d/LIBRARY/Review/Unreadable/2024 - tax_or_finance.pdf - 2024 - tax_or_finance.pdf.pdf - 2024 - tax_or_finance.pdf - 2024 - tax_or_finance.pdf.pdf.pdf,.pdf,939010,2025-05-08T22:01:18+00:00,4,,converted_ocr/Review/Unreadable/2024 - tax_or_finance.pdf - 2024 - tax_or_finance.pdf.pdf - 2024 - tax_or_finance.pdf - 2024 - tax_or_finance.pdf.pdf.pdf.md,,,,ok,
"Review/Unreadable/2024 - The golden bough, a study in magic and religion.pdf - 2024 - Th - 2024 - The golden bough, a study in magic and religion.pdf - 2024 - The golden bough, a study in magic and religion.pdf.pdf.pdf","/mnt/d/LIBRARY/Review/Unreadable/2024 - The golden bough, a study in magic and religion.pdf - 2024 - Th - 2024 - The golden bough, a study in magic and religion.pdf - 2024 - The golden bough, a study in magic and religion.pdf.pdf.pdf",.pdf,41190409,2026-02-14T05:22:28+00:00,776,,"converted_ocr/Review/Unreadable/2024 - The golden bough, a study in magic and religion.pdf - 2024 - Th - 2024 - The golden bough, a study in magic and r__bde1c507a466.md",,,,ok,
Review/Unreadable/2024 - thesis_or_dissertation.pdf - 2024 - thesis_or_dissertation.pdf.pdf - 2024 - thesis_or_dissertation.pdf - 2024 - thesis_or_dissertation.pdf.pdf.pdf,/mnt/d/LIBRARY/Review/Unreadable/2024 - thesis_or_dissertation.pdf - 2024 - thesis_or_dissertation.pdf.pdf - 2024 - thesis_or_dissertation.pdf - 2024 - thesis_or_dissertation.pdf.pdf.pdf,.pdf,614105,2026-02-14T05:36:58+00:00,92,,converted_ocr/Review/Unreadable/2024 - thesis_or_dissertation.pdf - 2024 - thesis_or_dissertation.pdf.pdf - 2024 - thesis_or_dissertation.pdf - 2024 - thesis_or_dissertation.pdf.pdf.pdf.md,,,,ok,
Review/Unreadable/2025 - 2025-07-29 - cover_letter.docx - 2025 - 2025-07-29 - cover_letter.docx.docx - 2025 - 2025-07-29 - cover_letter.docx - 2025 - 2025-07-29 - cover_letter.docx.docx.docx,/mnt/d/LIBRARY/Review/Unreadable/2025 - 2025-07-29 - cover_letter.docx - 2025 - 2025-07-29 - cover_letter.docx.docx - 2025 - 2025-07-29 - cover_letter.docx - 2025 - 2025-07-29 - cover_letter.docx.docx.docx,.docx,19726,2025-10-18T23:33:18+00:00,0,,converted_ocr/Review/Unreadable/2025 - 2025-07-29 - cover_letter.docx - 2025 - 2025-07-29 - cover_letter.docx.docx - 2025 - 2025-07-29 - cover_letter.do__5a1d72b0917d.md,,,,ok,
Review/Unreadable/2025 - 4f6a-b56e-28db843352f7_art_1-31 [2].pdf - 2025 - 4f6a-b56e-28db843352f7_art_1-31 [2].pdf.pdf - 2025 - 4f6a-b56e-28db843352f7_art_1-31 [2].pdf - 2025 - 4f6a-b56e-28db843352f7_art_1-31 [2].pdf.pdf.pdf,/mnt/d/LIBRARY/Review/Unreadable/2025 - 4f6a-b56e-28db843352f7_art_1-31 [2].pdf - 2025 - 4f6a-b56e-28db843352f7_art_1-31 [2].pdf.pdf - 2025 - 4f6a-b56e-28db843352f7_art_1-31 [2].pdf - 2025 - 4f6a-b56e-28db843352f7_art_1-31 [2].pdf.pdf.pdf,.pdf,2015434,2026-03-01T09:33:12+00:00,31,"[1, 31]",converted_ocr/Review/Unreadable/2025 - 4f6a-b56e-28db843352f7_art_1-31 [2].pdf - 2025 - 4f6a-b56e-28db843352f7_art_1-31 [2].pdf.pdf - 2025 - 4f6a-b56e-2__542739c2c8e0.md,text/Review/Unreadable/2025 - 4f6a-b56e-28db843352f7_art_1-31 [2].pdf - 2025 - 4f6a-b56e-28db843352f7_art_1-31 [2].pdf.pdf - 2025 - 4f6a-b56e-2__542739c2c8e0.ocr.txt,,,ok,
Review/Unreadable/2025 - 4f6a-b56e-28db843352f7_art_1-31.pdf - 2025 - 4f6a-b56e-28db843352f7_art_1-31.pdf.pdf - 2025 - 4f6a-b56e-28db843352f7_art_1-31.pdf - 2025 - 4f6a-b56e-28db843352f7_art_1-31.pdf.pdf.pdf,/mnt/d/LIBRARY/Review/Unreadable/2025 - 4f6a-b56e-28db843352f7_art_1-31.pdf - 2025 - 4f6a-b56e-28db843352f7_art_1-31.pdf.pdf - 2025 - 4f6a-b56e-28db843352f7_art_1-31.pdf - 2025 - 4f6a-b56e-28db843352f7_art_1-31.pdf.pdf.pdf,.pdf,2015434,2026-01-30T22:27:22+00:00,31,"[1, 31]",converted_ocr/Review/Unreadable/2025 - 4f6a-b56e-28db843352f7_art_1-31.pdf - 2025 - 4f6a-b56e-28db843352f7_art_1-31.pdf.pdf - 2025 - 4f6a-b56e-28db84335__56591f9b08d8.md,text/Review/Unreadable/2025 - 4f6a-b56e-28db843352f7_art_1-31.pdf - 2025 - 4f6a-b56e-28db843352f7_art_1-31.pdf.pdf - 2025 - 4f6a-b56e-28db84335__56591f9b08d8.ocr.txt,,,ok,
Review/Unreadable/2025 - audit_or_assessment.docx - 2025 - audit_or_assessment.docx.docx - 2025 - audit_or_assessment.docx - 2025 - audit_or_assessment.docx.docx.docx,/mnt/d/LIBRARY/Review/Unreadable/2025 - audit_or_assessment.docx - 2025 - audit_or_assessment.docx.docx - 2025 - audit_or_assessment.docx - 2025 - audit_or_assessment.docx.docx.docx,.docx,136279,2025-12-23T15:30:52+00:00,0,,converted_ocr/Review/Unreadable/2025 - audit_or_assessment.docx - 2025 - audit_or_assessment.docx.docx - 2025 - audit_or_assessment.docx - 2025 - audit_or_assessment.docx.docx.docx.md,,,,ok,
Review/Unreadable/2025 - audit_or_assessment.pdf - 2025 - audit_or_assessment.pdf.pdf - 2025 - audit_or_assessment.pdf - 2025 - audit_or_assessment.pdf.pdf.pdf,/mnt/d/LIBRARY/Review/Unreadable/2025 - audit_or_assessment.pdf - 2025 - audit_or_assessment.pdf.pdf - 2025 - audit_or_assessment.pdf - 2025 - audit_or_assessment.pdf.pdf.pdf,.pdf,4353,2026-01-30T21:37:58+00:00,2,,converted_ocr/Review/Unreadable/2025 - audit_or_assessment.pdf - 2025 - audit_or_assessment.pdf.pdf - 2025 - audit_or_assessment.pdf - 2025 - audit_or_assessment.pdf.pdf.pdf.md,,,,ok,
Review/Unreadable/2025 - audit_or_assessment_1.pdf - 2025 - audit_or_assessment_1.pdf.pdf - 2025 - audit_or_assessment_1.pdf - 2025 - audit_or_assessment_1.pdf.pdf.pdf,/mnt/d/LIBRARY/Review/Unreadable/2025 - audit_or_assessment_1.pdf - 2025 - audit_or_assessment_1.pdf.pdf - 2025 - audit_or_assessment_1.pdf - 2025 - audit_or_assessment_1.pdf.pdf.pdf,.pdf,1266910,2025-12-23T15:50:08+00:00,103,,converted_ocr/Review/Unreadable/2025 - audit_or_assessment_1.pdf - 2025 - audit_or_assessment_1.pdf.pdf - 2025 - audit_or_assessment_1.pdf - 2025 - audit_or_assessment_1.pdf.pdf.pdf.md,,,,ok,
Review/Unreadable/2025 - book_chapter.docx - 2025 - book_chapter.docx.docx - 2025 - book_chapter.docx - 2025 - book_chapter.docx.docx.docx,/mnt/d/LIBRARY/Review/Unreadable/2025 - book_chapter.docx - 2025 - book_chapter.docx.docx - 2025 - book_chapter.docx - 2025 - book_chapter.docx.docx.docx,.docx,70107,2025-11-15T23:00:44+00:00,0,,converted_ocr/Review/Unreadable/2025 - book_chapter.docx - 2025 - book_chapter.docx.docx - 2025 - book_chapter.docx - 2025 - book_chapter.docx.docx.docx.md,,,,ok,
Review/Unreadable/2025 - book_chapter.pdf - 2025 - book_chapter.pdf.pdf - 2025 - book_chapter.pdf - 2025 - book_chapter.pdf.pdf.pdf,/mnt/d/LIBRARY/Review/Unreadable/2025 - book_chapter.pdf - 2025 - book_chapter.pdf.pdf - 2025 - book_chapter.pdf - 2025 - book_chapter.pdf.pdf.pdf,.pdf,293995,2025-08-03T02:26:58+00:00,23,,converted_ocr/Review/Unreadable/2025 - book_chapter.pdf - 2025 - book_chapter.pdf.pdf - 2025 - book_chapter.pdf - 2025 - book_chapter.pdf.pdf.pdf.md,,,,ok,
Review/Unreadable/2025 - book_or_monograph [2].docx - 2025 - book_or_monograph [2].docx.docx - 2025 - book_or_monograph [2].docx - 2025 - book_or_monograph [2].docx.docx.docx,/mnt/d/LIBRARY/Review/Unreadable/2025 - book_or_monograph [2].docx - 2025 - book_or_monograph [2].docx.docx - 2025 - book_or_monograph [2].docx - 2025 - book_or_monograph [2].docx.docx.docx,.docx,7111366,2026-01-20T05:36:58+00:00,0,,converted_ocr/Review/Unreadable/2025 - book_or_monograph [2].docx - 2025 - book_or_monograph [2].docx.docx - 2025 - book_or_monograph [2].docx - 2025 - book_or_monograph [2].docx.docx.docx.md,,,,ok,
Review/Unreadable/2025 - book_or_monograph.docx - 2025 - book_or_monograph.docx.docx - 2025 - book_or_monograph.docx - 2025 - book_or_monograph.docx.docx.docx,/mnt/d/LIBRARY/Review/Unreadable/2025 - book_or_monograph.docx - 2025 - book_or_monograph.docx.docx - 2025 - book_or_monograph.docx - 2025 - book_or_monograph.docx.docx.docx,.docx,3598006,2026-03-07T15:57:40+00:00,0,,converted_ocr/Review/Unreadable/2025 - book_or_monograph.docx - 2025 - book_or_monograph.docx.docx - 2025 - book_or_monograph.docx - 2025 - book_or_monograph.docx.docx.docx.md,,,,ok,
Review/Unreadable/2025 - book_or_monograph.pdf - 2025 - book_or_monograph.pdf.pdf - 2025 - book_or_monograph.pdf - 2025 - book_or_monograph.pdf.pdf.pdf,/mnt/d/LIBRARY/Review/Unreadable/2025 - book_or_monograph.pdf - 2025 - book_or_monograph.pdf.pdf - 2025 - book_or_monograph.pdf - 2025 - book_or_monograph.pdf.pdf.pdf,.pdf,4102430,2026-03-07T15:51:22+00:00,4,,converted_ocr/Review/Unreadable/2025 - book_or_monograph.pdf - 2025 - book_or_monograph.pdf.pdf - 2025 - book_or_monograph.pdf - 2025 - book_or_monograph.pdf.pdf.pdf.md,,,,ok,
Review/Unreadable/2025 - book_or_monograph_1.docx - 2025 - book_or_monograph_1.docx.docx - 2025 - book_or_monograph_1.docx - 2025 - book_or_monograph_1.docx.docx.docx,/mnt/d/LIBRARY/Review/Unreadable/2025 - book_or_monograph_1.docx - 2025 - book_or_monograph_1.docx.docx - 2025 - book_or_monograph_1.docx - 2025 - book_or_monograph_1.docx.docx.docx,.docx,181838,2025-11-09T20:50:40+00:00,0,,converted_ocr/Review/Unreadable/2025 - book_or_monograph_1.docx - 2025 - book_or_monograph_1.docx.docx - 2025 - book_or_monograph_1.docx - 2025 - book_or_monograph_1.docx.docx.docx.md,,,9798273810013,ok,
Review/Unreadable/2025 - book_or_monograph_1.pdf - 2025 - book_or_monograph_1.pdf.pdf - 2025 - book_or_monograph_1.pdf - 2025 - book_or_monograph_1.pdf.pdf.pdf,/mnt/d/LIBRARY/Review/Unreadable/2025 - book_or_monograph_1.pdf - 2025 - book_or_monograph_1.pdf.pdf - 2025 - book_or_monograph_1.pdf - 2025 - book_or_monograph_1.pdf.pdf.pdf,.pdf,4393120,2025-11-09T19:33:14+00:00,324,,converted_ocr/Review/Unreadable/2025 - book_or_monograph_1.pdf - 2025 - book_or_monograph_1.pdf.pdf - 2025 - book_or_monograph_1.pdf - 2025 - book_or_monograph_1.pdf.pdf.pdf.md,,,,ok,
Review/Unreadable/2025 - book_or_monograph_2.docx - 2025 - book_or_monograph_2.docx.docx - 2025 - book_or_monograph_2.docx - 2025 - book_or_monograph_2.docx.docx.docx,/mnt/d/LIBRARY/Review/Unreadable/2025 - book_or_monograph_2.docx - 2025 - book_or_monograph_2.docx.docx - 2025 - book_or_monograph_2.docx - 2025 - book_or_monograph_2.docx.docx.docx,.docx,7111369,2026-03-07T15:57:54+00:00,0,,converted_ocr/Review/Unreadable/2025 - book_or_monograph_2.docx - 2025 - book_or_monograph_2.docx.docx - 2025 - book_or_monograph_2.docx - 2025 - book_or_monograph_2.docx.docx.docx.md,,,,ok,
Review/Unreadable/2025 - CHEMINEMENT DES PLAINTES EN MATIERE DE NORMES DU TRAVAIL A LA C - 2025 - CHEMINEMENT DES PLAINTES EN MATIERE DE NORMES DU TRAVAIL A LA CNESST.pdf - 2025 - CHEMINEMENT DES PLAINTES EN MATIERE DE NORMES D.pdf,/mnt/d/LIBRARY/Review/Unreadable/2025 - CHEMINEMENT DES PLAINTES EN MATIERE DE NORMES DU TRAVAIL A LA C - 2025 - CHEMINEMENT DES PLAINTES EN MATIERE DE NORMES DU TRAVAIL A LA CNESST.pdf - 2025 - CHEMINEMENT DES PLAINTES EN MATIERE DE NORMES D.pdf,.pdf,98740,2025-10-11T17:16:28+00:00,1,,converted_ocr/Review/Unreadable/2025 - CHEMINEMENT DES PLAINTES EN MATIERE DE NORMES DU TRAVAIL A LA C - 2025 - CHEMINEMENT DES PLAINTES EN MATIERE DE N__9cdca467acc3.md,,,,ok,
Review/Unreadable/2025 - cover_letter.docx - 2025 - cover_letter.docx.docx - 2025 - cover_letter.docx - 2025 - cover_letter.docx.docx.docx,/mnt/d/LIBRARY/Review/Unreadable/2025 - cover_letter.docx - 2025 - cover_letter.docx.docx - 2025 - cover_letter.docx - 2025 - cover_letter.docx.docx.docx,.docx,7638,2025-10-14T05:15:16+00:00,0,,converted_ocr/Review/Unreadable/2025 - cover_letter.docx - 2025 - cover_letter.docx.docx - 2025 - cover_letter.docx - 2025 - cover_letter.docx.docx.docx.md,,,,ok,
Review/Unreadable/2025 - Coverletter.pdf - 2025 - Coverletter.pdf.pdf - 2025 - Coverletter.pdf - 2025 - Coverletter.pdf.pdf.pdf,/mnt/d/LIBRARY/Review/Unreadable/2025 - Coverletter.pdf - 2025 - Coverletter.pdf.pdf - 2025 - Coverletter.pdf - 2025 - Coverletter.pdf.pdf.pdf,.pdf,98002,2025-08-03T02:15:42+00:00,1,,converted_ocr/Review/Unreadable/2025 - Coverletter.pdf - 2025 - Coverletter.pdf.pdf - 2025 - Coverletter.pdf - 2025 - Coverletter.pdf.pdf.pdf.md,,,,ok,
Review/Unreadable/2025 - Crip Method.docx - 2025 - Crip Method.docx.docx - 2025 - Crip Method.docx - 2025 - Crip Method.docx.docx.docx,/mnt/d/LIBRARY/Review/Unreadable/2025 - Crip Method.docx - 2025 - Crip Method.docx.docx - 2025 - Crip Method.docx - 2025 - Crip Method.docx.docx.docx,.docx,32356,2025-10-19T22:19:42+00:00,0,,converted_ocr/Review/Unreadable/2025 - Crip Method.docx - 2025 - Crip Method.docx.docx - 2025 - Crip Method.docx - 2025 - Crip Method.docx.docx.docx.md,,,,ok,
Review/Unreadable/2025 - Hereby Certifies that.pdf - 2025 - Hereby Certifies that.pdf.pdf - 2025 - Hereby Certifies that.pdf - 2025 - Hereby Certifies that.pdf.pdf.pdf,/mnt/d/LIBRARY/Review/Unreadable/2025 - Hereby Certifies that.pdf - 2025 - Hereby Certifies that.pdf.pdf - 2025 - Hereby Certifies that.pdf - 2025 - Hereby Certifies that.pdf.pdf.pdf,.pdf,117946,2025-10-25T14:21:30+00:00,1,,converted_ocr/Review/Unreadable/2025 - Hereby Certifies that.pdf - 2025 - Hereby Certifies that.pdf.pdf - 2025 - Hereby Certifies that.pdf - 2025 - Hereby Certifies that.pdf.pdf.pdf.md,,,,ok,
"Review/Unreadable/2025 - https lthj.qut.edu.au LAW, TECHNOLOGY AND HUMANS.pdf - 2025 - h - 2025 - https lthj.qut.edu.au LAW, TECHNOLOGY AND HUMANS.pdf - 2025 - https lthj.qut.edu.au LAW, TECHNOLOGY AND HUMANS.pdf.pdf.pdf","/mnt/d/LIBRARY/Review/Unreadable/2025 - https lthj.qut.edu.au LAW, TECHNOLOGY AND HUMANS.pdf - 2025 - h - 2025 - https lthj.qut.edu.au LAW, TECHNOLOGY AND HUMANS.pdf - 2025 - https lthj.qut.edu.au LAW, TECHNOLOGY AND HUMANS.pdf.pdf.pdf",.pdf,477811,2026-02-17T01:10:28+00:00,22,,"converted_ocr/Review/Unreadable/2025 - https lthj.qut.edu.au LAW, TECHNOLOGY AND HUMANS.pdf - 2025 - h - 2025 - https lthj.qut.edu.au LAW, TECHNOLOGY AN__2e9999d57686.md",,10.1007/978-94-6265-523-2_26;10.1007/BF01405730;10.1007/s00146-021-01247-4;10.1007/s10676-006-0008-0;10.1007/s10676-008-9167-5;10.1007/s11023-007-9079-x;10.1007/s44206-02300068-w;10.1016/j.jiixd.2023.10.007;10.1038/s42256-019-0088-2;10.1145/3144592.3144598;10.14763/2023.1.1682;10.2478/jagi-2014-0001;10.2478/jagi-2019-0002;10.2991/978-94-91216-62-6;10.48550/arXiv.2309.10371;10.48550/arXiv.2401.02843;10.5204/lthj.3757;10.54097/81t5jr86;10.55613/jeet.v25i2.48,,ok,
Review/Unreadable/2025 - journal_article.docx - 2025 - journal_article.docx.docx - 2025 - journal_article.docx - 2025 - journal_article.docx.docx.docx,/mnt/d/LIBRARY/Review/Unreadable/2025 - journal_article.docx - 2025 - journal_article.docx.docx - 2025 - journal_article.docx - 2025 - journal_article.docx.docx.docx,.docx,31166,2025-08-09T22:50:08+00:00,0,,converted_ocr/Review/Unreadable/2025 - journal_article.docx - 2025 - journal_article.docx.docx - 2025 - journal_article.docx - 2025 - journal_article.docx.docx.docx.md,,,,ok,
Review/Unreadable/2025 - journal_article.pdf - 2025 - journal_article.pdf.pdf - 2025 - journal_article.pdf - 2025 - journal_article.pdf.pdf.pdf,/mnt/d/LIBRARY/Review/Unreadable/2025 - journal_article.pdf - 2025 - journal_article.pdf.pdf - 2025 - journal_article.pdf - 2025 - journal_article.pdf.pdf.pdf,.pdf,251620,2025-07-13T22:41:26+00:00,28,,converted_ocr/Review/Unreadable/2025 - journal_article.pdf - 2025 - journal_article.pdf.pdf - 2025 - journal_article.pdf - 2025 - journal_article.pdf.pdf.pdf.md,,,,ok,
Review/Unreadable/2025 - journal_article_1.docx - 2025 - journal_article_1.docx.docx - 2025 - journal_article_1.docx - 2025 - journal_article_1.docx.docx.docx,/mnt/d/LIBRARY/Review/Unreadable/2025 - journal_article_1.docx - 2025 - journal_article_1.docx.docx - 2025 - journal_article_1.docx - 2025 - journal_article_1.docx.docx.docx,.docx,583414,2025-08-10T02:02:50+00:00,0,,converted_ocr/Review/Unreadable/2025 - journal_article_1.docx - 2025 - journal_article_1.docx.docx - 2025 - journal_article_1.docx - 2025 - journal_article_1.docx.docx.docx.md,,,,ok,
Review/Unreadable/2025 - journal_article_1.pdf - 2025 - journal_article_1.pdf.pdf - 2025 - journal_article_1.pdf - 2025 - journal_article_1.pdf.pdf.pdf,/mnt/d/LIBRARY/Review/Unreadable/2025 - journal_article_1.pdf - 2025 - journal_article_1.pdf.pdf - 2025 - journal_article_1.pdf - 2025 - journal_article_1.pdf.pdf.pdf,.pdf,1909401,2026-02-17T01:08:38+00:00,23,,converted_ocr/Review/Unreadable/2025 - journal_article_1.pdf - 2025 - journal_article_1.pdf.pdf - 2025 - journal_article_1.pdf - 2025 - journal_article_1.pdf.pdf.pdf.md,,10.1038/s41598-025-92190-7,,ok,
Review/Unreadable/2025 - journal_article_2.docx - 2025 - journal_article_2.docx.docx - 2025 - journal_article_2.docx - 2025 - journal_article_2.docx.docx.docx,/mnt/d/LIBRARY/Review/Unreadable/2025 - journal_article_2.docx - 2025 - journal_article_2.docx.docx - 2025 - journal_article_2.docx - 2025 - journal_article_2.docx.docx.docx,.docx,1939773,2025-08-10T05:47:36+00:00,0,,converted_ocr/Review/Unreadable/2025 - journal_article_2.docx - 2025 - journal_article_2.docx.docx - 2025 - journal_article_2.docx - 2025 - journal_article_2.docx.docx.docx.md,,,,ok,
Review/Unreadable/2025 - journal_article_3.docx - 2025 - journal_article_3.docx.docx - 2025 - journal_article_3.docx - 2025 - journal_article_3.docx.docx.docx,/mnt/d/LIBRARY/Review/Unreadable/2025 - journal_article_3.docx - 2025 - journal_article_3.docx.docx - 2025 - journal_article_3.docx - 2025 - journal_article_3.docx.docx.docx,.docx,7519,2025-07-29T03:11:32+00:00,0,,converted_ocr/Review/Unreadable/2025 - journal_article_3.docx - 2025 - journal_article_3.docx.docx - 2025 - journal_article_3.docx - 2025 - journal_article_3.docx.docx.docx.md,,,,ok,
Review/Unreadable/2025 - journal_article_4.docx - 2025 - journal_article_4.docx.docx - 2025 - journal_article_4.docx - 2025 - journal_article_4.docx.docx.docx,/mnt/d/LIBRARY/Review/Unreadable/2025 - journal_article_4.docx - 2025 - journal_article_4.docx.docx - 2025 - journal_article_4.docx - 2025 - journal_article_4.docx.docx.docx,.docx,28018,2025-07-29T03:18:14+00:00,0,,converted_ocr/Review/Unreadable/2025 - journal_article_4.docx - 2025 - journal_article_4.docx.docx - 2025 - journal_article_4.docx - 2025 - journal_article_4.docx.docx.docx.md,,,,ok,
Review/Unreadable/2025 - journal_article_5.docx - 2025 - journal_article_5.docx.docx - 2025 - journal_article_5.docx - 2025 - journal_article_5.docx.docx.docx,/mnt/d/LIBRARY/Review/Unreadable/2025 - journal_article_5.docx - 2025 - journal_article_5.docx.docx - 2025 - journal_article_5.docx - 2025 - journal_article_5.docx.docx.docx,.docx,21976,2025-08-09T22:49:52+00:00,0,,converted_ocr/Review/Unreadable/2025 - journal_article_5.docx - 2025 - journal_article_5.docx.docx - 2025 - journal_article_5.docx - 2025 - journal_article_5.docx.docx.docx.md,,,,ok,
Review/Unreadable/2025 - legal_or_contract.pdf - 2025 - legal_or_contract.pdf.pdf - 2025 - legal_or_contract.pdf - 2025 - legal_or_contract.pdf.pdf.pdf,/mnt/d/LIBRARY/Review/Unreadable/2025 - legal_or_contract.pdf - 2025 - legal_or_contract.pdf.pdf - 2025 - legal_or_contract.pdf - 2025 - legal_or_contract.pdf.pdf.pdf,.pdf,310959,2026-01-26T01:49:38+00:00,1,,converted_ocr/Review/Unreadable/2025 - legal_or_contract.pdf - 2025 - legal_or_contract.pdf.pdf - 2025 - legal_or_contract.pdf - 2025 - legal_or_contract.pdf.pdf.pdf.md,,,,ok,
Review/Unreadable/2025 - legal_or_contract_1.pdf - 2025 - legal_or_contract_1.pdf.pdf - 2025 - legal_or_contract_1.pdf - 2025 - legal_or_contract_1.pdf.pdf.pdf,/mnt/d/LIBRARY/Review/Unreadable/2025 - legal_or_contract_1.pdf - 2025 - legal_or_contract_1.pdf.pdf - 2025 - legal_or_contract_1.pdf - 2025 - legal_or_contract_1.pdf.pdf.pdf,.pdf,271983,2026-01-26T01:59:28+00:00,1,,converted_ocr/Review/Unreadable/2025 - legal_or_contract_1.pdf - 2025 - legal_or_contract_1.pdf.pdf - 2025 - legal_or_contract_1.pdf - 2025 - legal_or_contract_1.pdf.pdf.pdf.md,,,,ok,
Review/Unreadable/2025 - manuscript.pdf - 2025 - manuscript.pdf.pdf - 2025 - manuscript.pdf - 2025 - manuscript.pdf.pdf.pdf,/mnt/d/LIBRARY/Review/Unreadable/2025 - manuscript.pdf - 2025 - manuscript.pdf.pdf - 2025 - manuscript.pdf - 2025 - manuscript.pdf.pdf.pdf,.pdf,249147,2025-08-03T02:25:44+00:00,20,,converted_ocr/Review/Unreadable/2025 - manuscript.pdf - 2025 - manuscript.pdf.pdf - 2025 - manuscript.pdf - 2025 - manuscript.pdf.pdf.pdf.md,,,,ok,
"Review/Unreadable/2025 - Martin Lepage - 2434, de Rouen - recommendation_letter.pdf - 20 - 2025 - Martin Lepage - 2434, de Rouen - recommendation_letter.pdf - 2025 - Martin Lepage - 2434, de Rouen - recommendation_letter.pdf.pd.pdf","/mnt/d/LIBRARY/Review/Unreadable/2025 - Martin Lepage - 2434, de Rouen - recommendation_letter.pdf - 20 - 2025 - Martin Lepage - 2434, de Rouen - recommendation_letter.pdf - 2025 - Martin Lepage - 2434, de Rouen - recommendation_letter.pdf.pd.pdf",.pdf,59315,2025-04-18T19:53:12+00:00,1,,"converted_ocr/Review/Unreadable/2025 - Martin Lepage - 2434, de Rouen - recommendation_letter.pdf - 20 - 2025 - Martin Lepage - 2434, de Rouen - recomme__c0eb7c5630eb.md",,,,ok,
"Review/Unreadable/2025 - Martin Lepage - April, 20th, 2025 - correspondence.docx - 2025 - 2025 - Martin Lepage - April, 20th, 2025 - correspondence.docx - 2025 - Martin Lepage - April, 20th, 2025 - correspondence.docx.docx.docx","/mnt/d/LIBRARY/Review/Unreadable/2025 - Martin Lepage - April, 20th, 2025 - correspondence.docx - 2025 - 2025 - Martin Lepage - April, 20th, 2025 - correspondence.docx - 2025 - Martin Lepage - April, 20th, 2025 - correspondence.docx.docx.docx",.docx,12696,2025-04-20T19:38:58+00:00,0,,"converted_ocr/Review/Unreadable/2025 - Martin Lepage - April, 20th, 2025 - correspondence.docx - 2025 - 2025 - Martin Lepage - April, 20th, 2025 - corre__2d11cc50e348.md",,,,ok,
Review/Unreadable/2025 - Martin Lepage - audit_or_assessment [2]_1.docx - 2025 - Martin - 2025 - Martin Lepage - audit_or_assessment [2]_1.docx - 2025 - Martin Lepage - audit_or_assessment [2]_1.docx.docx.docx,/mnt/d/LIBRARY/Review/Unreadable/2025 - Martin Lepage - audit_or_assessment [2]_1.docx - 2025 - Martin - 2025 - Martin Lepage - audit_or_assessment [2]_1.docx - 2025 - Martin Lepage - audit_or_assessment [2]_1.docx.docx.docx,.docx,10396,2026-01-28T22:43:22+00:00,0,,converted_ocr/Review/Unreadable/2025 - Martin Lepage - audit_or_assessment [2]_1.docx - 2025 - Martin - 2025 - Martin Lepage - audit_or_assessment [2]_1__a14eb577d598.md,,,,ok,
Review/Unreadable/2025 - Martin Lepage - audit_or_assessment_1.docx - 2025 - Martin Lepa - 2025 - Martin Lepage - audit_or_assessment_1.docx - 2025 - Martin Lepage - audit_or_assessment_1.docx.docx.docx,/mnt/d/LIBRARY/Review/Unreadable/2025 - Martin Lepage - audit_or_assessment_1.docx - 2025 - Martin Lepa - 2025 - Martin Lepage - audit_or_assessment_1.docx - 2025 - Martin Lepage - audit_or_assessment_1.docx.docx.docx,.docx,10462,2026-01-29T22:58:10+00:00,0,,converted_ocr/Review/Unreadable/2025 - Martin Lepage - audit_or_assessment_1.docx - 2025 - Martin Lepa - 2025 - Martin Lepage - audit_or_assessment_1.do__8d57015f7a0a.md,,,,ok,
"Review/Unreadable/2025 - Martin Lepage - August, 9th, 2025 - correspondence.docx - 2025 - 2025 - Martin Lepage - August, 9th, 2025 - correspondence.docx - 2025 - Martin Lepage - August, 9th, 2025 - correspondence.docx.docx.docx","/mnt/d/LIBRARY/Review/Unreadable/2025 - Martin Lepage - August, 9th, 2025 - correspondence.docx - 2025 - 2025 - Martin Lepage - August, 9th, 2025 - correspondence.docx - 2025 - Martin Lepage - August, 9th, 2025 - correspondence.docx.docx.docx",.docx,140597,2025-08-10T01:05:28+00:00,0,,"converted_ocr/Review/Unreadable/2025 - Martin Lepage - August, 9th, 2025 - correspondence.docx - 2025 - 2025 - Martin Lepage - August, 9th, 2025 - corre__cbb6db393fd4.md",,,,ok,
Review/Unreadable/2025 - Martin Lepage - correspondence_1.docx - 2025 - Martin Lepage - correspondence_1.docx.docx - 2025 - Martin Lepage - correspondence_1.docx - 2025 - Martin Lepage - correspondence_1.docx.docx.docx,/mnt/d/LIBRARY/Review/Unreadable/2025 - Martin Lepage - correspondence_1.docx - 2025 - Martin Lepage - correspondence_1.docx.docx - 2025 - Martin Lepage - correspondence_1.docx - 2025 - Martin Lepage - correspondence_1.docx.docx.docx,.docx,83619,2025-08-06T19:49:30+00:00,0,,converted_ocr/Review/Unreadable/2025 - Martin Lepage - correspondence_1.docx - 2025 - Martin Lepage - correspondence_1.docx.docx - 2025 - Martin Lepage__eb8fd0491150.md,,,,ok,
Review/Unreadable/2025 - Martin Lepage - fddddddddddr.docx - 2025 - Martin Lepage - fddddddddddr.docx.docx - 2025 - Martin Lepage - fddddddddddr.docx - 2025 - Martin Lepage - fddddddddddr.docx.docx.docx,/mnt/d/LIBRARY/Review/Unreadable/2025 - Martin Lepage - fddddddddddr.docx - 2025 - Martin Lepage - fddddddddddr.docx.docx - 2025 - Martin Lepage - fddddddddddr.docx - 2025 - Martin Lepage - fddddddddddr.docx.docx.docx,.docx,10314,2025-10-12T02:19:00+00:00,0,,converted_ocr/Review/Unreadable/2025 - Martin Lepage - fddddddddddr.docx - 2025 - Martin Lepage - fddddddddddr.docx.docx - 2025 - Martin Lepage - fddddd__339ae01e643d.md,,,,ok,
Review/Unreadable/2025 - Martin Lepage - journal_article.docx - 2025 - Martin Lepage - journal_article.docx.docx - 2025 - Martin Lepage - journal_article.docx - 2025 - Martin Lepage - journal_article.docx.docx.docx,/mnt/d/LIBRARY/Review/Unreadable/2025 - Martin Lepage - journal_article.docx - 2025 - Martin Lepage - journal_article.docx.docx - 2025 - Martin Lepage - journal_article.docx - 2025 - Martin Lepage - journal_article.docx.docx.docx,.docx,30240,2025-12-31T01:32:42+00:00,0,,converted_ocr/Review/Unreadable/2025 - Martin Lepage - journal_article.docx - 2025 - Martin Lepage - journal_article.docx.docx - 2025 - Martin Lepage -__3d9c93a52339.md,,,,ok,
Review/Unreadable/2025 - Martin Lepage - manuscript.docx - 2025 - Martin Lepage - manuscript.docx.docx - 2025 - Martin Lepage - manuscript.docx - 2025 - Martin Lepage - manuscript.docx.docx.docx,/mnt/d/LIBRARY/Review/Unreadable/2025 - Martin Lepage - manuscript.docx - 2025 - Martin Lepage - manuscript.docx.docx - 2025 - Martin Lepage - manuscript.docx - 2025 - Martin Lepage - manuscript.docx.docx.docx,.docx,7191,2025-10-13T23:56:50+00:00,0,,converted_ocr/Review/Unreadable/2025 - Martin Lepage - manuscript.docx - 2025 - Martin Lepage - manuscript.docx.docx - 2025 - Martin Lepage - manuscript__4a4e76192b9f.md,,,,ok,
"Review/Unreadable/2025 - Martin Lepage - Martin Lepage, PhD.docx - 2025 - Martin Lepage - Martin Lepage, PhD.docx.docx - 2025 - Martin Lepage - Martin Lepage, PhD.docx - 2025 - Martin Lepage - Martin Lepage, PhD.docx.docx.docx","/mnt/d/LIBRARY/Review/Unreadable/2025 - Martin Lepage - Martin Lepage, PhD.docx - 2025 - Martin Lepage - Martin Lepage, PhD.docx.docx - 2025 - Martin Lepage - Martin Lepage, PhD.docx - 2025 - Martin Lepage - Martin Lepage, PhD.docx.docx.docx",.docx,7023,2025-11-28T22:40:20+00:00,0,,"converted_ocr/Review/Unreadable/2025 - Martin Lepage - Martin Lepage, PhD.docx - 2025 - Martin Lepage - Martin Lepage, PhD.docx.docx - 2025 - Martin Lep__69da11f4abc0.md",,,,ok,
"Review/Unreadable/2025 - Martin Lepage - Martin Lepage, PhD2456, de Rouen - corresponden - 2025 - Martin Lepage - Martin Lepage, PhD2456, de Rouen - correspondence.docx - 2025 - Martin Lepage - Martin Lepage, PhD2456, de Rouen.docx","/mnt/d/LIBRARY/Review/Unreadable/2025 - Martin Lepage - Martin Lepage, PhD2456, de Rouen - corresponden - 2025 - Martin Lepage - Martin Lepage, PhD2456, de Rouen - correspondence.docx - 2025 - Martin Lepage - Martin Lepage, PhD2456, de Rouen.docx",.docx,12312,2025-04-21T23:08:04+00:00,0,,"converted_ocr/Review/Unreadable/2025 - Martin Lepage - Martin Lepage, PhD2456, de Rouen - corresponden - 2025 - Martin Lepage - Martin Lepage, PhD2456,__0bf6852fd93a.md",,,,ok,
Review/Unreadable/2025 - Martin Lepage - Microsoft Word - Document2 - correspondence.pdf - 2025 - Martin Lepage - Microsoft Word - Document2 - correspondence.pdf - 2025 - Martin Lepage - Microsoft Word - Document2 - corresponde.pdf,/mnt/d/LIBRARY/Review/Unreadable/2025 - Martin Lepage - Microsoft Word - Document2 - correspondence.pdf - 2025 - Martin Lepage - Microsoft Word - Document2 - correspondence.pdf - 2025 - Martin Lepage - Microsoft Word - Document2 - corresponde.pdf,.pdf,217026,2025-10-12T02:09:12+00:00,2,,converted_ocr/Review/Unreadable/2025 - Martin Lepage - Microsoft Word - Document2 - correspondence.pdf - 2025 - Martin Lepage - Microsoft Word - Documen__d9d42b4f3145.md,,,,ok,
"Review/Unreadable/2025 - Martin Lepage - Montreal, April 30th, 2025 - legal_or_contract - 2025 - Martin Lepage - Montreal, April 30th, 2025 - legal_or_contract.docx - 2025 - Martin Lepage - Montreal, April 30th, 2025 - legal_.docx","/mnt/d/LIBRARY/Review/Unreadable/2025 - Martin Lepage - Montreal, April 30th, 2025 - legal_or_contract - 2025 - Martin Lepage - Montreal, April 30th, 2025 - legal_or_contract.docx - 2025 - Martin Lepage - Montreal, April 30th, 2025 - legal_.docx",.docx,23718,2025-10-12T02:17:48+00:00,0,,"converted_ocr/Review/Unreadable/2025 - Martin Lepage - Montreal, April 30th, 2025 - legal_or_contract - 2025 - Martin Lepage - Montreal, April 30th, 202__ae2ff63cd8ac.md",,,,ok,
Review/Unreadable/2025 - Martin Lepage - Outlook - ocr_needed.pdf - 2025 - Martin Lepage - Outlook - ocr_needed.pdf.pdf - 2025 - Martin Lepage - Outlook - ocr_needed.pdf - 2025 - Martin Lepage - Outlook - ocr_needed.pdf.pdf.pdf,/mnt/d/LIBRARY/Review/Unreadable/2025 - Martin Lepage - Outlook - ocr_needed.pdf - 2025 - Martin Lepage - Outlook - ocr_needed.pdf.pdf - 2025 - Martin Lepage - Outlook - ocr_needed.pdf - 2025 - Martin Lepage - Outlook - ocr_needed.pdf.pdf.pdf,.pdf,418769,2025-10-17T17:26:14+00:00,2,"[1, 2]",converted_ocr/Review/Unreadable/2025 - Martin Lepage - Outlook - ocr_needed.pdf - 2025 - Martin Lepage - Outlook - ocr_needed.pdf.pdf - 2025 - Martin Le__4be1220e3c65.md,text/Review/Unreadable/2025 - Martin Lepage - Outlook - ocr_needed.pdf - 2025 - Martin Lepage - Outlook - ocr_needed.pdf.pdf - 2025 - Martin Le__4be1220e3c65.ocr.txt,,,ok,
Review/Unreadable/2025 - Martin Lepage - quality of life.docx - 2025 - Martin Lepage - quality of life.docx.docx - 2025 - Martin Lepage - quality of life.docx - 2025 - Martin Lepage - quality of life.docx.docx.docx,/mnt/d/LIBRARY/Review/Unreadable/2025 - Martin Lepage - quality of life.docx - 2025 - Martin Lepage - quality of life.docx.docx - 2025 - Martin Lepage - quality of life.docx - 2025 - Martin Lepage - quality of life.docx.docx.docx,.docx,104348,2025-10-02T21:42:00+00:00,0,,converted_ocr/Review/Unreadable/2025 - Martin Lepage - quality of life.docx - 2025 - Martin Lepage - quality of life.docx.docx - 2025 - Martin Lepage -__6d400cdd48a3.md,,,,ok,
Review/Unreadable/2025 - Martin Lepage - report.pdf - 2025 - Martin Lepage - report.pdf.pdf - 2025 - Martin Lepage - report.pdf - 2025 - Martin Lepage - report.pdf.pdf.pdf,/mnt/d/LIBRARY/Review/Unreadable/2025 - Martin Lepage - report.pdf - 2025 - Martin Lepage - report.pdf.pdf - 2025 - Martin Lepage - report.pdf - 2025 - Martin Lepage - report.pdf.pdf.pdf,.pdf,506983,2026-01-26T02:38:36+00:00,10,,converted_ocr/Review/Unreadable/2025 - Martin Lepage - report.pdf - 2025 - Martin Lepage - report.pdf.pdf - 2025 - Martin Lepage - report.pdf - 2025 - Martin Lepage - report.pdf.pdf.pdf.md,,,,ok,
Review/Unreadable/2025 - Martin Lepage - Submission to JAAR.docx - 2025 - Martin Lepage - Submission to JAAR.docx.docx - 2025 - Martin Lepage - Submission to JAAR.docx - 2025 - Martin Lepage - Submission to JAAR.docx.docx.docx,/mnt/d/LIBRARY/Review/Unreadable/2025 - Martin Lepage - Submission to JAAR.docx - 2025 - Martin Lepage - Submission to JAAR.docx.docx - 2025 - Martin Lepage - Submission to JAAR.docx - 2025 - Martin Lepage - Submission to JAAR.docx.docx.docx,.docx,12276,2025-04-21T05:55:52+00:00,0,,converted_ocr/Review/Unreadable/2025 - Martin Lepage - Submission to JAAR.docx - 2025 - Martin Lepage - Submission to JAAR.docx.docx - 2025 - Martin Lep__954d4dd59fe2.md,,,,ok,
Review/Unreadable/2025 - Memoire - thesis_or_dissertation.pdf - 2025 - Memoire - thesis_or_dissertation.pdf.pdf - 2025 - Memoire - thesis_or_dissertation.pdf - 2025 - Memoire - thesis_or_dissertation.pdf.pdf.pdf,/mnt/d/LIBRARY/Review/Unreadable/2025 - Memoire - thesis_or_dissertation.pdf - 2025 - Memoire - thesis_or_dissertation.pdf.pdf - 2025 - Memoire - thesis_or_dissertation.pdf - 2025 - Memoire - thesis_or_dissertation.pdf.pdf.pdf,.pdf,5323544,2026-02-14T05:35:06+00:00,381,,converted_ocr/Review/Unreadable/2025 - Memoire - thesis_or_dissertation.pdf - 2025 - Memoire - thesis_or_dissertation.pdf.pdf - 2025 - Memoire - thesis___6ccec6179790.md,,10.1080/07303084.1998.10605572;10.1080/17439760903271116;10.3917/arco.colle.2024.01.0509,,ok,
Review/Unreadable/2025 - ocr_needed [2].pdf - 2025 - ocr_needed [2].pdf.pdf - 2025 - ocr_needed [2].pdf - 2025 - ocr_needed [2].pdf.pdf.pdf,/mnt/d/LIBRARY/Review/Unreadable/2025 - ocr_needed [2].pdf - 2025 - ocr_needed [2].pdf.pdf - 2025 - ocr_needed [2].pdf - 2025 - ocr_needed [2].pdf.pdf.pdf,.pdf,3542416,2025-11-09T20:52:46+00:00,1,[1],converted_ocr/Review/Unreadable/2025 - ocr_needed [2].pdf - 2025 - ocr_needed [2].pdf.pdf - 2025 - ocr_needed [2].pdf - 2025 - ocr_needed [2].pdf.pdf.pdf.md,text/Review/Unreadable/2025 - ocr_needed [2].pdf - 2025 - ocr_needed [2].pdf.pdf - 2025 - ocr_needed [2].pdf - 2025 - ocr_needed [2].pdf.pdf.pdf.ocr.txt,,,ok,
Review/Unreadable/2025 - ocr_needed.pdf - 2025 - ocr_needed.pdf.pdf - 2025 - ocr_needed.pdf - 2025 - ocr_needed.pdf.pdf.pdf,/mnt/d/LIBRARY/Review/Unreadable/2025 - ocr_needed.pdf - 2025 - ocr_needed.pdf.pdf - 2025 - ocr_needed.pdf - 2025 - ocr_needed.pdf.pdf.pdf,.pdf,23730591,2026-02-12T18:54:12+00:00,73,"[1, 73]",converted_ocr/Review/Unreadable/2025 - ocr_needed.pdf - 2025 - ocr_needed.pdf.pdf - 2025 - ocr_needed.pdf - 2025 - ocr_needed.pdf.pdf.pdf.md,text/Review/Unreadable/2025 - ocr_needed.pdf - 2025 - ocr_needed.pdf.pdf - 2025 - ocr_needed.pdf - 2025 - ocr_needed.pdf.pdf.pdf.ocr.txt,,,ok,
Review/Unreadable/2025 - ocr_needed_1.pdf - 2025 - ocr_needed_1.pdf.pdf - 2025 - ocr_needed_1.pdf - 2025 - ocr_needed_1.pdf.pdf.pdf,/mnt/d/LIBRARY/Review/Unreadable/2025 - ocr_needed_1.pdf - 2025 - ocr_needed_1.pdf.pdf - 2025 - ocr_needed_1.pdf - 2025 - ocr_needed_1.pdf.pdf.pdf,.pdf,21265792,2026-02-12T18:55:14+00:00,133,"[1, 133]",converted_ocr/Review/Unreadable/2025 - ocr_needed_1.pdf - 2025 - ocr_needed_1.pdf.pdf - 2025 - ocr_needed_1.pdf - 2025 - ocr_needed_1.pdf.pdf.pdf.md,text/Review/Unreadable/2025 - ocr_needed_1.pdf - 2025 - ocr_needed_1.pdf.pdf - 2025 - ocr_needed_1.pdf - 2025 - ocr_needed_1.pdf.pdf.pdf.ocr.txt,10.2861/0136788,,ok,
Review/Unreadable/2025 - ocr_needed_2.pdf - 2025 - ocr_needed_2.pdf.pdf - 2025 - ocr_needed_2.pdf - 2025 - ocr_needed_2.pdf.pdf.pdf,/mnt/d/LIBRARY/Review/Unreadable/2025 - ocr_needed_2.pdf - 2025 - ocr_needed_2.pdf.pdf - 2025 - ocr_needed_2.pdf - 2025 - ocr_needed_2.pdf.pdf.pdf,.pdf,25428386,2025-11-15T21:53:16+00:00,56,"[1, 56]",converted_ocr/Review/Unreadable/2025 - ocr_needed_2.pdf - 2025 - ocr_needed_2.pdf.pdf - 2025 - ocr_needed_2.pdf - 2025 - ocr_needed_2.pdf.pdf.pdf.md,text/Review/Unreadable/2025 - ocr_needed_2.pdf - 2025 - ocr_needed_2.pdf.pdf - 2025 - ocr_needed_2.pdf - 2025 - ocr_needed_2.pdf.pdf.pdf.ocr.txt,,,ok,
Review/Unreadable/2025 - ocr_needed_3.pdf - 2025 - ocr_needed_3.pdf.pdf - 2025 - ocr_needed_3.pdf - 2025 - ocr_needed_3.pdf.pdf.pdf,/mnt/d/LIBRARY/Review/Unreadable/2025 - ocr_needed_3.pdf - 2025 - ocr_needed_3.pdf.pdf - 2025 - ocr_needed_3.pdf - 2025 - ocr_needed_3.pdf.pdf.pdf,.pdf,18022941,2025-07-15T01:14:06+00:00,5,"[1, 2, 3, 4, 5]",converted_ocr/Review/Unreadable/2025 - ocr_needed_3.pdf - 2025 - ocr_needed_3.pdf.pdf - 2025 - ocr_needed_3.pdf - 2025 - ocr_needed_3.pdf.pdf.pdf.md,text/Review/Unreadable/2025 - ocr_needed_3.pdf - 2025 - ocr_needed_3.pdf.pdf - 2025 - ocr_needed_3.pdf - 2025 - ocr_needed_3.pdf.pdf.pdf.ocr.txt,,,ok,
Review/Unreadable/2025 - ocr_needed_4.pdf - 2025 - ocr_needed_4.pdf.pdf - 2025 - ocr_needed_4.pdf - 2025 - ocr_needed_4.pdf.pdf.pdf,/mnt/d/LIBRARY/Review/Unreadable/2025 - ocr_needed_4.pdf - 2025 - ocr_needed_4.pdf.pdf - 2025 - ocr_needed_4.pdf - 2025 - ocr_needed_4.pdf.pdf.pdf,.pdf,1241388,2025-10-16T22:02:22+00:00,16,"[1, 16]",converted_ocr/Review/Unreadable/2025 - ocr_needed_4.pdf - 2025 - ocr_needed_4.pdf.pdf - 2025 - ocr_needed_4.pdf - 2025 - ocr_needed_4.pdf.pdf.pdf.md,text/Review/Unreadable/2025 - ocr_needed_4.pdf - 2025 - ocr_needed_4.pdf.pdf - 2025 - ocr_needed_4.pdf - 2025 - ocr_needed_4.pdf.pdf.pdf.ocr.txt,,,ok,
Review/Unreadable/2025 - ocr_needed_5.pdf - 2025 - ocr_needed_5.pdf.pdf - 2025 - ocr_needed_5.pdf - 2025 - ocr_needed_5.pdf.pdf.pdf,/mnt/d/LIBRARY/Review/Unreadable/2025 - ocr_needed_5.pdf - 2025 - ocr_needed_5.pdf.pdf - 2025 - ocr_needed_5.pdf - 2025 - ocr_needed_5.pdf.pdf.pdf,.pdf,23170981,2026-02-14T05:13:20+00:00,130,"[1, 130]",converted_ocr/Review/Unreadable/2025 - ocr_needed_5.pdf - 2025 - ocr_needed_5.pdf.pdf - 2025 - ocr_needed_5.pdf - 2025 - ocr_needed_5.pdf.pdf.pdf.md,text/Review/Unreadable/2025 - ocr_needed_5.pdf - 2025 - ocr_needed_5.pdf.pdf - 2025 - ocr_needed_5.pdf - 2025 - ocr_needed_5.pdf.pdf.pdf.ocr.txt,,,ok,
Review/Unreadable/2025 - policy_or_guidance [2].docx - 2025 - policy_or_guidance [2].docx.docx - 2025 - policy_or_guidance [2].docx - 2025 - policy_or_guidance [2].docx.docx.docx,/mnt/d/LIBRARY/Review/Unreadable/2025 - policy_or_guidance [2].docx - 2025 - policy_or_guidance [2].docx.docx - 2025 - policy_or_guidance [2].docx - 2025 - policy_or_guidance [2].docx.docx.docx,.docx,18573,2025-08-15T23:26:44+00:00,0,,converted_ocr/Review/Unreadable/2025 - policy_or_guidance [2].docx - 2025 - policy_or_guidance [2].docx.docx - 2025 - policy_or_guidance [2].docx - 2025 - policy_or_guidance [2].docx.docx.docx.md,,,,ok,
Review/Unreadable/2025 - policy_or_guidance [2]_1.docx - 2025 - policy_or_guidance [2]_1.docx.docx - 2025 - policy_or_guidance [2]_1.docx - 2025 - policy_or_guidance [2]_1.docx.docx.docx,/mnt/d/LIBRARY/Review/Unreadable/2025 - policy_or_guidance [2]_1.docx - 2025 - policy_or_guidance [2]_1.docx.docx - 2025 - policy_or_guidance [2]_1.docx - 2025 - policy_or_guidance [2]_1.docx.docx.docx,.docx,3721991,2025-12-29T02:51:50+00:00,0,,converted_ocr/Review/Unreadable/2025 - policy_or_guidance [2]_1.docx - 2025 - policy_or_guidance [2]_1.docx.docx - 2025 - policy_or_guidance [2]_1.docx__0ccbe6a06a2a.md,,,,ok,
Review/Unreadable/2025 - policy_or_guidance.docx - 2025 - policy_or_guidance.docx.docx - 2025 - policy_or_guidance.docx - 2025 - policy_or_guidance.docx.docx.docx,/mnt/d/LIBRARY/Review/Unreadable/2025 - policy_or_guidance.docx - 2025 - policy_or_guidance.docx.docx - 2025 - policy_or_guidance.docx - 2025 - policy_or_guidance.docx.docx.docx,.docx,21633,2025-08-15T23:30:14+00:00,0,,converted_ocr/Review/Unreadable/2025 - policy_or_guidance.docx - 2025 - policy_or_guidance.docx.docx - 2025 - policy_or_guidance.docx - 2025 - policy_or_guidance.docx.docx.docx.md,,,,ok,
Review/Unreadable/2025 - policy_or_guidance.pdf - 2025 - policy_or_guidance.pdf.pdf - 2025 - policy_or_guidance.pdf - 2025 - policy_or_guidance.pdf.pdf.pdf,/mnt/d/LIBRARY/Review/Unreadable/2025 - policy_or_guidance.pdf - 2025 - policy_or_guidance.pdf.pdf - 2025 - policy_or_guidance.pdf - 2025 - policy_or_guidance.pdf.pdf.pdf,.pdf,4056633,2025-10-16T20:10:24+00:00,9,,converted_ocr/Review/Unreadable/2025 - policy_or_guidance.pdf - 2025 - policy_or_guidance.pdf.pdf - 2025 - policy_or_guidance.pdf - 2025 - policy_or_guidance.pdf.pdf.pdf.md,,,,ok,
Review/Unreadable/2025 - policy_or_guidance_1.docx - 2025 - policy_or_guidance_1.docx.docx - 2025 - policy_or_guidance_1.docx - 2025 - policy_or_guidance_1.docx.docx.docx,/mnt/d/LIBRARY/Review/Unreadable/2025 - policy_or_guidance_1.docx - 2025 - policy_or_guidance_1.docx.docx - 2025 - policy_or_guidance_1.docx - 2025 - policy_or_guidance_1.docx.docx.docx,.docx,46176,2025-12-23T10:04:20+00:00,0,,converted_ocr/Review/Unreadable/2025 - policy_or_guidance_1.docx - 2025 - policy_or_guidance_1.docx.docx - 2025 - policy_or_guidance_1.docx - 2025 - policy_or_guidance_1.docx.docx.docx.md,,,,ok,
Review/Unreadable/2025 - policy_or_guidance_1.pdf - 2025 - policy_or_guidance_1.pdf.pdf - 2025 - policy_or_guidance_1.pdf - 2025 - policy_or_guidance_1.pdf.pdf.pdf,/mnt/d/LIBRARY/Review/Unreadable/2025 - policy_or_guidance_1.pdf - 2025 - policy_or_guidance_1.pdf.pdf - 2025 - policy_or_guidance_1.pdf - 2025 - policy_or_guidance_1.pdf.pdf.pdf,.pdf,14668051,2026-02-23T04:38:06+00:00,68,,converted_ocr/Review/Unreadable/2025 - policy_or_guidance_1.pdf - 2025 - policy_or_guidance_1.pdf.pdf - 2025 - policy_or_guidance_1.pdf - 2025 - policy_or_guidance_1.pdf.pdf.pdf.md,,,,ok,
Review/Unreadable/2025 - policy_or_guidance_2.docx - 2025 - policy_or_guidance_2.docx.docx - 2025 - policy_or_guidance_2.docx - 2025 - policy_or_guidance_2.docx.docx.docx,/mnt/d/LIBRARY/Review/Unreadable/2025 - policy_or_guidance_2.docx - 2025 - policy_or_guidance_2.docx.docx - 2025 - policy_or_guidance_2.docx - 2025 - policy_or_guidance_2.docx.docx.docx,.docx,31321,2025-12-31T01:31:32+00:00,0,,converted_ocr/Review/Unreadable/2025 - policy_or_guidance_2.docx - 2025 - policy_or_guidance_2.docx.docx - 2025 - policy_or_guidance_2.docx - 2025 - policy_or_guidance_2.docx.docx.docx.md,,,,ok,
Review/Unreadable/2025 - policy_or_guidance_2.pdf - 2025 - policy_or_guidance_2.pdf.pdf - 2025 - policy_or_guidance_2.pdf - 2025 - policy_or_guidance_2.pdf.pdf.pdf,/mnt/d/LIBRARY/Review/Unreadable/2025 - policy_or_guidance_2.pdf - 2025 - policy_or_guidance_2.pdf.pdf - 2025 - policy_or_guidance_2.pdf - 2025 - policy_or_guidance_2.pdf.pdf.pdf,.pdf,2257345,2026-02-25T23:49:16+00:00,15,,converted_ocr/Review/Unreadable/2025 - policy_or_guidance_2.pdf - 2025 - policy_or_guidance_2.pdf.pdf - 2025 - policy_or_guidance_2.pdf - 2025 - policy_or_guidance_2.pdf.pdf.pdf.md,,,,ok,
Review/Unreadable/2025 - PowerPoint Presentation [2].pdf - 2025 - PowerPoint Presentation [2].pdf.pdf - 2025 - PowerPoint Presentation [2].pdf - 2025 - PowerPoint Presentation [2].pdf.pdf.pdf,/mnt/d/LIBRARY/Review/Unreadable/2025 - PowerPoint Presentation [2].pdf - 2025 - PowerPoint Presentation [2].pdf.pdf - 2025 - PowerPoint Presentation [2].pdf - 2025 - PowerPoint Presentation [2].pdf.pdf.pdf,.pdf,1839550,2026-01-30T20:08:50+00:00,27,,converted_ocr/Review/Unreadable/2025 - PowerPoint Presentation [2].pdf - 2025 - PowerPoint Presentation [2].pdf.pdf - 2025 - PowerPoint Presentation [2]__eb3d16dcab0c.md,,,,ok,
Review/Unreadable/2025 - PowerPoint Presentation.pdf - 2025 - PowerPoint Presentation.pdf.pdf - 2025 - PowerPoint Presentation.pdf - 2025 - PowerPoint Presentation.pdf.pdf.pdf,/mnt/d/LIBRARY/Review/Unreadable/2025 - PowerPoint Presentation.pdf - 2025 - PowerPoint Presentation.pdf.pdf - 2025 - PowerPoint Presentation.pdf - 2025 - PowerPoint Presentation.pdf.pdf.pdf,.pdf,1721764,2026-02-03T17:44:46+00:00,34,,converted_ocr/Review/Unreadable/2025 - PowerPoint Presentation.pdf - 2025 - PowerPoint Presentation.pdf.pdf - 2025 - PowerPoint Presentation.pdf - 2025 - PowerPoint Presentation.pdf.pdf.pdf.md,,,,ok,
Review/Unreadable/2025 - PowerPoint Presentation_1.pdf - 2025 - PowerPoint Presentation_1.pdf.pdf - 2025 - PowerPoint Presentation_1.pdf - 2025 - PowerPoint Presentation_1.pdf.pdf.pdf,/mnt/d/LIBRARY/Review/Unreadable/2025 - PowerPoint Presentation_1.pdf - 2025 - PowerPoint Presentation_1.pdf.pdf - 2025 - PowerPoint Presentation_1.pdf - 2025 - PowerPoint Presentation_1.pdf.pdf.pdf,.pdf,1839550,2026-01-30T20:57:46+00:00,27,,converted_ocr/Review/Unreadable/2025 - PowerPoint Presentation_1.pdf - 2025 - PowerPoint Presentation_1.pdf.pdf - 2025 - PowerPoint Presentation_1.pdf -__9a9ebe503310.md,,,,ok,
Review/Unreadable/2025 - PROLOGUE.docx - 2025 - PROLOGUE.docx.docx - 2025 - PROLOGUE.docx - 2025 - PROLOGUE.docx.docx.docx,/mnt/d/LIBRARY/Review/Unreadable/2025 - PROLOGUE.docx - 2025 - PROLOGUE.docx.docx - 2025 - PROLOGUE.docx - 2025 - PROLOGUE.docx.docx.docx,.docx,218391,2025-11-23T22:15:42+00:00,0,,converted_ocr/Review/Unreadable/2025 - PROLOGUE.docx - 2025 - PROLOGUE.docx.docx - 2025 - PROLOGUE.docx - 2025 - PROLOGUE.docx.docx.docx.md,,,,ok,
Review/Unreadable/2025 - report [2].pdf - 2025 - report [2].pdf.pdf - 2025 - report [2].pdf - 2025 - report [2].pdf.pdf.pdf,/mnt/d/LIBRARY/Review/Unreadable/2025 - report [2].pdf - 2025 - report [2].pdf.pdf - 2025 - report [2].pdf - 2025 - report [2].pdf.pdf.pdf,.pdf,5111003,2026-02-09T21:27:16+00:00,30,,converted_ocr/Review/Unreadable/2025 - report [2].pdf - 2025 - report [2].pdf.pdf - 2025 - report [2].pdf - 2025 - report [2].pdf.pdf.pdf.md,,,,ok,
Review/Unreadable/2025 - report [2]_1.pdf - 2025 - report [2]_1.pdf.pdf - 2025 - report [2]_1.pdf - 2025 - report [2]_1.pdf.pdf.pdf,/mnt/d/LIBRARY/Review/Unreadable/2025 - report [2]_1.pdf - 2025 - report [2]_1.pdf.pdf - 2025 - report [2]_1.pdf - 2025 - report [2]_1.pdf.pdf.pdf,.pdf,7883517,2026-02-09T21:27:56+00:00,64,,converted_ocr/Review/Unreadable/2025 - report [2]_1.pdf - 2025 - report [2]_1.pdf.pdf - 2025 - report [2]_1.pdf - 2025 - report [2]_1.pdf.pdf.pdf.md,,,,ok,
Review/Unreadable/2025 - report.docx - 2025 - report.docx.docx - 2025 - report.docx - 2025 - report.docx.docx.docx,/mnt/d/LIBRARY/Review/Unreadable/2025 - report.docx - 2025 - report.docx.docx - 2025 - report.docx - 2025 - report.docx.docx.docx,.docx,27727,2026-01-22T08:08:24+00:00,0,,converted_ocr/Review/Unreadable/2025 - report.docx - 2025 - report.docx.docx - 2025 - report.docx - 2025 - report.docx.docx.docx.md,,,,ok,
Review/Unreadable/2025 - report_1.docx - 2025 - report_1.docx.docx - 2025 - report_1.docx - 2025 - report_1.docx.docx.docx,/mnt/d/LIBRARY/Review/Unreadable/2025 - report_1.docx - 2025 - report_1.docx.docx - 2025 - report_1.docx - 2025 - report_1.docx.docx.docx,.docx,33750,2025-08-29T15:55:08+00:00,0,,converted_ocr/Review/Unreadable/2025 - report_1.docx - 2025 - report_1.docx.docx - 2025 - report_1.docx - 2025 - report_1.docx.docx.docx.md,,10.1111/jcc4.12013;10.1126/science.aap9559;10.1186/s41118-020-00103-5,9780226682952,ok,
Review/Unreadable/2025 - report_2.docx - 2025 - report_2.docx.docx - 2025 - report_2.docx - 2025 - report_2.docx.docx.docx,/mnt/d/LIBRARY/Review/Unreadable/2025 - report_2.docx - 2025 - report_2.docx.docx - 2025 - report_2.docx - 2025 - report_2.docx.docx.docx,.docx,109226,2025-07-13T22:42:08+00:00,0,,converted_ocr/Review/Unreadable/2025 - report_2.docx - 2025 - report_2.docx.docx - 2025 - report_2.docx - 2025 - report_2.docx.docx.docx.md,,10.1177/01461672241267332,,ok,
Review/Unreadable/2025 - report_2.pdf - 2025 - report_2.pdf.pdf - 2025 - report_2.pdf - 2025 - report_2.pdf.pdf.pdf,/mnt/d/LIBRARY/Review/Unreadable/2025 - report_2.pdf - 2025 - report_2.pdf.pdf - 2025 - report_2.pdf - 2025 - report_2.pdf.pdf.pdf,.pdf,1899153,2026-02-03T17:50:26+00:00,27,,converted_ocr/Review/Unreadable/2025 - report_2.pdf - 2025 - report_2.pdf.pdf - 2025 - report_2.pdf - 2025 - report_2.pdf.pdf.pdf.md,,,,ok,
Review/Unreadable/2025 - report_3.pdf - 2025 - report_3.pdf.pdf - 2025 - report_3.pdf - 2025 - report_3.pdf.pdf.pdf,/mnt/d/LIBRARY/Review/Unreadable/2025 - report_3.pdf - 2025 - report_3.pdf.pdf - 2025 - report_3.pdf - 2025 - report_3.pdf.pdf.pdf,.pdf,42303,2026-01-26T02:50:28+00:00,6,,converted_ocr/Review/Unreadable/2025 - report_3.pdf - 2025 - report_3.pdf.pdf - 2025 - report_3.pdf - 2025 - report_3.pdf.pdf.pdf.md,,,,ok,
Review/Unreadable/2025 - Revenu Quebec - ocr_needed [2].pdf - 2025 - Revenu Quebec - ocr_needed [2].pdf.pdf - 2025 - Revenu Quebec - ocr_needed [2].pdf - 2025 - Revenu Quebec - ocr_needed [2].pdf.pdf.pdf,/mnt/d/LIBRARY/Review/Unreadable/2025 - Revenu Quebec - ocr_needed [2].pdf - 2025 - Revenu Quebec - ocr_needed [2].pdf.pdf - 2025 - Revenu Quebec - ocr_needed [2].pdf - 2025 - Revenu Quebec - ocr_needed [2].pdf.pdf.pdf,.pdf,1439548,2025-05-08T22:01:16+00:00,4,"[1, 2, 3, 4]",converted_ocr/Review/Unreadable/2025 - Revenu Quebec - ocr_needed [2].pdf - 2025 - Revenu Quebec - ocr_needed [2].pdf.pdf - 2025 - Revenu Quebec - ocr_n__c2f25aea08ad.md,text/Review/Unreadable/2025 - Revenu Quebec - ocr_needed [2].pdf - 2025 - Revenu Quebec - ocr_needed [2].pdf.pdf - 2025 - Revenu Quebec - ocr_n__c2f25aea08ad.ocr.txt,,,ok,
Review/Unreadable/2025 - Revenu Quebec - ocr_needed [3].pdf - 2025 - Revenu Quebec - ocr_needed [3].pdf.pdf - 2025 - Revenu Quebec - ocr_needed [3].pdf - 2025 - Revenu Quebec - ocr_needed [3].pdf.pdf.pdf,/mnt/d/LIBRARY/Review/Unreadable/2025 - Revenu Quebec - ocr_needed [3].pdf - 2025 - Revenu Quebec - ocr_needed [3].pdf.pdf - 2025 - Revenu Quebec - ocr_needed [3].pdf - 2025 - Revenu Quebec - ocr_needed [3].pdf.pdf.pdf,.pdf,903348,2025-05-08T22:01:16+00:00,3,"[1, 2, 3]",converted_ocr/Review/Unreadable/2025 - Revenu Quebec - ocr_needed [3].pdf - 2025 - Revenu Quebec - ocr_needed [3].pdf.pdf - 2025 - Revenu Quebec - ocr_n__f1e4cf27f97b.md,text/Review/Unreadable/2025 - Revenu Quebec - ocr_needed [3].pdf - 2025 - Revenu Quebec - ocr_needed [3].pdf.pdf - 2025 - Revenu Quebec - ocr_n__f1e4cf27f97b.ocr.txt,,,ok,
Review/Unreadable/2025 - Revenu Quebec - ocr_needed [4].pdf - 2025 - Revenu Quebec - ocr_needed [4].pdf.pdf - 2025 - Revenu Quebec - ocr_needed [4].pdf - 2025 - Revenu Quebec - ocr_needed [4].pdf.pdf.pdf,/mnt/d/LIBRARY/Review/Unreadable/2025 - Revenu Quebec - ocr_needed [4].pdf - 2025 - Revenu Quebec - ocr_needed [4].pdf.pdf - 2025 - Revenu Quebec - ocr_needed [4].pdf - 2025 - Revenu Quebec - ocr_needed [4].pdf.pdf.pdf,.pdf,1452160,2025-05-08T22:01:16+00:00,4,"[1, 2, 3, 4]",converted_ocr/Review/Unreadable/2025 - Revenu Quebec - ocr_needed [4].pdf - 2025 - Revenu Quebec - ocr_needed [4].pdf.pdf - 2025 - Revenu Quebec - ocr_n__f111ebc41b8d.md,text/Review/Unreadable/2025 - Revenu Quebec - ocr_needed [4].pdf - 2025 - Revenu Quebec - ocr_needed [4].pdf.pdf - 2025 - Revenu Quebec - ocr_n__f111ebc41b8d.ocr.txt,,,ok,
Review/Unreadable/2025 - Revenu Quebec - ocr_needed [5].pdf - 2025 - Revenu Quebec - ocr_needed [5].pdf.pdf - 2025 - Revenu Quebec - ocr_needed [5].pdf - 2025 - Revenu Quebec - ocr_needed [5].pdf.pdf.pdf,/mnt/d/LIBRARY/Review/Unreadable/2025 - Revenu Quebec - ocr_needed [5].pdf - 2025 - Revenu Quebec - ocr_needed [5].pdf.pdf - 2025 - Revenu Quebec - ocr_needed [5].pdf - 2025 - Revenu Quebec - ocr_needed [5].pdf.pdf.pdf,.pdf,785650,2025-05-08T22:01:16+00:00,2,"[1, 2]",converted_ocr/Review/Unreadable/2025 - Revenu Quebec - ocr_needed [5].pdf - 2025 - Revenu Quebec - ocr_needed [5].pdf.pdf - 2025 - Revenu Quebec - ocr_n__1bce44d22de5.md,text/Review/Unreadable/2025 - Revenu Quebec - ocr_needed [5].pdf - 2025 - Revenu Quebec - ocr_needed [5].pdf.pdf - 2025 - Revenu Quebec - ocr_n__1bce44d22de5.ocr.txt,,,ok,
Review/Unreadable/2025 - Revenu Quebec - ocr_needed [6].pdf - 2025 - Revenu Quebec - ocr_needed [6].pdf.pdf - 2025 - Revenu Quebec - ocr_needed [6].pdf - 2025 - Revenu Quebec - ocr_needed [6].pdf.pdf.pdf,/mnt/d/LIBRARY/Review/Unreadable/2025 - Revenu Quebec - ocr_needed [6].pdf - 2025 - Revenu Quebec - ocr_needed [6].pdf.pdf - 2025 - Revenu Quebec - ocr_needed [6].pdf - 2025 - Revenu Quebec - ocr_needed [6].pdf.pdf.pdf,.pdf,1437089,2025-05-08T22:01:16+00:00,4,"[1, 2, 3, 4]",converted_ocr/Review/Unreadable/2025 - Revenu Quebec - ocr_needed [6].pdf - 2025 - Revenu Quebec - ocr_needed [6].pdf.pdf - 2025 - Revenu Quebec - ocr_n__4d6c3a5c522b.md,text/Review/Unreadable/2025 - Revenu Quebec - ocr_needed [6].pdf - 2025 - Revenu Quebec - ocr_needed [6].pdf.pdf - 2025 - Revenu Quebec - ocr_n__4d6c3a5c522b.ocr.txt,,,ok,
Review/Unreadable/2025 - Revenu Quebec - ocr_needed [7].pdf - 2025 - Revenu Quebec - ocr_needed [7].pdf.pdf - 2025 - Revenu Quebec - ocr_needed [7].pdf - 2025 - Revenu Quebec - ocr_needed [7].pdf.pdf.pdf,/mnt/d/LIBRARY/Review/Unreadable/2025 - Revenu Quebec - ocr_needed [7].pdf - 2025 - Revenu Quebec - ocr_needed [7].pdf.pdf - 2025 - Revenu Quebec - ocr_needed [7].pdf - 2025 - Revenu Quebec - ocr_needed [7].pdf.pdf.pdf,.pdf,903297,2025-05-08T22:01:16+00:00,3,"[1, 2, 3]",converted_ocr/Review/Unreadable/2025 - Revenu Quebec - ocr_needed [7].pdf - 2025 - Revenu Quebec - ocr_needed [7].pdf.pdf - 2025 - Revenu Quebec - ocr_n__ef7c3e83cabb.md,text/Review/Unreadable/2025 - Revenu Quebec - ocr_needed [7].pdf - 2025 - Revenu Quebec - ocr_needed [7].pdf.pdf - 2025 - Revenu Quebec - ocr_n__ef7c3e83cabb.ocr.txt,,,ok,
Review/Unreadable/2025 - Revenu Quebec - ocr_needed.pdf - 2025 - Revenu Quebec - ocr_needed.pdf.pdf - 2025 - Revenu Quebec - ocr_needed.pdf - 2025 - Revenu Quebec - ocr_needed.pdf.pdf.pdf,/mnt/d/LIBRARY/Review/Unreadable/2025 - Revenu Quebec - ocr_needed.pdf - 2025 - Revenu Quebec - ocr_needed.pdf.pdf - 2025 - Revenu Quebec - ocr_needed.pdf - 2025 - Revenu Quebec - ocr_needed.pdf.pdf.pdf,.pdf,1437670,2025-05-08T22:01:16+00:00,4,"[1, 2, 3, 4]",converted_ocr/Review/Unreadable/2025 - Revenu Quebec - ocr_needed.pdf - 2025 - Revenu Quebec - ocr_needed.pdf.pdf - 2025 - Revenu Quebec - ocr_needed.pd__66ccfaa3809d.md,text/Review/Unreadable/2025 - Revenu Quebec - ocr_needed.pdf - 2025 - Revenu Quebec - ocr_needed.pdf.pdf - 2025 - Revenu Quebec - ocr_needed.pd__66ccfaa3809d.ocr.txt,,,ok,
"Review/Unreadable/2025 - Right Populism, and Political.pdf - 2025 - Right Populism, and Political.pdf.pdf - 2025 - Right Populism, and Political.pdf - 2025 - Right Populism, and Political.pdf.pdf.pdf","/mnt/d/LIBRARY/Review/Unreadable/2025 - Right Populism, and Political.pdf - 2025 - Right Populism, and Political.pdf.pdf - 2025 - Right Populism, and Political.pdf - 2025 - Right Populism, and Political.pdf.pdf.pdf",.pdf,231351,2026-02-10T11:45:26+00:00,19,,"converted_ocr/Review/Unreadable/2025 - Right Populism, and Political.pdf - 2025 - Right Populism, and Political.pdf.pdf - 2025 - Right Populism, and Pol__7b44e929a83e.md",,10.1016/j.jce.2012.10.002;10.1057/s41304;10.1177/0951692800012004007;10.1177/2056305119885328;10.17645/pag.9792;10.17645/pag.i425;10.2478/njms,9780190603618,ok,
Review/Unreadable/2025 - RUE DE ROUEN.pdf - 2025 - RUE DE ROUEN.pdf.pdf - 2025 - RUE DE ROUEN.pdf - 2025 - RUE DE ROUEN.pdf.pdf.pdf,/mnt/d/LIBRARY/Review/Unreadable/2025 - RUE DE ROUEN.pdf - 2025 - RUE DE ROUEN.pdf.pdf - 2025 - RUE DE ROUEN.pdf - 2025 - RUE DE ROUEN.pdf.pdf.pdf,.pdf,120320,2025-09-30T22:15:22+00:00,1,[1],converted_ocr/Review/Unreadable/2025 - RUE DE ROUEN.pdf - 2025 - RUE DE ROUEN.pdf.pdf - 2025 - RUE DE ROUEN.pdf - 2025 - RUE DE ROUEN.pdf.pdf.pdf.md,text/Review/Unreadable/2025 - RUE DE ROUEN.pdf - 2025 - RUE DE ROUEN.pdf.pdf - 2025 - RUE DE ROUEN.pdf - 2025 - RUE DE ROUEN.pdf.pdf.pdf.ocr.txt,,,ok,
Review/Unreadable/2025 - statement_or_bill.pdf - 2025 - statement_or_bill.pdf.pdf - 2025 - statement_or_bill.pdf - 2025 - statement_or_bill.pdf.pdf.pdf,/mnt/d/LIBRARY/Review/Unreadable/2025 - statement_or_bill.pdf - 2025 - statement_or_bill.pdf.pdf - 2025 - statement_or_bill.pdf - 2025 - statement_or_bill.pdf.pdf.pdf,.pdf,308461,2025-11-15T16:30:36+00:00,3,,converted_ocr/Review/Unreadable/2025 - statement_or_bill.pdf - 2025 - statement_or_bill.pdf.pdf - 2025 - statement_or_bill.pdf - 2025 - statement_or_bill.pdf.pdf.pdf.md,,,,ok,
Review/Unreadable/2025 - statement_or_bill_1.pdf - 2025 - statement_or_bill_1.pdf.pdf - 2025 - statement_or_bill_1.pdf - 2025 - statement_or_bill_1.pdf.pdf.pdf,/mnt/d/LIBRARY/Review/Unreadable/2025 - statement_or_bill_1.pdf - 2025 - statement_or_bill_1.pdf.pdf - 2025 - statement_or_bill_1.pdf - 2025 - statement_or_bill_1.pdf.pdf.pdf,.pdf,1251217,2025-11-15T16:30:30+00:00,40,,converted_ocr/Review/Unreadable/2025 - statement_or_bill_1.pdf - 2025 - statement_or_bill_1.pdf.pdf - 2025 - statement_or_bill_1.pdf - 2025 - statement_or_bill_1.pdf.pdf.pdf.md,,,,ok,
Review/Unreadable/2025 - statement_or_bill_2.pdf - 2025 - statement_or_bill_2.pdf.pdf - 2025 - statement_or_bill_2.pdf - 2025 - statement_or_bill_2.pdf.pdf.pdf,/mnt/d/LIBRARY/Review/Unreadable/2025 - statement_or_bill_2.pdf - 2025 - statement_or_bill_2.pdf.pdf - 2025 - statement_or_bill_2.pdf - 2025 - statement_or_bill_2.pdf.pdf.pdf,.pdf,41269,2025-10-19T13:43:48+00:00,1,,converted_ocr/Review/Unreadable/2025 - statement_or_bill_2.pdf - 2025 - statement_or_bill_2.pdf.pdf - 2025 - statement_or_bill_2.pdf - 2025 - statement_or_bill_2.pdf.pdf.pdf.md,,,,ok,
Review/Unreadable/2025 - The Archive Ritual [2].pdf - 2025 - The Archive Ritual [2].pdf.pdf - 2025 - The Archive Ritual [2].pdf - 2025 - The Archive Ritual [2].pdf.pdf.pdf,/mnt/d/LIBRARY/Review/Unreadable/2025 - The Archive Ritual [2].pdf - 2025 - The Archive Ritual [2].pdf.pdf - 2025 - The Archive Ritual [2].pdf - 2025 - The Archive Ritual [2].pdf.pdf.pdf,.pdf,5966042,2025-07-14T23:28:52+00:00,5,,converted_ocr/Review/Unreadable/2025 - The Archive Ritual [2].pdf - 2025 - The Archive Ritual [2].pdf.pdf - 2025 - The Archive Ritual [2].pdf - 2025 - The Archive Ritual [2].pdf.pdf.pdf.md,,,,ok,
Review/Unreadable/2025 - The Archive Ritual.pdf - 2025 - The Archive Ritual.pdf.pdf - 2025 - The Archive Ritual.pdf - 2025 - The Archive Ritual.pdf.pdf.pdf,/mnt/d/LIBRARY/Review/Unreadable/2025 - The Archive Ritual.pdf - 2025 - The Archive Ritual.pdf.pdf - 2025 - The Archive Ritual.pdf - 2025 - The Archive Ritual.pdf.pdf.pdf,.pdf,5966415,2025-07-14T23:36:14+00:00,5,,converted_ocr/Review/Unreadable/2025 - The Archive Ritual.pdf - 2025 - The Archive Ritual.pdf.pdf - 2025 - The Archive Ritual.pdf - 2025 - The Archive Ritual.pdf.pdf.pdf.md,,,,ok,
Review/Unreadable/2026 - (anonymous).pdf - 2026 - (anonymous).pdf.pdf - 2026 - (anonymous).pdf - 2026 - (anonymous).pdf.pdf.pdf,/mnt/d/LIBRARY/Review/Unreadable/2026 - (anonymous).pdf - 2026 - (anonymous).pdf.pdf - 2026 - (anonymous).pdf - 2026 - (anonymous).pdf.pdf.pdf,.pdf,15222,2026-02-17T01:45:50+00:00,6,,converted_ocr/Review/Unreadable/2026 - (anonymous).pdf - 2026 - (anonymous).pdf.pdf - 2026 - (anonymous).pdf - 2026 - (anonymous).pdf.pdf.pdf.md,,,,ok,
Review/Unreadable/2026 - Annotated_Reviewer_Comments.pdf - 2026 - Annotated_Reviewer_Comments.pdf.pdf - 2026 - Annotated_Reviewer_Comments.pdf - 2026 - Annotated_Reviewer_Comments.pdf.pdf.pdf,/mnt/d/LIBRARY/Review/Unreadable/2026 - Annotated_Reviewer_Comments.pdf - 2026 - Annotated_Reviewer_Comments.pdf.pdf - 2026 - Annotated_Reviewer_Comments.pdf - 2026 - Annotated_Reviewer_Comments.pdf.pdf.pdf,.pdf,62483,2026-02-04T09:11:04+00:00,1,,converted_ocr/Review/Unreadable/2026 - Annotated_Reviewer_Comments.pdf - 2026 - Annotated_Reviewer_Comments.pdf.pdf - 2026 - Annotated_Reviewer_Comments__49cce64d5e13.md,,,,ok,
Review/Unreadable/2026 - audit_or_assessment [2].docx - 2026 - audit_or_assessment [2].docx.docx - 2026 - audit_or_assessment [2].docx - 2026 - audit_or_assessment [2].docx.docx.docx,/mnt/d/LIBRARY/Review/Unreadable/2026 - audit_or_assessment [2].docx - 2026 - audit_or_assessment [2].docx.docx - 2026 - audit_or_assessment [2].docx - 2026 - audit_or_assessment [2].docx.docx.docx,.docx,29795,2026-02-28T16:23:40+00:00,0,,converted_ocr/Review/Unreadable/2026 - audit_or_assessment [2].docx - 2026 - audit_or_assessment [2].docx.docx - 2026 - audit_or_assessment [2].docx - 2__3fbd019f8d4a.md,,,,ok,
Review/Unreadable/2026 - audit_or_assessment [2].pdf - 2026 - audit_or_assessment [2].pdf.pdf - 2026 - audit_or_assessment [2].pdf - 2026 - audit_or_assessment [2].pdf.pdf.pdf,/mnt/d/LIBRARY/Review/Unreadable/2026 - audit_or_assessment [2].pdf - 2026 - audit_or_assessment [2].pdf.pdf - 2026 - audit_or_assessment [2].pdf - 2026 - audit_or_assessment [2].pdf.pdf.pdf,.pdf,4863,2026-02-02T18:35:22+00:00,2,,converted_ocr/Review/Unreadable/2026 - audit_or_assessment [2].pdf - 2026 - audit_or_assessment [2].pdf.pdf - 2026 - audit_or_assessment [2].pdf - 2026 - audit_or_assessment [2].pdf.pdf.pdf.md,,,,ok,
Review/Unreadable/2026 - audit_or_assessment [2]_1.pdf - 2026 - audit_or_assessment [2]_1.pdf.pdf - 2026 - audit_or_assessment [2]_1.pdf - 2026 - audit_or_assessment [2]_1.pdf.pdf.pdf,/mnt/d/LIBRARY/Review/Unreadable/2026 - audit_or_assessment [2]_1.pdf - 2026 - audit_or_assessment [2]_1.pdf.pdf - 2026 - audit_or_assessment [2]_1.pdf - 2026 - audit_or_assessment [2]_1.pdf.pdf.pdf,.pdf,231166,2026-02-25T04:44:56+00:00,18,,converted_ocr/Review/Unreadable/2026 - audit_or_assessment [2]_1.pdf - 2026 - audit_or_assessment [2]_1.pdf.pdf - 2026 - audit_or_assessment [2]_1.pdf -__aafb970ef000.md,,,,ok,
Review/Unreadable/2026 - audit_or_assessment [3].pdf - 2026 - audit_or_assessment [3].pdf.pdf - 2026 - audit_or_assessment [3].pdf - 2026 - audit_or_assessment [3].pdf.pdf.pdf,/mnt/d/LIBRARY/Review/Unreadable/2026 - audit_or_assessment [3].pdf - 2026 - audit_or_assessment [3].pdf.pdf - 2026 - audit_or_assessment [3].pdf - 2026 - audit_or_assessment [3].pdf.pdf.pdf,.pdf,3709,2026-01-30T21:55:32+00:00,1,,converted_ocr/Review/Unreadable/2026 - audit_or_assessment [3].pdf - 2026 - audit_or_assessment [3].pdf.pdf - 2026 - audit_or_assessment [3].pdf - 2026 - audit_or_assessment [3].pdf.pdf.pdf.md,,,,ok,
Review/Unreadable/2026 - audit_or_assessment.docx - 2026 - audit_or_assessment.docx.docx - 2026 - audit_or_assessment.docx - 2026 - audit_or_assessment.docx.docx.docx,/mnt/d/LIBRARY/Review/Unreadable/2026 - audit_or_assessment.docx - 2026 - audit_or_assessment.docx.docx - 2026 - audit_or_assessment.docx - 2026 - audit_or_assessment.docx.docx.docx,.docx,35417,2026-02-03T17:32:42+00:00,0,,converted_ocr/Review/Unreadable/2026 - audit_or_assessment.docx - 2026 - audit_or_assessment.docx.docx - 2026 - audit_or_assessment.docx - 2026 - audit_or_assessment.docx.docx.docx.md,,,,ok,
Review/Unreadable/2026 - audit_or_assessment.pdf - 2026 - audit_or_assessment.pdf.pdf - 2026 - audit_or_assessment.pdf - 2026 - audit_or_assessment.pdf.pdf.pdf,/mnt/d/LIBRARY/Review/Unreadable/2026 - audit_or_assessment.pdf - 2026 - audit_or_assessment.pdf.pdf - 2026 - audit_or_assessment.pdf - 2026 - audit_or_assessment.pdf.pdf.pdf,.pdf,6225,2026-02-03T17:30:12+00:00,3,,converted_ocr/Review/Unreadable/2026 - audit_or_assessment.pdf - 2026 - audit_or_assessment.pdf.pdf - 2026 - audit_or_assessment.pdf - 2026 - audit_or_assessment.pdf.pdf.pdf.md,,,,ok,
Review/Unreadable/2026 - audit_or_assessment_1.docx - 2026 - audit_or_assessment_1.docx.docx - 2026 - audit_or_assessment_1.docx - 2026 - audit_or_assessment_1.docx.docx.docx,/mnt/d/LIBRARY/Review/Unreadable/2026 - audit_or_assessment_1.docx - 2026 - audit_or_assessment_1.docx.docx - 2026 - audit_or_assessment_1.docx - 2026 - audit_or_assessment_1.docx.docx.docx,.docx,234518,2026-03-06T14:29:34+00:00,0,,converted_ocr/Review/Unreadable/2026 - audit_or_assessment_1.docx - 2026 - audit_or_assessment_1.docx.docx - 2026 - audit_or_assessment_1.docx - 2026 - audit_or_assessment_1.docx.docx.docx.md,,,,ok,
Review/Unreadable/2026 - audit_or_assessment_1.pdf - 2026 - audit_or_assessment_1.pdf.pdf - 2026 - audit_or_assessment_1.pdf - 2026 - audit_or_assessment_1.pdf.pdf.pdf,/mnt/d/LIBRARY/Review/Unreadable/2026 - audit_or_assessment_1.pdf - 2026 - audit_or_assessment_1.pdf.pdf - 2026 - audit_or_assessment_1.pdf - 2026 - audit_or_assessment_1.pdf.pdf.pdf,.pdf,138572,2026-03-01T00:07:28+00:00,5,,converted_ocr/Review/Unreadable/2026 - audit_or_assessment_1.pdf - 2026 - audit_or_assessment_1.pdf.pdf - 2026 - audit_or_assessment_1.pdf - 2026 - audit_or_assessment_1.pdf.pdf.pdf.md,,,,ok,
Review/Unreadable/2026 - audit_or_assessment_2.docx - 2026 - audit_or_assessment_2.docx.docx - 2026 - audit_or_assessment_2.docx - 2026 - audit_or_assessment_2.docx.docx.docx,/mnt/d/LIBRARY/Review/Unreadable/2026 - audit_or_assessment_2.docx - 2026 - audit_or_assessment_2.docx.docx - 2026 - audit_or_assessment_2.docx - 2026 - audit_or_assessment_2.docx.docx.docx,.docx,402005,2026-02-28T17:25:40+00:00,0,,converted_ocr/Review/Unreadable/2026 - audit_or_assessment_2.docx - 2026 - audit_or_assessment_2.docx.docx - 2026 - audit_or_assessment_2.docx - 2026 - audit_or_assessment_2.docx.docx.docx.md,,10.1007/s11023-022-09611-z;10.1080/21670811.2014.976411;10.1093/idpl/ipaa020;10.1145/3287560.3287596;10.1145/3287560.3287598;10.1145/3351095.3372873;10.15779/Z38BG31;10.48550/arXiv.1803.09010;10.48550/arXiv.1810.03993,,ok,
Review/Unreadable/2026 - audit_or_assessment_2.pdf - 2026 - audit_or_assessment_2.pdf.pdf - 2026 - audit_or_assessment_2.pdf - 2026 - audit_or_assessment_2.pdf.pdf.pdf,/mnt/d/LIBRARY/Review/Unreadable/2026 - audit_or_assessment_2.pdf - 2026 - audit_or_assessment_2.pdf.pdf - 2026 - audit_or_assessment_2.pdf - 2026 - audit_or_assessment_2.pdf.pdf.pdf,.pdf,106042,2026-02-02T18:57:26+00:00,3,,converted_ocr/Review/Unreadable/2026 - audit_or_assessment_2.pdf - 2026 - audit_or_assessment_2.pdf.pdf - 2026 - audit_or_assessment_2.pdf - 2026 - audit_or_assessment_2.pdf.pdf.pdf.md,,,,ok,
Review/Unreadable/2026 - audit_or_assessment_3.docx - 2026 - audit_or_assessment_3.docx.docx - 2026 - audit_or_assessment_3.docx - 2026 - audit_or_assessment_3.docx.docx.docx,/mnt/d/LIBRARY/Review/Unreadable/2026 - audit_or_assessment_3.docx - 2026 - audit_or_assessment_3.docx.docx - 2026 - audit_or_assessment_3.docx - 2026 - audit_or_assessment_3.docx.docx.docx,.docx,411673,2026-03-09T18:38:12+00:00,0,,converted_ocr/Review/Unreadable/2026 - audit_or_assessment_3.docx - 2026 - audit_or_assessment_3.docx.docx - 2026 - audit_or_assessment_3.docx - 2026 - audit_or_assessment_3.docx.docx.docx.md,,,,ok,
Review/Unreadable/2026 - audit_or_assessment_3.pdf - 2026 - audit_or_assessment_3.pdf.pdf - 2026 - audit_or_assessment_3.pdf - 2026 - audit_or_assessment_3.pdf.pdf.pdf,/mnt/d/LIBRARY/Review/Unreadable/2026 - audit_or_assessment_3.pdf - 2026 - audit_or_assessment_3.pdf.pdf - 2026 - audit_or_assessment_3.pdf - 2026 - audit_or_assessment_3.pdf.pdf.pdf,.pdf,467170,2026-03-07T17:30:46+00:00,30,,converted_ocr/Review/Unreadable/2026 - audit_or_assessment_3.pdf - 2026 - audit_or_assessment_3.pdf.pdf - 2026 - audit_or_assessment_3.pdf - 2026 - audit_or_assessment_3.pdf.pdf.pdf.md,,,,ok,
Review/Unreadable/2026 - audit_or_assessment_4.docx - 2026 - audit_or_assessment_4.docx.docx - 2026 - audit_or_assessment_4.docx - 2026 - audit_or_assessment_4.docx.docx.docx,/mnt/d/LIBRARY/Review/Unreadable/2026 - audit_or_assessment_4.docx - 2026 - audit_or_assessment_4.docx.docx - 2026 - audit_or_assessment_4.docx - 2026 - audit_or_assessment_4.docx.docx.docx,.docx,100860,2026-03-01T01:42:26+00:00,0,,converted_ocr/Review/Unreadable/2026 - audit_or_assessment_4.docx - 2026 - audit_or_assessment_4.docx.docx - 2026 - audit_or_assessment_4.docx - 2026 - audit_or_assessment_4.docx.docx.docx.md,,,,ok,
Review/Unreadable/2026 - audit_or_assessment_4.pdf - 2026 - audit_or_assessment_4.pdf.pdf - 2026 - audit_or_assessment_4.pdf - 2026 - audit_or_assessment_4.pdf.pdf.pdf,/mnt/d/LIBRARY/Review/Unreadable/2026 - audit_or_assessment_4.pdf - 2026 - audit_or_assessment_4.pdf.pdf - 2026 - audit_or_assessment_4.pdf - 2026 - audit_or_assessment_4.pdf.pdf.pdf,.pdf,241977,2026-02-26T13:55:58+00:00,18,,converted_ocr/Review/Unreadable/2026 - audit_or_assessment_4.pdf - 2026 - audit_or_assessment_4.pdf.pdf - 2026 - audit_or_assessment_4.pdf - 2026 - audit_or_assessment_4.pdf.pdf.pdf.md,,,,ok,
Review/Unreadable/2026 - audit_or_assessment_5.docx - 2026 - audit_or_assessment_5.docx.docx - 2026 - audit_or_assessment_5.docx - 2026 - audit_or_assessment_5.docx.docx.docx,/mnt/d/LIBRARY/Review/Unreadable/2026 - audit_or_assessment_5.docx - 2026 - audit_or_assessment_5.docx.docx - 2026 - audit_or_assessment_5.docx - 2026 - audit_or_assessment_5.docx.docx.docx,.docx,29397,2026-02-17T03:28:20+00:00,0,,converted_ocr/Review/Unreadable/2026 - audit_or_assessment_5.docx - 2026 - audit_or_assessment_5.docx.docx - 2026 - audit_or_assessment_5.docx - 2026 - audit_or_assessment_5.docx.docx.docx.md,,,,ok,
Review/Unreadable/2026 - audit_or_assessment_5.pdf - 2026 - audit_or_assessment_5.pdf.pdf - 2026 - audit_or_assessment_5.pdf - 2026 - audit_or_assessment_5.pdf.pdf.pdf,/mnt/d/LIBRARY/Review/Unreadable/2026 - audit_or_assessment_5.pdf - 2026 - audit_or_assessment_5.pdf.pdf - 2026 - audit_or_assessment_5.pdf - 2026 - audit_or_assessment_5.pdf.pdf.pdf,.pdf,234380,2026-02-17T01:38:28+00:00,19,,converted_ocr/Review/Unreadable/2026 - audit_or_assessment_5.pdf - 2026 - audit_or_assessment_5.pdf.pdf - 2026 - audit_or_assessment_5.pdf - 2026 - audit_or_assessment_5.pdf.pdf.pdf.md,,,,ok,
Review/Unreadable/2026 - audit_or_assessment_6.pdf - 2026 - audit_or_assessment_6.pdf.pdf - 2026 - audit_or_assessment_6.pdf - 2026 - audit_or_assessment_6.pdf.pdf.pdf,/mnt/d/LIBRARY/Review/Unreadable/2026 - audit_or_assessment_6.pdf - 2026 - audit_or_assessment_6.pdf.pdf - 2026 - audit_or_assessment_6.pdf - 2026 - audit_or_assessment_6.pdf.pdf.pdf,.pdf,233173,2026-02-17T01:45:48+00:00,25,,converted_ocr/Review/Unreadable/2026 - audit_or_assessment_6.pdf - 2026 - audit_or_assessment_6.pdf.pdf - 2026 - audit_or_assessment_6.pdf - 2026 - audit_or_assessment_6.pdf.pdf.pdf.md,,,,ok,
Review/Unreadable/2026 - book_chapter.docx - 2026 - book_chapter.docx.docx - 2026 - book_chapter.docx - 2026 - book_chapter.docx.docx.docx,/mnt/d/LIBRARY/Review/Unreadable/2026 - book_chapter.docx - 2026 - book_chapter.docx.docx - 2026 - book_chapter.docx - 2026 - book_chapter.docx.docx.docx,.docx,9115,2026-02-24T09:40:22+00:00,0,,converted_ocr/Review/Unreadable/2026 - book_chapter.docx - 2026 - book_chapter.docx.docx - 2026 - book_chapter.docx - 2026 - book_chapter.docx.docx.docx.md,,,,ok,
Review/Unreadable/2026 - Coach House Books.docx - 2026 - Coach House Books.docx.docx - 2026 - Coach House Books.docx - 2026 - Coach House Books.docx.docx.docx,/mnt/d/LIBRARY/Review/Unreadable/2026 - Coach House Books.docx - 2026 - Coach House Books.docx.docx - 2026 - Coach House Books.docx - 2026 - Coach House Books.docx.docx.docx,.docx,8162,2026-01-20T06:44:34+00:00,0,,converted_ocr/Review/Unreadable/2026 - Coach House Books.docx - 2026 - Coach House Books.docx.docx - 2026 - Coach House Books.docx - 2026 - Coach House Books.docx.docx.docx.md,,,,ok,
Review/Unreadable/2026 - CORE-01.docx - 2026 - CORE-01.docx.docx - 2026 - CORE-01.docx - 2026 - CORE-01.docx.docx.docx,/mnt/d/LIBRARY/Review/Unreadable/2026 - CORE-01.docx - 2026 - CORE-01.docx.docx - 2026 - CORE-01.docx - 2026 - CORE-01.docx.docx.docx,.docx,619013,2026-02-11T11:48:10+00:00,0,,converted_ocr/Review/Unreadable/2026 - CORE-01.docx - 2026 - CORE-01.docx.docx - 2026 - CORE-01.docx - 2026 - CORE-01.docx.docx.docx.md,,,,ok,
Review/Unreadable/2026 - correspondence.docx - 2026 - correspondence.docx.docx - 2026 - correspondence.docx - 2026 - correspondence.docx.docx.docx,/mnt/d/LIBRARY/Review/Unreadable/2026 - correspondence.docx - 2026 - correspondence.docx.docx - 2026 - correspondence.docx - 2026 - correspondence.docx.docx.docx,.docx,8199,2026-01-29T21:40:12+00:00,0,,converted_ocr/Review/Unreadable/2026 - correspondence.docx - 2026 - correspondence.docx.docx - 2026 - correspondence.docx - 2026 - correspondence.docx.docx.docx.md,,,,ok,
Review/Unreadable/2026 - cover_letter [2].docx - 2026 - cover_letter [2].docx.docx - 2026 - cover_letter [2].docx - 2026 - cover_letter [2].docx.docx.docx,/mnt/d/LIBRARY/Review/Unreadable/2026 - cover_letter [2].docx - 2026 - cover_letter [2].docx.docx - 2026 - cover_letter [2].docx - 2026 - cover_letter [2].docx.docx.docx,.docx,22180,2026-01-29T21:36:20+00:00,0,,converted_ocr/Review/Unreadable/2026 - cover_letter [2].docx - 2026 - cover_letter [2].docx.docx - 2026 - cover_letter [2].docx - 2026 - cover_letter [2].docx.docx.docx.md,,,,ok,
Review/Unreadable/2026 - cover_letter.docx - 2026 - cover_letter.docx.docx - 2026 - cover_letter.docx - 2026 - cover_letter.docx.docx.docx,/mnt/d/LIBRARY/Review/Unreadable/2026 - cover_letter.docx - 2026 - cover_letter.docx.docx - 2026 - cover_letter.docx - 2026 - cover_letter.docx.docx.docx,.docx,22180,2026-01-29T21:35:02+00:00,0,,converted_ocr/Review/Unreadable/2026 - cover_letter.docx - 2026 - cover_letter.docx.docx - 2026 - cover_letter.docx - 2026 - cover_letter.docx.docx.docx.md,,,,ok,
Review/Unreadable/2026 - cover_letter_1.docx - 2026 - cover_letter_1.docx.docx - 2026 - cover_letter_1.docx - 2026 - cover_letter_1.docx.docx.docx,/mnt/d/LIBRARY/Review/Unreadable/2026 - cover_letter_1.docx - 2026 - cover_letter_1.docx.docx - 2026 - cover_letter_1.docx - 2026 - cover_letter_1.docx.docx.docx,.docx,39188,2026-01-28T23:19:48+00:00,0,,converted_ocr/Review/Unreadable/2026 - cover_letter_1.docx - 2026 - cover_letter_1.docx.docx - 2026 - cover_letter_1.docx - 2026 - cover_letter_1.docx.docx.docx.md,,,,ok,
Review/Unreadable/2026 - Crip Method.docx - 2026 - Crip Method.docx.docx - 2026 - Crip Method.docx - 2026 - Crip Method.docx.docx.docx,/mnt/d/LIBRARY/Review/Unreadable/2026 - Crip Method.docx - 2026 - Crip Method.docx.docx - 2026 - Crip Method.docx - 2026 - Crip Method.docx.docx.docx,.docx,32433,2026-02-14T13:07:10+00:00,0,,converted_ocr/Review/Unreadable/2026 - Crip Method.docx - 2026 - Crip Method.docx.docx - 2026 - Crip Method.docx - 2026 - Crip Method.docx.docx.docx.md,,,,ok,
Review/Unreadable/2026 - ELITS.pdf - 2026 - ELITS.pdf.pdf - 2026 - ELITS.pdf - 2026 - ELITS.pdf.pdf.pdf,/mnt/d/LIBRARY/Review/Unreadable/2026 - ELITS.pdf - 2026 - ELITS.pdf.pdf - 2026 - ELITS.pdf - 2026 - ELITS.pdf.pdf.pdf,.pdf,77612,2026-02-20T02:08:38+00:00,1,,converted_ocr/Review/Unreadable/2026 - ELITS.pdf - 2026 - ELITS.pdf.pdf - 2026 - ELITS.pdf - 2026 - ELITS.pdf.pdf.pdf.md,,,,ok,
Review/Unreadable/2026 - HOL---Governance-Wiki-Worksheet.pdf - 2026 - HOL---Governance-Wiki-Worksheet.pdf.pdf - 2026 - HOL---Governance-Wiki-Worksheet.pdf - 2026 - HOL---Governance-Wiki-Worksheet.pdf.pdf.pdf,/mnt/d/LIBRARY/Review/Unreadable/2026 - HOL---Governance-Wiki-Worksheet.pdf - 2026 - HOL---Governance-Wiki-Worksheet.pdf.pdf - 2026 - HOL---Governance-Wiki-Worksheet.pdf - 2026 - HOL---Governance-Wiki-Worksheet.pdf.pdf.pdf,.pdf,64081,2026-02-02T15:44:42+00:00,3,,converted_ocr/Review/Unreadable/2026 - HOL---Governance-Wiki-Worksheet.pdf - 2026 - HOL---Governance-Wiki-Worksheet.pdf.pdf - 2026 - HOL---Governance-Wi__ad4ecb2b26fe.md,,,,ok,
Review/Unreadable/2026 - Introduction.docx - 2026 - Introduction.docx.docx - 2026 - Introduction.docx - 2026 - Introduction.docx.docx.docx,/mnt/d/LIBRARY/Review/Unreadable/2026 - Introduction.docx - 2026 - Introduction.docx.docx - 2026 - Introduction.docx - 2026 - Introduction.docx.docx.docx,.docx,31377,2026-01-19T03:27:40+00:00,0,,converted_ocr/Review/Unreadable/2026 - Introduction.docx - 2026 - Introduction.docx.docx - 2026 - Introduction.docx - 2026 - Introduction.docx.docx.docx.md,,,,ok,
Review/Unreadable/2026 - ISSN 2666-6596 ScienceDirect.com b.pdf - 2026 - ISSN 2666-6596 ScienceDirect.com b.pdf.pdf - 2026 - ISSN 2666-6596 ScienceDirect.com b.pdf - 2026 - ISSN 2666-6596 ScienceDirect.com b.pdf.pdf.pdf,/mnt/d/LIBRARY/Review/Unreadable/2026 - ISSN 2666-6596 ScienceDirect.com b.pdf - 2026 - ISSN 2666-6596 ScienceDirect.com b.pdf.pdf - 2026 - ISSN 2666-6596 ScienceDirect.com b.pdf - 2026 - ISSN 2666-6596 ScienceDirect.com b.pdf.pdf.pdf,.pdf,9598107,2026-02-28T19:11:24+00:00,25,,converted_ocr/Review/Unreadable/2026 - ISSN 2666-6596 ScienceDirect.com b.pdf - 2026 - ISSN 2666-6596 ScienceDirect.com b.pdf.pdf - 2026 - ISSN 2666-659__5b7a848b9241.md,,,,ok,
Review/Unreadable/2026 - job_application.pdf - 2026 - job_application.pdf.pdf - 2026 - job_application.pdf - 2026 - job_application.pdf.pdf.pdf,/mnt/d/LIBRARY/Review/Unreadable/2026 - job_application.pdf - 2026 - job_application.pdf.pdf - 2026 - job_application.pdf - 2026 - job_application.pdf.pdf.pdf,.pdf,70208,2026-02-04T23:01:32+00:00,1,,converted_ocr/Review/Unreadable/2026 - job_application.pdf - 2026 - job_application.pdf.pdf - 2026 - job_application.pdf - 2026 - job_application.pdf.pdf.pdf.md,,,,ok,
Review/Unreadable/2026 - job_application_1.pdf - 2026 - job_application_1.pdf.pdf - 2026 - job_application_1.pdf - 2026 - job_application_1.pdf.pdf.pdf,/mnt/d/LIBRARY/Review/Unreadable/2026 - job_application_1.pdf - 2026 - job_application_1.pdf.pdf - 2026 - job_application_1.pdf - 2026 - job_application_1.pdf.pdf.pdf,.pdf,74654,2026-02-05T00:51:56+00:00,1,,converted_ocr/Review/Unreadable/2026 - job_application_1.pdf - 2026 - job_application_1.pdf.pdf - 2026 - job_application_1.pdf - 2026 - job_application_1.pdf.pdf.pdf.md,,,,ok,
Review/Unreadable/2026 - job_application_2.pdf - 2026 - job_application_2.pdf.pdf - 2026 - job_application_2.pdf - 2026 - job_application_2.pdf.pdf.pdf,/mnt/d/LIBRARY/Review/Unreadable/2026 - job_application_2.pdf - 2026 - job_application_2.pdf.pdf - 2026 - job_application_2.pdf - 2026 - job_application_2.pdf.pdf.pdf,.pdf,78344,2026-02-05T03:53:46+00:00,1,,converted_ocr/Review/Unreadable/2026 - job_application_2.pdf - 2026 - job_application_2.pdf.pdf - 2026 - job_application_2.pdf - 2026 - job_application_2.pdf.pdf.pdf.md,,,,ok,
Review/Unreadable/2026 - job_application_3.pdf - 2026 - job_application_3.pdf.pdf - 2026 - job_application_3.pdf - 2026 - job_application_3.pdf.pdf.pdf,/mnt/d/LIBRARY/Review/Unreadable/2026 - job_application_3.pdf - 2026 - job_application_3.pdf.pdf - 2026 - job_application_3.pdf - 2026 - job_application_3.pdf.pdf.pdf,.pdf,62844,2026-02-05T00:32:48+00:00,1,,converted_ocr/Review/Unreadable/2026 - job_application_3.pdf - 2026 - job_application_3.pdf.pdf - 2026 - job_application_3.pdf - 2026 - job_application_3.pdf.pdf.pdf.md,,,,ok,
Review/Unreadable/2026 - journal_article.pdf - 2026 - journal_article.pdf.pdf - 2026 - journal_article.pdf - 2026 - journal_article.pdf.pdf.pdf,/mnt/d/LIBRARY/Review/Unreadable/2026 - journal_article.pdf - 2026 - journal_article.pdf.pdf - 2026 - journal_article.pdf - 2026 - journal_article.pdf.pdf.pdf,.pdf,2080639,2026-02-10T13:58:48+00:00,31,,converted_ocr/Review/Unreadable/2026 - journal_article.pdf - 2026 - journal_article.pdf.pdf - 2026 - journal_article.pdf - 2026 - journal_article.pdf.pdf.pdf.md,,10.1038/s41562-021-01236-z;10.1111/1745-9125.12300;10.2307/48738492;10.7758/RSF.2023;10.7758/RSF.2023.9.4.05;10.7758/RSF.2023.9.5.01,,ok,
Review/Unreadable/2026 - journal_article_1.pdf - 2026 - journal_article_1.pdf.pdf - 2026 - journal_article_1.pdf - 2026 - journal_article_1.pdf.pdf.pdf,/mnt/d/LIBRARY/Review/Unreadable/2026 - journal_article_1.pdf - 2026 - journal_article_1.pdf.pdf - 2026 - journal_article_1.pdf - 2026 - journal_article_1.pdf.pdf.pdf,.pdf,1567408,2026-02-06T18:29:52+00:00,68,,converted_ocr/Review/Unreadable/2026 - journal_article_1.pdf - 2026 - journal_article_1.pdf.pdf - 2026 - journal_article_1.pdf - 2026 - journal_article_1.pdf.pdf.pdf.md,,10.1037/ppm0000185;10.1097/PHM.0000000000001435,,ok,
Review/Unreadable/2026 - legal_or_contract.docx - 2026 - legal_or_contract.docx.docx - 2026 - legal_or_contract.docx - 2026 - legal_or_contract.docx.docx.docx,/mnt/d/LIBRARY/Review/Unreadable/2026 - legal_or_contract.docx - 2026 - legal_or_contract.docx.docx - 2026 - legal_or_contract.docx - 2026 - legal_or_contract.docx.docx.docx,.docx,13348,2026-02-08T03:52:48+00:00,0,,converted_ocr/Review/Unreadable/2026 - legal_or_contract.docx - 2026 - legal_or_contract.docx.docx - 2026 - legal_or_contract.docx - 2026 - legal_or_contract.docx.docx.docx.md,,,,ok,
Review/Unreadable/2026 - Martin Lepage - audit_or_assessment [2].docx - 2026 - Martin Le - 2026 - Martin Lepage - audit_or_assessment [2].docx - 2026 - Martin Lepage - audit_or_assessment [2].docx.docx.docx,/mnt/d/LIBRARY/Review/Unreadable/2026 - Martin Lepage - audit_or_assessment [2].docx - 2026 - Martin Le - 2026 - Martin Lepage - audit_or_assessment [2].docx - 2026 - Martin Lepage - audit_or_assessment [2].docx.docx.docx,.docx,11593,2026-02-20T01:28:52+00:00,0,,converted_ocr/Review/Unreadable/2026 - Martin Lepage - audit_or_assessment [2].docx - 2026 - Martin Le - 2026 - Martin Lepage - audit_or_assessment [2].__af762081f5fc.md,,,,ok,
Review/Unreadable/2026 - Martin Lepage - audit_or_assessment [2].pdf - 2026 - Martin Lep - 2026 - Martin Lepage - audit_or_assessment [2].pdf - 2026 - Martin Lepage - audit_or_assessment [2].pdf.pdf.pdf,/mnt/d/LIBRARY/Review/Unreadable/2026 - Martin Lepage - audit_or_assessment [2].pdf - 2026 - Martin Lep - 2026 - Martin Lepage - audit_or_assessment [2].pdf - 2026 - Martin Lepage - audit_or_assessment [2].pdf.pdf.pdf,.pdf,122180,2026-02-04T21:54:30+00:00,2,,converted_ocr/Review/Unreadable/2026 - Martin Lepage - audit_or_assessment [2].pdf - 2026 - Martin Lep - 2026 - Martin Lepage - audit_or_assessment [2].__b72e7e2d76d2.md,,,,ok,
Review/Unreadable/2026 - Martin Lepage - audit_or_assessment [3].pdf - 2026 - Martin Lep - 2026 - Martin Lepage - audit_or_assessment [3].pdf - 2026 - Martin Lepage - audit_or_assessment [3].pdf.pdf.pdf,/mnt/d/LIBRARY/Review/Unreadable/2026 - Martin Lepage - audit_or_assessment [3].pdf - 2026 - Martin Lep - 2026 - Martin Lepage - audit_or_assessment [3].pdf - 2026 - Martin Lepage - audit_or_assessment [3].pdf.pdf.pdf,.pdf,129341,2026-02-04T22:12:26+00:00,3,,converted_ocr/Review/Unreadable/2026 - Martin Lepage - audit_or_assessment [3].pdf - 2026 - Martin Lep - 2026 - Martin Lepage - audit_or_assessment [3].__0b4f73a1ad4c.md,,,,ok,
Review/Unreadable/2026 - Martin Lepage - audit_or_assessment.docx - 2026 - Martin Lepage - audit_or_assessment.docx.docx - 2026 - Martin Lepage - audit_or_assessment.docx - 2026 - Martin Lepage - audit_or_assessment.docx.docx.docx,/mnt/d/LIBRARY/Review/Unreadable/2026 - Martin Lepage - audit_or_assessment.docx - 2026 - Martin Lepage - audit_or_assessment.docx.docx - 2026 - Martin Lepage - audit_or_assessment.docx - 2026 - Martin Lepage - audit_or_assessment.docx.docx.docx,.docx,11384,2026-02-20T00:39:22+00:00,0,,converted_ocr/Review/Unreadable/2026 - Martin Lepage - audit_or_assessment.docx - 2026 - Martin Lepage - audit_or_assessment.docx.docx - 2026 - Martin L__0fa9fb035092.md,,,,ok,
Review/Unreadable/2026 - Martin Lepage - audit_or_assessment.pdf - 2026 - Martin Lepage - audit_or_assessment.pdf.pdf - 2026 - Martin Lepage - audit_or_assessment.pdf - 2026 - Martin Lepage - audit_or_assessment.pdf.pdf.pdf,/mnt/d/LIBRARY/Review/Unreadable/2026 - Martin Lepage - audit_or_assessment.pdf - 2026 - Martin Lepage - audit_or_assessment.pdf.pdf - 2026 - Martin Lepage - audit_or_assessment.pdf - 2026 - Martin Lepage - audit_or_assessment.pdf.pdf.pdf,.pdf,125922,2026-02-22T14:26:42+00:00,2,,converted_ocr/Review/Unreadable/2026 - Martin Lepage - audit_or_assessment.pdf - 2026 - Martin Lepage - audit_or_assessment.pdf.pdf - 2026 - Martin Lepa__ca698638c419.md,,,,ok,
Review/Unreadable/2026 - Martin Lepage - audit_or_assessment_1.pdf - 2026 - Martin Lepage - audit_or_assessment_1.pdf.pdf - 2026 - Martin Lepage - audit_or_assessment_1.pdf - 2026 - Martin Lepage - audit_or_assessment_1.pdf.pdf.pdf,/mnt/d/LIBRARY/Review/Unreadable/2026 - Martin Lepage - audit_or_assessment_1.pdf - 2026 - Martin Lepage - audit_or_assessment_1.pdf.pdf - 2026 - Martin Lepage - audit_or_assessment_1.pdf - 2026 - Martin Lepage - audit_or_assessment_1.pdf.pdf.pdf,.pdf,141334,2026-02-20T01:45:56+00:00,3,,converted_ocr/Review/Unreadable/2026 - Martin Lepage - audit_or_assessment_1.pdf - 2026 - Martin Lepage - audit_or_assessment_1.pdf.pdf - 2026 - Martin__0c569c989645.md,,,,ok,
"Review/Unreadable/2026 - Martin Lepage - Feb 4, 2026.pdf - 2026 - Martin Lepage - Feb 4, 2026.pdf.pdf - 2026 - Martin Lepage - Feb 4, 2026.pdf - 2026 - Martin Lepage - Feb 4, 2026.pdf.pdf.pdf","/mnt/d/LIBRARY/Review/Unreadable/2026 - Martin Lepage - Feb 4, 2026.pdf - 2026 - Martin Lepage - Feb 4, 2026.pdf.pdf - 2026 - Martin Lepage - Feb 4, 2026.pdf - 2026 - Martin Lepage - Feb 4, 2026.pdf.pdf.pdf",.pdf,292604,2026-02-04T08:54:00+00:00,1,,"converted_ocr/Review/Unreadable/2026 - Martin Lepage - Feb 4, 2026.pdf - 2026 - Martin Lepage - Feb 4, 2026.pdf.pdf - 2026 - Martin Lepage - Feb 4, 2026__56d75e997ea7.md",,,,ok,
"Review/Unreadable/2026 - Martin Lepage - J an 28 , 2026 [2].pdf - 2026 - Martin Lepage - J an 28 , 2026 [2].pdf.pdf - 2026 - Martin Lepage - J an 28 , 2026 [2].pdf - 2026 - Martin Lepage - J an 28 , 2026 [2].pdf.pdf.pdf","/mnt/d/LIBRARY/Review/Unreadable/2026 - Martin Lepage - J an 28 , 2026 [2].pdf - 2026 - Martin Lepage - J an 28 , 2026 [2].pdf.pdf - 2026 - Martin Lepage - J an 28 , 2026 [2].pdf - 2026 - Martin Lepage - J an 28 , 2026 [2].pdf.pdf.pdf",.pdf,288654,2026-01-28T22:31:18+00:00,1,,"converted_ocr/Review/Unreadable/2026 - Martin Lepage - J an 28 , 2026 [2].pdf - 2026 - Martin Lepage - J an 28 , 2026 [2].pdf.pdf - 2026 - Martin Lepage__feb51578023c.md",,,,ok,
"Review/Unreadable/2026 - Martin Lepage - J an 28 , 2026.pdf - 2026 - Martin Lepage - J an 28 , 2026.pdf.pdf - 2026 - Martin Lepage - J an 28 , 2026.pdf - 2026 - Martin Lepage - J an 28 , 2026.pdf.pdf.pdf","/mnt/d/LIBRARY/Review/Unreadable/2026 - Martin Lepage - J an 28 , 2026.pdf - 2026 - Martin Lepage - J an 28 , 2026.pdf.pdf - 2026 - Martin Lepage - J an 28 , 2026.pdf - 2026 - Martin Lepage - J an 28 , 2026.pdf.pdf.pdf",.pdf,288331,2026-01-28T22:17:04+00:00,1,,"converted_ocr/Review/Unreadable/2026 - Martin Lepage - J an 28 , 2026.pdf - 2026 - Martin Lepage - J an 28 , 2026.pdf.pdf - 2026 - Martin Lepage - J an__22f20d6bc5eb.md",,,,ok,
"Review/Unreadable/2026 - Martin Lepage - J an 29, 2026.pdf - 2026 - Martin Lepage - J an 29, 2026.pdf.pdf - 2026 - Martin Lepage - J an 29, 2026.pdf - 2026 - Martin Lepage - J an 29, 2026.pdf.pdf.pdf","/mnt/d/LIBRARY/Review/Unreadable/2026 - Martin Lepage - J an 29, 2026.pdf - 2026 - Martin Lepage - J an 29, 2026.pdf.pdf - 2026 - Martin Lepage - J an 29, 2026.pdf - 2026 - Martin Lepage - J an 29, 2026.pdf.pdf.pdf",.pdf,351684,2026-01-29T23:38:20+00:00,1,,"converted_ocr/Review/Unreadable/2026 - Martin Lepage - J an 29, 2026.pdf - 2026 - Martin Lepage - J an 29, 2026.pdf.pdf - 2026 - Martin Lepage - J an 29__3ba48b30ba9d.md",,,,ok,
Review/Unreadable/2026 - Martin Lepage - ocr_needed.pdf - 2026 - Martin Lepage - ocr_needed.pdf.pdf - 2026 - Martin Lepage - ocr_needed.pdf - 2026 - Martin Lepage - ocr_needed.pdf.pdf.pdf,/mnt/d/LIBRARY/Review/Unreadable/2026 - Martin Lepage - ocr_needed.pdf - 2026 - Martin Lepage - ocr_needed.pdf.pdf - 2026 - Martin Lepage - ocr_needed.pdf - 2026 - Martin Lepage - ocr_needed.pdf.pdf.pdf,.pdf,15540720,2026-01-20T05:33:08+00:00,34,"[1, 34]",converted_ocr/Review/Unreadable/2026 - Martin Lepage - ocr_needed.pdf - 2026 - Martin Lepage - ocr_needed.pdf.pdf - 2026 - Martin Lepage - ocr_needed.pd__50e57bbd4b24.md,text/Review/Unreadable/2026 - Martin Lepage - ocr_needed.pdf - 2026 - Martin Lepage - ocr_needed.pdf.pdf - 2026 - Martin Lepage - ocr_needed.pd__50e57bbd4b24.ocr.txt,,,ok,
Review/Unreadable/2026 - Martin Lepage - ocr_needed_1.pdf - 2026 - Martin Lepage - ocr_needed_1.pdf.pdf - 2026 - Martin Lepage - ocr_needed_1.pdf - 2026 - Martin Lepage - ocr_needed_1.pdf.pdf.pdf,/mnt/d/LIBRARY/Review/Unreadable/2026 - Martin Lepage - ocr_needed_1.pdf - 2026 - Martin Lepage - ocr_needed_1.pdf.pdf - 2026 - Martin Lepage - ocr_needed_1.pdf - 2026 - Martin Lepage - ocr_needed_1.pdf.pdf.pdf,.pdf,84008,2026-01-30T21:36:12+00:00,2,"[1, 2]",converted_ocr/Review/Unreadable/2026 - Martin Lepage - ocr_needed_1.pdf - 2026 - Martin Lepage - ocr_needed_1.pdf.pdf - 2026 - Martin Lepage - ocr_neede__5fd676405def.md,text/Review/Unreadable/2026 - Martin Lepage - ocr_needed_1.pdf - 2026 - Martin Lepage - ocr_needed_1.pdf.pdf - 2026 - Martin Lepage - ocr_neede__5fd676405def.ocr.txt,,,ok,
Review/Unreadable/2026 - Martin Lepage - policy_or_guidance.pdf - 2026 - Martin Lepage - policy_or_guidance.pdf.pdf - 2026 - Martin Lepage - policy_or_guidance.pdf - 2026 - Martin Lepage - policy_or_guidance.pdf.pdf.pdf,/mnt/d/LIBRARY/Review/Unreadable/2026 - Martin Lepage - policy_or_guidance.pdf - 2026 - Martin Lepage - policy_or_guidance.pdf.pdf - 2026 - Martin Lepage - policy_or_guidance.pdf - 2026 - Martin Lepage - policy_or_guidance.pdf.pdf.pdf,.pdf,47098,2026-02-05T00:20:06+00:00,1,,converted_ocr/Review/Unreadable/2026 - Martin Lepage - policy_or_guidance.pdf - 2026 - Martin Lepage - policy_or_guidance.pdf.pdf - 2026 - Martin Lepage__167779e435e3.md,,,,ok,
Review/Unreadable/2026 - Martin Lepage - report.pdf - 2026 - Martin Lepage - report.pdf.pdf - 2026 - Martin Lepage - report.pdf - 2026 - Martin Lepage - report.pdf.pdf.pdf,/mnt/d/LIBRARY/Review/Unreadable/2026 - Martin Lepage - report.pdf - 2026 - Martin Lepage - report.pdf.pdf - 2026 - Martin Lepage - report.pdf - 2026 - Martin Lepage - report.pdf.pdf.pdf,.pdf,76205,2026-01-30T19:13:14+00:00,2,,converted_ocr/Review/Unreadable/2026 - Martin Lepage - report.pdf - 2026 - Martin Lepage - report.pdf.pdf - 2026 - Martin Lepage - report.pdf - 2026 - Martin Lepage - report.pdf.pdf.pdf.md,,,,ok,
"Review/Unreadable/2026 - Martin Lepage, PhD.docx - 2026 - Martin Lepage, PhD.docx.docx - 2026 - Martin Lepage, PhD.docx - 2026 - Martin Lepage, PhD.docx.docx.docx","/mnt/d/LIBRARY/Review/Unreadable/2026 - Martin Lepage, PhD.docx - 2026 - Martin Lepage, PhD.docx.docx - 2026 - Martin Lepage, PhD.docx - 2026 - Martin Lepage, PhD.docx.docx.docx",.docx,7026,2026-01-19T08:17:26+00:00,0,,"converted_ocr/Review/Unreadable/2026 - Martin Lepage, PhD.docx - 2026 - Martin Lepage, PhD.docx.docx - 2026 - Martin Lepage, PhD.docx - 2026 - Martin Lepage, PhD.docx.docx.docx.md",,,,ok,
Review/Unreadable/2026 - notes_or_journal.docx - 2026 - notes_or_journal.docx.docx - 2026 - notes_or_journal.docx - 2026 - notes_or_journal.docx.docx.docx,/mnt/d/LIBRARY/Review/Unreadable/2026 - notes_or_journal.docx - 2026 - notes_or_journal.docx.docx - 2026 - notes_or_journal.docx - 2026 - notes_or_journal.docx.docx.docx,.docx,8855,2026-02-02T16:37:08+00:00,0,,converted_ocr/Review/Unreadable/2026 - notes_or_journal.docx - 2026 - notes_or_journal.docx.docx - 2026 - notes_or_journal.docx - 2026 - notes_or_journal.docx.docx.docx.md,,,,ok,
Review/Unreadable/2026 - notes_or_journal.pdf - 2026 - notes_or_journal.pdf.pdf - 2026 - notes_or_journal.pdf - 2026 - notes_or_journal.pdf.pdf.pdf,/mnt/d/LIBRARY/Review/Unreadable/2026 - notes_or_journal.pdf - 2026 - notes_or_journal.pdf.pdf - 2026 - notes_or_journal.pdf - 2026 - notes_or_journal.pdf.pdf.pdf,.pdf,168476,2026-01-28T22:10:24+00:00,3,"[1, 2, 3]",converted_ocr/Review/Unreadable/2026 - notes_or_journal.pdf - 2026 - notes_or_journal.pdf.pdf - 2026 - notes_or_journal.pdf - 2026 - notes_or_journal.pdf.pdf.pdf.md,text/Review/Unreadable/2026 - notes_or_journal.pdf - 2026 - notes_or_journal.pdf.pdf - 2026 - notes_or_journal.pdf - 2026 - notes_or_journal.pdf.pdf.pdf.ocr.txt,,,ok,
Review/Unreadable/2026 - ocr_needed.pdf - 2026 - ocr_needed.pdf.pdf - 2026 - ocr_needed.pdf - 2026 - ocr_needed.pdf.pdf.pdf,/mnt/d/LIBRARY/Review/Unreadable/2026 - ocr_needed.pdf - 2026 - ocr_needed.pdf.pdf - 2026 - ocr_needed.pdf - 2026 - ocr_needed.pdf.pdf.pdf,.pdf,651520,2026-02-03T18:03:42+00:00,3,"[1, 2, 3]",converted_ocr/Review/Unreadable/2026 - ocr_needed.pdf - 2026 - ocr_needed.pdf.pdf - 2026 - ocr_needed.pdf - 2026 - ocr_needed.pdf.pdf.pdf.md,text/Review/Unreadable/2026 - ocr_needed.pdf - 2026 - ocr_needed.pdf.pdf - 2026 - ocr_needed.pdf - 2026 - ocr_needed.pdf.pdf.pdf.ocr.txt,,,ok,
Review/Unreadable/2026 - ocr_needed_10.pdf - 2026 - ocr_needed_10.pdf.pdf - 2026 - ocr_needed_10.pdf - 2026 - ocr_needed_10.pdf.pdf.pdf,/mnt/d/LIBRARY/Review/Unreadable/2026 - ocr_needed_10.pdf - 2026 - ocr_needed_10.pdf.pdf - 2026 - ocr_needed_10.pdf - 2026 - ocr_needed_10.pdf.pdf.pdf,.pdf,4429068,2026-02-23T21:40:38+00:00,10,"[1, 10]",converted_ocr/Review/Unreadable/2026 - ocr_needed_10.pdf - 2026 - ocr_needed_10.pdf.pdf - 2026 - ocr_needed_10.pdf - 2026 - ocr_needed_10.pdf.pdf.pdf.md,text/Review/Unreadable/2026 - ocr_needed_10.pdf - 2026 - ocr_needed_10.pdf.pdf - 2026 - ocr_needed_10.pdf - 2026 - ocr_needed_10.pdf.pdf.pdf.ocr.txt,,,ok,
Review/Unreadable/2026 - ocr_needed_11.pdf - 2026 - ocr_needed_11.pdf.pdf - 2026 - ocr_needed_11.pdf - 2026 - ocr_needed_11.pdf.pdf.pdf,/mnt/d/LIBRARY/Review/Unreadable/2026 - ocr_needed_11.pdf - 2026 - ocr_needed_11.pdf.pdf - 2026 - ocr_needed_11.pdf - 2026 - ocr_needed_11.pdf.pdf.pdf,.pdf,26662388,2026-02-09T13:54:22+00:00,33,"[1, 33]",converted_ocr/Review/Unreadable/2026 - ocr_needed_11.pdf - 2026 - ocr_needed_11.pdf.pdf - 2026 - ocr_needed_11.pdf - 2026 - ocr_needed_11.pdf.pdf.pdf.md,text/Review/Unreadable/2026 - ocr_needed_11.pdf - 2026 - ocr_needed_11.pdf.pdf - 2026 - ocr_needed_11.pdf - 2026 - ocr_needed_11.pdf.pdf.pdf.ocr.txt,,,ok,
Review/Unreadable/2026 - ocr_needed_12.pdf - 2026 - ocr_needed_12.pdf.pdf - 2026 - ocr_needed_12.pdf - 2026 - ocr_needed_12.pdf.pdf.pdf,/mnt/d/LIBRARY/Review/Unreadable/2026 - ocr_needed_12.pdf - 2026 - ocr_needed_12.pdf.pdf - 2026 - ocr_needed_12.pdf - 2026 - ocr_needed_12.pdf.pdf.pdf,.pdf,3887114,2026-01-28T22:14:18+00:00,23,"[1, 23]",converted_ocr/Review/Unreadable/2026 - ocr_needed_12.pdf - 2026 - ocr_needed_12.pdf.pdf - 2026 - ocr_needed_12.pdf - 2026 - ocr_needed_12.pdf.pdf.pdf.md,text/Review/Unreadable/2026 - ocr_needed_12.pdf - 2026 - ocr_needed_12.pdf.pdf - 2026 - ocr_needed_12.pdf - 2026 - ocr_needed_12.pdf.pdf.pdf.ocr.txt,,,ok,
Review/Unreadable/2026 - ocr_needed_13.pdf - 2026 - ocr_needed_13.pdf.pdf - 2026 - ocr_needed_13.pdf - 2026 - ocr_needed_13.pdf.pdf.pdf,/mnt/d/LIBRARY/Review/Unreadable/2026 - ocr_needed_13.pdf - 2026 - ocr_needed_13.pdf.pdf - 2026 - ocr_needed_13.pdf - 2026 - ocr_needed_13.pdf.pdf.pdf,.pdf,6943608,2026-02-12T18:59:30+00:00,25,"[1, 25]",converted_ocr/Review/Unreadable/2026 - ocr_needed_13.pdf - 2026 - ocr_needed_13.pdf.pdf - 2026 - ocr_needed_13.pdf - 2026 - ocr_needed_13.pdf.pdf.pdf.md,text/Review/Unreadable/2026 - ocr_needed_13.pdf - 2026 - ocr_needed_13.pdf.pdf - 2026 - ocr_needed_13.pdf - 2026 - ocr_needed_13.pdf.pdf.pdf.ocr.txt,,,ok,
Review/Unreadable/2026 - ocr_needed_14.pdf - 2026 - ocr_needed_14.pdf.pdf - 2026 - ocr_needed_14.pdf - 2026 - ocr_needed_14.pdf.pdf.pdf,/mnt/d/LIBRARY/Review/Unreadable/2026 - ocr_needed_14.pdf - 2026 - ocr_needed_14.pdf.pdf - 2026 - ocr_needed_14.pdf - 2026 - ocr_needed_14.pdf.pdf.pdf,.pdf,3363119,2026-02-25T23:50:28+00:00,5,"[1, 2, 3, 4, 5]",converted_ocr/Review/Unreadable/2026 - ocr_needed_14.pdf - 2026 - ocr_needed_14.pdf.pdf - 2026 - ocr_needed_14.pdf - 2026 - ocr_needed_14.pdf.pdf.pdf.md,text/Review/Unreadable/2026 - ocr_needed_14.pdf - 2026 - ocr_needed_14.pdf.pdf - 2026 - ocr_needed_14.pdf - 2026 - ocr_needed_14.pdf.pdf.pdf.ocr.txt,,,ok,
Review/Unreadable/2026 - ocr_needed_15.pdf - 2026 - ocr_needed_15.pdf.pdf - 2026 - ocr_needed_15.pdf - 2026 - ocr_needed_15.pdf.pdf.pdf,/mnt/d/LIBRARY/Review/Unreadable/2026 - ocr_needed_15.pdf - 2026 - ocr_needed_15.pdf.pdf - 2026 - ocr_needed_15.pdf - 2026 - ocr_needed_15.pdf.pdf.pdf,.pdf,1094377,2026-01-28T22:12:52+00:00,6,"[1, 2, 3, 4, 5, 6]",converted_ocr/Review/Unreadable/2026 - ocr_needed_15.pdf - 2026 - ocr_needed_15.pdf.pdf - 2026 - ocr_needed_15.pdf - 2026 - ocr_needed_15.pdf.pdf.pdf.md,text/Review/Unreadable/2026 - ocr_needed_15.pdf - 2026 - ocr_needed_15.pdf.pdf - 2026 - ocr_needed_15.pdf - 2026 - ocr_needed_15.pdf.pdf.pdf.ocr.txt,,,ok,
Review/Unreadable/2026 - ocr_needed_2.pdf - 2026 - ocr_needed_2.pdf.pdf - 2026 - ocr_needed_2.pdf - 2026 - ocr_needed_2.pdf.pdf.pdf,/mnt/d/LIBRARY/Review/Unreadable/2026 - ocr_needed_2.pdf - 2026 - ocr_needed_2.pdf.pdf - 2026 - ocr_needed_2.pdf - 2026 - ocr_needed_2.pdf.pdf.pdf,.pdf,13746824,2026-02-09T20:25:20+00:00,47,"[1, 47]",converted_ocr/Review/Unreadable/2026 - ocr_needed_2.pdf - 2026 - ocr_needed_2.pdf.pdf - 2026 - ocr_needed_2.pdf - 2026 - ocr_needed_2.pdf.pdf.pdf.md,text/Review/Unreadable/2026 - ocr_needed_2.pdf - 2026 - ocr_needed_2.pdf.pdf - 2026 - ocr_needed_2.pdf - 2026 - ocr_needed_2.pdf.pdf.pdf.ocr.txt,,,ok,
Review/Unreadable/2026 - ocr_needed_3.pdf - 2026 - ocr_needed_3.pdf.pdf - 2026 - ocr_needed_3.pdf - 2026 - ocr_needed_3.pdf.pdf.pdf,/mnt/d/LIBRARY/Review/Unreadable/2026 - ocr_needed_3.pdf - 2026 - ocr_needed_3.pdf.pdf - 2026 - ocr_needed_3.pdf - 2026 - ocr_needed_3.pdf.pdf.pdf,.pdf,1181874,2026-02-14T10:55:46+00:00,5,"[1, 2, 3, 4, 5]",converted_ocr/Review/Unreadable/2026 - ocr_needed_3.pdf - 2026 - ocr_needed_3.pdf.pdf - 2026 - ocr_needed_3.pdf - 2026 - ocr_needed_3.pdf.pdf.pdf.md,text/Review/Unreadable/2026 - ocr_needed_3.pdf - 2026 - ocr_needed_3.pdf.pdf - 2026 - ocr_needed_3.pdf - 2026 - ocr_needed_3.pdf.pdf.pdf.ocr.txt,,,ok,
Review/Unreadable/2026 - ocr_needed_4.pdf - 2026 - ocr_needed_4.pdf.pdf - 2026 - ocr_needed_4.pdf - 2026 - ocr_needed_4.pdf.pdf.pdf,/mnt/d/LIBRARY/Review/Unreadable/2026 - ocr_needed_4.pdf - 2026 - ocr_needed_4.pdf.pdf - 2026 - ocr_needed_4.pdf - 2026 - ocr_needed_4.pdf.pdf.pdf,.pdf,13556040,2026-02-23T21:34:22+00:00,5,"[1, 2, 3, 4, 5]",converted_ocr/Review/Unreadable/2026 - ocr_needed_4.pdf - 2026 - ocr_needed_4.pdf.pdf - 2026 - ocr_needed_4.pdf - 2026 - ocr_needed_4.pdf.pdf.pdf.md,text/Review/Unreadable/2026 - ocr_needed_4.pdf - 2026 - ocr_needed_4.pdf.pdf - 2026 - ocr_needed_4.pdf - 2026 - ocr_needed_4.pdf.pdf.pdf.ocr.txt,,,ok,
Review/Unreadable/2026 - ocr_needed_5.pdf - 2026 - ocr_needed_5.pdf.pdf - 2026 - ocr_needed_5.pdf - 2026 - ocr_needed_5.pdf.pdf.pdf,/mnt/d/LIBRARY/Review/Unreadable/2026 - ocr_needed_5.pdf - 2026 - ocr_needed_5.pdf.pdf - 2026 - ocr_needed_5.pdf - 2026 - ocr_needed_5.pdf.pdf.pdf,.pdf,223126414,2026-02-09T20:48:28+00:00,473,"[1, 473]",converted_ocr/Review/Unreadable/2026 - ocr_needed_5.pdf - 2026 - ocr_needed_5.pdf.pdf - 2026 - ocr_needed_5.pdf - 2026 - ocr_needed_5.pdf.pdf.pdf.md,text/Review/Unreadable/2026 - ocr_needed_5.pdf - 2026 - ocr_needed_5.pdf.pdf - 2026 - ocr_needed_5.pdf - 2026 - ocr_needed_5.pdf.pdf.pdf.ocr.txt,,,ok,
Review/Unreadable/2026 - ocr_needed_6.pdf - 2026 - ocr_needed_6.pdf.pdf - 2026 - ocr_needed_6.pdf - 2026 - ocr_needed_6.pdf.pdf.pdf,/mnt/d/LIBRARY/Review/Unreadable/2026 - ocr_needed_6.pdf - 2026 - ocr_needed_6.pdf.pdf - 2026 - ocr_needed_6.pdf - 2026 - ocr_needed_6.pdf.pdf.pdf,.pdf,18833472,2026-02-12T19:52:54+00:00,20,"[1, 20]",converted_ocr/Review/Unreadable/2026 - ocr_needed_6.pdf - 2026 - ocr_needed_6.pdf.pdf - 2026 - ocr_needed_6.pdf - 2026 - ocr_needed_6.pdf.pdf.pdf.md,text/Review/Unreadable/2026 - ocr_needed_6.pdf - 2026 - ocr_needed_6.pdf.pdf - 2026 - ocr_needed_6.pdf - 2026 - ocr_needed_6.pdf.pdf.pdf.ocr.txt,,,ok,
Review/Unreadable/2026 - ocr_needed_7.pdf - 2026 - ocr_needed_7.pdf.pdf - 2026 - ocr_needed_7.pdf - 2026 - ocr_needed_7.pdf.pdf.pdf,/mnt/d/LIBRARY/Review/Unreadable/2026 - ocr_needed_7.pdf - 2026 - ocr_needed_7.pdf.pdf - 2026 - ocr_needed_7.pdf - 2026 - ocr_needed_7.pdf.pdf.pdf,.pdf,75471269,2026-02-14T05:22:52+00:00,303,"[1, 303]",converted_ocr/Review/Unreadable/2026 - ocr_needed_7.pdf - 2026 - ocr_needed_7.pdf.pdf - 2026 - ocr_needed_7.pdf - 2026 - ocr_needed_7.pdf.pdf.pdf.md,text/Review/Unreadable/2026 - ocr_needed_7.pdf - 2026 - ocr_needed_7.pdf.pdf - 2026 - ocr_needed_7.pdf - 2026 - ocr_needed_7.pdf.pdf.pdf.ocr.txt,,,ok,
Review/Unreadable/2026 - ocr_needed_8.pdf - 2026 - ocr_needed_8.pdf.pdf - 2026 - ocr_needed_8.pdf - 2026 - ocr_needed_8.pdf.pdf.pdf,/mnt/d/LIBRARY/Review/Unreadable/2026 - ocr_needed_8.pdf - 2026 - ocr_needed_8.pdf.pdf - 2026 - ocr_needed_8.pdf - 2026 - ocr_needed_8.pdf.pdf.pdf,.pdf,921588,2026-02-14T05:08:30+00:00,3,"[1, 2, 3]",converted_ocr/Review/Unreadable/2026 - ocr_needed_8.pdf - 2026 - ocr_needed_8.pdf.pdf - 2026 - ocr_needed_8.pdf - 2026 - ocr_needed_8.pdf.pdf.pdf.md,text/Review/Unreadable/2026 - ocr_needed_8.pdf - 2026 - ocr_needed_8.pdf.pdf - 2026 - ocr_needed_8.pdf - 2026 - ocr_needed_8.pdf.pdf.pdf.ocr.txt,,,ok,
Review/Unreadable/2026 - ocr_needed_9.pdf - 2026 - ocr_needed_9.pdf.pdf - 2026 - ocr_needed_9.pdf - 2026 - ocr_needed_9.pdf.pdf.pdf,/mnt/d/LIBRARY/Review/Unreadable/2026 - ocr_needed_9.pdf - 2026 - ocr_needed_9.pdf.pdf - 2026 - ocr_needed_9.pdf - 2026 - ocr_needed_9.pdf.pdf.pdf,.pdf,9956996,2026-02-17T08:50:24+00:00,30,"[1, 30]",converted_ocr/Review/Unreadable/2026 - ocr_needed_9.pdf - 2026 - ocr_needed_9.pdf.pdf - 2026 - ocr_needed_9.pdf - 2026 - ocr_needed_9.pdf.pdf.pdf.md,text/Review/Unreadable/2026 - ocr_needed_9.pdf - 2026 - ocr_needed_9.pdf.pdf - 2026 - ocr_needed_9.pdf - 2026 - ocr_needed_9.pdf.pdf.pdf.ocr.txt,,,ok,
Review/Unreadable/2026 - Operational indicators and discriminating evidence.pdf - 2026 - 2026 - Operational indicators and discriminating evidence.pdf - 2026 - Operational indicators and discriminating evidence.pdf.pdf.pdf,/mnt/d/LIBRARY/Review/Unreadable/2026 - Operational indicators and discriminating evidence.pdf - 2026 - 2026 - Operational indicators and discriminating evidence.pdf - 2026 - Operational indicators and discriminating evidence.pdf.pdf.pdf,.pdf,101140,2026-02-18T00:08:26+00:00,1,,converted_ocr/Review/Unreadable/2026 - Operational indicators and discriminating evidence.pdf - 2026 - 2026 - Operational indicators and discriminating__4125e7f27b45.md,,,,ok,
Review/Unreadable/2026 - policy_or_guidance.docx - 2026 - policy_or_guidance.docx.docx - 2026 - policy_or_guidance.docx - 2026 - policy_or_guidance.docx.docx.docx,/mnt/d/LIBRARY/Review/Unreadable/2026 - policy_or_guidance.docx - 2026 - policy_or_guidance.docx.docx - 2026 - policy_or_guidance.docx - 2026 - policy_or_guidance.docx.docx.docx,.docx,268250,2026-02-13T12:54:52+00:00,0,,converted_ocr/Review/Unreadable/2026 - policy_or_guidance.docx - 2026 - policy_or_guidance.docx.docx - 2026 - policy_or_guidance.docx - 2026 - policy_or_guidance.docx.docx.docx.md,,,,ok,
Review/Unreadable/2026 - policy_or_guidance.pdf - 2026 - policy_or_guidance.pdf.pdf - 2026 - policy_or_guidance.pdf - 2026 - policy_or_guidance.pdf.pdf.pdf,/mnt/d/LIBRARY/Review/Unreadable/2026 - policy_or_guidance.pdf - 2026 - policy_or_guidance.pdf.pdf - 2026 - policy_or_guidance.pdf - 2026 - policy_or_guidance.pdf.pdf.pdf,.pdf,248492,2026-03-01T14:51:48+00:00,4,,converted_ocr/Review/Unreadable/2026 - policy_or_guidance.pdf - 2026 - policy_or_guidance.pdf.pdf - 2026 - policy_or_guidance.pdf - 2026 - policy_or_guidance.pdf.pdf.pdf.md,,,,ok,
Review/Unreadable/2026 - policy_or_guidance_1.docx - 2026 - policy_or_guidance_1.docx.docx - 2026 - policy_or_guidance_1.docx - 2026 - policy_or_guidance_1.docx.docx.docx,/mnt/d/LIBRARY/Review/Unreadable/2026 - policy_or_guidance_1.docx - 2026 - policy_or_guidance_1.docx.docx - 2026 - policy_or_guidance_1.docx - 2026 - policy_or_guidance_1.docx.docx.docx,.docx,20507,2026-02-28T17:33:48+00:00,0,,converted_ocr/Review/Unreadable/2026 - policy_or_guidance_1.docx - 2026 - policy_or_guidance_1.docx.docx - 2026 - policy_or_guidance_1.docx - 2026 - policy_or_guidance_1.docx.docx.docx.md,,10.1145/3287560.3287596,,ok,
Review/Unreadable/2026 - policy_or_guidance_1.pdf - 2026 - policy_or_guidance_1.pdf.pdf - 2026 - policy_or_guidance_1.pdf - 2026 - policy_or_guidance_1.pdf.pdf.pdf,/mnt/d/LIBRARY/Review/Unreadable/2026 - policy_or_guidance_1.pdf - 2026 - policy_or_guidance_1.pdf.pdf - 2026 - policy_or_guidance_1.pdf - 2026 - policy_or_guidance_1.pdf.pdf.pdf,.pdf,3157870,2026-02-25T23:49:54+00:00,25,,converted_ocr/Review/Unreadable/2026 - policy_or_guidance_1.pdf - 2026 - policy_or_guidance_1.pdf.pdf - 2026 - policy_or_guidance_1.pdf - 2026 - policy_or_guidance_1.pdf.pdf.pdf.md,,,,ok,
Review/Unreadable/2026 - policy_or_guidance_2.docx - 2026 - policy_or_guidance_2.docx.docx - 2026 - policy_or_guidance_2.docx - 2026 - policy_or_guidance_2.docx.docx.docx,/mnt/d/LIBRARY/Review/Unreadable/2026 - policy_or_guidance_2.docx - 2026 - policy_or_guidance_2.docx.docx - 2026 - policy_or_guidance_2.docx - 2026 - policy_or_guidance_2.docx.docx.docx,.docx,20671,2026-02-14T14:52:54+00:00,0,,converted_ocr/Review/Unreadable/2026 - policy_or_guidance_2.docx - 2026 - policy_or_guidance_2.docx.docx - 2026 - policy_or_guidance_2.docx - 2026 - policy_or_guidance_2.docx.docx.docx.md,,,,ok,
Review/Unreadable/2026 - policy_or_guidance_2.pdf - 2026 - policy_or_guidance_2.pdf.pdf - 2026 - policy_or_guidance_2.pdf - 2026 - policy_or_guidance_2.pdf.pdf.pdf,/mnt/d/LIBRARY/Review/Unreadable/2026 - policy_or_guidance_2.pdf - 2026 - policy_or_guidance_2.pdf.pdf - 2026 - policy_or_guidance_2.pdf - 2026 - policy_or_guidance_2.pdf.pdf.pdf,.pdf,189734,2026-02-16T18:48:54+00:00,14,,converted_ocr/Review/Unreadable/2026 - policy_or_guidance_2.pdf - 2026 - policy_or_guidance_2.pdf.pdf - 2026 - policy_or_guidance_2.pdf - 2026 - policy_or_guidance_2.pdf.pdf.pdf.md,,,,ok,
Review/Unreadable/2026 - policy_or_guidance_3.docx - 2026 - policy_or_guidance_3.docx.docx - 2026 - policy_or_guidance_3.docx - 2026 - policy_or_guidance_3.docx.docx.docx,/mnt/d/LIBRARY/Review/Unreadable/2026 - policy_or_guidance_3.docx - 2026 - policy_or_guidance_3.docx.docx - 2026 - policy_or_guidance_3.docx - 2026 - policy_or_guidance_3.docx.docx.docx,.docx,632729,2026-02-04T09:34:56+00:00,0,,converted_ocr/Review/Unreadable/2026 - policy_or_guidance_3.docx - 2026 - policy_or_guidance_3.docx.docx - 2026 - policy_or_guidance_3.docx - 2026 - policy_or_guidance_3.docx.docx.docx.md,,,,ok,
Review/Unreadable/2026 - policy_or_guidance_3.pdf - 2026 - policy_or_guidance_3.pdf.pdf - 2026 - policy_or_guidance_3.pdf - 2026 - policy_or_guidance_3.pdf.pdf.pdf,/mnt/d/LIBRARY/Review/Unreadable/2026 - policy_or_guidance_3.pdf - 2026 - policy_or_guidance_3.pdf.pdf - 2026 - policy_or_guidance_3.pdf - 2026 - policy_or_guidance_3.pdf.pdf.pdf,.pdf,405680,2026-02-16T19:10:26+00:00,24,,converted_ocr/Review/Unreadable/2026 - policy_or_guidance_3.pdf - 2026 - policy_or_guidance_3.pdf.pdf - 2026 - policy_or_guidance_3.pdf - 2026 - policy_or_guidance_3.pdf.pdf.pdf.md,,,,ok,
Review/Unreadable/2026 - policy_or_guidance_4.docx - 2026 - policy_or_guidance_4.docx.docx - 2026 - policy_or_guidance_4.docx - 2026 - policy_or_guidance_4.docx.docx.docx,/mnt/d/LIBRARY/Review/Unreadable/2026 - policy_or_guidance_4.docx - 2026 - policy_or_guidance_4.docx.docx - 2026 - policy_or_guidance_4.docx - 2026 - policy_or_guidance_4.docx.docx.docx,.docx,21998,2026-03-06T14:21:42+00:00,0,,converted_ocr/Review/Unreadable/2026 - policy_or_guidance_4.docx - 2026 - policy_or_guidance_4.docx.docx - 2026 - policy_or_guidance_4.docx - 2026 - policy_or_guidance_4.docx.docx.docx.md,,,,ok,
Review/Unreadable/2026 - policy_or_guidance_5.docx - 2026 - policy_or_guidance_5.docx.docx - 2026 - policy_or_guidance_5.docx - 2026 - policy_or_guidance_5.docx.docx.docx,/mnt/d/LIBRARY/Review/Unreadable/2026 - policy_or_guidance_5.docx - 2026 - policy_or_guidance_5.docx.docx - 2026 - policy_or_guidance_5.docx - 2026 - policy_or_guidance_5.docx.docx.docx,.docx,26651,2026-02-28T19:16:26+00:00,0,,converted_ocr/Review/Unreadable/2026 - policy_or_guidance_5.docx - 2026 - policy_or_guidance_5.docx.docx - 2026 - policy_or_guidance_5.docx - 2026 - policy_or_guidance_5.docx.docx.docx.md,,10.1073/pnas.1915768117;10.1093/idpl/ipab005;10.1145/3287560.3287596;10.1145/3287560.3287598;10.1177/2053951715608873;10.2139/ssrn.2736395;10.2139/ssrn.3063289,,ok,
Review/Unreadable/2026 - Replace this PDF with your actual paper.pdf - 2026 - Replace th - 2026 - Replace this PDF with your actual paper.pdf - 2026 - Replace this PDF with your actual paper.pdf.pdf.pdf,/mnt/d/LIBRARY/Review/Unreadable/2026 - Replace this PDF with your actual paper.pdf - 2026 - Replace th - 2026 - Replace this PDF with your actual paper.pdf - 2026 - Replace this PDF with your actual paper.pdf.pdf.pdf,.pdf,1758,2026-02-23T00:47:38+00:00,1,[1],converted_ocr/Review/Unreadable/2026 - Replace this PDF with your actual paper.pdf - 2026 - Replace th - 2026 - Replace this PDF with your actual paper.__e126a74e8c66.md,text/Review/Unreadable/2026 - Replace this PDF with your actual paper.pdf - 2026 - Replace th - 2026 - Replace this PDF with your actual paper.__e126a74e8c66.ocr.txt,,,ok,
Review/Unreadable/2026 - report.docx - 2026 - report.docx.docx - 2026 - report.docx - 2026 - report.docx.docx.docx,/mnt/d/LIBRARY/Review/Unreadable/2026 - report.docx - 2026 - report.docx.docx - 2026 - report.docx - 2026 - report.docx.docx.docx,.docx,15196,2026-01-30T19:31:06+00:00,0,,converted_ocr/Review/Unreadable/2026 - report.docx - 2026 - report.docx.docx - 2026 - report.docx - 2026 - report.docx.docx.docx.md,,,,ok,
Review/Unreadable/2026 - report.pdf - 2026 - report.pdf.pdf - 2026 - report.pdf - 2026 - report.pdf.pdf.pdf,/mnt/d/LIBRARY/Review/Unreadable/2026 - report.pdf - 2026 - report.pdf.pdf - 2026 - report.pdf - 2026 - report.pdf.pdf.pdf,.pdf,5943,2026-02-27T11:54:14+00:00,3,,converted_ocr/Review/Unreadable/2026 - report.pdf - 2026 - report.pdf.pdf - 2026 - report.pdf - 2026 - report.pdf.pdf.pdf.md,,,,ok,
Review/Unreadable/2026 - report_1.pdf - 2026 - report_1.pdf.pdf - 2026 - report_1.pdf - 2026 - report_1.pdf.pdf.pdf,/mnt/d/LIBRARY/Review/Unreadable/2026 - report_1.pdf - 2026 - report_1.pdf.pdf - 2026 - report_1.pdf - 2026 - report_1.pdf.pdf.pdf,.pdf,62004,2026-02-02T19:13:04+00:00,2,,converted_ocr/Review/Unreadable/2026 - report_1.pdf - 2026 - report_1.pdf.pdf - 2026 - report_1.pdf - 2026 - report_1.pdf.pdf.pdf.md,,,,ok,
Review/Unreadable/2026 - Rev - correspondence.pdf - 2026 - Rev - correspondence.pdf.pdf - 2026 - Rev - correspondence.pdf - 2026 - Rev - correspondence.pdf.pdf.pdf,/mnt/d/LIBRARY/Review/Unreadable/2026 - Rev - correspondence.pdf - 2026 - Rev - correspondence.pdf.pdf - 2026 - Rev - correspondence.pdf - 2026 - Rev - correspondence.pdf.pdf.pdf,.pdf,230298,2026-02-02T12:49:56+00:00,1,,converted_ocr/Review/Unreadable/2026 - Rev - correspondence.pdf - 2026 - Rev - correspondence.pdf.pdf - 2026 - Rev - correspondence.pdf - 2026 - Rev - correspondence.pdf.pdf.pdf.md,,,,ok,
Review/Unreadable/2026 - Search - ocr_needed.pdf - 2026 - Search - ocr_needed.pdf.pdf - 2026 - Search - ocr_needed.pdf - 2026 - Search - ocr_needed.pdf.pdf.pdf,/mnt/d/LIBRARY/Review/Unreadable/2026 - Search - ocr_needed.pdf - 2026 - Search - ocr_needed.pdf.pdf - 2026 - Search - ocr_needed.pdf - 2026 - Search - ocr_needed.pdf.pdf.pdf,.pdf,193683,2026-02-23T16:16:40+00:00,2,"[1, 2]",converted_ocr/Review/Unreadable/2026 - Search - ocr_needed.pdf - 2026 - Search - ocr_needed.pdf.pdf - 2026 - Search - ocr_needed.pdf - 2026 - Search - ocr_needed.pdf.pdf.pdf.md,text/Review/Unreadable/2026 - Search - ocr_needed.pdf - 2026 - Search - ocr_needed.pdf.pdf - 2026 - Search - ocr_needed.pdf - 2026 - Search - ocr_needed.pdf.pdf.pdf.ocr.txt,,,ok,
Review/Unreadable/2026 - statement_or_bill.pdf - 2026 - statement_or_bill.pdf.pdf - 2026 - statement_or_bill.pdf - 2026 - statement_or_bill.pdf.pdf.pdf,/mnt/d/LIBRARY/Review/Unreadable/2026 - statement_or_bill.pdf - 2026 - statement_or_bill.pdf.pdf - 2026 - statement_or_bill.pdf - 2026 - statement_or_bill.pdf.pdf.pdf,.pdf,32342,2026-03-06T05:54:18+00:00,1,,converted_ocr/Review/Unreadable/2026 - statement_or_bill.pdf - 2026 - statement_or_bill.pdf.pdf - 2026 - statement_or_bill.pdf - 2026 - statement_or_bill.pdf.pdf.pdf.md,,,,ok,
Review/Unreadable/2026 - thesis_or_dissertation.docx - 2026 - thesis_or_dissertation.docx.docx - 2026 - thesis_or_dissertation.docx - 2026 - thesis_or_dissertation.docx.docx.docx,/mnt/d/LIBRARY/Review/Unreadable/2026 - thesis_or_dissertation.docx - 2026 - thesis_or_dissertation.docx.docx - 2026 - thesis_or_dissertation.docx - 2026 - thesis_or_dissertation.docx.docx.docx,.docx,17251,2026-02-13T13:00:42+00:00,0,,converted_ocr/Review/Unreadable/2026 - thesis_or_dissertation.docx - 2026 - thesis_or_dissertation.docx.docx - 2026 - thesis_or_dissertation.docx - 2026 - thesis_or_dissertation.docx.docx.docx.md,,,,ok,
Review/Unreadable/2026 - thesis_or_dissertation.pdf - 2026 - thesis_or_dissertation.pdf.pdf - 2026 - thesis_or_dissertation.pdf - 2026 - thesis_or_dissertation.pdf.pdf.pdf,/mnt/d/LIBRARY/Review/Unreadable/2026 - thesis_or_dissertation.pdf - 2026 - thesis_or_dissertation.pdf.pdf - 2026 - thesis_or_dissertation.pdf - 2026 - thesis_or_dissertation.pdf.pdf.pdf,.pdf,99176,2026-02-14T15:45:00+00:00,6,,converted_ocr/Review/Unreadable/2026 - thesis_or_dissertation.pdf - 2026 - thesis_or_dissertation.pdf.pdf - 2026 - thesis_or_dissertation.pdf - 2026 - thesis_or_dissertation.pdf.pdf.pdf.md,,,,ok,
Review/Unreadable/2026 - thesis_or_dissertation_1.docx - 2026 - thesis_or_dissertation_1.docx.docx - 2026 - thesis_or_dissertation_1.docx - 2026 - thesis_or_dissertation_1.docx.docx.docx,/mnt/d/LIBRARY/Review/Unreadable/2026 - thesis_or_dissertation_1.docx - 2026 - thesis_or_dissertation_1.docx.docx - 2026 - thesis_or_dissertation_1.docx - 2026 - thesis_or_dissertation_1.docx.docx.docx,.docx,23980,2026-03-06T13:18:42+00:00,0,,converted_ocr/Review/Unreadable/2026 - thesis_or_dissertation_1.docx - 2026 - thesis_or_dissertation_1.docx.docx - 2026 - thesis_or_dissertation_1.docx__056e0cfb759f.md,,,,ok,
Review/Unreadable/2026 - thesis_or_dissertation_1.pdf - 2026 - thesis_or_dissertation_1.pdf.pdf - 2026 - thesis_or_dissertation_1.pdf - 2026 - thesis_or_dissertation_1.pdf.pdf.pdf,/mnt/d/LIBRARY/Review/Unreadable/2026 - thesis_or_dissertation_1.pdf - 2026 - thesis_or_dissertation_1.pdf.pdf - 2026 - thesis_or_dissertation_1.pdf - 2026 - thesis_or_dissertation_1.pdf.pdf.pdf,.pdf,150304,2026-02-28T23:34:26+00:00,8,,converted_ocr/Review/Unreadable/2026 - thesis_or_dissertation_1.pdf - 2026 - thesis_or_dissertation_1.pdf.pdf - 2026 - thesis_or_dissertation_1.pdf - 20__2ba0778c2c00.md,,,,ok,
Review/Unreadable/2026 - thesis_or_dissertation_2.pdf - 2026 - thesis_or_dissertation_2.pdf.pdf - 2026 - thesis_or_dissertation_2.pdf - 2026 - thesis_or_dissertation_2.pdf.pdf.pdf,/mnt/d/LIBRARY/Review/Unreadable/2026 - thesis_or_dissertation_2.pdf - 2026 - thesis_or_dissertation_2.pdf.pdf - 2026 - thesis_or_dissertation_2.pdf - 2026 - thesis_or_dissertation_2.pdf.pdf.pdf,.pdf,538426,2026-03-01T01:09:52+00:00,37,,converted_ocr/Review/Unreadable/2026 - thesis_or_dissertation_2.pdf - 2026 - thesis_or_dissertation_2.pdf.pdf - 2026 - thesis_or_dissertation_2.pdf - 20__f17add8a0954.md,,,,ok,
Review/Unreadable/2027 - audit_or_assessment [2].docx - 2027 - audit_or_assessment [2].docx.docx - 2027 - audit_or_assessment [2].docx - 2027 - audit_or_assessment [2].docx.docx.docx,/mnt/d/LIBRARY/Review/Unreadable/2027 - audit_or_assessment [2].docx - 2027 - audit_or_assessment [2].docx.docx - 2027 - audit_or_assessment [2].docx - 2027 - audit_or_assessment [2].docx.docx.docx,.docx,61629,2026-02-17T23:05:26+00:00,0,,converted_ocr/Review/Unreadable/2027 - audit_or_assessment [2].docx - 2027 - audit_or_assessment [2].docx.docx - 2027 - audit_or_assessment [2].docx - 2__3c9565647205.md,,10.1080/23753234.2022.2086891;10.1186/s12916-018-1089-4;10.1631/FITEE.1700826,,ok,
Review/Unreadable/2027 - audit_or_assessment [2]_1.docx - 2027 - audit_or_assessment [2]_1.docx.docx - 2027 - audit_or_assessment [2]_1.docx - 2027 - audit_or_assessment [2]_1.docx.docx.docx,/mnt/d/LIBRARY/Review/Unreadable/2027 - audit_or_assessment [2]_1.docx - 2027 - audit_or_assessment [2]_1.docx.docx - 2027 - audit_or_assessment [2]_1.docx - 2027 - audit_or_assessment [2]_1.docx.docx.docx,.docx,72620,2026-02-17T12:32:44+00:00,0,,converted_ocr/Review/Unreadable/2027 - audit_or_assessment [2]_1.docx - 2027 - audit_or_assessment [2]_1.docx.docx - 2027 - audit_or_assessment [2]_1.do__504555743d6f.md,,,,ok,
Review/Unreadable/2027 - audit_or_assessment [3].docx - 2027 - audit_or_assessment [3].docx.docx - 2027 - audit_or_assessment [3].docx - 2027 - audit_or_assessment [3].docx.docx.docx,/mnt/d/LIBRARY/Review/Unreadable/2027 - audit_or_assessment [3].docx - 2027 - audit_or_assessment [3].docx.docx - 2027 - audit_or_assessment [3].docx - 2027 - audit_or_assessment [3].docx.docx.docx,.docx,64248,2026-02-17T13:23:32+00:00,0,,converted_ocr/Review/Unreadable/2027 - audit_or_assessment [3].docx - 2027 - audit_or_assessment [3].docx.docx - 2027 - audit_or_assessment [3].docx - 2__abf92ebdf26f.md,,,,ok,
Review/Unreadable/2027 - audit_or_assessment.docx - 2027 - audit_or_assessment.docx.docx - 2027 - audit_or_assessment.docx - 2027 - audit_or_assessment.docx.docx.docx,/mnt/d/LIBRARY/Review/Unreadable/2027 - audit_or_assessment.docx - 2027 - audit_or_assessment.docx.docx - 2027 - audit_or_assessment.docx - 2027 - audit_or_assessment.docx.docx.docx,.docx,1052402,2026-02-19T04:38:20+00:00,0,,converted_ocr/Review/Unreadable/2027 - audit_or_assessment.docx - 2027 - audit_or_assessment.docx.docx - 2027 - audit_or_assessment.docx - 2027 - audit_or_assessment.docx.docx.docx.md,,10.1080/23753234.2022.2086891;10.1186/s12916-018-1089-4;10.1631/FITEE.1700826,,ok,
Review/Unreadable/2027 - audit_or_assessment_1.docx - 2027 - audit_or_assessment_1.docx.docx - 2027 - audit_or_assessment_1.docx - 2027 - audit_or_assessment_1.docx.docx.docx,/mnt/d/LIBRARY/Review/Unreadable/2027 - audit_or_assessment_1.docx - 2027 - audit_or_assessment_1.docx.docx - 2027 - audit_or_assessment_1.docx - 2027 - audit_or_assessment_1.docx.docx.docx,.docx,30018,2026-02-17T21:29:28+00:00,0,,converted_ocr/Review/Unreadable/2027 - audit_or_assessment_1.docx - 2027 - audit_or_assessment_1.docx.docx - 2027 - audit_or_assessment_1.docx - 2027 - audit_or_assessment_1.docx.docx.docx.md,,,,ok,
Review/Unreadable/2027 - audit_or_assessment_2.docx - 2027 - audit_or_assessment_2.docx.docx - 2027 - audit_or_assessment_2.docx - 2027 - audit_or_assessment_2.docx.docx.docx,/mnt/d/LIBRARY/Review/Unreadable/2027 - audit_or_assessment_2.docx - 2027 - audit_or_assessment_2.docx.docx - 2027 - audit_or_assessment_2.docx - 2027 - audit_or_assessment_2.docx.docx.docx,.docx,34465,2026-02-17T12:25:22+00:00,0,,converted_ocr/Review/Unreadable/2027 - audit_or_assessment_2.docx - 2027 - audit_or_assessment_2.docx.docx - 2027 - audit_or_assessment_2.docx - 2027 - audit_or_assessment_2.docx.docx.docx.md,,,,ok,
Review/Unreadable/2027 - ocr_needed.pdf - 2027 - ocr_needed.pdf.pdf - 2027 - ocr_needed.pdf - 2027 - ocr_needed.pdf.pdf.pdf,/mnt/d/LIBRARY/Review/Unreadable/2027 - ocr_needed.pdf - 2027 - ocr_needed.pdf.pdf - 2027 - ocr_needed.pdf - 2027 - ocr_needed.pdf.pdf.pdf,.pdf,19103017,2026-02-17T09:15:30+00:00,41,"[1, 41]",converted_ocr/Review/Unreadable/2027 - ocr_needed.pdf - 2027 - ocr_needed.pdf.pdf - 2027 - ocr_needed.pdf - 2027 - ocr_needed.pdf.pdf.pdf.md,text/Review/Unreadable/2027 - ocr_needed.pdf - 2027 - ocr_needed.pdf.pdf - 2027 - ocr_needed.pdf - 2027 - ocr_needed.pdf.pdf.pdf.ocr.txt,,,ok,
Review/Unreadable/2027 - ocr_needed_1.pdf - 2027 - ocr_needed_1.pdf.pdf - 2027 - ocr_needed_1.pdf - 2027 - ocr_needed_1.pdf.pdf.pdf,/mnt/d/LIBRARY/Review/Unreadable/2027 - ocr_needed_1.pdf - 2027 - ocr_needed_1.pdf.pdf - 2027 - ocr_needed_1.pdf - 2027 - ocr_needed_1.pdf.pdf.pdf,.pdf,22314379,2026-02-17T09:16:08+00:00,37,"[1, 37]",converted_ocr/Review/Unreadable/2027 - ocr_needed_1.pdf - 2027 - ocr_needed_1.pdf.pdf - 2027 - ocr_needed_1.pdf - 2027 - ocr_needed_1.pdf.pdf.pdf.md,text/Review/Unreadable/2027 - ocr_needed_1.pdf - 2027 - ocr_needed_1.pdf.pdf - 2027 - ocr_needed_1.pdf - 2027 - ocr_needed_1.pdf.pdf.pdf.ocr.txt,,,ok,
Review/Unreadable/2027 - ocr_needed_2.pdf - 2027 - ocr_needed_2.pdf.pdf - 2027 - ocr_needed_2.pdf - 2027 - ocr_needed_2.pdf.pdf.pdf,/mnt/d/LIBRARY/Review/Unreadable/2027 - ocr_needed_2.pdf - 2027 - ocr_needed_2.pdf.pdf - 2027 - ocr_needed_2.pdf - 2027 - ocr_needed_2.pdf.pdf.pdf,.pdf,22696346,2026-02-17T09:15:54+00:00,43,"[1, 43]",converted_ocr/Review/Unreadable/2027 - ocr_needed_2.pdf - 2027 - ocr_needed_2.pdf.pdf - 2027 - ocr_needed_2.pdf - 2027 - ocr_needed_2.pdf.pdf.pdf.md,text/Review/Unreadable/2027 - ocr_needed_2.pdf - 2027 - ocr_needed_2.pdf.pdf - 2027 - ocr_needed_2.pdf - 2027 - ocr_needed_2.pdf.pdf.pdf.ocr.txt,,,ok,
Review/Unreadable/2027 - policy_or_guidance.docx - 2027 - policy_or_guidance.docx.docx - 2027 - policy_or_guidance.docx - 2027 - policy_or_guidance.docx.docx.docx,/mnt/d/LIBRARY/Review/Unreadable/2027 - policy_or_guidance.docx - 2027 - policy_or_guidance.docx.docx - 2027 - policy_or_guidance.docx - 2027 - policy_or_guidance.docx.docx.docx,.docx,21147,2026-02-17T10:56:30+00:00,0,,converted_ocr/Review/Unreadable/2027 - policy_or_guidance.docx - 2027 - policy_or_guidance.docx.docx - 2027 - policy_or_guidance.docx - 2027 - policy_or_guidance.docx.docx.docx.md,,,,ok,
Review/Unreadable/2027 - policy_or_guidance.pdf - 2027 - policy_or_guidance.pdf.pdf - 2027 - policy_or_guidance.pdf - 2027 - policy_or_guidance.pdf.pdf.pdf,/mnt/d/LIBRARY/Review/Unreadable/2027 - policy_or_guidance.pdf - 2027 - policy_or_guidance.pdf.pdf - 2027 - policy_or_guidance.pdf - 2027 - policy_or_guidance.pdf.pdf.pdf,.pdf,260613,2026-02-22T10:31:04+00:00,22,,converted_ocr/Review/Unreadable/2027 - policy_or_guidance.pdf - 2027 - policy_or_guidance.pdf.pdf - 2027 - policy_or_guidance.pdf - 2027 - policy_or_guidance.pdf.pdf.pdf.md,,10.1080/23753234.2022.2086891;10.1186/s12916-018-1089-4;10.1631/FITEE.1700826,,ok,
Review/Unreadable/2027 - policy_or_guidance_1.docx - 2027 - policy_or_guidance_1.docx.docx - 2027 - policy_or_guidance_1.docx - 2027 - policy_or_guidance_1.docx.docx.docx,/mnt/d/LIBRARY/Review/Unreadable/2027 - policy_or_guidance_1.docx - 2027 - policy_or_guidance_1.docx.docx - 2027 - policy_or_guidance_1.docx - 2027 - policy_or_guidance_1.docx.docx.docx,.docx,69133,2026-02-17T13:17:58+00:00,0,,converted_ocr/Review/Unreadable/2027 - policy_or_guidance_1.docx - 2027 - policy_or_guidance_1.docx.docx - 2027 - policy_or_guidance_1.docx - 2027 - policy_or_guidance_1.docx.docx.docx.md,,,,ok,
Review/Unreadable/2027 - statement_or_bill.pdf - 2027 - statement_or_bill.pdf.pdf - 2027 - statement_or_bill.pdf - 2027 - statement_or_bill.pdf.pdf.pdf,/mnt/d/LIBRARY/Review/Unreadable/2027 - statement_or_bill.pdf - 2027 - statement_or_bill.pdf.pdf - 2027 - statement_or_bill.pdf - 2027 - statement_or_bill.pdf.pdf.pdf,.pdf,70735,2025-12-14T19:24:52+00:00,2,,converted_ocr/Review/Unreadable/2027 - statement_or_bill.pdf - 2027 - statement_or_bill.pdf.pdf - 2027 - statement_or_bill.pdf - 2027 - statement_or_bill.pdf.pdf.pdf.md,,,,ok,
Review/Unreadable/Invoice_2026_UnknownAuthor_MartinLepage_AttackClassificationReport.pdf - Invoice_2026_UnknownAuthor_MartinLepage_AttackClassificationReport.pdf - Invoice_2026_UnknownAuthor_MartinLepage_AttackClassificationRep.pdf,/mnt/d/LIBRARY/Review/Unreadable/Invoice_2026_UnknownAuthor_MartinLepage_AttackClassificationReport.pdf - Invoice_2026_UnknownAuthor_MartinLepage_AttackClassificationReport.pdf - Invoice_2026_UnknownAuthor_MartinLepage_AttackClassificationRep.pdf,.pdf,58819,2026-01-30T17:43:46+00:00,1,,converted_ocr/Review/Unreadable/Invoice_2026_UnknownAuthor_MartinLepage_AttackClassificationReport.pdf - Invoice_2026_UnknownAuthor_MartinLepage_AttackC__248cc2e22ca8.md,,,,ok,
Review/Unreadable/Review_2008_nicholson_doi 10.1080 15017410701880122.pdf - Review_2008_ - Review_2008_nicholson_doi 10.1080 15017410701880122.pdf - Review_2008_nicholson_doi 10.1080 15017410701880122.pdf.pdf.pdf,/mnt/d/LIBRARY/Review/Unreadable/Review_2008_nicholson_doi 10.1080 15017410701880122.pdf - Review_2008_ - Review_2008_nicholson_doi 10.1080 15017410701880122.pdf - Review_2008_nicholson_doi 10.1080 15017410701880122.pdf.pdf.pdf,.pdf,37524,2026-02-12T18:59:40+00:00,3,,converted_ocr/Review/Unreadable/Review_2008_nicholson_doi 10.1080 15017410701880122.pdf - Review_2008_ - Review_2008_nicholson_doi 10.1080 1501741070188__316fb7f40d11.md,,10.1080/15017410701880122,,ok,
Review/Unreadable/Review_2014_UnknownAuthor_Journal for the Study of Western Esotericism - Review_2014_UnknownAuthor_Journal for the Study of Western Esotericism.pdf - Review_2014_UnknownAuthor_Journal for the Study of Western.pdf,/mnt/d/LIBRARY/Review/Unreadable/Review_2014_UnknownAuthor_Journal for the Study of Western Esotericism - Review_2014_UnknownAuthor_Journal for the Study of Western Esotericism.pdf - Review_2014_UnknownAuthor_Journal for the Study of Western.pdf,.pdf,279078,2026-02-14T00:01:10+00:00,24,,converted_ocr/Review/Unreadable/Review_2014_UnknownAuthor_Journal for the Study of Western Esotericism - Review_2014_UnknownAuthor_Journal for the Study__6a844293fddb.md,,10.1163/147783512X614803;10.1163/147783512X614812,,ok,
Review/Unreadable/Review_2019_white_Correspondences.pdf - Review_2019_white_Correspondences.pdf.pdf - Review_2019_white_Correspondences.pdf - Review_2019_white_Correspondences.pdf.pdf.pdf,/mnt/d/LIBRARY/Review/Unreadable/Review_2019_white_Correspondences.pdf - Review_2019_white_Correspondences.pdf.pdf - Review_2019_white_Correspondences.pdf - Review_2019_white_Correspondences.pdf.pdf.pdf,.pdf,1439254,2021-12-22T15:50:40+00:00,215,,converted_ocr/Review/Unreadable/Review_2019_white_Correspondences.pdf - Review_2019_white_Correspondences.pdf.pdf - Review_2019_white_Correspondences.pd__cba68d3ecd94.md,,,,ok,
Review/Unreadable/Review_2020_white_Correspondences.pdf - Review_2020_white_Correspondences.pdf.pdf - Review_2020_white_Correspondences.pdf - Review_2020_white_Correspondences.pdf.pdf.pdf,/mnt/d/LIBRARY/Review/Unreadable/Review_2020_white_Correspondences.pdf - Review_2020_white_Correspondences.pdf.pdf - Review_2020_white_Correspondences.pdf - Review_2020_white_Correspondences.pdf.pdf.pdf,.pdf,998409,2021-12-22T15:36:10+00:00,149,,converted_ocr/Review/Unreadable/Review_2020_white_Correspondences.pdf - Review_2020_white_Correspondences.pdf.pdf - Review_2020_white_Correspondences.pd__158740b2b0bd.md,,,,ok,
Review/Unreadable/Review_2021_fruttaldo_Book review.pdf - Review_2021_fruttaldo_Book review.pdf.pdf - Review_2021_fruttaldo_Book review.pdf - Review_2021_fruttaldo_Book review.pdf.pdf.pdf,/mnt/d/LIBRARY/Review/Unreadable/Review_2021_fruttaldo_Book review.pdf - Review_2021_fruttaldo_Book review.pdf.pdf - Review_2021_fruttaldo_Book review.pdf - Review_2021_fruttaldo_Book review.pdf.pdf.pdf,.pdf,313700,2025-08-10T05:56:04+00:00,5,,converted_ocr/Review/Unreadable/Review_2021_fruttaldo_Book review.pdf - Review_2021_fruttaldo_Book review.pdf.pdf - Review_2021_fruttaldo_Book review.pd__9d11bc03e228.md,,,,ok,
Review/Unreadable/Review_2022_zuboff_The Age of Surveillance Capitalism The Fight for a - Review_2022_zuboff_The Age of Surveillance Capitalism The Fight for a Human Future at the New Frontier of Pow.pdf - Review_2022_zuboff_T.pdf,/mnt/d/LIBRARY/Review/Unreadable/Review_2022_zuboff_The Age of Surveillance Capitalism The Fight for a - Review_2022_zuboff_The Age of Surveillance Capitalism The Fight for a Human Future at the New Frontier of Pow.pdf - Review_2022_zuboff_T.pdf,.pdf,666177,2026-02-17T07:54:12+00:00,5,,converted_ocr/Review/Unreadable/Review_2022_zuboff_The Age of Surveillance Capitalism The Fight for a - Review_2022_zuboff_The Age of Surveillance Capit__f492f6327dd3.md,,10.1080/23753234.2022.2086891,,ok,
