source,root,path,name,ext,is_dir,size,modified,topic,normalized_stem
local,/home/cerebrhoe/PHAROS-SUITE,/home/cerebrhoe/PHAROS-SUITE/output,output,,True,0,2026-03-25T01:14:28.755383-04:00,pharos,output
local,/home/cerebrhoe/PHAROS-SUITE,/home/cerebrhoe/PHAROS-SUITE/skills,skills,,True,0,2026-03-31T12:26:08.166874-04:00,pharos,skills
local,/home/cerebrhoe/PHAROS-SUITE,/home/cerebrhoe/PHAROS-SUITE/archive,archive,,True,0,2026-03-25T01:14:28.395381-04:00,pharos,archive
local,/home/cerebrhoe/PHAROS-SUITE,/home/cerebrhoe/PHAROS-SUITE/artifacts,artifacts,,True,0,2026-03-25T01:15:03.815643-04:00,pharos,artifacts
local,/home/cerebrhoe/PHAROS-SUITE,/home/cerebrhoe/PHAROS-SUITE/audits,audits,,True,0,2026-04-16T01:29:45.216758-04:00,pharos,audits
local,/home/cerebrhoe/PHAROS-SUITE,/home/cerebrhoe/PHAROS-SUITE/PHAROS-NEWLOOK,PHAROS-NEWLOOK,,True,0,2026-04-16T08:58:47.879166-04:00,pharos,pharos newlook
local,/home/cerebrhoe/PHAROS-SUITE,/home/cerebrhoe/PHAROS-SUITE/fully-rounded-power-analyst,fully-rounded-power-analyst,,True,0,2026-03-31T11:41:34.374290-04:00,pharos,fully rounded power analyst
local,/home/cerebrhoe/PHAROS-SUITE,/home/cerebrhoe/PHAROS-SUITE/templates,templates,,True,0,2026-03-31T12:17:44.862910-04:00,pharos,templates
local,/home/cerebrhoe/PHAROS-SUITE,/home/cerebrhoe/PHAROS-SUITE/scripts,scripts,,True,0,2026-04-16T01:29:33.601482-04:00,pharos,scripts
local,/home/cerebrhoe/PHAROS-SUITE,/home/cerebrhoe/PHAROS-SUITE/repos,repos,,True,0,2026-03-31T04:26:38.021036-04:00,pharos,repos
local,/home/cerebrhoe/PHAROS-SUITE,/home/cerebrhoe/PHAROS-SUITE/HEPHAISTOS.md,HEPHAISTOS.md,.md,False,15863,2026-03-31T12:15:54.238899-04:00,pharos,hephaistos
local,/home/cerebrhoe/PHAROS-SUITE,/home/cerebrhoe/PHAROS-SUITE/SKILL-MAP.md,SKILL-MAP.md,.md,False,23970,2026-03-31T12:16:36.914905-04:00,pharos,skill map
local,/home/cerebrhoe/PHAROS-SUITE,/home/cerebrhoe/PHAROS-SUITE/GITHUB_DETACH_REPORT_2026-03-25.md,GITHUB_DETACH_REPORT_2026-03-25.md,.md,False,1552,2026-03-25T01:19:42.297717-04:00,pharos,github detach report 2026 03 25
local,/home/cerebrhoe/PHAROS-SUITE,/home/cerebrhoe/PHAROS-SUITE/MIGRATION_REPORT_2026-03-25.md,MIGRATION_REPORT_2026-03-25.md,.md,False,1839,2026-03-25T01:15:37.955896-04:00,pharos,migration report 2026 03 25
local,/home/cerebrhoe/PHAROS-SUITE,/home/cerebrhoe/PHAROS-SUITE/README.md,README.md,.md,False,236,2026-03-25T01:12:11.730375-04:00,pharos,readme
local,/home/cerebrhoe/PHAROS-SUITE,/home/cerebrhoe/PHAROS-SUITE/COWORKER-LINKEDIN-PROMPT.md,COWORKER-LINKEDIN-PROMPT.md,.md,False,7225,2026-04-06T20:32:05.343528-04:00,pharos,coworker linkedin prompt
local,/home/cerebrhoe/PHAROS-SUITE,/home/cerebrhoe/PHAROS-SUITE/AGENTS.md,AGENTS.md,.md,False,7278,2026-03-31T12:02:24.834802-04:00,pharos,agents
local,/home/cerebrhoe/PHAROS-SUITE,/home/cerebrhoe/PHAROS-SUITE/ORCHESTRATION.md,ORCHESTRATION.md,.md,False,16238,2026-03-31T12:16:15.122903-04:00,pharos,orchestration
local,/home/cerebrhoe/PHAROS-SUITE,/home/cerebrhoe/PHAROS-SUITE/MOVE_LOG_20260325T011428.txt,MOVE_LOG_20260325T011428.txt,.txt,False,13683,2026-03-25T01:15:03.895644-04:00,pharos,move log 20260325t011428
local,/home/cerebrhoe/PHAROS-SUITE,/home/cerebrhoe/PHAROS-SUITE/output/imagegen,imagegen,,True,0,2026-03-25T01:14:28.399381-04:00,pharos,imagegen
local,/home/cerebrhoe/PHAROS-SUITE,/home/cerebrhoe/PHAROS-SUITE/output/architecture-audits,architecture-audits,,True,0,2026-03-25T01:14:28.595382-04:00,pharos,architecture audits
local,/home/cerebrhoe/PHAROS-SUITE,/home/cerebrhoe/PHAROS-SUITE/output/tmp,tmp,,True,0,2026-03-25T01:14:28.843384-04:00,pharos,tmp
local,/home/cerebrhoe/PHAROS-SUITE,/home/cerebrhoe/PHAROS-SUITE/output/repo-hosting,repo-hosting,,True,0,2026-03-25T01:14:28.751384-04:00,pharos,repo hosting
local,/home/cerebrhoe/PHAROS-SUITE,/home/cerebrhoe/PHAROS-SUITE/output/playwright,playwright,,True,0,2026-03-25T01:14:28.399381-04:00,pharos,playwright
local,/home/cerebrhoe/PHAROS-SUITE,/home/cerebrhoe/PHAROS-SUITE/output/architecture-audits/AurorAI-20260314T174107Z-smoke-check,AurorAI-20260314T174107Z-smoke-check,,True,0,2026-03-14T13:41:07.394709-04:00,pharos,aurorai 20260314t174107z smoke check
local,/home/cerebrhoe/PHAROS-SUITE,/home/cerebrhoe/PHAROS-SUITE/output/architecture-audits/CompassAI-20260314T174204Z-smoke-test,CompassAI-20260314T174204Z-smoke-test,,True,0,2026-03-14T13:42:04.734345-04:00,pharos,compassai 20260314t174204z smoke test
local,/home/cerebrhoe/PHAROS-SUITE,/home/cerebrhoe/PHAROS-SUITE/output/architecture-audits/CompassAI-20260314T171920Z-profile-pass,CompassAI-20260314T171920Z-profile-pass,,True,0,2026-03-14T13:19:21.097764-04:00,pharos,compassai 20260314t171920z profile pass
local,/home/cerebrhoe/PHAROS-SUITE,/home/cerebrhoe/PHAROS-SUITE/output/architecture-audits/CompassAI-20260314T175154Z-smoke-test,CompassAI-20260314T175154Z-smoke-test,,True,0,2026-03-14T13:51:54.734525-04:00,pharos,compassai 20260314t175154z smoke test
local,/home/cerebrhoe/PHAROS-SUITE,/home/cerebrhoe/PHAROS-SUITE/output/architecture-audits/CompassAI-20260314T154111Z,CompassAI-20260314T154111Z,,True,0,2026-03-14T11:41:11.719076-04:00,pharos,compassai 20260314t154111z
local,/home/cerebrhoe/PHAROS-SUITE,/home/cerebrhoe/PHAROS-SUITE/output/architecture-audits/AurorAI-20260314T173844Z-test-pass,AurorAI-20260314T173844Z-test-pass,,True,0,2026-03-14T13:38:44.347620-04:00,pharos,aurorai 20260314t173844z test pass
local,/home/cerebrhoe/PHAROS-SUITE,/home/cerebrhoe/PHAROS-SUITE/output/architecture-audits/CompassAI-20260314T174238Z-smoke-test,CompassAI-20260314T174238Z-smoke-test,,True,0,2026-03-14T13:42:38.530110-04:00,pharos,compassai 20260314t174238z smoke test
local,/home/cerebrhoe/PHAROS-SUITE,/home/cerebrhoe/PHAROS-SUITE/output/architecture-audits/AurorAI-20260314T174107Z-smoke-test,AurorAI-20260314T174107Z-smoke-test,,True,0,2026-03-14T13:41:07.374709-04:00,pharos,aurorai 20260314t174107z smoke test
local,/home/cerebrhoe/PHAROS-SUITE,/home/cerebrhoe/PHAROS-SUITE/output/architecture-audits/CompassAI-20260314T174237Z-smoke-check,CompassAI-20260314T174237Z-smoke-check,,True,0,2026-03-14T13:42:38.602109-04:00,pharos,compassai 20260314t174237z smoke check
local,/home/cerebrhoe/PHAROS-SUITE,/home/cerebrhoe/PHAROS-SUITE/output/architecture-audits/CompassAI-20260314T173637Z-profile-lint-pass,CompassAI-20260314T173637Z-profile-lint-pass,,True,0,2026-03-14T13:36:38.296541-04:00,pharos,compassai 20260314t173637z profile lint pass
local,/home/cerebrhoe/PHAROS-SUITE,/home/cerebrhoe/PHAROS-SUITE/output/architecture-audits/CompassAI-20260314T154209Z,CompassAI-20260314T154209Z,,True,0,2026-03-14T11:42:09.891568-04:00,pharos,compassai 20260314t154209z
local,/home/cerebrhoe/PHAROS-SUITE,/home/cerebrhoe/PHAROS-SUITE/output/architecture-audits/AurorAI-20260314T173332Z-starter-profile-proof-2,AurorAI-20260314T173332Z-starter-profile-proof-2,,True,0,2026-03-14T13:33:32.522169-04:00,pharos,aurorai 20260314t173332z starter profile proof 2
local,/home/cerebrhoe/PHAROS-SUITE,/home/cerebrhoe/PHAROS-SUITE/output/architecture-audits/AurorAI-20260314T175153Z-smoke-test,AurorAI-20260314T175153Z-smoke-test,,True,0,2026-03-14T13:51:53.990530-04:00,pharos,aurorai 20260314t175153z smoke test
local,/home/cerebrhoe/PHAROS-SUITE,/home/cerebrhoe/PHAROS-SUITE/output/architecture-audits/CompassAI-20260314T174204Z-smoke-check,CompassAI-20260314T174204Z-smoke-check,,True,0,2026-03-14T13:42:04.814344-04:00,pharos,compassai 20260314t174204z smoke check
local,/home/cerebrhoe/PHAROS-SUITE,/home/cerebrhoe/PHAROS-SUITE/output/architecture-audits/CompassAI-20260314T154839Z-tree-pass,CompassAI-20260314T154839Z-tree-pass,,True,0,2026-03-14T11:48:39.752042-04:00,pharos,compassai 20260314t154839z tree pass
local,/home/cerebrhoe/PHAROS-SUITE,/home/cerebrhoe/PHAROS-SUITE/output/architecture-audits/CompassAI-20260314T155015Z-score-pass-2,CompassAI-20260314T155015Z-score-pass-2,,True,0,2026-03-14T11:50:15.530256-04:00,pharos,compassai 20260314t155015z score pass 2
local,/home/cerebrhoe/PHAROS-SUITE,/home/cerebrhoe/PHAROS-SUITE/output/architecture-audits/CompassAI-20260314T154944Z-score-pass,CompassAI-20260314T154944Z-score-pass,,True,0,2026-03-14T11:49:45.016100-04:00,pharos,compassai 20260314t154944z score pass
local,/home/cerebrhoe/PHAROS-SUITE,/home/cerebrhoe/PHAROS-SUITE/output/architecture-audits/CompassAI-20260314T154257Z-review-pass,CompassAI-20260314T154257Z-review-pass,,True,0,2026-03-14T11:42:58.144657-04:00,pharos,compassai 20260314t154257z review pass
local,/home/cerebrhoe/PHAROS-SUITE,/home/cerebrhoe/PHAROS-SUITE/output/architecture-audits/CompassAI-20260314T172053Z-audience-pass,CompassAI-20260314T172053Z-audience-pass,,True,0,2026-03-14T13:20:54.184776-04:00,pharos,compassai 20260314t172053z audience pass
local,/home/cerebrhoe/PHAROS-SUITE,/home/cerebrhoe/PHAROS-SUITE/output/architecture-audits/CompassAI-20260314T172509Z-local-profile-auto,CompassAI-20260314T172509Z-local-profile-auto,,True,0,2026-03-14T13:25:09.458576-04:00,pharos,compassai 20260314t172509z local profile auto
local,/home/cerebrhoe/PHAROS-SUITE,/home/cerebrhoe/PHAROS-SUITE/output/architecture-audits/AurorAI-20260314T173234Z-starter-profile-proof,AurorAI-20260314T173234Z-starter-profile-proof,,True,0,2026-03-14T13:32:34.166673-04:00,pharos,aurorai 20260314t173234z starter profile proof
local,/home/cerebrhoe/PHAROS-SUITE,/home/cerebrhoe/PHAROS-SUITE/output/architecture-audits/CompassAI-20260314T154456Z-exec-pass,CompassAI-20260314T154456Z-exec-pass,,True,0,2026-03-14T11:44:56.909495-04:00,pharos,compassai 20260314t154456z exec pass
local,/home/cerebrhoe/PHAROS-SUITE,/home/cerebrhoe/PHAROS-SUITE/output/architecture-audits/AurorAI-20260314T174107Z-smoke-check/audience_checks,audience_checks,,True,0,2026-03-14T13:41:07.394709-04:00,pharos,audience checks
local,/home/cerebrhoe/PHAROS-SUITE,/home/cerebrhoe/PHAROS-SUITE/output/architecture-audits/AurorAI-20260314T174107Z-smoke-check/audience_checks/technical.md,technical.md,.md,False,686,2026-03-14T13:41:07.394709-04:00,pharos,technical
local,/home/cerebrhoe/PHAROS-SUITE,/home/cerebrhoe/PHAROS-SUITE/output/architecture-audits/AurorAI-20260314T174107Z-smoke-check/audience_checks/executive.md,executive.md,.md,False,772,2026-03-14T13:41:07.394709-04:00,pharos,executive
local,/home/cerebrhoe/PHAROS-SUITE,/home/cerebrhoe/PHAROS-SUITE/output/architecture-audits/AurorAI-20260314T174107Z-smoke-check/audience_checks/executive_summary_from_bundle.md,executive_summary_from_bundle.md,.md,False,1146,2026-03-14T13:41:07.394709-04:00,pharos,executive summary from bundle
local,/home/cerebrhoe/PHAROS-SUITE,/home/cerebrhoe/PHAROS-SUITE/output/architecture-audits/AurorAI-20260314T174107Z-smoke-check/audience_checks/build_priority.md,build_priority.md,.md,False,276,2026-03-14T13:41:07.394709-04:00,pharos,build priority
local,/home/cerebrhoe/PHAROS-SUITE,/home/cerebrhoe/PHAROS-SUITE/output/architecture-audits/CompassAI-20260314T174204Z-smoke-test/architecture_memo.md,architecture_memo.md,.md,False,3484,2026-03-14T13:42:04.730345-04:00,pharos,architecture memo
local,/home/cerebrhoe/PHAROS-SUITE,/home/cerebrhoe/PHAROS-SUITE/output/architecture-audits/CompassAI-20260314T174204Z-smoke-test/repo_tree_summary.md,repo_tree_summary.md,.md,False,2638,2026-03-14T13:42:04.730345-04:00,pharos,repo tree summary
local,/home/cerebrhoe/PHAROS-SUITE,/home/cerebrhoe/PHAROS-SUITE/output/architecture-audits/CompassAI-20260314T174204Z-smoke-test/build_priority_summary.md,build_priority_summary.md,.md,False,480,2026-03-14T13:42:04.730345-04:00,pharos,build priority summary
local,/home/cerebrhoe/PHAROS-SUITE,/home/cerebrhoe/PHAROS-SUITE/output/architecture-audits/CompassAI-20260314T174204Z-smoke-test/repo_gap_audit.md,repo_gap_audit.md,.md,False,4644,2026-03-14T13:42:04.730345-04:00,pharos,repo gap audit
local,/home/cerebrhoe/PHAROS-SUITE,/home/cerebrhoe/PHAROS-SUITE/output/architecture-audits/CompassAI-20260314T174204Z-smoke-test/claim_routing.md,claim_routing.md,.md,False,1515,2026-03-14T13:42:04.734345-04:00,pharos,claim routing
local,/home/cerebrhoe/PHAROS-SUITE,/home/cerebrhoe/PHAROS-SUITE/output/architecture-audits/CompassAI-20260314T174204Z-smoke-test/INDEX.md,INDEX.md,.md,False,2045,2026-03-14T13:42:04.734345-04:00,pharos,index
local,/home/cerebrhoe/PHAROS-SUITE,/home/cerebrhoe/PHAROS-SUITE/output/architecture-audits/CompassAI-20260314T174204Z-smoke-test/audit_profile_lint.md,audit_profile_lint.md,.md,False,667,2026-03-14T13:42:04.730345-04:00,pharos,audit profile lint
local,/home/cerebrhoe/PHAROS-SUITE,/home/cerebrhoe/PHAROS-SUITE/output/architecture-audits/CompassAI-20260314T174204Z-smoke-test/executive_summary.md,executive_summary.md,.md,False,1574,2026-03-14T13:42:04.730345-04:00,pharos,executive summary
local,/home/cerebrhoe/PHAROS-SUITE,/home/cerebrhoe/PHAROS-SUITE/output/architecture-audits/CompassAI-20260314T174204Z-smoke-test/technical_summary.md,technical_summary.md,.md,False,1110,2026-03-14T13:42:04.730345-04:00,pharos,technical summary
local,/home/cerebrhoe/PHAROS-SUITE,/home/cerebrhoe/PHAROS-SUITE/output/architecture-audits/CompassAI-20260314T171920Z-profile-pass/architecture_memo.md,architecture_memo.md,.md,False,3654,2026-03-14T13:19:21.093764-04:00,pharos,architecture memo
local,/home/cerebrhoe/PHAROS-SUITE,/home/cerebrhoe/PHAROS-SUITE/output/architecture-audits/CompassAI-20260314T171920Z-profile-pass/repo_tree_summary.md,repo_tree_summary.md,.md,False,2534,2026-03-14T13:19:21.097764-04:00,pharos,repo tree summary
local,/home/cerebrhoe/PHAROS-SUITE,/home/cerebrhoe/PHAROS-SUITE/output/architecture-audits/CompassAI-20260314T171920Z-profile-pass/repo_gap_audit.md,repo_gap_audit.md,.md,False,3798,2026-03-14T13:19:21.097764-04:00,pharos,repo gap audit
local,/home/cerebrhoe/PHAROS-SUITE,/home/cerebrhoe/PHAROS-SUITE/output/architecture-audits/CompassAI-20260314T171920Z-profile-pass/claim_routing.md,claim_routing.md,.md,False,1515,2026-03-14T13:19:21.097764-04:00,pharos,claim routing
local,/home/cerebrhoe/PHAROS-SUITE,/home/cerebrhoe/PHAROS-SUITE/output/architecture-audits/CompassAI-20260314T171920Z-profile-pass/INDEX.md,INDEX.md,.md,False,1719,2026-03-14T13:19:21.097764-04:00,pharos,index
local,/home/cerebrhoe/PHAROS-SUITE,/home/cerebrhoe/PHAROS-SUITE/output/architecture-audits/CompassAI-20260314T171920Z-profile-pass/executive_summary.md,executive_summary.md,.md,False,2167,2026-03-14T13:19:21.097764-04:00,pharos,executive summary
local,/home/cerebrhoe/PHAROS-SUITE,/home/cerebrhoe/PHAROS-SUITE/output/architecture-audits/CompassAI-20260314T175154Z-smoke-test/architecture_memo.md,architecture_memo.md,.md,False,3484,2026-03-14T13:51:54.734525-04:00,pharos,architecture memo
local,/home/cerebrhoe/PHAROS-SUITE,/home/cerebrhoe/PHAROS-SUITE/output/architecture-audits/CompassAI-20260314T175154Z-smoke-test/repo_tree_summary.md,repo_tree_summary.md,.md,False,2638,2026-03-14T13:51:54.734525-04:00,pharos,repo tree summary
local,/home/cerebrhoe/PHAROS-SUITE,/home/cerebrhoe/PHAROS-SUITE/output/architecture-audits/CompassAI-20260314T175154Z-smoke-test/build_priority_summary.md,build_priority_summary.md,.md,False,480,2026-03-14T13:51:54.734525-04:00,pharos,build priority summary
local,/home/cerebrhoe/PHAROS-SUITE,/home/cerebrhoe/PHAROS-SUITE/output/architecture-audits/CompassAI-20260314T175154Z-smoke-test/repo_gap_audit.md,repo_gap_audit.md,.md,False,4644,2026-03-14T13:51:54.734525-04:00,pharos,repo gap audit
local,/home/cerebrhoe/PHAROS-SUITE,/home/cerebrhoe/PHAROS-SUITE/output/architecture-audits/CompassAI-20260314T175154Z-smoke-test/claim_routing.md,claim_routing.md,.md,False,1515,2026-03-14T13:51:54.734525-04:00,pharos,claim routing
local,/home/cerebrhoe/PHAROS-SUITE,/home/cerebrhoe/PHAROS-SUITE/output/architecture-audits/CompassAI-20260314T175154Z-smoke-test/INDEX.md,INDEX.md,.md,False,2045,2026-03-14T13:51:54.734525-04:00,pharos,index
local,/home/cerebrhoe/PHAROS-SUITE,/home/cerebrhoe/PHAROS-SUITE/output/architecture-audits/CompassAI-20260314T175154Z-smoke-test/audit_profile_lint.md,audit_profile_lint.md,.md,False,667,2026-03-14T13:51:54.734525-04:00,pharos,audit profile lint
local,/home/cerebrhoe/PHAROS-SUITE,/home/cerebrhoe/PHAROS-SUITE/output/architecture-audits/CompassAI-20260314T175154Z-smoke-test/executive_summary.md,executive_summary.md,.md,False,1574,2026-03-14T13:51:54.734525-04:00,pharos,executive summary
local,/home/cerebrhoe/PHAROS-SUITE,/home/cerebrhoe/PHAROS-SUITE/output/architecture-audits/CompassAI-20260314T175154Z-smoke-test/technical_summary.md,technical_summary.md,.md,False,1110,2026-03-14T13:51:54.734525-04:00,pharos,technical summary
local,/home/cerebrhoe/PHAROS-SUITE,/home/cerebrhoe/PHAROS-SUITE/output/architecture-audits/CompassAI-20260314T154111Z/architecture_memo.md,architecture_memo.md,.md,False,3163,2026-03-14T11:41:11.719076-04:00,pharos,architecture memo
local,/home/cerebrhoe/PHAROS-SUITE,/home/cerebrhoe/PHAROS-SUITE/output/architecture-audits/CompassAI-20260314T154111Z/repo_gap_audit.md,repo_gap_audit.md,.md,False,3798,2026-03-14T11:41:11.719076-04:00,pharos,repo gap audit
local,/home/cerebrhoe/PHAROS-SUITE,/home/cerebrhoe/PHAROS-SUITE/output/architecture-audits/CompassAI-20260314T154111Z/claim_routing.md,claim_routing.md,.md,False,1515,2026-03-14T11:41:11.719076-04:00,pharos,claim routing
local,/home/cerebrhoe/PHAROS-SUITE,/home/cerebrhoe/PHAROS-SUITE/output/architecture-audits/AurorAI-20260314T173844Z-test-pass/architecture_memo.md,architecture_memo.md,.md,False,2197,2026-03-14T13:38:44.343621-04:00,pharos,architecture memo
local,/home/cerebrhoe/PHAROS-SUITE,/home/cerebrhoe/PHAROS-SUITE/output/architecture-audits/AurorAI-20260314T173844Z-test-pass/repo_tree_summary.md,repo_tree_summary.md,.md,False,1506,2026-03-14T13:38:44.343621-04:00,pharos,repo tree summary
local,/home/cerebrhoe/PHAROS-SUITE,/home/cerebrhoe/PHAROS-SUITE/output/architecture-audits/AurorAI-20260314T173844Z-test-pass/build_priority_summary.md,build_priority_summary.md,.md,False,303,2026-03-14T13:38:44.343621-04:00,pharos,build priority summary
local,/home/cerebrhoe/PHAROS-SUITE,/home/cerebrhoe/PHAROS-SUITE/output/architecture-audits/AurorAI-20260314T173844Z-test-pass/repo_gap_audit.md,repo_gap_audit.md,.md,False,1823,2026-03-14T13:38:44.343621-04:00,pharos,repo gap audit
local,/home/cerebrhoe/PHAROS-SUITE,/home/cerebrhoe/PHAROS-SUITE/output/architecture-audits/AurorAI-20260314T173844Z-test-pass/claim_routing.md,claim_routing.md,.md,False,893,2026-03-14T13:38:44.347620-04:00,pharos,claim routing
local,/home/cerebrhoe/PHAROS-SUITE,/home/cerebrhoe/PHAROS-SUITE/output/architecture-audits/AurorAI-20260314T173844Z-test-pass/INDEX.md,INDEX.md,.md,False,2064,2026-03-14T13:38:44.347620-04:00,pharos,index
local,/home/cerebrhoe/PHAROS-SUITE,/home/cerebrhoe/PHAROS-SUITE/output/architecture-audits/AurorAI-20260314T173844Z-test-pass/audit_profile_lint.md,audit_profile_lint.md,.md,False,549,2026-03-14T13:38:44.343621-04:00,pharos,audit profile lint
local,/home/cerebrhoe/PHAROS-SUITE,/home/cerebrhoe/PHAROS-SUITE/output/architecture-audits/AurorAI-20260314T173844Z-test-pass/executive_summary.md,executive_summary.md,.md,False,1172,2026-03-14T13:38:44.343621-04:00,pharos,executive summary
local,/home/cerebrhoe/PHAROS-SUITE,/home/cerebrhoe/PHAROS-SUITE/output/architecture-audits/AurorAI-20260314T173844Z-test-pass/technical_summary.md,technical_summary.md,.md,False,713,2026-03-14T13:38:44.343621-04:00,pharos,technical summary
local,/home/cerebrhoe/PHAROS-SUITE,/home/cerebrhoe/PHAROS-SUITE/output/architecture-audits/CompassAI-20260314T174238Z-smoke-test/architecture_memo.md,architecture_memo.md,.md,False,3484,2026-03-14T13:42:38.530110-04:00,pharos,architecture memo
local,/home/cerebrhoe/PHAROS-SUITE,/home/cerebrhoe/PHAROS-SUITE/output/architecture-audits/CompassAI-20260314T174238Z-smoke-test/repo_tree_summary.md,repo_tree_summary.md,.md,False,2638,2026-03-14T13:42:38.530110-04:00,pharos,repo tree summary
local,/home/cerebrhoe/PHAROS-SUITE,/home/cerebrhoe/PHAROS-SUITE/output/architecture-audits/CompassAI-20260314T174238Z-smoke-test/build_priority_summary.md,build_priority_summary.md,.md,False,480,2026-03-14T13:42:38.530110-04:00,pharos,build priority summary
local,/home/cerebrhoe/PHAROS-SUITE,/home/cerebrhoe/PHAROS-SUITE/output/architecture-audits/CompassAI-20260314T174238Z-smoke-test/repo_gap_audit.md,repo_gap_audit.md,.md,False,4644,2026-03-14T13:42:38.530110-04:00,pharos,repo gap audit
local,/home/cerebrhoe/PHAROS-SUITE,/home/cerebrhoe/PHAROS-SUITE/output/architecture-audits/CompassAI-20260314T174238Z-smoke-test/claim_routing.md,claim_routing.md,.md,False,1515,2026-03-14T13:42:38.530110-04:00,pharos,claim routing
local,/home/cerebrhoe/PHAROS-SUITE,/home/cerebrhoe/PHAROS-SUITE/output/architecture-audits/CompassAI-20260314T174238Z-smoke-test/INDEX.md,INDEX.md,.md,False,2045,2026-03-14T13:42:38.530110-04:00,pharos,index
local,/home/cerebrhoe/PHAROS-SUITE,/home/cerebrhoe/PHAROS-SUITE/output/architecture-audits/CompassAI-20260314T174238Z-smoke-test/audit_profile_lint.md,audit_profile_lint.md,.md,False,667,2026-03-14T13:42:38.530110-04:00,pharos,audit profile lint
local,/home/cerebrhoe/PHAROS-SUITE,/home/cerebrhoe/PHAROS-SUITE/output/architecture-audits/CompassAI-20260314T174238Z-smoke-test/executive_summary.md,executive_summary.md,.md,False,1574,2026-03-14T13:42:38.530110-04:00,pharos,executive summary
local,/home/cerebrhoe/PHAROS-SUITE,/home/cerebrhoe/PHAROS-SUITE/output/architecture-audits/CompassAI-20260314T174238Z-smoke-test/technical_summary.md,technical_summary.md,.md,False,1110,2026-03-14T13:42:38.530110-04:00,pharos,technical summary
local,/home/cerebrhoe/PHAROS-SUITE,/home/cerebrhoe/PHAROS-SUITE/output/architecture-audits/AurorAI-20260314T174107Z-smoke-test/architecture_memo.md,architecture_memo.md,.md,False,2197,2026-03-14T13:41:07.374709-04:00,pharos,architecture memo
local,/home/cerebrhoe/PHAROS-SUITE,/home/cerebrhoe/PHAROS-SUITE/output/architecture-audits/AurorAI-20260314T174107Z-smoke-test/repo_tree_summary.md,repo_tree_summary.md,.md,False,1506,2026-03-14T13:41:07.374709-04:00,pharos,repo tree summary
local,/home/cerebrhoe/PHAROS-SUITE,/home/cerebrhoe/PHAROS-SUITE/output/architecture-audits/AurorAI-20260314T174107Z-smoke-test/build_priority_summary.md,build_priority_summary.md,.md,False,276,2026-03-14T13:41:07.374709-04:00,pharos,build priority summary
local,/home/cerebrhoe/PHAROS-SUITE,/home/cerebrhoe/PHAROS-SUITE/output/architecture-audits/AurorAI-20260314T174107Z-smoke-test/repo_gap_audit.md,repo_gap_audit.md,.md,False,1823,2026-03-14T13:41:07.374709-04:00,pharos,repo gap audit
local,/home/cerebrhoe/PHAROS-SUITE,/home/cerebrhoe/PHAROS-SUITE/output/architecture-audits/AurorAI-20260314T174107Z-smoke-test/claim_routing.md,claim_routing.md,.md,False,893,2026-03-14T13:41:07.374709-04:00,pharos,claim routing
local,/home/cerebrhoe/PHAROS-SUITE,/home/cerebrhoe/PHAROS-SUITE/output/architecture-audits/AurorAI-20260314T174107Z-smoke-test/INDEX.md,INDEX.md,.md,False,2083,2026-03-14T13:41:07.374709-04:00,pharos,index
local,/home/cerebrhoe/PHAROS-SUITE,/home/cerebrhoe/PHAROS-SUITE/output/architecture-audits/AurorAI-20260314T174107Z-smoke-test/audit_profile_lint.md,audit_profile_lint.md,.md,False,589,2026-03-14T13:41:07.374709-04:00,pharos,audit profile lint
local,/home/cerebrhoe/PHAROS-SUITE,/home/cerebrhoe/PHAROS-SUITE/output/architecture-audits/AurorAI-20260314T174107Z-smoke-test/executive_summary.md,executive_summary.md,.md,False,1146,2026-03-14T13:41:07.374709-04:00,pharos,executive summary
local,/home/cerebrhoe/PHAROS-SUITE,/home/cerebrhoe/PHAROS-SUITE/output/architecture-audits/AurorAI-20260314T174107Z-smoke-test/technical_summary.md,technical_summary.md,.md,False,686,2026-03-14T13:41:07.374709-04:00,pharos,technical summary
local,/home/cerebrhoe/PHAROS-SUITE,/home/cerebrhoe/PHAROS-SUITE/output/architecture-audits/CompassAI-20260314T174237Z-smoke-check/comparison,comparison,,True,0,2026-03-14T13:42:38.602109-04:00,pharos,comparison
local,/home/cerebrhoe/PHAROS-SUITE,/home/cerebrhoe/PHAROS-SUITE/output/architecture-audits/CompassAI-20260314T174237Z-smoke-check/audience_checks,audience_checks,,True,0,2026-03-14T13:42:38.598109-04:00,pharos,audience checks
local,/home/cerebrhoe/PHAROS-SUITE,/home/cerebrhoe/PHAROS-SUITE/output/architecture-audits/CompassAI-20260314T174237Z-smoke-check/smoke_test_report.md,smoke_test_report.md,.md,False,1295,2026-03-14T13:42:38.602109-04:00,pharos,smoke test report
local,/home/cerebrhoe/PHAROS-SUITE,/home/cerebrhoe/PHAROS-SUITE/output/architecture-audits/CompassAI-20260314T174237Z-smoke-check/comparison/comparison.md,comparison.md,.md,False,730,2026-03-14T13:42:38.602109-04:00,pharos,comparison
local,/home/cerebrhoe/PHAROS-SUITE,/home/cerebrhoe/PHAROS-SUITE/output/architecture-audits/CompassAI-20260314T174237Z-smoke-check/audience_checks/technical.md,technical.md,.md,False,1110,2026-03-14T13:42:38.598109-04:00,pharos,technical
local,/home/cerebrhoe/PHAROS-SUITE,/home/cerebrhoe/PHAROS-SUITE/output/architecture-audits/CompassAI-20260314T174237Z-smoke-check/audience_checks/executive.md,executive.md,.md,False,1072,2026-03-14T13:42:38.598109-04:00,pharos,executive
local,/home/cerebrhoe/PHAROS-SUITE,/home/cerebrhoe/PHAROS-SUITE/output/architecture-audits/CompassAI-20260314T174237Z-smoke-check/audience_checks/executive_summary_from_bundle.md,executive_summary_from_bundle.md,.md,False,1574,2026-03-14T13:42:38.598109-04:00,pharos,executive summary from bundle
local,/home/cerebrhoe/PHAROS-SUITE,/home/cerebrhoe/PHAROS-SUITE/output/architecture-audits/CompassAI-20260314T174237Z-smoke-check/audience_checks/build_priority.md,build_priority.md,.md,False,480,2026-03-14T13:42:38.598109-04:00,pharos,build priority
local,/home/cerebrhoe/PHAROS-SUITE,/home/cerebrhoe/PHAROS-SUITE/output/architecture-audits/CompassAI-20260314T173637Z-profile-lint-pass/architecture_memo.md,architecture_memo.md,.md,False,3484,2026-03-14T13:36:38.296541-04:00,pharos,architecture memo
local,/home/cerebrhoe/PHAROS-SUITE,/home/cerebrhoe/PHAROS-SUITE/output/architecture-audits/CompassAI-20260314T173637Z-profile-lint-pass/repo_tree_summary.md,repo_tree_summary.md,.md,False,2638,2026-03-14T13:36:38.296541-04:00,pharos,repo tree summary
local,/home/cerebrhoe/PHAROS-SUITE,/home/cerebrhoe/PHAROS-SUITE/output/architecture-audits/CompassAI-20260314T173637Z-profile-lint-pass/build_priority_summary.md,build_priority_summary.md,.md,False,515,2026-03-14T13:36:38.296541-04:00,pharos,build priority summary
local,/home/cerebrhoe/PHAROS-SUITE,/home/cerebrhoe/PHAROS-SUITE/output/architecture-audits/CompassAI-20260314T173637Z-profile-lint-pass/repo_gap_audit.md,repo_gap_audit.md,.md,False,4644,2026-03-14T13:36:38.296541-04:00,pharos,repo gap audit
local,/home/cerebrhoe/PHAROS-SUITE,/home/cerebrhoe/PHAROS-SUITE/output/architecture-audits/CompassAI-20260314T173637Z-profile-lint-pass/claim_routing.md,claim_routing.md,.md,False,1515,2026-03-14T13:36:38.296541-04:00,pharos,claim routing
local,/home/cerebrhoe/PHAROS-SUITE,/home/cerebrhoe/PHAROS-SUITE/output/architecture-audits/CompassAI-20260314T173637Z-profile-lint-pass/INDEX.md,INDEX.md,.md,False,2074,2026-03-14T13:36:38.296541-04:00,pharos,index
local,/home/cerebrhoe/PHAROS-SUITE,/home/cerebrhoe/PHAROS-SUITE/output/architecture-audits/CompassAI-20260314T173637Z-profile-lint-pass/audit_profile_lint.md,audit_profile_lint.md,.md,False,667,2026-03-14T13:36:38.296541-04:00,pharos,audit profile lint
local,/home/cerebrhoe/PHAROS-SUITE,/home/cerebrhoe/PHAROS-SUITE/output/architecture-audits/CompassAI-20260314T173637Z-profile-lint-pass/executive_summary.md,executive_summary.md,.md,False,1616,2026-03-14T13:36:38.296541-04:00,pharos,executive summary
local,/home/cerebrhoe/PHAROS-SUITE,/home/cerebrhoe/PHAROS-SUITE/output/architecture-audits/CompassAI-20260314T173637Z-profile-lint-pass/technical_summary.md,technical_summary.md,.md,False,1145,2026-03-14T13:36:38.296541-04:00,pharos,technical summary
local,/home/cerebrhoe/PHAROS-SUITE,/home/cerebrhoe/PHAROS-SUITE/output/architecture-audits/CompassAI-20260314T154209Z/architecture_memo.md,architecture_memo.md,.md,False,3163,2026-03-14T11:42:09.887568-04:00,pharos,architecture memo
local,/home/cerebrhoe/PHAROS-SUITE,/home/cerebrhoe/PHAROS-SUITE/output/architecture-audits/CompassAI-20260314T154209Z/repo_gap_audit.md,repo_gap_audit.md,.md,False,3798,2026-03-14T11:42:09.891568-04:00,pharos,repo gap audit
local,/home/cerebrhoe/PHAROS-SUITE,/home/cerebrhoe/PHAROS-SUITE/output/architecture-audits/CompassAI-20260314T154209Z/claim_routing.md,claim_routing.md,.md,False,1515,2026-03-14T11:42:09.891568-04:00,pharos,claim routing
local,/home/cerebrhoe/PHAROS-SUITE,/home/cerebrhoe/PHAROS-SUITE/output/architecture-audits/AurorAI-20260314T173332Z-starter-profile-proof-2/architecture_memo.md,architecture_memo.md,.md,False,2134,2026-03-14T13:33:32.522169-04:00,pharos,architecture memo
local,/home/cerebrhoe/PHAROS-SUITE,/home/cerebrhoe/PHAROS-SUITE/output/architecture-audits/AurorAI-20260314T173332Z-starter-profile-proof-2/repo_tree_summary.md,repo_tree_summary.md,.md,False,1506,2026-03-14T13:33:32.522169-04:00,pharos,repo tree summary
local,/home/cerebrhoe/PHAROS-SUITE,/home/cerebrhoe/PHAROS-SUITE/output/architecture-audits/AurorAI-20260314T173332Z-starter-profile-proof-2/build_priority_summary.md,build_priority_summary.md,.md,False,317,2026-03-14T13:33:32.522169-04:00,pharos,build priority summary
local,/home/cerebrhoe/PHAROS-SUITE,/home/cerebrhoe/PHAROS-SUITE/output/architecture-audits/AurorAI-20260314T173332Z-starter-profile-proof-2/repo_gap_audit.md,repo_gap_audit.md,.md,False,1823,2026-03-14T13:33:32.522169-04:00,pharos,repo gap audit
local,/home/cerebrhoe/PHAROS-SUITE,/home/cerebrhoe/PHAROS-SUITE/output/architecture-audits/AurorAI-20260314T173332Z-starter-profile-proof-2/claim_routing.md,claim_routing.md,.md,False,893,2026-03-14T13:33:32.522169-04:00,pharos,claim routing
local,/home/cerebrhoe/PHAROS-SUITE,/home/cerebrhoe/PHAROS-SUITE/output/architecture-audits/AurorAI-20260314T173332Z-starter-profile-proof-2/INDEX.md,INDEX.md,.md,False,1905,2026-03-14T13:33:32.522169-04:00,pharos,index
local,/home/cerebrhoe/PHAROS-SUITE,/home/cerebrhoe/PHAROS-SUITE/output/architecture-audits/AurorAI-20260314T173332Z-starter-profile-proof-2/executive_summary.md,executive_summary.md,.md,False,1137,2026-03-14T13:33:32.522169-04:00,pharos,executive summary
local,/home/cerebrhoe/PHAROS-SUITE,/home/cerebrhoe/PHAROS-SUITE/output/architecture-audits/AurorAI-20260314T173332Z-starter-profile-proof-2/technical_summary.md,technical_summary.md,.md,False,727,2026-03-14T13:33:32.522169-04:00,pharos,technical summary
local,/home/cerebrhoe/PHAROS-SUITE,/home/cerebrhoe/PHAROS-SUITE/output/architecture-audits/AurorAI-20260314T175153Z-smoke-test/architecture_memo.md,architecture_memo.md,.md,False,2197,2026-03-14T13:51:53.986530-04:00,pharos,architecture memo
local,/home/cerebrhoe/PHAROS-SUITE,/home/cerebrhoe/PHAROS-SUITE/output/architecture-audits/AurorAI-20260314T175153Z-smoke-test/repo_tree_summary.md,repo_tree_summary.md,.md,False,1506,2026-03-14T13:51:53.986530-04:00,pharos,repo tree summary
local,/home/cerebrhoe/PHAROS-SUITE,/home/cerebrhoe/PHAROS-SUITE/output/architecture-audits/AurorAI-20260314T175153Z-smoke-test/build_priority_summary.md,build_priority_summary.md,.md,False,276,2026-03-14T13:51:53.986530-04:00,pharos,build priority summary
local,/home/cerebrhoe/PHAROS-SUITE,/home/cerebrhoe/PHAROS-SUITE/output/architecture-audits/AurorAI-20260314T175153Z-smoke-test/repo_gap_audit.md,repo_gap_audit.md,.md,False,1823,2026-03-14T13:51:53.986530-04:00,pharos,repo gap audit
local,/home/cerebrhoe/PHAROS-SUITE,/home/cerebrhoe/PHAROS-SUITE/output/architecture-audits/AurorAI-20260314T175153Z-smoke-test/claim_routing.md,claim_routing.md,.md,False,893,2026-03-14T13:51:53.986530-04:00,pharos,claim routing
local,/home/cerebrhoe/PHAROS-SUITE,/home/cerebrhoe/PHAROS-SUITE/output/architecture-audits/AurorAI-20260314T175153Z-smoke-test/INDEX.md,INDEX.md,.md,False,2093,2026-03-14T13:51:53.986530-04:00,pharos,index
local,/home/cerebrhoe/PHAROS-SUITE,/home/cerebrhoe/PHAROS-SUITE/output/architecture-audits/AurorAI-20260314T175153Z-smoke-test/audit_profile_lint.md,audit_profile_lint.md,.md,False,599,2026-03-14T13:51:53.986530-04:00,pharos,audit profile lint
local,/home/cerebrhoe/PHAROS-SUITE,/home/cerebrhoe/PHAROS-SUITE/output/architecture-audits/AurorAI-20260314T175153Z-smoke-test/executive_summary.md,executive_summary.md,.md,False,1146,2026-03-14T13:51:53.986530-04:00,pharos,executive summary
local,/home/cerebrhoe/PHAROS-SUITE,/home/cerebrhoe/PHAROS-SUITE/output/architecture-audits/AurorAI-20260314T175153Z-smoke-test/technical_summary.md,technical_summary.md,.md,False,686,2026-03-14T13:51:53.986530-04:00,pharos,technical summary
local,/home/cerebrhoe/PHAROS-SUITE,/home/cerebrhoe/PHAROS-SUITE/output/architecture-audits/CompassAI-20260314T174204Z-smoke-check/comparison,comparison,,True,0,2026-03-14T13:42:04.814344-04:00,pharos,comparison
local,/home/cerebrhoe/PHAROS-SUITE,/home/cerebrhoe/PHAROS-SUITE/output/architecture-audits/CompassAI-20260314T174204Z-smoke-check/audience_checks,audience_checks,,True,0,2026-03-14T13:42:04.810344-04:00,pharos,audience checks
local,/home/cerebrhoe/PHAROS-SUITE,/home/cerebrhoe/PHAROS-SUITE/output/architecture-audits/CompassAI-20260314T174204Z-smoke-check/smoke_test_report.md,smoke_test_report.md,.md,False,1194,2026-03-14T13:42:04.814344-04:00,pharos,smoke test report
local,/home/cerebrhoe/PHAROS-SUITE,/home/cerebrhoe/PHAROS-SUITE/output/architecture-audits/CompassAI-20260314T174204Z-smoke-check/comparison/comparison.md,comparison.md,.md,False,737,2026-03-14T13:42:04.814344-04:00,pharos,comparison
local,/home/cerebrhoe/PHAROS-SUITE,/home/cerebrhoe/PHAROS-SUITE/output/architecture-audits/CompassAI-20260314T174204Z-smoke-check/audience_checks/technical.md,technical.md,.md,False,1110,2026-03-14T13:42:04.810344-04:00,pharos,technical
local,/home/cerebrhoe/PHAROS-SUITE,/home/cerebrhoe/PHAROS-SUITE/output/architecture-audits/CompassAI-20260314T174204Z-smoke-check/audience_checks/executive.md,executive.md,.md,False,1072,2026-03-14T13:42:04.810344-04:00,pharos,executive
local,/home/cerebrhoe/PHAROS-SUITE,/home/cerebrhoe/PHAROS-SUITE/output/architecture-audits/CompassAI-20260314T174204Z-smoke-check/audience_checks/executive_summary_from_bundle.md,executive_summary_from_bundle.md,.md,False,1574,2026-03-14T13:42:04.810344-04:00,pharos,executive summary from bundle
local,/home/cerebrhoe/PHAROS-SUITE,/home/cerebrhoe/PHAROS-SUITE/output/architecture-audits/CompassAI-20260314T174204Z-smoke-check/audience_checks/build_priority.md,build_priority.md,.md,False,480,2026-03-14T13:42:04.810344-04:00,pharos,build priority
local,/home/cerebrhoe/PHAROS-SUITE,/home/cerebrhoe/PHAROS-SUITE/output/architecture-audits/CompassAI-20260314T154839Z-tree-pass/architecture_memo.md,architecture_memo.md,.md,False,3396,2026-03-14T11:48:39.752042-04:00,pharos,architecture memo
local,/home/cerebrhoe/PHAROS-SUITE,/home/cerebrhoe/PHAROS-SUITE/output/architecture-audits/CompassAI-20260314T154839Z-tree-pass/repo_tree_summary.md,repo_tree_summary.md,.md,False,2515,2026-03-14T11:48:39.752042-04:00,pharos,repo tree summary
local,/home/cerebrhoe/PHAROS-SUITE,/home/cerebrhoe/PHAROS-SUITE/output/architecture-audits/CompassAI-20260314T154839Z-tree-pass/repo_gap_audit.md,repo_gap_audit.md,.md,False,3798,2026-03-14T11:48:39.752042-04:00,pharos,repo gap audit
local,/home/cerebrhoe/PHAROS-SUITE,/home/cerebrhoe/PHAROS-SUITE/output/architecture-audits/CompassAI-20260314T154839Z-tree-pass/claim_routing.md,claim_routing.md,.md,False,1515,2026-03-14T11:48:39.752042-04:00,pharos,claim routing
local,/home/cerebrhoe/PHAROS-SUITE,/home/cerebrhoe/PHAROS-SUITE/output/architecture-audits/CompassAI-20260314T154839Z-tree-pass/INDEX.md,INDEX.md,.md,False,1442,2026-03-14T11:48:39.752042-04:00,pharos,index
local,/home/cerebrhoe/PHAROS-SUITE,/home/cerebrhoe/PHAROS-SUITE/output/architecture-audits/CompassAI-20260314T154839Z-tree-pass/executive_summary.md,executive_summary.md,.md,False,2047,2026-03-14T11:48:39.752042-04:00,pharos,executive summary
local,/home/cerebrhoe/PHAROS-SUITE,/home/cerebrhoe/PHAROS-SUITE/output/architecture-audits/CompassAI-20260314T155015Z-score-pass-2/architecture_memo.md,architecture_memo.md,.md,False,3600,2026-03-14T11:50:15.530256-04:00,pharos,architecture memo
local,/home/cerebrhoe/PHAROS-SUITE,/home/cerebrhoe/PHAROS-SUITE/output/architecture-audits/CompassAI-20260314T155015Z-score-pass-2/repo_tree_summary.md,repo_tree_summary.md,.md,False,2515,2026-03-14T11:50:15.530256-04:00,pharos,repo tree summary
local,/home/cerebrhoe/PHAROS-SUITE,/home/cerebrhoe/PHAROS-SUITE/output/architecture-audits/CompassAI-20260314T155015Z-score-pass-2/repo_gap_audit.md,repo_gap_audit.md,.md,False,3798,2026-03-14T11:50:15.530256-04:00,pharos,repo gap audit
local,/home/cerebrhoe/PHAROS-SUITE,/home/cerebrhoe/PHAROS-SUITE/output/architecture-audits/CompassAI-20260314T155015Z-score-pass-2/claim_routing.md,claim_routing.md,.md,False,1515,2026-03-14T11:50:15.530256-04:00,pharos,claim routing
local,/home/cerebrhoe/PHAROS-SUITE,/home/cerebrhoe/PHAROS-SUITE/output/architecture-audits/CompassAI-20260314T155015Z-score-pass-2/INDEX.md,INDEX.md,.md,False,1445,2026-03-14T11:50:15.530256-04:00,pharos,index
local,/home/cerebrhoe/PHAROS-SUITE,/home/cerebrhoe/PHAROS-SUITE/output/architecture-audits/CompassAI-20260314T155015Z-score-pass-2/executive_summary.md,executive_summary.md,.md,False,2167,2026-03-14T11:50:15.530256-04:00,pharos,executive summary
local,/home/cerebrhoe/PHAROS-SUITE,/home/cerebrhoe/PHAROS-SUITE/output/architecture-audits/CompassAI-20260314T154944Z-score-pass/architecture_memo.md,architecture_memo.md,.md,False,3600,2026-03-14T11:49:45.016100-04:00,pharos,architecture memo
local,/home/cerebrhoe/PHAROS-SUITE,/home/cerebrhoe/PHAROS-SUITE/output/architecture-audits/CompassAI-20260314T154944Z-score-pass/repo_tree_summary.md,repo_tree_summary.md,.md,False,2515,2026-03-14T11:49:45.016100-04:00,pharos,repo tree summary
local,/home/cerebrhoe/PHAROS-SUITE,/home/cerebrhoe/PHAROS-SUITE/output/architecture-audits/CompassAI-20260314T154944Z-score-pass/repo_gap_audit.md,repo_gap_audit.md,.md,False,3798,2026-03-14T11:49:45.016100-04:00,pharos,repo gap audit
local,/home/cerebrhoe/PHAROS-SUITE,/home/cerebrhoe/PHAROS-SUITE/output/architecture-audits/CompassAI-20260314T154944Z-score-pass/claim_routing.md,claim_routing.md,.md,False,1515,2026-03-14T11:49:45.016100-04:00,pharos,claim routing
local,/home/cerebrhoe/PHAROS-SUITE,/home/cerebrhoe/PHAROS-SUITE/output/architecture-audits/CompassAI-20260314T154944Z-score-pass/INDEX.md,INDEX.md,.md,False,1443,2026-03-14T11:49:45.016100-04:00,pharos,index
local,/home/cerebrhoe/PHAROS-SUITE,/home/cerebrhoe/PHAROS-SUITE/output/architecture-audits/CompassAI-20260314T154944Z-score-pass/executive_summary.md,executive_summary.md,.md,False,2163,2026-03-14T11:49:45.016100-04:00,pharos,executive summary
local,/home/cerebrhoe/PHAROS-SUITE,/home/cerebrhoe/PHAROS-SUITE/output/architecture-audits/CompassAI-20260314T154257Z-review-pass/architecture_memo.md,architecture_memo.md,.md,False,3163,2026-03-14T11:42:58.144657-04:00,pharos,architecture memo
local,/home/cerebrhoe/PHAROS-SUITE,/home/cerebrhoe/PHAROS-SUITE/output/architecture-audits/CompassAI-20260314T154257Z-review-pass/repo_gap_audit.md,repo_gap_audit.md,.md,False,3798,2026-03-14T11:42:58.144657-04:00,pharos,repo gap audit
local,/home/cerebrhoe/PHAROS-SUITE,/home/cerebrhoe/PHAROS-SUITE/output/architecture-audits/CompassAI-20260314T154257Z-review-pass/claim_routing.md,claim_routing.md,.md,False,1515,2026-03-14T11:42:58.144657-04:00,pharos,claim routing
local,/home/cerebrhoe/PHAROS-SUITE,/home/cerebrhoe/PHAROS-SUITE/output/architecture-audits/CompassAI-20260314T154257Z-review-pass/INDEX.md,INDEX.md,.md,False,1121,2026-03-14T11:42:58.144657-04:00,pharos,index
local,/home/cerebrhoe/PHAROS-SUITE,/home/cerebrhoe/PHAROS-SUITE/output/architecture-audits/CompassAI-20260314T172053Z-audience-pass/architecture_memo.md,architecture_memo.md,.md,False,3656,2026-03-14T13:20:54.184776-04:00,pharos,architecture memo
local,/home/cerebrhoe/PHAROS-SUITE,/home/cerebrhoe/PHAROS-SUITE/output/architecture-audits/CompassAI-20260314T172053Z-audience-pass/repo_tree_summary.md,repo_tree_summary.md,.md,False,2515,2026-03-14T13:20:54.184776-04:00,pharos,repo tree summary
local,/home/cerebrhoe/PHAROS-SUITE,/home/cerebrhoe/PHAROS-SUITE/output/architecture-audits/CompassAI-20260314T172053Z-audience-pass/build_priority_summary.md,build_priority_summary.md,.md,False,1017,2026-03-14T13:20:54.184776-04:00,pharos,build priority summary
local,/home/cerebrhoe/PHAROS-SUITE,/home/cerebrhoe/PHAROS-SUITE/output/architecture-audits/CompassAI-20260314T172053Z-audience-pass/repo_gap_audit.md,repo_gap_audit.md,.md,False,3798,2026-03-14T13:20:54.184776-04:00,pharos,repo gap audit
local,/home/cerebrhoe/PHAROS-SUITE,/home/cerebrhoe/PHAROS-SUITE/output/architecture-audits/CompassAI-20260314T172053Z-audience-pass/claim_routing.md,claim_routing.md,.md,False,1515,2026-03-14T13:20:54.184776-04:00,pharos,claim routing
local,/home/cerebrhoe/PHAROS-SUITE,/home/cerebrhoe/PHAROS-SUITE/output/architecture-audits/CompassAI-20260314T172053Z-audience-pass/INDEX.md,INDEX.md,.md,False,1848,2026-03-14T13:20:54.184776-04:00,pharos,index
local,/home/cerebrhoe/PHAROS-SUITE,/home/cerebrhoe/PHAROS-SUITE/output/architecture-audits/CompassAI-20260314T172053Z-audience-pass/executive_summary.md,executive_summary.md,.md,False,2169,2026-03-14T13:20:54.184776-04:00,pharos,executive summary
local,/home/cerebrhoe/PHAROS-SUITE,/home/cerebrhoe/PHAROS-SUITE/output/architecture-audits/CompassAI-20260314T172053Z-audience-pass/technical_summary.md,technical_summary.md,.md,False,1800,2026-03-14T13:20:54.184776-04:00,pharos,technical summary
local,/home/cerebrhoe/PHAROS-SUITE,/home/cerebrhoe/PHAROS-SUITE/output/architecture-audits/CompassAI-20260314T172509Z-local-profile-auto/architecture_memo.md,architecture_memo.md,.md,False,3316,2026-03-14T13:25:09.454576-04:00,pharos,architecture memo
local,/home/cerebrhoe/PHAROS-SUITE,/home/cerebrhoe/PHAROS-SUITE/output/architecture-audits/CompassAI-20260314T172509Z-local-profile-auto/repo_tree_summary.md,repo_tree_summary.md,.md,False,2638,2026-03-14T13:25:09.454576-04:00,pharos,repo tree summary
local,/home/cerebrhoe/PHAROS-SUITE,/home/cerebrhoe/PHAROS-SUITE/output/architecture-audits/CompassAI-20260314T172509Z-local-profile-auto/build_priority_summary.md,build_priority_summary.md,.md,False,516,2026-03-14T13:25:09.454576-04:00,pharos,build priority summary
local,/home/cerebrhoe/PHAROS-SUITE,/home/cerebrhoe/PHAROS-SUITE/output/architecture-audits/CompassAI-20260314T172509Z-local-profile-auto/repo_gap_audit.md,repo_gap_audit.md,.md,False,4475,2026-03-14T13:25:09.454576-04:00,pharos,repo gap audit
local,/home/cerebrhoe/PHAROS-SUITE,/home/cerebrhoe/PHAROS-SUITE/output/architecture-audits/CompassAI-20260314T172509Z-local-profile-auto/claim_routing.md,claim_routing.md,.md,False,1515,2026-03-14T13:25:09.454576-04:00,pharos,claim routing
local,/home/cerebrhoe/PHAROS-SUITE,/home/cerebrhoe/PHAROS-SUITE/output/architecture-audits/CompassAI-20260314T172509Z-local-profile-auto/INDEX.md,INDEX.md,.md,False,1899,2026-03-14T13:25:09.458576-04:00,pharos,index
local,/home/cerebrhoe/PHAROS-SUITE,/home/cerebrhoe/PHAROS-SUITE/output/architecture-audits/CompassAI-20260314T172509Z-local-profile-auto/executive_summary.md,executive_summary.md,.md,False,1437,2026-03-14T13:25:09.454576-04:00,pharos,executive summary
local,/home/cerebrhoe/PHAROS-SUITE,/home/cerebrhoe/PHAROS-SUITE/output/architecture-audits/CompassAI-20260314T172509Z-local-profile-auto/technical_summary.md,technical_summary.md,.md,False,1146,2026-03-14T13:25:09.454576-04:00,pharos,technical summary
local,/home/cerebrhoe/PHAROS-SUITE,/home/cerebrhoe/PHAROS-SUITE/output/architecture-audits/AurorAI-20260314T173234Z-starter-profile-proof/architecture_memo.md,architecture_memo.md,.md,False,2069,2026-03-14T13:32:34.158673-04:00,pharos,architecture memo
local,/home/cerebrhoe/PHAROS-SUITE,/home/cerebrhoe/PHAROS-SUITE/output/architecture-audits/AurorAI-20260314T173234Z-starter-profile-proof/repo_tree_summary.md,repo_tree_summary.md,.md,False,1506,2026-03-14T13:32:34.162673-04:00,pharos,repo tree summary
local,/home/cerebrhoe/PHAROS-SUITE,/home/cerebrhoe/PHAROS-SUITE/output/architecture-audits/AurorAI-20260314T173234Z-starter-profile-proof/build_priority_summary.md,build_priority_summary.md,.md,False,315,2026-03-14T13:32:34.162673-04:00,pharos,build priority summary
local,/home/cerebrhoe/PHAROS-SUITE,/home/cerebrhoe/PHAROS-SUITE/output/architecture-audits/AurorAI-20260314T173234Z-starter-profile-proof/repo_gap_audit.md,repo_gap_audit.md,.md,False,760,2026-03-14T13:32:34.162673-04:00,pharos,repo gap audit
local,/home/cerebrhoe/PHAROS-SUITE,/home/cerebrhoe/PHAROS-SUITE/output/architecture-audits/AurorAI-20260314T173234Z-starter-profile-proof/claim_routing.md,claim_routing.md,.md,False,893,2026-03-14T13:32:34.162673-04:00,pharos,claim routing
local,/home/cerebrhoe/PHAROS-SUITE,/home/cerebrhoe/PHAROS-SUITE/output/architecture-audits/AurorAI-20260314T173234Z-starter-profile-proof/INDEX.md,INDEX.md,.md,False,1903,2026-03-14T13:32:34.162673-04:00,pharos,index
local,/home/cerebrhoe/PHAROS-SUITE,/home/cerebrhoe/PHAROS-SUITE/output/architecture-audits/AurorAI-20260314T173234Z-starter-profile-proof/executive_summary.md,executive_summary.md,.md,False,1101,2026-03-14T13:32:34.162673-04:00,pharos,executive summary
local,/home/cerebrhoe/PHAROS-SUITE,/home/cerebrhoe/PHAROS-SUITE/output/architecture-audits/AurorAI-20260314T173234Z-starter-profile-proof/technical_summary.md,technical_summary.md,.md,False,722,2026-03-14T13:32:34.162673-04:00,pharos,technical summary
local,/home/cerebrhoe/PHAROS-SUITE,/home/cerebrhoe/PHAROS-SUITE/output/architecture-audits/CompassAI-20260314T154456Z-exec-pass/architecture_memo.md,architecture_memo.md,.md,False,3163,2026-03-14T11:44:56.905496-04:00,pharos,architecture memo
local,/home/cerebrhoe/PHAROS-SUITE,/home/cerebrhoe/PHAROS-SUITE/output/architecture-audits/CompassAI-20260314T154456Z-exec-pass/repo_gap_audit.md,repo_gap_audit.md,.md,False,3798,2026-03-14T11:44:56.909495-04:00,pharos,repo gap audit
local,/home/cerebrhoe/PHAROS-SUITE,/home/cerebrhoe/PHAROS-SUITE/output/architecture-audits/CompassAI-20260314T154456Z-exec-pass/claim_routing.md,claim_routing.md,.md,False,1515,2026-03-14T11:44:56.909495-04:00,pharos,claim routing
local,/home/cerebrhoe/PHAROS-SUITE,/home/cerebrhoe/PHAROS-SUITE/output/architecture-audits/CompassAI-20260314T154456Z-exec-pass/INDEX.md,INDEX.md,.md,False,1291,2026-03-14T11:44:56.909495-04:00,pharos,index
local,/home/cerebrhoe/PHAROS-SUITE,/home/cerebrhoe/PHAROS-SUITE/output/architecture-audits/CompassAI-20260314T154456Z-exec-pass/executive_summary.md,executive_summary.md,.md,False,2047,2026-03-14T11:44:56.905496-04:00,pharos,executive summary
local,/home/cerebrhoe/PHAROS-SUITE,/home/cerebrhoe/PHAROS-SUITE/output/tmp/pharos-psa-prompt.txt,pharos-psa-prompt.txt,.txt,False,1789,2026-03-16T01:52:33.635540-04:00,pharos,pharos psa prompt
local,/home/cerebrhoe/PHAROS-SUITE,/home/cerebrhoe/PHAROS-SUITE/output/repo-hosting/pharos-live-check,pharos-live-check,,True,0,2026-03-22T03:26:57.801566-04:00,pharos,pharos live check
local,/home/cerebrhoe/PHAROS-SUITE,/home/cerebrhoe/PHAROS-SUITE/output/repo-hosting/aurorai-generated,aurorai-generated,,True,0,2026-03-14T13:51:54.010530-04:00,pharos,aurorai generated
local,/home/cerebrhoe/PHAROS-SUITE,/home/cerebrhoe/PHAROS-SUITE/output/repo-hosting/compassai-repo-local,compassai-repo-local,,True,0,2026-03-14T13:51:54.822525-04:00,pharos,compassai repo local
local,/home/cerebrhoe/PHAROS-SUITE,/home/cerebrhoe/PHAROS-SUITE/output/repo-hosting/pharos-v10-dryrun,pharos-v10-dryrun,,True,0,2026-03-16T01:11:44.601523-04:00,pharos,pharos dryrun
local,/home/cerebrhoe/PHAROS-SUITE,/home/cerebrhoe/PHAROS-SUITE/output/repo-hosting/aurorai-generated/comparison,comparison,,True,0,2026-03-14T13:51:54.010530-04:00,pharos,comparison
local,/home/cerebrhoe/PHAROS-SUITE,/home/cerebrhoe/PHAROS-SUITE/output/repo-hosting/aurorai-generated/audience_checks,audience_checks,,True,0,2026-03-14T13:51:54.006530-04:00,pharos,audience checks
local,/home/cerebrhoe/PHAROS-SUITE,/home/cerebrhoe/PHAROS-SUITE/output/repo-hosting/aurorai-generated/comparison/comparison.md,comparison.md,.md,False,702,2026-03-14T13:51:54.010530-04:00,pharos,comparison
local,/home/cerebrhoe/PHAROS-SUITE,/home/cerebrhoe/PHAROS-SUITE/output/repo-hosting/aurorai-generated/audience_checks/technical.md,technical.md,.md,False,686,2026-03-14T13:51:54.006530-04:00,pharos,technical
local,/home/cerebrhoe/PHAROS-SUITE,/home/cerebrhoe/PHAROS-SUITE/output/repo-hosting/aurorai-generated/audience_checks/executive.md,executive.md,.md,False,772,2026-03-14T13:51:54.006530-04:00,pharos,executive
local,/home/cerebrhoe/PHAROS-SUITE,/home/cerebrhoe/PHAROS-SUITE/output/repo-hosting/aurorai-generated/audience_checks/executive_summary_from_bundle.md,executive_summary_from_bundle.md,.md,False,1146,2026-03-14T13:51:54.006530-04:00,pharos,executive summary from bundle
local,/home/cerebrhoe/PHAROS-SUITE,/home/cerebrhoe/PHAROS-SUITE/output/repo-hosting/aurorai-generated/audience_checks/build_priority.md,build_priority.md,.md,False,276,2026-03-14T13:51:54.006530-04:00,pharos,build priority
local,/home/cerebrhoe/PHAROS-SUITE,/home/cerebrhoe/PHAROS-SUITE/output/repo-hosting/compassai-repo-local/comparison,comparison,,True,0,2026-03-14T13:51:54.822525-04:00,pharos,comparison
local,/home/cerebrhoe/PHAROS-SUITE,/home/cerebrhoe/PHAROS-SUITE/output/repo-hosting/compassai-repo-local/audience_checks,audience_checks,,True,0,2026-03-14T13:51:54.822525-04:00,pharos,audience checks
local,/home/cerebrhoe/PHAROS-SUITE,/home/cerebrhoe/PHAROS-SUITE/output/repo-hosting/compassai-repo-local/comparison/comparison.md,comparison.md,.md,False,730,2026-03-14T13:51:54.822525-04:00,pharos,comparison
local,/home/cerebrhoe/PHAROS-SUITE,/home/cerebrhoe/PHAROS-SUITE/output/repo-hosting/compassai-repo-local/audience_checks/technical.md,technical.md,.md,False,1110,2026-03-14T13:51:54.822525-04:00,pharos,technical
local,/home/cerebrhoe/PHAROS-SUITE,/home/cerebrhoe/PHAROS-SUITE/output/repo-hosting/compassai-repo-local/audience_checks/executive.md,executive.md,.md,False,1072,2026-03-14T13:51:54.822525-04:00,pharos,executive
local,/home/cerebrhoe/PHAROS-SUITE,/home/cerebrhoe/PHAROS-SUITE/output/repo-hosting/compassai-repo-local/audience_checks/executive_summary_from_bundle.md,executive_summary_from_bundle.md,.md,False,1574,2026-03-14T13:51:54.822525-04:00,pharos,executive summary from bundle
local,/home/cerebrhoe/PHAROS-SUITE,/home/cerebrhoe/PHAROS-SUITE/output/repo-hosting/compassai-repo-local/audience_checks/build_priority.md,build_priority.md,.md,False,480,2026-03-14T13:51:54.822525-04:00,pharos,build priority
local,/home/cerebrhoe/PHAROS-SUITE,/home/cerebrhoe/PHAROS-SUITE/skills/publisher,publisher,,True,0,2026-03-31T12:16:43.954906-04:00,pharos,publisher
local,/home/cerebrhoe/PHAROS-SUITE,/home/cerebrhoe/PHAROS-SUITE/skills/diamond-eyes,diamond-eyes,,True,0,2026-03-31T12:26:08.166874-04:00,pharos,diamond eyes
local,/home/cerebrhoe/PHAROS-SUITE,/home/cerebrhoe/PHAROS-SUITE/skills/skill-pairing,skill-pairing,,True,0,2026-03-31T12:16:44.178906-04:00,pharos,skill pairing
local,/home/cerebrhoe/PHAROS-SUITE,/home/cerebrhoe/PHAROS-SUITE/skills/brand-identity-system,brand-identity-system,,True,0,2026-03-31T12:16:43.626906-04:00,pharos,brand identity system
local,/home/cerebrhoe/PHAROS-SUITE,/home/cerebrhoe/PHAROS-SUITE/skills/peer-reviewed-paper-writer,peer-reviewed-paper-writer,,True,0,2026-03-31T12:16:43.810906-04:00,pharos,peer paper writer
local,/home/cerebrhoe/PHAROS-SUITE,/home/cerebrhoe/PHAROS-SUITE/skills/fully-rounded-power-analyst,fully-rounded-power-analyst,,True,0,2026-03-31T12:16:44.378906-04:00,pharos,fully rounded power analyst
local,/home/cerebrhoe/PHAROS-SUITE,/home/cerebrhoe/PHAROS-SUITE/skills/novelist,novelist,,True,0,2026-03-31T12:16:43.754906-04:00,pharos,novelist
local,/home/cerebrhoe/PHAROS-SUITE,/home/cerebrhoe/PHAROS-SUITE/skills/recursive-governance-method,recursive-governance-method,,True,0,2026-03-31T12:16:44.114906-04:00,pharos,recursive governance method
local,/home/cerebrhoe/PHAROS-SUITE,/home/cerebrhoe/PHAROS-SUITE/skills/ma-degree-guide,ma-degree-guide,,True,0,2026-03-31T12:16:43.726906-04:00,pharos,ma degree guide
local,/home/cerebrhoe/PHAROS-SUITE,/home/cerebrhoe/PHAROS-SUITE/skills/trace-investigator,trace-investigator,,True,0,2026-03-31T12:16:44.342906-04:00,pharos,trace investigator
local,/home/cerebrhoe/PHAROS-SUITE,/home/cerebrhoe/PHAROS-SUITE/skills/humanize,humanize,,True,0,2026-03-31T12:16:43.678905-04:00,pharos,humanize
local,/home/cerebrhoe/PHAROS-SUITE,/home/cerebrhoe/PHAROS-SUITE/skills/philosopher,philosopher,,True,0,2026-03-31T12:16:43.870906-04:00,pharos,philosopher
local,/home/cerebrhoe/PHAROS-SUITE,/home/cerebrhoe/PHAROS-SUITE/skills/skill-architect,skill-architect,,True,0,2026-03-31T12:16:44.158906-04:00,pharos,skill architect
local,/home/cerebrhoe/PHAROS-SUITE,/home/cerebrhoe/PHAROS-SUITE/skills/qualitative,qualitative,,True,0,2026-03-31T12:16:44.006906-04:00,pharos,qualitative
local,/home/cerebrhoe/PHAROS-SUITE,/home/cerebrhoe/PHAROS-SUITE/skills/cloudflare-deploy,cloudflare-deploy,,True,0,2026-03-31T12:25:53.386876-04:00,pharos,cloudflare deploy
local,/home/cerebrhoe/PHAROS-SUITE,/home/cerebrhoe/PHAROS-SUITE/skills/triangulation,triangulation,,True,0,2026-03-31T12:16:44.362906-04:00,pharos,triangulation
local,/home/cerebrhoe/PHAROS-SUITE,/home/cerebrhoe/PHAROS-SUITE/skills/red-team,red-team,,True,0,2026-03-31T12:16:44.130906-04:00,pharos,red team
local,/home/cerebrhoe/PHAROS-SUITE,/home/cerebrhoe/PHAROS-SUITE/skills/speech,speech,,True,0,2026-03-31T12:16:44.326906-04:00,pharos,speech
local,/home/cerebrhoe/PHAROS-SUITE,/home/cerebrhoe/PHAROS-SUITE/skills/publisher/references,references,,True,0,2026-03-31T12:16:43.950906-04:00,pharos,references
local,/home/cerebrhoe/PHAROS-SUITE,/home/cerebrhoe/PHAROS-SUITE/skills/publisher/agents,agents,,True,0,2026-03-31T12:16:43.906906-04:00,pharos,agents
local,/home/cerebrhoe/PHAROS-SUITE,/home/cerebrhoe/PHAROS-SUITE/skills/publisher/SKILL.md,SKILL.md,.md,False,4166,2026-03-31T12:16:43.958906-04:00,pharos,skill
local,/home/cerebrhoe/PHAROS-SUITE,/home/cerebrhoe/PHAROS-SUITE/skills/publisher/references/role-map.md,role-map.md,.md,False,4952,2026-03-31T12:16:43.954906-04:00,pharos,role map
local,/home/cerebrhoe/PHAROS-SUITE,/home/cerebrhoe/PHAROS-SUITE/skills/diamond-eyes/agents,agents,,True,0,2026-03-31T12:26:08.214874-04:00,pharos,agents
local,/home/cerebrhoe/PHAROS-SUITE,/home/cerebrhoe/PHAROS-SUITE/skills/diamond-eyes/SKILL.md,SKILL.md,.md,False,15242,2026-03-31T12:26:08.166874-04:00,pharos,skill
local,/home/cerebrhoe/PHAROS-SUITE,/home/cerebrhoe/PHAROS-SUITE/skills/skill-pairing/agents,agents,,True,0,2026-03-31T12:16:44.174906-04:00,pharos,agents
local,/home/cerebrhoe/PHAROS-SUITE,/home/cerebrhoe/PHAROS-SUITE/skills/skill-pairing/SKILL.md,SKILL.md,.md,False,3868,2026-03-31T12:16:44.178906-04:00,pharos,skill
local,/home/cerebrhoe/PHAROS-SUITE,/home/cerebrhoe/PHAROS-SUITE/skills/brand-identity-system/assets,assets,,True,0,2026-03-31T12:16:43.398906-04:00,pharos,assets
local,/home/cerebrhoe/PHAROS-SUITE,/home/cerebrhoe/PHAROS-SUITE/skills/brand-identity-system/examples,examples,,True,0,2026-03-31T12:16:43.538906-04:00,pharos,examples
local,/home/cerebrhoe/PHAROS-SUITE,/home/cerebrhoe/PHAROS-SUITE/skills/brand-identity-system/references,references,,True,0,2026-03-31T12:16:43.622905-04:00,pharos,references
local,/home/cerebrhoe/PHAROS-SUITE,/home/cerebrhoe/PHAROS-SUITE/skills/brand-identity-system/agents,agents,,True,0,2026-03-31T12:16:43.330906-04:00,pharos,agents
local,/home/cerebrhoe/PHAROS-SUITE,/home/cerebrhoe/PHAROS-SUITE/skills/brand-identity-system/SKILL.md,SKILL.md,.md,False,5805,2026-03-31T12:16:43.630906-04:00,pharos,skill
local,/home/cerebrhoe/PHAROS-SUITE,/home/cerebrhoe/PHAROS-SUITE/skills/brand-identity-system/assets/color-palette-starter-kits,color-palette-starter-kits,,True,0,2026-03-31T12:16:43.394906-04:00,pharos,color palette starter kits
local,/home/cerebrhoe/PHAROS-SUITE,/home/cerebrhoe/PHAROS-SUITE/skills/brand-identity-system/assets/font-pairing-guides,font-pairing-guides,,True,0,2026-03-31T12:16:43.462906-04:00,pharos,font pairing guides
local,/home/cerebrhoe/PHAROS-SUITE,/home/cerebrhoe/PHAROS-SUITE/skills/brand-identity-system/assets/font-pairing-guides/classic-combos.md,classic-combos.md,.md,False,167,2026-03-31T12:16:43.418905-04:00,pharos,classic combos
local,/home/cerebrhoe/PHAROS-SUITE,/home/cerebrhoe/PHAROS-SUITE/skills/brand-identity-system/assets/font-pairing-guides/governance-appropriate.md,governance-appropriate.md,.md,False,214,2026-03-31T12:16:43.426906-04:00,pharos,governance appropriate
local,/home/cerebrhoe/PHAROS-SUITE,/home/cerebrhoe/PHAROS-SUITE/skills/brand-identity-system/assets/font-pairing-guides/modern-web.md,modern-web.md,.md,False,165,2026-03-31T12:16:43.474905-04:00,pharos,modern web
local,/home/cerebrhoe/PHAROS-SUITE,/home/cerebrhoe/PHAROS-SUITE/skills/brand-identity-system/examples/logo-critique.md,logo-critique.md,.md,False,521,2026-03-31T12:16:43.510906-04:00,pharos,logo critique
local,/home/cerebrhoe/PHAROS-SUITE,/home/cerebrhoe/PHAROS-SUITE/skills/brand-identity-system/examples/strong-identity-brief.md,strong-identity-brief.md,.md,False,647,2026-03-31T12:16:43.526906-04:00,pharos,strong identity brief
local,/home/cerebrhoe/PHAROS-SUITE,/home/cerebrhoe/PHAROS-SUITE/skills/brand-identity-system/examples/website-branding-direction.md,website-branding-direction.md,.md,False,598,2026-03-31T12:16:43.538906-04:00,pharos,website branding direction
local,/home/cerebrhoe/PHAROS-SUITE,/home/cerebrhoe/PHAROS-SUITE/skills/brand-identity-system/examples/weak-identity-brief.md,weak-identity-brief.md,.md,False,477,2026-03-31T12:16:43.530905-04:00,pharos,weak identity brief
local,/home/cerebrhoe/PHAROS-SUITE,/home/cerebrhoe/PHAROS-SUITE/skills/brand-identity-system/references/logo-protocol.md,logo-protocol.md,.md,False,1608,2026-03-31T12:16:43.558906-04:00,pharos,logo protocol
local,/home/cerebrhoe/PHAROS-SUITE,/home/cerebrhoe/PHAROS-SUITE/skills/brand-identity-system/references/strategic-brief-template.md,strategic-brief-template.md,.md,False,294,2026-03-31T12:16:43.614906-04:00,pharos,strategic brief template
local,/home/cerebrhoe/PHAROS-SUITE,/home/cerebrhoe/PHAROS-SUITE/skills/brand-identity-system/references/mini-style-guide-template.md,mini-style-guide-template.md,.md,False,210,2026-03-31T12:16:43.562906-04:00,pharos,mini style guide template
local,/home/cerebrhoe/PHAROS-SUITE,/home/cerebrhoe/PHAROS-SUITE/skills/brand-identity-system/references/diagnostic-protocol.md,diagnostic-protocol.md,.md,False,1241,2026-03-31T12:16:43.554906-04:00,pharos,diagnostic protocol
local,/home/cerebrhoe/PHAROS-SUITE,/home/cerebrhoe/PHAROS-SUITE/skills/brand-identity-system/references/output-contracts.md,output-contracts.md,.md,False,913,2026-03-31T12:16:43.562906-04:00,pharos,output contracts
local,/home/cerebrhoe/PHAROS-SUITE,/home/cerebrhoe/PHAROS-SUITE/skills/brand-identity-system/references/professional-services-branding.md,professional-services-branding.md,.md,False,1187,2026-03-31T12:16:43.574906-04:00,pharos,professional services branding
local,/home/cerebrhoe/PHAROS-SUITE,/home/cerebrhoe/PHAROS-SUITE/skills/brand-identity-system/references/website-protocol.md,website-protocol.md,.md,False,1543,2026-03-31T12:16:43.622905-04:00,pharos,website protocol
local,/home/cerebrhoe/PHAROS-SUITE,/home/cerebrhoe/PHAROS-SUITE/skills/peer-reviewed-paper-writer/assets,assets,,True,0,2026-03-31T12:16:43.770906-04:00,pharos,assets
local,/home/cerebrhoe/PHAROS-SUITE,/home/cerebrhoe/PHAROS-SUITE/skills/peer-reviewed-paper-writer/references,references,,True,0,2026-03-31T12:16:43.798906-04:00,pharos,references
local,/home/cerebrhoe/PHAROS-SUITE,/home/cerebrhoe/PHAROS-SUITE/skills/peer-reviewed-paper-writer/agents,agents,,True,0,2026-03-31T12:16:43.762906-04:00,pharos,agents
local,/home/cerebrhoe/PHAROS-SUITE,/home/cerebrhoe/PHAROS-SUITE/skills/peer-reviewed-paper-writer/SKILL.md,SKILL.md,.md,False,9866,2026-03-31T12:16:43.810906-04:00,pharos,skill
local,/home/cerebrhoe/PHAROS-SUITE,/home/cerebrhoe/PHAROS-SUITE/skills/peer-reviewed-paper-writer/assets/reviewer-response-template.md,reviewer-response-template.md,.md,False,2732,2026-03-31T12:16:43.794906-04:00,pharos,reviewer response template
local,/home/cerebrhoe/PHAROS-SUITE,/home/cerebrhoe/PHAROS-SUITE/skills/peer-reviewed-paper-writer/references/manuscript-readiness-checklist.md,manuscript-readiness-checklist.md,.md,False,2644,2026-03-31T12:16:43.798906-04:00,pharos,manuscript readiness checklist
local,/home/cerebrhoe/PHAROS-SUITE,/home/cerebrhoe/PHAROS-SUITE/skills/fully-rounded-power-analyst/SKILL.md,SKILL.md,.md,False,5309,2026-03-31T12:16:44.378906-04:00,pharos,skill
local,/home/cerebrhoe/PHAROS-SUITE,/home/cerebrhoe/PHAROS-SUITE/skills/novelist/references,references,,True,0,2026-03-31T12:16:43.742906-04:00,pharos,references
local,/home/cerebrhoe/PHAROS-SUITE,/home/cerebrhoe/PHAROS-SUITE/skills/novelist/agents,agents,,True,0,2026-03-31T12:16:43.738906-04:00,pharos,agents
local,/home/cerebrhoe/PHAROS-SUITE,/home/cerebrhoe/PHAROS-SUITE/skills/novelist/SKILL.md,SKILL.md,.md,False,5336,2026-03-31T12:16:43.754906-04:00,pharos,skill
local,/home/cerebrhoe/PHAROS-SUITE,/home/cerebrhoe/PHAROS-SUITE/skills/novelist/references/novel-craft.md,novel-craft.md,.md,False,5863,2026-03-31T12:16:43.742906-04:00,pharos,novel craft
local,/home/cerebrhoe/PHAROS-SUITE,/home/cerebrhoe/PHAROS-SUITE/skills/recursive-governance-method/references,references,,True,0,2026-03-31T12:16:44.062906-04:00,pharos,references
local,/home/cerebrhoe/PHAROS-SUITE,/home/cerebrhoe/PHAROS-SUITE/skills/recursive-governance-method/scripts,scripts,,True,0,2026-03-31T12:16:44.110906-04:00,pharos,scripts
local,/home/cerebrhoe/PHAROS-SUITE,/home/cerebrhoe/PHAROS-SUITE/skills/recursive-governance-method/agents,agents,,True,0,2026-03-31T12:16:44.014906-04:00,pharos,agents
local,/home/cerebrhoe/PHAROS-SUITE,/home/cerebrhoe/PHAROS-SUITE/skills/recursive-governance-method/SKILL.md,SKILL.md,.md,False,5606,2026-03-31T12:16:44.118906-04:00,pharos,skill
local,/home/cerebrhoe/PHAROS-SUITE,/home/cerebrhoe/PHAROS-SUITE/skills/recursive-governance-method/references/method-rules.md,method-rules.md,.md,False,3473,2026-03-31T12:16:44.050906-04:00,pharos,method rules
local,/home/cerebrhoe/PHAROS-SUITE,/home/cerebrhoe/PHAROS-SUITE/skills/recursive-governance-method/references/templates.md,templates.md,.md,False,2132,2026-03-31T12:16:44.074906-04:00,pharos,templates
local,/home/cerebrhoe/PHAROS-SUITE,/home/cerebrhoe/PHAROS-SUITE/skills/recursive-governance-method/references/example-prompts.md,example-prompts.md,.md,False,736,2026-03-31T12:16:44.042906-04:00,pharos,example prompts
local,/home/cerebrhoe/PHAROS-SUITE,/home/cerebrhoe/PHAROS-SUITE/skills/ma-degree-guide/agents,agents,,True,0,2026-03-31T12:16:43.690906-04:00,pharos,agents
local,/home/cerebrhoe/PHAROS-SUITE,/home/cerebrhoe/PHAROS-SUITE/skills/ma-degree-guide/SKILL.md,SKILL.md,.md,False,8276,2026-03-31T12:16:43.730906-04:00,pharos,skill
local,/home/cerebrhoe/PHAROS-SUITE,/home/cerebrhoe/PHAROS-SUITE/skills/trace-investigator/agents,agents,,True,0,2026-03-31T12:16:44.338906-04:00,pharos,agents
local,/home/cerebrhoe/PHAROS-SUITE,/home/cerebrhoe/PHAROS-SUITE/skills/trace-investigator/SKILL.md,SKILL.md,.md,False,4794,2026-03-31T12:16:44.342906-04:00,pharos,skill
local,/home/cerebrhoe/PHAROS-SUITE,/home/cerebrhoe/PHAROS-SUITE/skills/humanize/references,references,,True,0,2026-03-31T12:16:43.678905-04:00,pharos,references
local,/home/cerebrhoe/PHAROS-SUITE,/home/cerebrhoe/PHAROS-SUITE/skills/humanize/agents,agents,,True,0,2026-03-31T12:16:43.654906-04:00,pharos,agents
local,/home/cerebrhoe/PHAROS-SUITE,/home/cerebrhoe/PHAROS-SUITE/skills/humanize/SKILL.md,SKILL.md,.md,False,4014,2026-03-31T12:16:43.682906-04:00,pharos,skill
local,/home/cerebrhoe/PHAROS-SUITE,/home/cerebrhoe/PHAROS-SUITE/skills/humanize/references/redraft.md,redraft.md,.md,False,3399,2026-03-31T12:16:43.678905-04:00,pharos,redraft
local,/home/cerebrhoe/PHAROS-SUITE,/home/cerebrhoe/PHAROS-SUITE/skills/humanize/references/culture.md,culture.md,.md,False,2054,2026-03-31T12:16:43.662906-04:00,pharos,culture
local,/home/cerebrhoe/PHAROS-SUITE,/home/cerebrhoe/PHAROS-SUITE/skills/humanize/references/diagnose.md,diagnose.md,.md,False,3265,2026-03-31T12:16:43.678905-04:00,pharos,diagnose
local,/home/cerebrhoe/PHAROS-SUITE,/home/cerebrhoe/PHAROS-SUITE/skills/philosopher/SKILL.md,SKILL.md,.md,False,25438,2026-03-31T12:16:43.878906-04:00,pharos,skill
local,/home/cerebrhoe/PHAROS-SUITE,/home/cerebrhoe/PHAROS-SUITE/skills/skill-architect/references,references,,True,0,2026-03-31T12:16:44.158906-04:00,pharos,references
local,/home/cerebrhoe/PHAROS-SUITE,/home/cerebrhoe/PHAROS-SUITE/skills/skill-architect/SKILL.md,SKILL.md,.md,False,10884,2026-03-31T12:16:44.158906-04:00,pharos,skill
local,/home/cerebrhoe/PHAROS-SUITE,/home/cerebrhoe/PHAROS-SUITE/skills/skill-architect/references/dual-layer-architecture.md,dual-layer-architecture.md,.md,False,8592,2026-03-31T12:16:44.158906-04:00,pharos,dual layer architecture
local,/home/cerebrhoe/PHAROS-SUITE,/home/cerebrhoe/PHAROS-SUITE/skills/qualitative/references,references,,True,0,2026-03-31T12:16:43.994906-04:00,pharos,references
local,/home/cerebrhoe/PHAROS-SUITE,/home/cerebrhoe/PHAROS-SUITE/skills/qualitative/agents,agents,,True,0,2026-03-31T12:16:43.994906-04:00,pharos,agents
local,/home/cerebrhoe/PHAROS-SUITE,/home/cerebrhoe/PHAROS-SUITE/skills/qualitative/SKILL.md,SKILL.md,.md,False,5489,2026-03-31T12:16:44.006906-04:00,pharos,skill
local,/home/cerebrhoe/PHAROS-SUITE,/home/cerebrhoe/PHAROS-SUITE/skills/qualitative/references/methods.md,methods.md,.md,False,9137,2026-03-31T12:16:43.998906-04:00,pharos,methods
local,/home/cerebrhoe/PHAROS-SUITE,/home/cerebrhoe/PHAROS-SUITE/skills/cloudflare-deploy/assets,assets,,True,0,2026-03-31T12:25:44.582878-04:00,pharos,assets
local,/home/cerebrhoe/PHAROS-SUITE,/home/cerebrhoe/PHAROS-SUITE/skills/cloudflare-deploy/references,references,,True,0,2026-03-31T12:25:53.350876-04:00,pharos,references
local,/home/cerebrhoe/PHAROS-SUITE,/home/cerebrhoe/PHAROS-SUITE/skills/cloudflare-deploy/agents,agents,,True,0,2026-03-31T12:25:53.382876-04:00,pharos,agents
local,/home/cerebrhoe/PHAROS-SUITE,/home/cerebrhoe/PHAROS-SUITE/skills/cloudflare-deploy/LICENSE.txt,LICENSE.txt,.txt,False,10776,2026-03-31T12:25:53.386876-04:00,pharos,license
local,/home/cerebrhoe/PHAROS-SUITE,/home/cerebrhoe/PHAROS-SUITE/skills/cloudflare-deploy/SKILL.md,SKILL.md,.md,False,7377,2026-03-31T12:25:53.390876-04:00,pharos,skill
local,/home/cerebrhoe/PHAROS-SUITE,/home/cerebrhoe/PHAROS-SUITE/skills/cloudflare-deploy/references/smart-placement,smart-placement,,True,0,2026-03-31T12:25:44.730878-04:00,pharos,smart placement
local,/home/cerebrhoe/PHAROS-SUITE,/home/cerebrhoe/PHAROS-SUITE/skills/cloudflare-deploy/references/durable-objects,durable-objects,,True,0,2026-03-31T12:25:44.798878-04:00,pharos,durable objects
local,/home/cerebrhoe/PHAROS-SUITE,/home/cerebrhoe/PHAROS-SUITE/skills/cloudflare-deploy/references/ai-gateway,ai-gateway,,True,0,2026-03-31T12:25:44.878878-04:00,pharos,ai gateway
local,/home/cerebrhoe/PHAROS-SUITE,/home/cerebrhoe/PHAROS-SUITE/skills/cloudflare-deploy/references/bindings,bindings,,True,0,2026-03-31T12:25:44.910878-04:00,pharos,bindings
local,/home/cerebrhoe/PHAROS-SUITE,/home/cerebrhoe/PHAROS-SUITE/skills/cloudflare-deploy/references/browser-rendering,browser-rendering,,True,0,2026-03-31T12:25:45.022877-04:00,pharos,browser rendering
local,/home/cerebrhoe/PHAROS-SUITE,/home/cerebrhoe/PHAROS-SUITE/skills/cloudflare-deploy/references/do-storage,do-storage,,True,0,2026-03-31T12:25:45.178878-04:00,pharos,do storage
local,/home/cerebrhoe/PHAROS-SUITE,/home/cerebrhoe/PHAROS-SUITE/skills/cloudflare-deploy/references/r2-sql,r2-sql,,True,0,2026-03-31T12:25:45.314878-04:00,pharos,r2 sql
local,/home/cerebrhoe/PHAROS-SUITE,/home/cerebrhoe/PHAROS-SUITE/skills/cloudflare-deploy/references/miniflare,miniflare,,True,0,2026-03-31T12:25:45.410877-04:00,pharos,miniflare
local,/home/cerebrhoe/PHAROS-SUITE,/home/cerebrhoe/PHAROS-SUITE/skills/cloudflare-deploy/references/web-analytics,web-analytics,,True,0,2026-03-31T12:25:45.430877-04:00,pharos,web analytics
local,/home/cerebrhoe/PHAROS-SUITE,/home/cerebrhoe/PHAROS-SUITE/skills/cloudflare-deploy/references/queues,queues,,True,0,2026-03-31T12:25:45.522877-04:00,pharos,queues
local,/home/cerebrhoe/PHAROS-SUITE,/home/cerebrhoe/PHAROS-SUITE/skills/cloudflare-deploy/references/pulumi,pulumi,,True,0,2026-03-31T12:25:45.586878-04:00,pharos,pulumi
local,/home/cerebrhoe/PHAROS-SUITE,/home/cerebrhoe/PHAROS-SUITE/skills/cloudflare-deploy/references/spectrum,spectrum,,True,0,2026-03-31T12:25:45.750877-04:00,pharos,spectrum
local,/home/cerebrhoe/PHAROS-SUITE,/home/cerebrhoe/PHAROS-SUITE/skills/cloudflare-deploy/references/turnstile,turnstile,,True,0,2026-03-31T12:25:45.850878-04:00,pharos,turnstile
local,/home/cerebrhoe/PHAROS-SUITE,/home/cerebrhoe/PHAROS-SUITE/skills/cloudflare-deploy/references/api-shield,api-shield,,True,0,2026-03-31T12:25:45.926877-04:00,pharos,api shield
local,/home/cerebrhoe/PHAROS-SUITE,/home/cerebrhoe/PHAROS-SUITE/skills/cloudflare-deploy/references/observability,observability,,True,0,2026-03-31T12:25:45.950877-04:00,pharos,observability
local,/home/cerebrhoe/PHAROS-SUITE,/home/cerebrhoe/PHAROS-SUITE/skills/cloudflare-deploy/references/api,api,,True,0,2026-03-31T12:25:46.030877-04:00,pharos,api
local,/home/cerebrhoe/PHAROS-SUITE,/home/cerebrhoe/PHAROS-SUITE/skills/cloudflare-deploy/references/ai-search,ai-search,,True,0,2026-03-31T12:25:46.066877-04:00,pharos,ai search
local,/home/cerebrhoe/PHAROS-SUITE,/home/cerebrhoe/PHAROS-SUITE/skills/cloudflare-deploy/references/containers,containers,,True,0,2026-03-31T12:25:46.126877-04:00,pharos,containers
local,/home/cerebrhoe/PHAROS-SUITE,/home/cerebrhoe/PHAROS-SUITE/skills/cloudflare-deploy/references/pipelines,pipelines,,True,0,2026-03-31T12:25:46.146877-04:00,pharos,pipelines
local,/home/cerebrhoe/PHAROS-SUITE,/home/cerebrhoe/PHAROS-SUITE/skills/cloudflare-deploy/references/waf,waf,,True,0,2026-03-31T12:25:46.182877-04:00,pharos,waf
local,/home/cerebrhoe/PHAROS-SUITE,/home/cerebrhoe/PHAROS-SUITE/skills/cloudflare-deploy/references/workers-ai,workers-ai,,True,0,2026-03-31T12:25:46.334877-04:00,pharos,workers ai
local,/home/cerebrhoe/PHAROS-SUITE,/home/cerebrhoe/PHAROS-SUITE/skills/cloudflare-deploy/references/realtime-sfu,realtime-sfu,,True,0,2026-03-31T12:25:46.630877-04:00,pharos,realtime sfu
local,/home/cerebrhoe/PHAROS-SUITE,/home/cerebrhoe/PHAROS-SUITE/skills/cloudflare-deploy/references/agents-sdk,agents-sdk,,True,0,2026-03-31T12:25:46.846877-04:00,pharos,agents sdk
local,/home/cerebrhoe/PHAROS-SUITE,/home/cerebrhoe/PHAROS-SUITE/skills/cloudflare-deploy/references/d1,d1,,True,0,2026-03-31T12:25:46.982877-04:00,pharos,d1
local,/home/cerebrhoe/PHAROS-SUITE,/home/cerebrhoe/PHAROS-SUITE/skills/cloudflare-deploy/references/workers-vpc,workers-vpc,,True,0,2026-03-31T12:25:47.078877-04:00,pharos,workers vpc
local,/home/cerebrhoe/PHAROS-SUITE,/home/cerebrhoe/PHAROS-SUITE/skills/cloudflare-deploy/references/email-routing,email-routing,,True,0,2026-03-31T12:25:47.130877-04:00,pharos,email routing
local,/home/cerebrhoe/PHAROS-SUITE,/home/cerebrhoe/PHAROS-SUITE/skills/cloudflare-deploy/references/turn,turn,,True,0,2026-03-31T12:25:47.346877-04:00,pharos,turn
local,/home/cerebrhoe/PHAROS-SUITE,/home/cerebrhoe/PHAROS-SUITE/skills/cloudflare-deploy/references/argo-smart-routing,argo-smart-routing,,True,0,2026-03-31T12:25:48.770877-04:00,pharos,argo smart routing
local,/home/cerebrhoe/PHAROS-SUITE,/home/cerebrhoe/PHAROS-SUITE/skills/cloudflare-deploy/references/bot-management,bot-management,,True,0,2026-03-31T12:25:49.050877-04:00,pharos,bot management
local,/home/cerebrhoe/PHAROS-SUITE,/home/cerebrhoe/PHAROS-SUITE/skills/cloudflare-deploy/references/static-assets,static-assets,,True,0,2026-03-31T12:25:49.246877-04:00,pharos,static assets
local,/home/cerebrhoe/PHAROS-SUITE,/home/cerebrhoe/PHAROS-SUITE/skills/cloudflare-deploy/references/stream,stream,,True,0,2026-03-31T12:25:49.306877-04:00,pharos,stream
local,/home/cerebrhoe/PHAROS-SUITE,/home/cerebrhoe/PHAROS-SUITE/skills/cloudflare-deploy/references/vectorize,vectorize,,True,0,2026-03-31T12:25:49.526877-04:00,pharos,vectorize
local,/home/cerebrhoe/PHAROS-SUITE,/home/cerebrhoe/PHAROS-SUITE/skills/cloudflare-deploy/references/email-workers,email-workers,,True,0,2026-03-31T12:25:49.850877-04:00,pharos,email workers
local,/home/cerebrhoe/PHAROS-SUITE,/home/cerebrhoe/PHAROS-SUITE/skills/cloudflare-deploy/references/workers-for-platforms,workers-for-platforms,,True,0,2026-03-31T12:25:50.046877-04:00,pharos,workers for platforms
local,/home/cerebrhoe/PHAROS-SUITE,/home/cerebrhoe/PHAROS-SUITE/skills/cloudflare-deploy/references/images,images,,True,0,2026-03-31T12:25:50.342877-04:00,pharos,images
local,/home/cerebrhoe/PHAROS-SUITE,/home/cerebrhoe/PHAROS-SUITE/skills/cloudflare-deploy/references/workflows,workflows,,True,0,2026-03-31T12:25:50.458877-04:00,pharos,workflows
local,/home/cerebrhoe/PHAROS-SUITE,/home/cerebrhoe/PHAROS-SUITE/skills/cloudflare-deploy/references/ddos,ddos,,True,0,2026-03-31T12:25:50.606877-04:00,pharos,ddos
local,/home/cerebrhoe/PHAROS-SUITE,/home/cerebrhoe/PHAROS-SUITE/skills/cloudflare-deploy/references/wrangler,wrangler,,True,0,2026-03-31T12:25:50.846877-04:00,pharos,wrangler
local,/home/cerebrhoe/PHAROS-SUITE,/home/cerebrhoe/PHAROS-SUITE/skills/cloudflare-deploy/references/snippets,snippets,,True,0,2026-03-31T12:25:51.074877-04:00,pharos,snippets
local,/home/cerebrhoe/PHAROS-SUITE,/home/cerebrhoe/PHAROS-SUITE/skills/cloudflare-deploy/references/zaraz,zaraz,,True,0,2026-03-31T12:25:51.818877-04:00,pharos,zaraz
local,/home/cerebrhoe/PHAROS-SUITE,/home/cerebrhoe/PHAROS-SUITE/skills/cloudflare-deploy/references/tail-workers,tail-workers,,True,0,2026-03-31T12:25:51.874876-04:00,pharos,tail workers
local,/home/cerebrhoe/PHAROS-SUITE,/home/cerebrhoe/PHAROS-SUITE/skills/cloudflare-deploy/references/pages-functions,pages-functions,,True,0,2026-03-31T12:25:51.926877-04:00,pharos,pages functions
local,/home/cerebrhoe/PHAROS-SUITE,/home/cerebrhoe/PHAROS-SUITE/skills/cloudflare-deploy/references/workerd,workerd,,True,0,2026-03-31T12:25:52.142876-04:00,pharos,workerd
local,/home/cerebrhoe/PHAROS-SUITE,/home/cerebrhoe/PHAROS-SUITE/skills/cloudflare-deploy/references/terraform,terraform,,True,0,2026-03-31T12:25:52.166876-04:00,pharos,terraform
local,/home/cerebrhoe/PHAROS-SUITE,/home/cerebrhoe/PHAROS-SUITE/skills/cloudflare-deploy/references/cron-triggers,cron-triggers,,True,0,2026-03-31T12:25:52.202876-04:00,pharos,cron triggers
local,/home/cerebrhoe/PHAROS-SUITE,/home/cerebrhoe/PHAROS-SUITE/skills/cloudflare-deploy/references/sandbox,sandbox,,True,0,2026-03-31T12:25:52.286876-04:00,pharos,sandbox
local,/home/cerebrhoe/PHAROS-SUITE,/home/cerebrhoe/PHAROS-SUITE/skills/cloudflare-deploy/references/analytics-engine,analytics-engine,,True,0,2026-03-31T12:25:52.334876-04:00,pharos,analytics engine
local,/home/cerebrhoe/PHAROS-SUITE,/home/cerebrhoe/PHAROS-SUITE/skills/cloudflare-deploy/references/secrets-store,secrets-store,,True,0,2026-03-31T12:25:52.410876-04:00,pharos,secrets store
local,/home/cerebrhoe/PHAROS-SUITE,/home/cerebrhoe/PHAROS-SUITE/skills/cloudflare-deploy/references/kv,kv,,True,0,2026-03-31T12:25:52.474876-04:00,pharos,kv
local,/home/cerebrhoe/PHAROS-SUITE,/home/cerebrhoe/PHAROS-SUITE/skills/cloudflare-deploy/references/hyperdrive,hyperdrive,,True,0,2026-03-31T12:25:52.598876-04:00,pharos,hyperdrive
local,/home/cerebrhoe/PHAROS-SUITE,/home/cerebrhoe/PHAROS-SUITE/skills/cloudflare-deploy/references/workers-playground,workers-playground,,True,0,2026-03-31T12:25:52.802876-04:00,pharos,workers playground
local,/home/cerebrhoe/PHAROS-SUITE,/home/cerebrhoe/PHAROS-SUITE/skills/cloudflare-deploy/references/realtimekit,realtimekit,,True,0,2026-03-31T12:25:52.906876-04:00,pharos,realtimekit
local,/home/cerebrhoe/PHAROS-SUITE,/home/cerebrhoe/PHAROS-SUITE/skills/cloudflare-deploy/references/pages,pages,,True,0,2026-03-31T12:25:52.998876-04:00,pharos,pages
local,/home/cerebrhoe/PHAROS-SUITE,/home/cerebrhoe/PHAROS-SUITE/skills/cloudflare-deploy/references/tunnel,tunnel,,True,0,2026-03-31T12:25:53.050876-04:00,pharos,tunnel
local,/home/cerebrhoe/PHAROS-SUITE,/home/cerebrhoe/PHAROS-SUITE/skills/cloudflare-deploy/references/cache-reserve,cache-reserve,,True,0,2026-03-31T12:25:53.078876-04:00,pharos,cache reserve
local,/home/cerebrhoe/PHAROS-SUITE,/home/cerebrhoe/PHAROS-SUITE/skills/cloudflare-deploy/references/network-interconnect,network-interconnect,,True,0,2026-03-31T12:25:53.102876-04:00,pharos,network interconnect
local,/home/cerebrhoe/PHAROS-SUITE,/home/cerebrhoe/PHAROS-SUITE/skills/cloudflare-deploy/references/r2,r2,,True,0,2026-03-31T12:25:53.138876-04:00,pharos,r2
local,/home/cerebrhoe/PHAROS-SUITE,/home/cerebrhoe/PHAROS-SUITE/skills/cloudflare-deploy/references/c3,c3,,True,0,2026-03-31T12:25:53.266876-04:00,pharos,c3
local,/home/cerebrhoe/PHAROS-SUITE,/home/cerebrhoe/PHAROS-SUITE/skills/cloudflare-deploy/references/workers,workers,,True,0,2026-03-31T12:25:53.350876-04:00,pharos,workers
local,/home/cerebrhoe/PHAROS-SUITE,/home/cerebrhoe/PHAROS-SUITE/skills/cloudflare-deploy/references/r2-data-catalog,r2-data-catalog,,True,0,2026-03-31T12:25:53.366876-04:00,pharos,r2 data catalog
local,/home/cerebrhoe/PHAROS-SUITE,/home/cerebrhoe/PHAROS-SUITE/skills/cloudflare-deploy/references/smart-placement/gotchas.md,gotchas.md,.md,False,5637,2026-03-31T12:25:44.614878-04:00,pharos,gotchas
local,/home/cerebrhoe/PHAROS-SUITE,/home/cerebrhoe/PHAROS-SUITE/skills/cloudflare-deploy/references/smart-placement/patterns.md,patterns.md,.md,False,5784,2026-03-31T12:25:44.682878-04:00,pharos,patterns
local,/home/cerebrhoe/PHAROS-SUITE,/home/cerebrhoe/PHAROS-SUITE/skills/cloudflare-deploy/references/smart-placement/configuration.md,configuration.md,.md,False,6119,2026-03-31T12:25:44.726878-04:00,pharos,configuration
local,/home/cerebrhoe/PHAROS-SUITE,/home/cerebrhoe/PHAROS-SUITE/skills/cloudflare-deploy/references/smart-placement/README.md,README.md,.md,False,5024,2026-03-31T12:25:44.730878-04:00,pharos,readme
local,/home/cerebrhoe/PHAROS-SUITE,/home/cerebrhoe/PHAROS-SUITE/skills/cloudflare-deploy/references/smart-placement/api.md,api.md,.md,False,5559,2026-03-31T12:25:44.730878-04:00,pharos,api
local,/home/cerebrhoe/PHAROS-SUITE,/home/cerebrhoe/PHAROS-SUITE/skills/cloudflare-deploy/references/durable-objects/gotchas.md,gotchas.md,.md,False,7318,2026-03-31T12:25:44.734878-04:00,pharos,gotchas
local,/home/cerebrhoe/PHAROS-SUITE,/home/cerebrhoe/PHAROS-SUITE/skills/cloudflare-deploy/references/durable-objects/patterns.md,patterns.md,.md,False,6691,2026-03-31T12:25:44.734878-04:00,pharos,patterns
local,/home/cerebrhoe/PHAROS-SUITE,/home/cerebrhoe/PHAROS-SUITE/skills/cloudflare-deploy/references/durable-objects/configuration.md,configuration.md,.md,False,4266,2026-03-31T12:25:44.766878-04:00,pharos,configuration
local,/home/cerebrhoe/PHAROS-SUITE,/home/cerebrhoe/PHAROS-SUITE/skills/cloudflare-deploy/references/durable-objects/README.md,README.md,.md,False,6609,2026-03-31T12:25:44.798878-04:00,pharos,readme
local,/home/cerebrhoe/PHAROS-SUITE,/home/cerebrhoe/PHAROS-SUITE/skills/cloudflare-deploy/references/durable-objects/api.md,api.md,.md,False,6142,2026-03-31T12:25:44.798878-04:00,pharos,api
local,/home/cerebrhoe/PHAROS-SUITE,/home/cerebrhoe/PHAROS-SUITE/skills/cloudflare-deploy/references/ai-gateway/dynamic-routing.md,dynamic-routing.md,.md,False,1835,2026-03-31T12:25:44.818878-04:00,pharos,dynamic routing
local,/home/cerebrhoe/PHAROS-SUITE,/home/cerebrhoe/PHAROS-SUITE/skills/cloudflare-deploy/references/ai-gateway/features.md,features.md,.md,False,2726,2026-03-31T12:25:44.826878-04:00,pharos,features
local,/home/cerebrhoe/PHAROS-SUITE,/home/cerebrhoe/PHAROS-SUITE/skills/cloudflare-deploy/references/ai-gateway/configuration.md,configuration.md,.md,False,2954,2026-03-31T12:25:44.842878-04:00,pharos,configuration
local,/home/cerebrhoe/PHAROS-SUITE,/home/cerebrhoe/PHAROS-SUITE/skills/cloudflare-deploy/references/ai-gateway/README.md,README.md,.md,False,6308,2026-03-31T12:25:44.850878-04:00,pharos,readme
local,/home/cerebrhoe/PHAROS-SUITE,/home/cerebrhoe/PHAROS-SUITE/skills/cloudflare-deploy/references/ai-gateway/sdk-integration.md,sdk-integration.md,.md,False,2684,2026-03-31T12:25:44.862878-04:00,pharos,sdk integration
local,/home/cerebrhoe/PHAROS-SUITE,/home/cerebrhoe/PHAROS-SUITE/skills/cloudflare-deploy/references/ai-gateway/troubleshooting.md,troubleshooting.md,.md,False,2420,2026-03-31T12:25:44.878878-04:00,pharos,troubleshooting
local,/home/cerebrhoe/PHAROS-SUITE,/home/cerebrhoe/PHAROS-SUITE/skills/cloudflare-deploy/references/bindings/gotchas.md,gotchas.md,.md,False,6169,2026-03-31T12:25:44.910878-04:00,pharos,gotchas
local,/home/cerebrhoe/PHAROS-SUITE,/home/cerebrhoe/PHAROS-SUITE/skills/cloudflare-deploy/references/bindings/patterns.md,patterns.md,.md,False,5058,2026-03-31T12:25:44.910878-04:00,pharos,patterns
local,/home/cerebrhoe/PHAROS-SUITE,/home/cerebrhoe/PHAROS-SUITE/skills/cloudflare-deploy/references/bindings/configuration.md,configuration.md,.md,False,4496,2026-03-31T12:25:44.910878-04:00,pharos,configuration
local,/home/cerebrhoe/PHAROS-SUITE,/home/cerebrhoe/PHAROS-SUITE/skills/cloudflare-deploy/references/bindings/README.md,README.md,.md,False,4042,2026-03-31T12:25:44.910878-04:00,pharos,readme
local,/home/cerebrhoe/PHAROS-SUITE,/home/cerebrhoe/PHAROS-SUITE/skills/cloudflare-deploy/references/bindings/api.md,api.md,.md,False,5199,2026-03-31T12:25:44.910878-04:00,pharos,api
local,/home/cerebrhoe/PHAROS-SUITE,/home/cerebrhoe/PHAROS-SUITE/skills/cloudflare-deploy/references/browser-rendering/gotchas.md,gotchas.md,.md,False,2520,2026-03-31T12:25:44.978878-04:00,pharos,gotchas
local,/home/cerebrhoe/PHAROS-SUITE,/home/cerebrhoe/PHAROS-SUITE/skills/cloudflare-deploy/references/browser-rendering/patterns.md,patterns.md,.md,False,2647,2026-03-31T12:25:45.006878-04:00,pharos,patterns
local,/home/cerebrhoe/PHAROS-SUITE,/home/cerebrhoe/PHAROS-SUITE/skills/cloudflare-deploy/references/browser-rendering/configuration.md,configuration.md,.md,False,1802,2026-03-31T12:25:45.006878-04:00,pharos,configuration
local,/home/cerebrhoe/PHAROS-SUITE,/home/cerebrhoe/PHAROS-SUITE/skills/cloudflare-deploy/references/browser-rendering/README.md,README.md,.md,False,3092,2026-03-31T12:25:45.006878-04:00,pharos,readme
local,/home/cerebrhoe/PHAROS-SUITE,/home/cerebrhoe/PHAROS-SUITE/skills/cloudflare-deploy/references/browser-rendering/api.md,api.md,.md,False,2976,2026-03-31T12:25:45.022877-04:00,pharos,api
local,/home/cerebrhoe/PHAROS-SUITE,/home/cerebrhoe/PHAROS-SUITE/skills/cloudflare-deploy/references/do-storage/gotchas.md,gotchas.md,.md,False,5200,2026-03-31T12:25:45.034878-04:00,pharos,gotchas
local,/home/cerebrhoe/PHAROS-SUITE,/home/cerebrhoe/PHAROS-SUITE/skills/cloudflare-deploy/references/do-storage/patterns.md,patterns.md,.md,False,5278,2026-03-31T12:25:45.146878-04:00,pharos,patterns
local,/home/cerebrhoe/PHAROS-SUITE,/home/cerebrhoe/PHAROS-SUITE/skills/cloudflare-deploy/references/do-storage/testing.md,testing.md,.md,False,4912,2026-03-31T12:25:45.178878-04:00,pharos,testing
local,/home/cerebrhoe/PHAROS-SUITE,/home/cerebrhoe/PHAROS-SUITE/skills/cloudflare-deploy/references/do-storage/configuration.md,configuration.md,.md,False,2235,2026-03-31T12:25:45.178878-04:00,pharos,configuration
local,/home/cerebrhoe/PHAROS-SUITE,/home/cerebrhoe/PHAROS-SUITE/skills/cloudflare-deploy/references/do-storage/README.md,README.md,.md,False,2765,2026-03-31T12:25:45.178878-04:00,pharos,readme
local,/home/cerebrhoe/PHAROS-SUITE,/home/cerebrhoe/PHAROS-SUITE/skills/cloudflare-deploy/references/do-storage/api.md,api.md,.md,False,3571,2026-03-31T12:25:45.178878-04:00,pharos,api
local,/home/cerebrhoe/PHAROS-SUITE,/home/cerebrhoe/PHAROS-SUITE/skills/cloudflare-deploy/references/r2-sql/gotchas.md,gotchas.md,.md,False,6235,2026-03-31T12:25:45.210877-04:00,pharos,gotchas
local,/home/cerebrhoe/PHAROS-SUITE,/home/cerebrhoe/PHAROS-SUITE/skills/cloudflare-deploy/references/r2-sql/patterns.md,patterns.md,.md,False,6758,2026-03-31T12:25:45.230878-04:00,pharos,patterns
local,/home/cerebrhoe/PHAROS-SUITE,/home/cerebrhoe/PHAROS-SUITE/skills/cloudflare-deploy/references/r2-sql/configuration.md,configuration.md,.md,False,3739,2026-03-31T12:25:45.314878-04:00,pharos,configuration
local,/home/cerebrhoe/PHAROS-SUITE,/home/cerebrhoe/PHAROS-SUITE/skills/cloudflare-deploy/references/r2-sql/README.md,README.md,.md,False,5209,2026-03-31T12:25:45.314878-04:00,pharos,readme
local,/home/cerebrhoe/PHAROS-SUITE,/home/cerebrhoe/PHAROS-SUITE/skills/cloudflare-deploy/references/r2-sql/api.md,api.md,.md,False,4007,2026-03-31T12:25:45.314878-04:00,pharos,api
local,/home/cerebrhoe/PHAROS-SUITE,/home/cerebrhoe/PHAROS-SUITE/skills/cloudflare-deploy/references/miniflare/gotchas.md,gotchas.md,.md,False,3724,2026-03-31T12:25:45.334877-04:00,pharos,gotchas
local,/home/cerebrhoe/PHAROS-SUITE,/home/cerebrhoe/PHAROS-SUITE/skills/cloudflare-deploy/references/miniflare/patterns.md,patterns.md,.md,False,4260,2026-03-31T12:25:45.334877-04:00,pharos,patterns
local,/home/cerebrhoe/PHAROS-SUITE,/home/cerebrhoe/PHAROS-SUITE/skills/cloudflare-deploy/references/miniflare/configuration.md,configuration.md,.md,False,3525,2026-03-31T12:25:45.338877-04:00,pharos,configuration
local,/home/cerebrhoe/PHAROS-SUITE,/home/cerebrhoe/PHAROS-SUITE/skills/cloudflare-deploy/references/miniflare/README.md,README.md,.md,False,2976,2026-03-31T12:25:45.410877-04:00,pharos,readme
local,/home/cerebrhoe/PHAROS-SUITE,/home/cerebrhoe/PHAROS-SUITE/skills/cloudflare-deploy/references/miniflare/api.md,api.md,.md,False,4606,2026-03-31T12:25:45.410877-04:00,pharos,api
local,/home/cerebrhoe/PHAROS-SUITE,/home/cerebrhoe/PHAROS-SUITE/skills/cloudflare-deploy/references/web-analytics/gotchas.md,gotchas.md,.md,False,1999,2026-03-31T12:25:45.430877-04:00,pharos,gotchas
local,/home/cerebrhoe/PHAROS-SUITE,/home/cerebrhoe/PHAROS-SUITE/skills/cloudflare-deploy/references/web-analytics/patterns.md,patterns.md,.md,False,2237,2026-03-31T12:25:45.430877-04:00,pharos,patterns
local,/home/cerebrhoe/PHAROS-SUITE,/home/cerebrhoe/PHAROS-SUITE/skills/cloudflare-deploy/references/web-analytics/integration.md,integration.md,.md,False,1772,2026-03-31T12:25:45.430877-04:00,pharos,integration
local,/home/cerebrhoe/PHAROS-SUITE,/home/cerebrhoe/PHAROS-SUITE/skills/cloudflare-deploy/references/web-analytics/configuration.md,configuration.md,.md,False,2003,2026-03-31T12:25:45.430877-04:00,pharos,configuration
local,/home/cerebrhoe/PHAROS-SUITE,/home/cerebrhoe/PHAROS-SUITE/skills/cloudflare-deploy/references/web-analytics/README.md,README.md,.md,False,5236,2026-03-31T12:25:45.430877-04:00,pharos,readme
local,/home/cerebrhoe/PHAROS-SUITE,/home/cerebrhoe/PHAROS-SUITE/skills/cloudflare-deploy/references/queues/gotchas.md,gotchas.md,.md,False,7233,2026-03-31T12:25:45.486877-04:00,pharos,gotchas
local,/home/cerebrhoe/PHAROS-SUITE,/home/cerebrhoe/PHAROS-SUITE/skills/cloudflare-deploy/references/queues/patterns.md,patterns.md,.md,False,5498,2026-03-31T12:25:45.486877-04:00,pharos,patterns
local,/home/cerebrhoe/PHAROS-SUITE,/home/cerebrhoe/PHAROS-SUITE/skills/cloudflare-deploy/references/queues/configuration.md,configuration.md,.md,False,3828,2026-03-31T12:25:45.502877-04:00,pharos,configuration
local,/home/cerebrhoe/PHAROS-SUITE,/home/cerebrhoe/PHAROS-SUITE/skills/cloudflare-deploy/references/queues/README.md,README.md,.md,False,3058,2026-03-31T12:25:45.502877-04:00,pharos,readme
local,/home/cerebrhoe/PHAROS-SUITE,/home/cerebrhoe/PHAROS-SUITE/skills/cloudflare-deploy/references/queues/api.md,api.md,.md,False,5563,2026-03-31T12:25:45.534878-04:00,pharos,api
local,/home/cerebrhoe/PHAROS-SUITE,/home/cerebrhoe/PHAROS-SUITE/skills/cloudflare-deploy/references/pulumi/gotchas.md,gotchas.md,.md,False,6536,2026-03-31T12:25:45.582877-04:00,pharos,gotchas
local,/home/cerebrhoe/PHAROS-SUITE,/home/cerebrhoe/PHAROS-SUITE/skills/cloudflare-deploy/references/pulumi/patterns.md,patterns.md,.md,False,6974,2026-03-31T12:25:45.582877-04:00,pharos,patterns
local,/home/cerebrhoe/PHAROS-SUITE,/home/cerebrhoe/PHAROS-SUITE/skills/cloudflare-deploy/references/pulumi/configuration.md,configuration.md,.md,False,5657,2026-03-31T12:25:45.582877-04:00,pharos,configuration
local,/home/cerebrhoe/PHAROS-SUITE,/home/cerebrhoe/PHAROS-SUITE/skills/cloudflare-deploy/references/pulumi/README.md,README.md,.md,False,3231,2026-03-31T12:25:45.586878-04:00,pharos,readme
local,/home/cerebrhoe/PHAROS-SUITE,/home/cerebrhoe/PHAROS-SUITE/skills/cloudflare-deploy/references/pulumi/api.md,api.md,.md,False,5761,2026-03-31T12:25:45.598877-04:00,pharos,api
local,/home/cerebrhoe/PHAROS-SUITE,/home/cerebrhoe/PHAROS-SUITE/skills/cloudflare-deploy/references/spectrum/gotchas.md,gotchas.md,.md,False,3739,2026-03-31T12:25:45.614877-04:00,pharos,gotchas
local,/home/cerebrhoe/PHAROS-SUITE,/home/cerebrhoe/PHAROS-SUITE/skills/cloudflare-deploy/references/spectrum/patterns.md,patterns.md,.md,False,4778,2026-03-31T12:25:45.706877-04:00,pharos,patterns
local,/home/cerebrhoe/PHAROS-SUITE,/home/cerebrhoe/PHAROS-SUITE/skills/cloudflare-deploy/references/spectrum/configuration.md,configuration.md,.md,False,4332,2026-03-31T12:25:45.706877-04:00,pharos,configuration
local,/home/cerebrhoe/PHAROS-SUITE,/home/cerebrhoe/PHAROS-SUITE/skills/cloudflare-deploy/references/spectrum/README.md,README.md,.md,False,2355,2026-03-31T12:25:45.734877-04:00,pharos,readme
local,/home/cerebrhoe/PHAROS-SUITE,/home/cerebrhoe/PHAROS-SUITE/skills/cloudflare-deploy/references/spectrum/api.md,api.md,.md,False,4924,2026-03-31T12:25:45.750877-04:00,pharos,api
local,/home/cerebrhoe/PHAROS-SUITE,/home/cerebrhoe/PHAROS-SUITE/skills/cloudflare-deploy/references/turnstile/gotchas.md,gotchas.md,.md,False,6276,2026-03-31T12:25:45.798877-04:00,pharos,gotchas
local,/home/cerebrhoe/PHAROS-SUITE,/home/cerebrhoe/PHAROS-SUITE/skills/cloudflare-deploy/references/turnstile/patterns.md,patterns.md,.md,False,4677,2026-03-31T12:25:45.818877-04:00,pharos,patterns
local,/home/cerebrhoe/PHAROS-SUITE,/home/cerebrhoe/PHAROS-SUITE/skills/cloudflare-deploy/references/turnstile/configuration.md,configuration.md,.md,False,6719,2026-03-31T12:25:45.850878-04:00,pharos,configuration
local,/home/cerebrhoe/PHAROS-SUITE,/home/cerebrhoe/PHAROS-SUITE/skills/cloudflare-deploy/references/turnstile/README.md,README.md,.md,False,3539,2026-03-31T12:25:45.850878-04:00,pharos,readme
local,/home/cerebrhoe/PHAROS-SUITE,/home/cerebrhoe/PHAROS-SUITE/skills/cloudflare-deploy/references/turnstile/api.md,api.md,.md,False,6424,2026-03-31T12:25:45.850878-04:00,pharos,api
local,/home/cerebrhoe/PHAROS-SUITE,/home/cerebrhoe/PHAROS-SUITE/skills/cloudflare-deploy/references/api-shield/gotchas.md,gotchas.md,.md,False,4946,2026-03-31T12:25:45.882877-04:00,pharos,gotchas
local,/home/cerebrhoe/PHAROS-SUITE,/home/cerebrhoe/PHAROS-SUITE/skills/cloudflare-deploy/references/api-shield/patterns.md,patterns.md,.md,False,5844,2026-03-31T12:25:45.882877-04:00,pharos,patterns
local,/home/cerebrhoe/PHAROS-SUITE,/home/cerebrhoe/PHAROS-SUITE/skills/cloudflare-deploy/references/api-shield/configuration.md,configuration.md,.md,False,5020,2026-03-31T12:25:45.902877-04:00,pharos,configuration
local,/home/cerebrhoe/PHAROS-SUITE,/home/cerebrhoe/PHAROS-SUITE/skills/cloudflare-deploy/references/api-shield/README.md,README.md,.md,False,1796,2026-03-31T12:25:45.926877-04:00,pharos,readme
local,/home/cerebrhoe/PHAROS-SUITE,/home/cerebrhoe/PHAROS-SUITE/skills/cloudflare-deploy/references/api-shield/api.md,api.md,.md,False,3900,2026-03-31T12:25:45.926877-04:00,pharos,api
local,/home/cerebrhoe/PHAROS-SUITE,/home/cerebrhoe/PHAROS-SUITE/skills/cloudflare-deploy/references/observability/gotchas.md,gotchas.md,.md,False,3755,2026-03-31T12:25:45.946877-04:00,pharos,gotchas
local,/home/cerebrhoe/PHAROS-SUITE,/home/cerebrhoe/PHAROS-SUITE/skills/cloudflare-deploy/references/observability/patterns.md,patterns.md,.md,False,2481,2026-03-31T12:25:45.946877-04:00,pharos,patterns
local,/home/cerebrhoe/PHAROS-SUITE,/home/cerebrhoe/PHAROS-SUITE/skills/cloudflare-deploy/references/observability/configuration.md,configuration.md,.md,False,3584,2026-03-31T12:25:45.946877-04:00,pharos,configuration
local,/home/cerebrhoe/PHAROS-SUITE,/home/cerebrhoe/PHAROS-SUITE/skills/cloudflare-deploy/references/observability/README.md,README.md,.md,False,3887,2026-03-31T12:25:45.950877-04:00,pharos,readme
local,/home/cerebrhoe/PHAROS-SUITE,/home/cerebrhoe/PHAROS-SUITE/skills/cloudflare-deploy/references/observability/api.md,api.md,.md,False,3480,2026-03-31T12:25:45.950877-04:00,pharos,api
local,/home/cerebrhoe/PHAROS-SUITE,/home/cerebrhoe/PHAROS-SUITE/skills/cloudflare-deploy/references/api/gotchas.md,gotchas.md,.md,False,5390,2026-03-31T12:25:46.010877-04:00,pharos,gotchas
local,/home/cerebrhoe/PHAROS-SUITE,/home/cerebrhoe/PHAROS-SUITE/skills/cloudflare-deploy/references/api/patterns.md,patterns.md,.md,False,4639,2026-03-31T12:25:46.010877-04:00,pharos,patterns
local,/home/cerebrhoe/PHAROS-SUITE,/home/cerebrhoe/PHAROS-SUITE/skills/cloudflare-deploy/references/api/configuration.md,configuration.md,.md,False,3748,2026-03-31T12:25:46.014877-04:00,pharos,configuration
local,/home/cerebrhoe/PHAROS-SUITE,/home/cerebrhoe/PHAROS-SUITE/skills/cloudflare-deploy/references/api/README.md,README.md,.md,False,2381,2026-03-31T12:25:46.014877-04:00,pharos,readme
local,/home/cerebrhoe/PHAROS-SUITE,/home/cerebrhoe/PHAROS-SUITE/skills/cloudflare-deploy/references/api/api.md,api.md,.md,False,4308,2026-03-31T12:25:46.034877-04:00,pharos,api
local,/home/cerebrhoe/PHAROS-SUITE,/home/cerebrhoe/PHAROS-SUITE/skills/cloudflare-deploy/references/ai-search/gotchas.md,gotchas.md,.md,False,2135,2026-03-31T12:25:46.050877-04:00,pharos,gotchas
local,/home/cerebrhoe/PHAROS-SUITE,/home/cerebrhoe/PHAROS-SUITE/skills/cloudflare-deploy/references/ai-search/patterns.md,patterns.md,.md,False,2008,2026-03-31T12:25:46.050877-04:00,pharos,patterns
local,/home/cerebrhoe/PHAROS-SUITE,/home/cerebrhoe/PHAROS-SUITE/skills/cloudflare-deploy/references/ai-search/configuration.md,configuration.md,.md,False,1760,2026-03-31T12:25:46.062877-04:00,pharos,configuration
local,/home/cerebrhoe/PHAROS-SUITE,/home/cerebrhoe/PHAROS-SUITE/skills/cloudflare-deploy/references/ai-search/README.md,README.md,.md,False,4521,2026-03-31T12:25:46.066877-04:00,pharos,readme
local,/home/cerebrhoe/PHAROS-SUITE,/home/cerebrhoe/PHAROS-SUITE/skills/cloudflare-deploy/references/ai-search/api.md,api.md,.md,False,2519,2026-03-31T12:25:46.066877-04:00,pharos,api
local,/home/cerebrhoe/PHAROS-SUITE,/home/cerebrhoe/PHAROS-SUITE/skills/cloudflare-deploy/references/containers/gotchas.md,gotchas.md,.md,False,4485,2026-03-31T12:25:46.082877-04:00,pharos,gotchas
local,/home/cerebrhoe/PHAROS-SUITE,/home/cerebrhoe/PHAROS-SUITE/skills/cloudflare-deploy/references/containers/patterns.md,patterns.md,.md,False,4925,2026-03-31T12:25:46.090877-04:00,pharos,patterns
local,/home/cerebrhoe/PHAROS-SUITE,/home/cerebrhoe/PHAROS-SUITE/skills/cloudflare-deploy/references/containers/configuration.md,configuration.md,.md,False,5424,2026-03-31T12:25:46.090877-04:00,pharos,configuration
local,/home/cerebrhoe/PHAROS-SUITE,/home/cerebrhoe/PHAROS-SUITE/skills/cloudflare-deploy/references/containers/README.md,README.md,.md,False,3531,2026-03-31T12:25:46.122877-04:00,pharos,readme
local,/home/cerebrhoe/PHAROS-SUITE,/home/cerebrhoe/PHAROS-SUITE/skills/cloudflare-deploy/references/containers/api.md,api.md,.md,False,4310,2026-03-31T12:25:46.126877-04:00,pharos,api
local,/home/cerebrhoe/PHAROS-SUITE,/home/cerebrhoe/PHAROS-SUITE/skills/cloudflare-deploy/references/pipelines/gotchas.md,gotchas.md,.md,False,2427,2026-03-31T12:25:46.126877-04:00,pharos,gotchas
local,/home/cerebrhoe/PHAROS-SUITE,/home/cerebrhoe/PHAROS-SUITE/skills/cloudflare-deploy/references/pipelines/patterns.md,patterns.md,.md,False,2080,2026-03-31T12:25:46.126877-04:00,pharos,patterns
local,/home/cerebrhoe/PHAROS-SUITE,/home/cerebrhoe/PHAROS-SUITE/skills/cloudflare-deploy/references/pipelines/configuration.md,configuration.md,.md,False,2747,2026-03-31T12:25:46.146877-04:00,pharos,configuration
local,/home/cerebrhoe/PHAROS-SUITE,/home/cerebrhoe/PHAROS-SUITE/skills/cloudflare-deploy/references/pipelines/README.md,README.md,.md,False,3400,2026-03-31T12:25:46.146877-04:00,pharos,readme
local,/home/cerebrhoe/PHAROS-SUITE,/home/cerebrhoe/PHAROS-SUITE/skills/cloudflare-deploy/references/pipelines/api.md,api.md,.md,False,5109,2026-03-31T12:25:46.150877-04:00,pharos,api
local,/home/cerebrhoe/PHAROS-SUITE,/home/cerebrhoe/PHAROS-SUITE/skills/cloudflare-deploy/references/waf/gotchas.md,gotchas.md,.md,False,6290,2026-03-31T12:25:46.174877-04:00,pharos,gotchas
local,/home/cerebrhoe/PHAROS-SUITE,/home/cerebrhoe/PHAROS-SUITE/skills/cloudflare-deploy/references/waf/patterns.md,patterns.md,.md,False,5356,2026-03-31T12:25:46.182877-04:00,pharos,patterns
local,/home/cerebrhoe/PHAROS-SUITE,/home/cerebrhoe/PHAROS-SUITE/skills/cloudflare-deploy/references/waf/configuration.md,configuration.md,.md,False,4765,2026-03-31T12:25:46.182877-04:00,pharos,configuration
local,/home/cerebrhoe/PHAROS-SUITE,/home/cerebrhoe/PHAROS-SUITE/skills/cloudflare-deploy/references/waf/README.md,README.md,.md,False,3455,2026-03-31T12:25:46.182877-04:00,pharos,readme
local,/home/cerebrhoe/PHAROS-SUITE,/home/cerebrhoe/PHAROS-SUITE/skills/cloudflare-deploy/references/waf/api.md,api.md,.md,False,5831,2026-03-31T12:25:46.198877-04:00,pharos,api
local,/home/cerebrhoe/PHAROS-SUITE,/home/cerebrhoe/PHAROS-SUITE/skills/cloudflare-deploy/references/workers-ai/gotchas.md,gotchas.md,.md,False,2693,2026-03-31T12:25:46.254877-04:00,pharos,gotchas
local,/home/cerebrhoe/PHAROS-SUITE,/home/cerebrhoe/PHAROS-SUITE/skills/cloudflare-deploy/references/workers-ai/patterns.md,patterns.md,.md,False,3063,2026-03-31T12:25:46.254877-04:00,pharos,patterns
local,/home/cerebrhoe/PHAROS-SUITE,/home/cerebrhoe/PHAROS-SUITE/skills/cloudflare-deploy/references/workers-ai/configuration.md,configuration.md,.md,False,1989,2026-03-31T12:25:46.318877-04:00,pharos,configuration
local,/home/cerebrhoe/PHAROS-SUITE,/home/cerebrhoe/PHAROS-SUITE/skills/cloudflare-deploy/references/workers-ai/README.md,README.md,.md,False,6042,2026-03-31T12:25:46.334877-04:00,pharos,readme
local,/home/cerebrhoe/PHAROS-SUITE,/home/cerebrhoe/PHAROS-SUITE/skills/cloudflare-deploy/references/workers-ai/api.md,api.md,.md,False,2715,2026-03-31T12:25:46.334877-04:00,pharos,api
local,/home/cerebrhoe/PHAROS-SUITE,/home/cerebrhoe/PHAROS-SUITE/skills/cloudflare-deploy/references/realtime-sfu/gotchas.md,gotchas.md,.md,False,4902,2026-03-31T12:25:46.418877-04:00,pharos,gotchas
local,/home/cerebrhoe/PHAROS-SUITE,/home/cerebrhoe/PHAROS-SUITE/skills/cloudflare-deploy/references/realtime-sfu/patterns.md,patterns.md,.md,False,5403,2026-03-31T12:25:46.566877-04:00,pharos,patterns
local,/home/cerebrhoe/PHAROS-SUITE,/home/cerebrhoe/PHAROS-SUITE/skills/cloudflare-deploy/references/realtime-sfu/configuration.md,configuration.md,.md,False,3509,2026-03-31T12:25:46.630877-04:00,pharos,configuration
local,/home/cerebrhoe/PHAROS-SUITE,/home/cerebrhoe/PHAROS-SUITE/skills/cloudflare-deploy/references/realtime-sfu/README.md,README.md,.md,False,3078,2026-03-31T12:25:46.630877-04:00,pharos,readme
local,/home/cerebrhoe/PHAROS-SUITE,/home/cerebrhoe/PHAROS-SUITE/skills/cloudflare-deploy/references/realtime-sfu/api.md,api.md,.md,False,3768,2026-03-31T12:25:46.630877-04:00,pharos,api
local,/home/cerebrhoe/PHAROS-SUITE,/home/cerebrhoe/PHAROS-SUITE/skills/cloudflare-deploy/references/agents-sdk/gotchas.md,gotchas.md,.md,False,5108,2026-03-31T12:25:46.682877-04:00,pharos,gotchas
local,/home/cerebrhoe/PHAROS-SUITE,/home/cerebrhoe/PHAROS-SUITE/skills/cloudflare-deploy/references/agents-sdk/patterns.md,patterns.md,.md,False,5595,2026-03-31T12:25:46.742877-04:00,pharos,patterns
local,/home/cerebrhoe/PHAROS-SUITE,/home/cerebrhoe/PHAROS-SUITE/skills/cloudflare-deploy/references/agents-sdk/configuration.md,configuration.md,.md,False,3575,2026-03-31T12:25:46.770877-04:00,pharos,configuration
local,/home/cerebrhoe/PHAROS-SUITE,/home/cerebrhoe/PHAROS-SUITE/skills/cloudflare-deploy/references/agents-sdk/README.md,README.md,.md,False,2765,2026-03-31T12:25:46.818877-04:00,pharos,readme
local,/home/cerebrhoe/PHAROS-SUITE,/home/cerebrhoe/PHAROS-SUITE/skills/cloudflare-deploy/references/agents-sdk/api.md,api.md,.md,False,5862,2026-03-31T12:25:46.858877-04:00,pharos,api
local,/home/cerebrhoe/PHAROS-SUITE,/home/cerebrhoe/PHAROS-SUITE/skills/cloudflare-deploy/references/d1/gotchas.md,gotchas.md,.md,False,4318,2026-03-31T12:25:46.902877-04:00,pharos,gotchas
local,/home/cerebrhoe/PHAROS-SUITE,/home/cerebrhoe/PHAROS-SUITE/skills/cloudflare-deploy/references/d1/patterns.md,patterns.md,.md,False,7251,2026-03-31T12:25:46.934877-04:00,pharos,patterns
local,/home/cerebrhoe/PHAROS-SUITE,/home/cerebrhoe/PHAROS-SUITE/skills/cloudflare-deploy/references/d1/configuration.md,configuration.md,.md,False,5386,2026-03-31T12:25:46.934877-04:00,pharos,configuration
local,/home/cerebrhoe/PHAROS-SUITE,/home/cerebrhoe/PHAROS-SUITE/skills/cloudflare-deploy/references/d1/README.md,README.md,.md,False,4719,2026-03-31T12:25:46.958877-04:00,pharos,readme
local,/home/cerebrhoe/PHAROS-SUITE,/home/cerebrhoe/PHAROS-SUITE/skills/cloudflare-deploy/references/d1/api.md,api.md,.md,False,6806,2026-03-31T12:25:46.982877-04:00,pharos,api
local,/home/cerebrhoe/PHAROS-SUITE,/home/cerebrhoe/PHAROS-SUITE/skills/cloudflare-deploy/references/workers-vpc/gotchas.md,gotchas.md,.md,False,4477,2026-03-31T12:25:46.998877-04:00,pharos,gotchas
local,/home/cerebrhoe/PHAROS-SUITE,/home/cerebrhoe/PHAROS-SUITE/skills/cloudflare-deploy/references/workers-vpc/patterns.md,patterns.md,.md,False,6011,2026-03-31T12:25:47.050877-04:00,pharos,patterns
local,/home/cerebrhoe/PHAROS-SUITE,/home/cerebrhoe/PHAROS-SUITE/skills/cloudflare-deploy/references/workers-vpc/configuration.md,configuration.md,.md,False,3898,2026-03-31T12:25:47.066877-04:00,pharos,configuration
local,/home/cerebrhoe/PHAROS-SUITE,/home/cerebrhoe/PHAROS-SUITE/skills/cloudflare-deploy/references/workers-vpc/README.md,README.md,.md,False,5484,2026-03-31T12:25:47.066877-04:00,pharos,readme
local,/home/cerebrhoe/PHAROS-SUITE,/home/cerebrhoe/PHAROS-SUITE/skills/cloudflare-deploy/references/workers-vpc/api.md,api.md,.md,False,5321,2026-03-31T12:25:47.078877-04:00,pharos,api
local,/home/cerebrhoe/PHAROS-SUITE,/home/cerebrhoe/PHAROS-SUITE/skills/cloudflare-deploy/references/email-routing/gotchas.md,gotchas.md,.md,False,4106,2026-03-31T12:25:47.098877-04:00,pharos,gotchas
local,/home/cerebrhoe/PHAROS-SUITE,/home/cerebrhoe/PHAROS-SUITE/skills/cloudflare-deploy/references/email-routing/patterns.md,patterns.md,.md,False,5480,2026-03-31T12:25:47.098877-04:00,pharos,patterns
local,/home/cerebrhoe/PHAROS-SUITE,/home/cerebrhoe/PHAROS-SUITE/skills/cloudflare-deploy/references/email-routing/configuration.md,configuration.md,.md,False,3571,2026-03-31T12:25:47.106877-04:00,pharos,configuration
local,/home/cerebrhoe/PHAROS-SUITE,/home/cerebrhoe/PHAROS-SUITE/skills/cloudflare-deploy/references/email-routing/README.md,README.md,.md,False,3431,2026-03-31T12:25:47.130877-04:00,pharos,readme
local,/home/cerebrhoe/PHAROS-SUITE,/home/cerebrhoe/PHAROS-SUITE/skills/cloudflare-deploy/references/email-routing/api.md,api.md,.md,False,5311,2026-03-31T12:25:47.130877-04:00,pharos,api
local,/home/cerebrhoe/PHAROS-SUITE,/home/cerebrhoe/PHAROS-SUITE/skills/cloudflare-deploy/references/turn/gotchas.md,gotchas.md,.md,False,7020,2026-03-31T12:25:47.162877-04:00,pharos,gotchas
local,/home/cerebrhoe/PHAROS-SUITE,/home/cerebrhoe/PHAROS-SUITE/skills/cloudflare-deploy/references/turn/patterns.md,patterns.md,.md,False,6189,2026-03-31T12:25:47.186877-04:00,pharos,patterns
local,/home/cerebrhoe/PHAROS-SUITE,/home/cerebrhoe/PHAROS-SUITE/skills/cloudflare-deploy/references/turn/configuration.md,configuration.md,.md,False,4178,2026-03-31T12:25:47.290877-04:00,pharos,configuration
local,/home/cerebrhoe/PHAROS-SUITE,/home/cerebrhoe/PHAROS-SUITE/skills/cloudflare-deploy/references/turn/README.md,README.md,.md,False,3693,2026-03-31T12:25:47.290877-04:00,pharos,readme
local,/home/cerebrhoe/PHAROS-SUITE,/home/cerebrhoe/PHAROS-SUITE/skills/cloudflare-deploy/references/turn/api.md,api.md,.md,False,5220,2026-03-31T12:25:47.346877-04:00,pharos,api
local,/home/cerebrhoe/PHAROS-SUITE,/home/cerebrhoe/PHAROS-SUITE/skills/cloudflare-deploy/references/argo-smart-routing/gotchas.md,gotchas.md,.md,False,4327,2026-03-31T12:25:47.490877-04:00,pharos,gotchas
local,/home/cerebrhoe/PHAROS-SUITE,/home/cerebrhoe/PHAROS-SUITE/skills/cloudflare-deploy/references/argo-smart-routing/patterns.md,patterns.md,.md,False,3053,2026-03-31T12:25:47.762877-04:00,pharos,patterns
local,/home/cerebrhoe/PHAROS-SUITE,/home/cerebrhoe/PHAROS-SUITE/skills/cloudflare-deploy/references/argo-smart-routing/configuration.md,configuration.md,.md,False,4457,2026-03-31T12:25:48.054877-04:00,pharos,configuration
local,/home/cerebrhoe/PHAROS-SUITE,/home/cerebrhoe/PHAROS-SUITE/skills/cloudflare-deploy/references/argo-smart-routing/README.md,README.md,.md,False,4060,2026-03-31T12:25:48.770877-04:00,pharos,readme
local,/home/cerebrhoe/PHAROS-SUITE,/home/cerebrhoe/PHAROS-SUITE/skills/cloudflare-deploy/references/argo-smart-routing/api.md,api.md,.md,False,6579,2026-03-31T12:25:48.902877-04:00,pharos,api
local,/home/cerebrhoe/PHAROS-SUITE,/home/cerebrhoe/PHAROS-SUITE/skills/cloudflare-deploy/references/bot-management/gotchas.md,gotchas.md,.md,False,5657,2026-03-31T12:25:49.014877-04:00,pharos,gotchas
local,/home/cerebrhoe/PHAROS-SUITE,/home/cerebrhoe/PHAROS-SUITE/skills/cloudflare-deploy/references/bot-management/patterns.md,patterns.md,.md,False,4970,2026-03-31T12:25:49.050877-04:00,pharos,patterns
local,/home/cerebrhoe/PHAROS-SUITE,/home/cerebrhoe/PHAROS-SUITE/skills/cloudflare-deploy/references/bot-management/configuration.md,configuration.md,.md,False,5744,2026-03-31T12:25:49.050877-04:00,pharos,configuration
local,/home/cerebrhoe/PHAROS-SUITE,/home/cerebrhoe/PHAROS-SUITE/skills/cloudflare-deploy/references/bot-management/README.md,README.md,.md,False,3762,2026-03-31T12:25:49.050877-04:00,pharos,readme
local,/home/cerebrhoe/PHAROS-SUITE,/home/cerebrhoe/PHAROS-SUITE/skills/cloudflare-deploy/references/bot-management/api.md,api.md,.md,False,5803,2026-03-31T12:25:49.050877-04:00,pharos,api
local,/home/cerebrhoe/PHAROS-SUITE,/home/cerebrhoe/PHAROS-SUITE/skills/cloudflare-deploy/references/static-assets/gotchas.md,gotchas.md,.md,False,4127,2026-03-31T12:25:49.106877-04:00,pharos,gotchas
local,/home/cerebrhoe/PHAROS-SUITE,/home/cerebrhoe/PHAROS-SUITE/skills/cloudflare-deploy/references/static-assets/patterns.md,patterns.md,.md,False,4895,2026-03-31T12:25:49.158877-04:00,pharos,patterns
local,/home/cerebrhoe/PHAROS-SUITE,/home/cerebrhoe/PHAROS-SUITE/skills/cloudflare-deploy/references/static-assets/configuration.md,configuration.md,.md,False,4826,2026-03-31T12:25:49.158877-04:00,pharos,configuration
local,/home/cerebrhoe/PHAROS-SUITE,/home/cerebrhoe/PHAROS-SUITE/skills/cloudflare-deploy/references/static-assets/README.md,README.md,.md,False,2197,2026-03-31T12:25:49.246877-04:00,pharos,readme
local,/home/cerebrhoe/PHAROS-SUITE,/home/cerebrhoe/PHAROS-SUITE/skills/cloudflare-deploy/references/static-assets/api.md,api.md,.md,False,4451,2026-03-31T12:25:49.246877-04:00,pharos,api
local,/home/cerebrhoe/PHAROS-SUITE,/home/cerebrhoe/PHAROS-SUITE/skills/cloudflare-deploy/references/stream/gotchas.md,gotchas.md,.md,False,4308,2026-03-31T12:25:49.250877-04:00,pharos,gotchas
local,/home/cerebrhoe/PHAROS-SUITE,/home/cerebrhoe/PHAROS-SUITE/skills/cloudflare-deploy/references/stream/patterns.md,patterns.md,.md,False,6394,2026-03-31T12:25:49.302877-04:00,pharos,patterns
local,/home/cerebrhoe/PHAROS-SUITE,/home/cerebrhoe/PHAROS-SUITE/skills/cloudflare-deploy/references/stream/api-live.md,api-live.md,.md,False,5174,2026-03-31T12:25:49.302877-04:00,pharos,api live
local,/home/cerebrhoe/PHAROS-SUITE,/home/cerebrhoe/PHAROS-SUITE/skills/cloudflare-deploy/references/stream/configuration.md,configuration.md,.md,False,3222,2026-03-31T12:25:49.302877-04:00,pharos,configuration
local,/home/cerebrhoe/PHAROS-SUITE,/home/cerebrhoe/PHAROS-SUITE/skills/cloudflare-deploy/references/stream/README.md,README.md,.md,False,3864,2026-03-31T12:25:49.306877-04:00,pharos,readme
local,/home/cerebrhoe/PHAROS-SUITE,/home/cerebrhoe/PHAROS-SUITE/skills/cloudflare-deploy/references/stream/api.md,api.md,.md,False,5260,2026-03-31T12:25:49.306877-04:00,pharos,api
local,/home/cerebrhoe/PHAROS-SUITE,/home/cerebrhoe/PHAROS-SUITE/skills/cloudflare-deploy/references/vectorize/gotchas.md,gotchas.md,.md,False,2157,2026-03-31T12:25:49.306877-04:00,pharos,gotchas
local,/home/cerebrhoe/PHAROS-SUITE,/home/cerebrhoe/PHAROS-SUITE/skills/cloudflare-deploy/references/vectorize/patterns.md,patterns.md,.md,False,2514,2026-03-31T12:25:49.346877-04:00,pharos,patterns
local,/home/cerebrhoe/PHAROS-SUITE,/home/cerebrhoe/PHAROS-SUITE/skills/cloudflare-deploy/references/vectorize/configuration.md,configuration.md,.md,False,1986,2026-03-31T12:25:49.422877-04:00,pharos,configuration
local,/home/cerebrhoe/PHAROS-SUITE,/home/cerebrhoe/PHAROS-SUITE/skills/cloudflare-deploy/references/vectorize/README.md,README.md,.md,False,4288,2026-03-31T12:25:49.438877-04:00,pharos,readme
local,/home/cerebrhoe/PHAROS-SUITE,/home/cerebrhoe/PHAROS-SUITE/skills/cloudflare-deploy/references/vectorize/api.md,api.md,.md,False,2375,2026-03-31T12:25:49.526877-04:00,pharos,api
local,/home/cerebrhoe/PHAROS-SUITE,/home/cerebrhoe/PHAROS-SUITE/skills/cloudflare-deploy/references/email-workers/gotchas.md,gotchas.md,.md,False,3041,2026-03-31T12:25:49.698877-04:00,pharos,gotchas
local,/home/cerebrhoe/PHAROS-SUITE,/home/cerebrhoe/PHAROS-SUITE/skills/cloudflare-deploy/references/email-workers/patterns.md,patterns.md,.md,False,2785,2026-03-31T12:25:49.782877-04:00,pharos,patterns
local,/home/cerebrhoe/PHAROS-SUITE,/home/cerebrhoe/PHAROS-SUITE/skills/cloudflare-deploy/references/email-workers/configuration.md,configuration.md,.md,False,2719,2026-03-31T12:25:49.850877-04:00,pharos,configuration
local,/home/cerebrhoe/PHAROS-SUITE,/home/cerebrhoe/PHAROS-SUITE/skills/cloudflare-deploy/references/email-workers/README.md,README.md,.md,False,5368,2026-03-31T12:25:49.850877-04:00,pharos,readme
local,/home/cerebrhoe/PHAROS-SUITE,/home/cerebrhoe/PHAROS-SUITE/skills/cloudflare-deploy/references/email-workers/api.md,api.md,.md,False,6078,2026-03-31T12:25:49.850877-04:00,pharos,api
local,/home/cerebrhoe/PHAROS-SUITE,/home/cerebrhoe/PHAROS-SUITE/skills/cloudflare-deploy/references/workers-for-platforms/gotchas.md,gotchas.md,.md,False,5440,2026-03-31T12:25:49.934877-04:00,pharos,gotchas
local,/home/cerebrhoe/PHAROS-SUITE,/home/cerebrhoe/PHAROS-SUITE/skills/cloudflare-deploy/references/workers-for-platforms/patterns.md,patterns.md,.md,False,5587,2026-03-31T12:25:50.046877-04:00,pharos,patterns
local,/home/cerebrhoe/PHAROS-SUITE,/home/cerebrhoe/PHAROS-SUITE/skills/cloudflare-deploy/references/workers-for-platforms/configuration.md,configuration.md,.md,False,3892,2026-03-31T12:25:50.046877-04:00,pharos,configuration
local,/home/cerebrhoe/PHAROS-SUITE,/home/cerebrhoe/PHAROS-SUITE/skills/cloudflare-deploy/references/workers-for-platforms/README.md,README.md,.md,False,3913,2026-03-31T12:25:50.046877-04:00,pharos,readme
local,/home/cerebrhoe/PHAROS-SUITE,/home/cerebrhoe/PHAROS-SUITE/skills/cloudflare-deploy/references/workers-for-platforms/api.md,api.md,.md,False,5515,2026-03-31T12:25:50.094877-04:00,pharos,api
local,/home/cerebrhoe/PHAROS-SUITE,/home/cerebrhoe/PHAROS-SUITE/skills/cloudflare-deploy/references/images/gotchas.md,gotchas.md,.md,False,2490,2026-03-31T12:25:50.198877-04:00,pharos,gotchas
local,/home/cerebrhoe/PHAROS-SUITE,/home/cerebrhoe/PHAROS-SUITE/skills/cloudflare-deploy/references/images/patterns.md,patterns.md,.md,False,3582,2026-03-31T12:25:50.230877-04:00,pharos,patterns
local,/home/cerebrhoe/PHAROS-SUITE,/home/cerebrhoe/PHAROS-SUITE/skills/cloudflare-deploy/references/images/configuration.md,configuration.md,.md,False,4126,2026-03-31T12:25:50.234877-04:00,pharos,configuration
local,/home/cerebrhoe/PHAROS-SUITE,/home/cerebrhoe/PHAROS-SUITE/skills/cloudflare-deploy/references/images/README.md,README.md,.md,False,2900,2026-03-31T12:25:50.234877-04:00,pharos,readme
local,/home/cerebrhoe/PHAROS-SUITE,/home/cerebrhoe/PHAROS-SUITE/skills/cloudflare-deploy/references/images/api.md,api.md,.md,False,2574,2026-03-31T12:25:50.342877-04:00,pharos,api
local,/home/cerebrhoe/PHAROS-SUITE,/home/cerebrhoe/PHAROS-SUITE/skills/cloudflare-deploy/references/workflows/gotchas.md,gotchas.md,.md,False,4649,2026-03-31T12:25:50.390877-04:00,pharos,gotchas
local,/home/cerebrhoe/PHAROS-SUITE,/home/cerebrhoe/PHAROS-SUITE/skills/cloudflare-deploy/references/workflows/patterns.md,patterns.md,.md,False,6638,2026-03-31T12:25:50.410877-04:00,pharos,patterns
local,/home/cerebrhoe/PHAROS-SUITE,/home/cerebrhoe/PHAROS-SUITE/skills/cloudflare-deploy/references/workflows/configuration.md,configuration.md,.md,False,3707,2026-03-31T12:25:50.450877-04:00,pharos,configuration
local,/home/cerebrhoe/PHAROS-SUITE,/home/cerebrhoe/PHAROS-SUITE/skills/cloudflare-deploy/references/workflows/README.md,README.md,.md,False,2429,2026-03-31T12:25:50.450877-04:00,pharos,readme
local,/home/cerebrhoe/PHAROS-SUITE,/home/cerebrhoe/PHAROS-SUITE/skills/cloudflare-deploy/references/workflows/api.md,api.md,.md,False,6423,2026-03-31T12:25:50.474877-04:00,pharos,api
local,/home/cerebrhoe/PHAROS-SUITE,/home/cerebrhoe/PHAROS-SUITE/skills/cloudflare-deploy/references/ddos/gotchas.md,gotchas.md,.md,False,3912,2026-03-31T12:25:50.542877-04:00,pharos,gotchas
local,/home/cerebrhoe/PHAROS-SUITE,/home/cerebrhoe/PHAROS-SUITE/skills/cloudflare-deploy/references/ddos/patterns.md,patterns.md,.md,False,5680,2026-03-31T12:25:50.550877-04:00,pharos,patterns
local,/home/cerebrhoe/PHAROS-SUITE,/home/cerebrhoe/PHAROS-SUITE/skills/cloudflare-deploy/references/ddos/configuration.md,configuration.md,.md,False,3005,2026-03-31T12:25:50.558877-04:00,pharos,configuration
local,/home/cerebrhoe/PHAROS-SUITE,/home/cerebrhoe/PHAROS-SUITE/skills/cloudflare-deploy/references/ddos/README.md,README.md,.md,False,2054,2026-03-31T12:25:50.582877-04:00,pharos,readme
local,/home/cerebrhoe/PHAROS-SUITE,/home/cerebrhoe/PHAROS-SUITE/skills/cloudflare-deploy/references/ddos/api.md,api.md,.md,False,4170,2026-03-31T12:25:50.618877-04:00,pharos,api
local,/home/cerebrhoe/PHAROS-SUITE,/home/cerebrhoe/PHAROS-SUITE/skills/cloudflare-deploy/references/wrangler/gotchas.md,gotchas.md,.md,False,5868,2026-03-31T12:25:50.666877-04:00,pharos,gotchas
local,/home/cerebrhoe/PHAROS-SUITE,/home/cerebrhoe/PHAROS-SUITE/skills/cloudflare-deploy/references/wrangler/patterns.md,patterns.md,.md,False,4876,2026-03-31T12:25:50.666877-04:00,pharos,patterns
local,/home/cerebrhoe/PHAROS-SUITE,/home/cerebrhoe/PHAROS-SUITE/skills/cloudflare-deploy/references/wrangler/auth.md,auth.md,.md,False,2169,2026-03-31T12:25:50.702877-04:00,pharos,auth
local,/home/cerebrhoe/PHAROS-SUITE,/home/cerebrhoe/PHAROS-SUITE/skills/cloudflare-deploy/references/wrangler/configuration.md,configuration.md,.md,False,4722,2026-03-31T12:25:50.702877-04:00,pharos,configuration
local,/home/cerebrhoe/PHAROS-SUITE,/home/cerebrhoe/PHAROS-SUITE/skills/cloudflare-deploy/references/wrangler/README.md,README.md,.md,False,4668,2026-03-31T12:25:50.734877-04:00,pharos,readme
local,/home/cerebrhoe/PHAROS-SUITE,/home/cerebrhoe/PHAROS-SUITE/skills/cloudflare-deploy/references/wrangler/api.md,api.md,.md,False,4624,2026-03-31T12:25:50.862877-04:00,pharos,api
local,/home/cerebrhoe/PHAROS-SUITE,/home/cerebrhoe/PHAROS-SUITE/skills/cloudflare-deploy/references/snippets/gotchas.md,gotchas.md,.md,False,2220,2026-03-31T12:25:50.966877-04:00,pharos,gotchas
local,/home/cerebrhoe/PHAROS-SUITE,/home/cerebrhoe/PHAROS-SUITE/skills/cloudflare-deploy/references/snippets/patterns.md,patterns.md,.md,False,3346,2026-03-31T12:25:50.966877-04:00,pharos,patterns
local,/home/cerebrhoe/PHAROS-SUITE,/home/cerebrhoe/PHAROS-SUITE/skills/cloudflare-deploy/references/snippets/configuration.md,configuration.md,.md,False,6311,2026-03-31T12:25:51.006876-04:00,pharos,configuration
local,/home/cerebrhoe/PHAROS-SUITE,/home/cerebrhoe/PHAROS-SUITE/skills/cloudflare-deploy/references/snippets/README.md,README.md,.md,False,3132,2026-03-31T12:25:51.050877-04:00,pharos,readme
local,/home/cerebrhoe/PHAROS-SUITE,/home/cerebrhoe/PHAROS-SUITE/skills/cloudflare-deploy/references/snippets/api.md,api.md,.md,False,5133,2026-03-31T12:25:51.078876-04:00,pharos,api
local,/home/cerebrhoe/PHAROS-SUITE,/home/cerebrhoe/PHAROS-SUITE/skills/cloudflare-deploy/references/zaraz/gotchas.md,gotchas.md,.md,False,2001,2026-03-31T12:25:51.266876-04:00,pharos,gotchas
local,/home/cerebrhoe/PHAROS-SUITE,/home/cerebrhoe/PHAROS-SUITE/skills/cloudflare-deploy/references/zaraz/patterns.md,patterns.md,.md,False,2133,2026-03-31T12:25:51.510876-04:00,pharos,patterns
local,/home/cerebrhoe/PHAROS-SUITE,/home/cerebrhoe/PHAROS-SUITE/skills/cloudflare-deploy/references/zaraz/configuration.md,configuration.md,.md,False,1811,2026-03-31T12:25:51.714876-04:00,pharos,configuration
local,/home/cerebrhoe/PHAROS-SUITE,/home/cerebrhoe/PHAROS-SUITE/skills/cloudflare-deploy/references/zaraz/README.md,README.md,.md,False,3909,2026-03-31T12:25:51.734876-04:00,pharos,readme
local,/home/cerebrhoe/PHAROS-SUITE,/home/cerebrhoe/PHAROS-SUITE/skills/cloudflare-deploy/references/zaraz/IMPLEMENTATION_SUMMARY.md,IMPLEMENTATION_SUMMARY.md,.md,False,3494,2026-03-31T12:25:51.818877-04:00,pharos,implementation summary
local,/home/cerebrhoe/PHAROS-SUITE,/home/cerebrhoe/PHAROS-SUITE/skills/cloudflare-deploy/references/zaraz/api.md,api.md,.md,False,3197,2026-03-31T12:25:51.818877-04:00,pharos,api
local,/home/cerebrhoe/PHAROS-SUITE,/home/cerebrhoe/PHAROS-SUITE/skills/cloudflare-deploy/references/tail-workers/gotchas.md,gotchas.md,.md,False,4595,2026-03-31T12:25:51.850876-04:00,pharos,gotchas
local,/home/cerebrhoe/PHAROS-SUITE,/home/cerebrhoe/PHAROS-SUITE/skills/cloudflare-deploy/references/tail-workers/patterns.md,patterns.md,.md,False,4034,2026-03-31T12:25:51.874876-04:00,pharos,patterns
local,/home/cerebrhoe/PHAROS-SUITE,/home/cerebrhoe/PHAROS-SUITE/skills/cloudflare-deploy/references/tail-workers/configuration.md,configuration.md,.md,False,3474,2026-03-31T12:25:51.874876-04:00,pharos,configuration
local,/home/cerebrhoe/PHAROS-SUITE,/home/cerebrhoe/PHAROS-SUITE/skills/cloudflare-deploy/references/tail-workers/README.md,README.md,.md,False,3020,2026-03-31T12:25:51.874876-04:00,pharos,readme
local,/home/cerebrhoe/PHAROS-SUITE,/home/cerebrhoe/PHAROS-SUITE/skills/cloudflare-deploy/references/tail-workers/api.md,api.md,.md,False,5132,2026-03-31T12:25:51.874876-04:00,pharos,api
local,/home/cerebrhoe/PHAROS-SUITE,/home/cerebrhoe/PHAROS-SUITE/skills/cloudflare-deploy/references/pages-functions/gotchas.md,gotchas.md,.md,False,3850,2026-03-31T12:25:51.882876-04:00,pharos,gotchas
local,/home/cerebrhoe/PHAROS-SUITE,/home/cerebrhoe/PHAROS-SUITE/skills/cloudflare-deploy/references/pages-functions/patterns.md,patterns.md,.md,False,4214,2026-03-31T12:25:51.922876-04:00,pharos,patterns
local,/home/cerebrhoe/PHAROS-SUITE,/home/cerebrhoe/PHAROS-SUITE/skills/cloudflare-deploy/references/pages-functions/configuration.md,configuration.md,.md,False,3002,2026-03-31T12:25:51.922876-04:00,pharos,configuration
local,/home/cerebrhoe/PHAROS-SUITE,/home/cerebrhoe/PHAROS-SUITE/skills/cloudflare-deploy/references/pages-functions/README.md,README.md,.md,False,3322,2026-03-31T12:25:51.926877-04:00,pharos,readme
local,/home/cerebrhoe/PHAROS-SUITE,/home/cerebrhoe/PHAROS-SUITE/skills/cloudflare-deploy/references/pages-functions/api.md,api.md,.md,False,4677,2026-03-31T12:25:51.926877-04:00,pharos,api
local,/home/cerebrhoe/PHAROS-SUITE,/home/cerebrhoe/PHAROS-SUITE/skills/cloudflare-deploy/references/workerd/gotchas.md,gotchas.md,.md,False,4781,2026-03-31T12:25:51.970876-04:00,pharos,gotchas
local,/home/cerebrhoe/PHAROS-SUITE,/home/cerebrhoe/PHAROS-SUITE/skills/cloudflare-deploy/references/workerd/patterns.md,patterns.md,.md,False,4938,2026-03-31T12:25:51.970876-04:00,pharos,patterns
local,/home/cerebrhoe/PHAROS-SUITE,/home/cerebrhoe/PHAROS-SUITE/skills/cloudflare-deploy/references/workerd/configuration.md,configuration.md,.md,False,5263,2026-03-31T12:25:52.110876-04:00,pharos,configuration
local,/home/cerebrhoe/PHAROS-SUITE,/home/cerebrhoe/PHAROS-SUITE/skills/cloudflare-deploy/references/workerd/README.md,README.md,.md,False,2789,2026-03-31T12:25:52.126876-04:00,pharos,readme
local,/home/cerebrhoe/PHAROS-SUITE,/home/cerebrhoe/PHAROS-SUITE/skills/cloudflare-deploy/references/workerd/api.md,api.md,.md,False,4959,2026-03-31T12:25:52.142876-04:00,pharos,api
local,/home/cerebrhoe/PHAROS-SUITE,/home/cerebrhoe/PHAROS-SUITE/skills/cloudflare-deploy/references/terraform/gotchas.md,gotchas.md,.md,False,5268,2026-03-31T12:25:52.146876-04:00,pharos,gotchas
local,/home/cerebrhoe/PHAROS-SUITE,/home/cerebrhoe/PHAROS-SUITE/skills/cloudflare-deploy/references/terraform/patterns.md,patterns.md,.md,False,6640,2026-03-31T12:25:52.146876-04:00,pharos,patterns
local,/home/cerebrhoe/PHAROS-SUITE,/home/cerebrhoe/PHAROS-SUITE/skills/cloudflare-deploy/references/terraform/configuration.md,configuration.md,.md,False,7577,2026-03-31T12:25:52.166876-04:00,pharos,configuration
local,/home/cerebrhoe/PHAROS-SUITE,/home/cerebrhoe/PHAROS-SUITE/skills/cloudflare-deploy/references/terraform/README.md,README.md,.md,False,3680,2026-03-31T12:25:52.166876-04:00,pharos,readme
local,/home/cerebrhoe/PHAROS-SUITE,/home/cerebrhoe/PHAROS-SUITE/skills/cloudflare-deploy/references/terraform/api.md,api.md,.md,False,4020,2026-03-31T12:25:52.166876-04:00,pharos,api
local,/home/cerebrhoe/PHAROS-SUITE,/home/cerebrhoe/PHAROS-SUITE/skills/cloudflare-deploy/references/cron-triggers/gotchas.md,gotchas.md,.md,False,6316,2026-03-31T12:25:52.178876-04:00,pharos,gotchas
local,/home/cerebrhoe/PHAROS-SUITE,/home/cerebrhoe/PHAROS-SUITE/skills/cloudflare-deploy/references/cron-triggers/patterns.md,patterns.md,.md,False,6980,2026-03-31T12:25:52.182876-04:00,pharos,patterns
local,/home/cerebrhoe/PHAROS-SUITE,/home/cerebrhoe/PHAROS-SUITE/skills/cloudflare-deploy/references/cron-triggers/configuration.md,configuration.md,.md,False,4250,2026-03-31T12:25:52.182876-04:00,pharos,configuration
local,/home/cerebrhoe/PHAROS-SUITE,/home/cerebrhoe/PHAROS-SUITE/skills/cloudflare-deploy/references/cron-triggers/README.md,README.md,.md,False,2949,2026-03-31T12:25:52.202876-04:00,pharos,readme
local,/home/cerebrhoe/PHAROS-SUITE,/home/cerebrhoe/PHAROS-SUITE/skills/cloudflare-deploy/references/cron-triggers/api.md,api.md,.md,False,5866,2026-03-31T12:25:52.210876-04:00,pharos,api
local,/home/cerebrhoe/PHAROS-SUITE,/home/cerebrhoe/PHAROS-SUITE/skills/cloudflare-deploy/references/sandbox/gotchas.md,gotchas.md,.md,False,5456,2026-03-31T12:25:52.230876-04:00,pharos,gotchas
local,/home/cerebrhoe/PHAROS-SUITE,/home/cerebrhoe/PHAROS-SUITE/skills/cloudflare-deploy/references/sandbox/patterns.md,patterns.md,.md,False,5236,2026-03-31T12:25:52.238876-04:00,pharos,patterns
local,/home/cerebrhoe/PHAROS-SUITE,/home/cerebrhoe/PHAROS-SUITE/skills/cloudflare-deploy/references/sandbox/configuration.md,configuration.md,.md,False,3415,2026-03-31T12:25:52.242876-04:00,pharos,configuration
local,/home/cerebrhoe/PHAROS-SUITE,/home/cerebrhoe/PHAROS-SUITE/skills/cloudflare-deploy/references/sandbox/README.md,README.md,.md,False,3119,2026-03-31T12:25:52.286876-04:00,pharos,readme
local,/home/cerebrhoe/PHAROS-SUITE,/home/cerebrhoe/PHAROS-SUITE/skills/cloudflare-deploy/references/sandbox/api.md,api.md,.md,False,4972,2026-03-31T12:25:52.286876-04:00,pharos,api
local,/home/cerebrhoe/PHAROS-SUITE,/home/cerebrhoe/PHAROS-SUITE/skills/cloudflare-deploy/references/analytics-engine/gotchas.md,gotchas.md,.md,False,2018,2026-03-31T12:25:52.326876-04:00,pharos,gotchas
local,/home/cerebrhoe/PHAROS-SUITE,/home/cerebrhoe/PHAROS-SUITE/skills/cloudflare-deploy/references/analytics-engine/patterns.md,patterns.md,.md,False,2312,2026-03-31T12:25:52.326876-04:00,pharos,patterns
local,/home/cerebrhoe/PHAROS-SUITE,/home/cerebrhoe/PHAROS-SUITE/skills/cloudflare-deploy/references/analytics-engine/configuration.md,configuration.md,.md,False,2361,2026-03-31T12:25:52.326876-04:00,pharos,configuration
local,/home/cerebrhoe/PHAROS-SUITE,/home/cerebrhoe/PHAROS-SUITE/skills/cloudflare-deploy/references/analytics-engine/README.md,README.md,.md,False,3195,2026-03-31T12:25:52.326876-04:00,pharos,readme
local,/home/cerebrhoe/PHAROS-SUITE,/home/cerebrhoe/PHAROS-SUITE/skills/cloudflare-deploy/references/analytics-engine/api.md,api.md,.md,False,3161,2026-03-31T12:25:52.334876-04:00,pharos,api
local,/home/cerebrhoe/PHAROS-SUITE,/home/cerebrhoe/PHAROS-SUITE/skills/cloudflare-deploy/references/secrets-store/gotchas.md,gotchas.md,.md,False,3838,2026-03-31T12:25:52.358876-04:00,pharos,gotchas
local,/home/cerebrhoe/PHAROS-SUITE,/home/cerebrhoe/PHAROS-SUITE/skills/cloudflare-deploy/references/secrets-store/patterns.md,patterns.md,.md,False,5660,2026-03-31T12:25:52.386876-04:00,pharos,patterns
local,/home/cerebrhoe/PHAROS-SUITE,/home/cerebrhoe/PHAROS-SUITE/skills/cloudflare-deploy/references/secrets-store/configuration.md,configuration.md,.md,False,3890,2026-03-31T12:25:52.410876-04:00,pharos,configuration
local,/home/cerebrhoe/PHAROS-SUITE,/home/cerebrhoe/PHAROS-SUITE/skills/cloudflare-deploy/references/secrets-store/README.md,README.md,.md,False,2215,2026-03-31T12:25:52.410876-04:00,pharos,readme
local,/home/cerebrhoe/PHAROS-SUITE,/home/cerebrhoe/PHAROS-SUITE/skills/cloudflare-deploy/references/secrets-store/api.md,api.md,.md,False,4358,2026-03-31T12:25:52.410876-04:00,pharos,api
local,/home/cerebrhoe/PHAROS-SUITE,/home/cerebrhoe/PHAROS-SUITE/skills/cloudflare-deploy/references/kv/gotchas.md,gotchas.md,.md,False,4455,2026-03-31T12:25:52.414876-04:00,pharos,gotchas
local,/home/cerebrhoe/PHAROS-SUITE,/home/cerebrhoe/PHAROS-SUITE/skills/cloudflare-deploy/references/kv/patterns.md,patterns.md,.md,False,4740,2026-03-31T12:25:52.414876-04:00,pharos,patterns
local,/home/cerebrhoe/PHAROS-SUITE,/home/cerebrhoe/PHAROS-SUITE/skills/cloudflare-deploy/references/kv/configuration.md,configuration.md,.md,False,3083,2026-03-31T12:25:52.430876-04:00,pharos,configuration
local,/home/cerebrhoe/PHAROS-SUITE,/home/cerebrhoe/PHAROS-SUITE/skills/cloudflare-deploy/references/kv/README.md,README.md,.md,False,2883,2026-03-31T12:25:52.450876-04:00,pharos,readme
local,/home/cerebrhoe/PHAROS-SUITE,/home/cerebrhoe/PHAROS-SUITE/skills/cloudflare-deploy/references/kv/api.md,api.md,.md,False,4327,2026-03-31T12:25:52.474876-04:00,pharos,api
local,/home/cerebrhoe/PHAROS-SUITE,/home/cerebrhoe/PHAROS-SUITE/skills/cloudflare-deploy/references/hyperdrive/gotchas.md,gotchas.md,.md,False,3926,2026-03-31T12:25:52.530876-04:00,pharos,gotchas
local,/home/cerebrhoe/PHAROS-SUITE,/home/cerebrhoe/PHAROS-SUITE/skills/cloudflare-deploy/references/hyperdrive/patterns.md,patterns.md,.md,False,5980,2026-03-31T12:25:52.534876-04:00,pharos,patterns
local,/home/cerebrhoe/PHAROS-SUITE,/home/cerebrhoe/PHAROS-SUITE/skills/cloudflare-deploy/references/hyperdrive/configuration.md,configuration.md,.md,False,3913,2026-03-31T12:25:52.534876-04:00,pharos,configuration
local,/home/cerebrhoe/PHAROS-SUITE,/home/cerebrhoe/PHAROS-SUITE/skills/cloudflare-deploy/references/hyperdrive/README.md,README.md,.md,False,2918,2026-03-31T12:25:52.578876-04:00,pharos,readme
local,/home/cerebrhoe/PHAROS-SUITE,/home/cerebrhoe/PHAROS-SUITE/skills/cloudflare-deploy/references/hyperdrive/api.md,api.md,.md,False,3875,2026-03-31T12:25:52.606876-04:00,pharos,api
local,/home/cerebrhoe/PHAROS-SUITE,/home/cerebrhoe/PHAROS-SUITE/skills/cloudflare-deploy/references/workers-playground/gotchas.md,gotchas.md,.md,False,2019,2026-03-31T12:25:52.734876-04:00,pharos,gotchas
local,/home/cerebrhoe/PHAROS-SUITE,/home/cerebrhoe/PHAROS-SUITE/skills/cloudflare-deploy/references/workers-playground/patterns.md,patterns.md,.md,False,3303,2026-03-31T12:25:52.754876-04:00,pharos,patterns
local,/home/cerebrhoe/PHAROS-SUITE,/home/cerebrhoe/PHAROS-SUITE/skills/cloudflare-deploy/references/workers-playground/configuration.md,configuration.md,.md,False,4462,2026-03-31T12:25:52.786876-04:00,pharos,configuration
local,/home/cerebrhoe/PHAROS-SUITE,/home/cerebrhoe/PHAROS-SUITE/skills/cloudflare-deploy/references/workers-playground/README.md,README.md,.md,False,4016,2026-03-31T12:25:52.802876-04:00,pharos,readme
local,/home/cerebrhoe/PHAROS-SUITE,/home/cerebrhoe/PHAROS-SUITE/skills/cloudflare-deploy/references/workers-playground/api.md,api.md,.md,False,2224,2026-03-31T12:25:52.806876-04:00,pharos,api
local,/home/cerebrhoe/PHAROS-SUITE,/home/cerebrhoe/PHAROS-SUITE/skills/cloudflare-deploy/references/realtimekit/gotchas.md,gotchas.md,.md,False,6883,2026-03-31T12:25:52.830876-04:00,pharos,gotchas
local,/home/cerebrhoe/PHAROS-SUITE,/home/cerebrhoe/PHAROS-SUITE/skills/cloudflare-deploy/references/realtimekit/patterns.md,patterns.md,.md,False,7660,2026-03-31T12:25:52.830876-04:00,pharos,patterns
local,/home/cerebrhoe/PHAROS-SUITE,/home/cerebrhoe/PHAROS-SUITE/skills/cloudflare-deploy/references/realtimekit/configuration.md,configuration.md,.md,False,5192,2026-03-31T12:25:52.866876-04:00,pharos,configuration
local,/home/cerebrhoe/PHAROS-SUITE,/home/cerebrhoe/PHAROS-SUITE/skills/cloudflare-deploy/references/realtimekit/README.md,README.md,.md,False,4047,2026-03-31T12:25:52.902876-04:00,pharos,readme
local,/home/cerebrhoe/PHAROS-SUITE,/home/cerebrhoe/PHAROS-SUITE/skills/cloudflare-deploy/references/realtimekit/api.md,api.md,.md,False,8352,2026-03-31T12:25:52.918876-04:00,pharos,api
local,/home/cerebrhoe/PHAROS-SUITE,/home/cerebrhoe/PHAROS-SUITE/skills/cloudflare-deploy/references/pages/gotchas.md,gotchas.md,.md,False,7998,2026-03-31T12:25:52.934876-04:00,pharos,gotchas
local,/home/cerebrhoe/PHAROS-SUITE,/home/cerebrhoe/PHAROS-SUITE/skills/cloudflare-deploy/references/pages/patterns.md,patterns.md,.md,False,5992,2026-03-31T12:25:52.966876-04:00,pharos,patterns
local,/home/cerebrhoe/PHAROS-SUITE,/home/cerebrhoe/PHAROS-SUITE/skills/cloudflare-deploy/references/pages/configuration.md,configuration.md,.md,False,5865,2026-03-31T12:25:52.998876-04:00,pharos,configuration
local,/home/cerebrhoe/PHAROS-SUITE,/home/cerebrhoe/PHAROS-SUITE/skills/cloudflare-deploy/references/pages/README.md,README.md,.md,False,2834,2026-03-31T12:25:52.998876-04:00,pharos,readme
local,/home/cerebrhoe/PHAROS-SUITE,/home/cerebrhoe/PHAROS-SUITE/skills/cloudflare-deploy/references/pages/api.md,api.md,.md,False,5980,2026-03-31T12:25:52.998876-04:00,pharos,api
local,/home/cerebrhoe/PHAROS-SUITE,/home/cerebrhoe/PHAROS-SUITE/skills/cloudflare-deploy/references/tunnel/gotchas.md,gotchas.md,.md,False,3933,2026-03-31T12:25:52.998876-04:00,pharos,gotchas
local,/home/cerebrhoe/PHAROS-SUITE,/home/cerebrhoe/PHAROS-SUITE/skills/cloudflare-deploy/references/tunnel/patterns.md,patterns.md,.md,False,3853,2026-03-31T12:25:53.046876-04:00,pharos,patterns
local,/home/cerebrhoe/PHAROS-SUITE,/home/cerebrhoe/PHAROS-SUITE/skills/cloudflare-deploy/references/tunnel/configuration.md,configuration.md,.md,False,3698,2026-03-31T12:25:53.046876-04:00,pharos,configuration
local,/home/cerebrhoe/PHAROS-SUITE,/home/cerebrhoe/PHAROS-SUITE/skills/cloudflare-deploy/references/tunnel/README.md,README.md,.md,False,3738,2026-03-31T12:25:53.050876-04:00,pharos,readme
local,/home/cerebrhoe/PHAROS-SUITE,/home/cerebrhoe/PHAROS-SUITE/skills/cloudflare-deploy/references/tunnel/api.md,api.md,.md,False,4444,2026-03-31T12:25:53.050876-04:00,pharos,api
local,/home/cerebrhoe/PHAROS-SUITE,/home/cerebrhoe/PHAROS-SUITE/skills/cloudflare-deploy/references/tunnel/networking.md,networking.md,.md,False,3993,2026-03-31T12:25:53.050876-04:00,pharos,networking
local,/home/cerebrhoe/PHAROS-SUITE,/home/cerebrhoe/PHAROS-SUITE/skills/cloudflare-deploy/references/cache-reserve/gotchas.md,gotchas.md,.md,False,5797,2026-03-31T12:25:53.066876-04:00,pharos,gotchas
local,/home/cerebrhoe/PHAROS-SUITE,/home/cerebrhoe/PHAROS-SUITE/skills/cloudflare-deploy/references/cache-reserve/patterns.md,patterns.md,.md,False,6265,2026-03-31T12:25:53.066876-04:00,pharos,patterns
local,/home/cerebrhoe/PHAROS-SUITE,/home/cerebrhoe/PHAROS-SUITE/skills/cloudflare-deploy/references/cache-reserve/configuration.md,configuration.md,.md,False,3660,2026-03-31T12:25:53.078876-04:00,pharos,configuration
local,/home/cerebrhoe/PHAROS-SUITE,/home/cerebrhoe/PHAROS-SUITE/skills/cloudflare-deploy/references/cache-reserve/README.md,README.md,.md,False,5609,2026-03-31T12:25:53.078876-04:00,pharos,readme
local,/home/cerebrhoe/PHAROS-SUITE,/home/cerebrhoe/PHAROS-SUITE/skills/cloudflare-deploy/references/cache-reserve/api.md,api.md,.md,False,6018,2026-03-31T12:25:53.082876-04:00,pharos,api
local,/home/cerebrhoe/PHAROS-SUITE,/home/cerebrhoe/PHAROS-SUITE/skills/cloudflare-deploy/references/network-interconnect/gotchas.md,gotchas.md,.md,False,5554,2026-03-31T12:25:53.098876-04:00,pharos,gotchas
local,/home/cerebrhoe/PHAROS-SUITE,/home/cerebrhoe/PHAROS-SUITE/skills/cloudflare-deploy/references/network-interconnect/patterns.md,patterns.md,.md,False,4041,2026-03-31T12:25:53.098876-04:00,pharos,patterns
local,/home/cerebrhoe/PHAROS-SUITE,/home/cerebrhoe/PHAROS-SUITE/skills/cloudflare-deploy/references/network-interconnect/configuration.md,configuration.md,.md,False,4257,2026-03-31T12:25:53.098876-04:00,pharos,configuration
local,/home/cerebrhoe/PHAROS-SUITE,/home/cerebrhoe/PHAROS-SUITE/skills/cloudflare-deploy/references/network-interconnect/README.md,README.md,.md,False,3230,2026-03-31T12:25:53.098876-04:00,pharos,readme
local,/home/cerebrhoe/PHAROS-SUITE,/home/cerebrhoe/PHAROS-SUITE/skills/cloudflare-deploy/references/network-interconnect/api.md,api.md,.md,False,5626,2026-03-31T12:25:53.102876-04:00,pharos,api
local,/home/cerebrhoe/PHAROS-SUITE,/home/cerebrhoe/PHAROS-SUITE/skills/cloudflare-deploy/references/r2/gotchas.md,gotchas.md,.md,False,5048,2026-03-31T12:25:53.122876-04:00,pharos,gotchas
local,/home/cerebrhoe/PHAROS-SUITE,/home/cerebrhoe/PHAROS-SUITE/skills/cloudflare-deploy/references/r2/patterns.md,patterns.md,.md,False,5844,2026-03-31T12:25:53.138876-04:00,pharos,patterns
local,/home/cerebrhoe/PHAROS-SUITE,/home/cerebrhoe/PHAROS-SUITE/skills/cloudflare-deploy/references/r2/configuration.md,configuration.md,.md,False,3654,2026-03-31T12:25:53.138876-04:00,pharos,configuration
local,/home/cerebrhoe/PHAROS-SUITE,/home/cerebrhoe/PHAROS-SUITE/skills/cloudflare-deploy/references/r2/README.md,README.md,.md,False,2825,2026-03-31T12:25:53.138876-04:00,pharos,readme
local,/home/cerebrhoe/PHAROS-SUITE,/home/cerebrhoe/PHAROS-SUITE/skills/cloudflare-deploy/references/r2/api.md,api.md,.md,False,5649,2026-03-31T12:25:53.154876-04:00,pharos,api
local,/home/cerebrhoe/PHAROS-SUITE,/home/cerebrhoe/PHAROS-SUITE/skills/cloudflare-deploy/references/c3/gotchas.md,gotchas.md,.md,False,2307,2026-03-31T12:25:53.202876-04:00,pharos,gotchas
local,/home/cerebrhoe/PHAROS-SUITE,/home/cerebrhoe/PHAROS-SUITE/skills/cloudflare-deploy/references/c3/patterns.md,patterns.md,.md,False,2203,2026-03-31T12:25:53.206876-04:00,pharos,patterns
local,/home/cerebrhoe/PHAROS-SUITE,/home/cerebrhoe/PHAROS-SUITE/skills/cloudflare-deploy/references/c3/configuration.md,configuration.md,.md,False,1637,2026-03-31T12:25:53.206876-04:00,pharos,configuration
local,/home/cerebrhoe/PHAROS-SUITE,/home/cerebrhoe/PHAROS-SUITE/skills/cloudflare-deploy/references/c3/README.md,README.md,.md,False,3352,2026-03-31T12:25:53.266876-04:00,pharos,readme
local,/home/cerebrhoe/PHAROS-SUITE,/home/cerebrhoe/PHAROS-SUITE/skills/cloudflare-deploy/references/c3/api.md,api.md,.md,False,2286,2026-03-31T12:25:53.282876-04:00,pharos,api
local,/home/cerebrhoe/PHAROS-SUITE,/home/cerebrhoe/PHAROS-SUITE/skills/cloudflare-deploy/references/workers/gotchas.md,gotchas.md,.md,False,4751,2026-03-31T12:25:53.306876-04:00,pharos,gotchas
local,/home/cerebrhoe/PHAROS-SUITE,/home/cerebrhoe/PHAROS-SUITE/skills/cloudflare-deploy/references/workers/patterns.md,patterns.md,.md,False,5447,2026-03-31T12:25:53.318876-04:00,pharos,patterns
local,/home/cerebrhoe/PHAROS-SUITE,/home/cerebrhoe/PHAROS-SUITE/skills/cloudflare-deploy/references/workers/frameworks.md,frameworks.md,.md,False,4276,2026-03-31T12:25:53.318876-04:00,pharos,frameworks
local,/home/cerebrhoe/PHAROS-SUITE,/home/cerebrhoe/PHAROS-SUITE/skills/cloudflare-deploy/references/workers/configuration.md,configuration.md,.md,False,4355,2026-03-31T12:25:53.318876-04:00,pharos,configuration
local,/home/cerebrhoe/PHAROS-SUITE,/home/cerebrhoe/PHAROS-SUITE/skills/cloudflare-deploy/references/workers/README.md,README.md,.md,False,3451,2026-03-31T12:25:53.350876-04:00,pharos,readme
local,/home/cerebrhoe/PHAROS-SUITE,/home/cerebrhoe/PHAROS-SUITE/skills/cloudflare-deploy/references/workers/api.md,api.md,.md,False,5158,2026-03-31T12:25:53.350876-04:00,pharos,api
local,/home/cerebrhoe/PHAROS-SUITE,/home/cerebrhoe/PHAROS-SUITE/skills/cloudflare-deploy/references/r2-data-catalog/gotchas.md,gotchas.md,.md,False,6126,2026-03-31T12:25:53.350876-04:00,pharos,gotchas
local,/home/cerebrhoe/PHAROS-SUITE,/home/cerebrhoe/PHAROS-SUITE/skills/cloudflare-deploy/references/r2-data-catalog/patterns.md,patterns.md,.md,False,5883,2026-03-31T12:25:53.350876-04:00,pharos,patterns
local,/home/cerebrhoe/PHAROS-SUITE,/home/cerebrhoe/PHAROS-SUITE/skills/cloudflare-deploy/references/r2-data-catalog/configuration.md,configuration.md,.md,False,5297,2026-03-31T12:25:53.362876-04:00,pharos,configuration
local,/home/cerebrhoe/PHAROS-SUITE,/home/cerebrhoe/PHAROS-SUITE/skills/cloudflare-deploy/references/r2-data-catalog/README.md,README.md,.md,False,7105,2026-03-31T12:25:53.366876-04:00,pharos,readme
local,/home/cerebrhoe/PHAROS-SUITE,/home/cerebrhoe/PHAROS-SUITE/skills/cloudflare-deploy/references/r2-data-catalog/api.md,api.md,.md,False,5991,2026-03-31T12:25:53.366876-04:00,pharos,api
local,/home/cerebrhoe/PHAROS-SUITE,/home/cerebrhoe/PHAROS-SUITE/skills/triangulation/scripts,scripts,,True,0,2026-03-31T12:16:44.358906-04:00,pharos,scripts
local,/home/cerebrhoe/PHAROS-SUITE,/home/cerebrhoe/PHAROS-SUITE/skills/triangulation/agents,agents,,True,0,2026-03-31T12:16:44.354906-04:00,pharos,agents
local,/home/cerebrhoe/PHAROS-SUITE,/home/cerebrhoe/PHAROS-SUITE/skills/triangulation/SKILL.md,SKILL.md,.md,False,2927,2026-03-31T12:16:44.370906-04:00,pharos,skill
local,/home/cerebrhoe/PHAROS-SUITE,/home/cerebrhoe/PHAROS-SUITE/skills/red-team/references,references,,True,0,2026-03-31T12:16:44.126906-04:00,pharos,references
local,/home/cerebrhoe/PHAROS-SUITE,/home/cerebrhoe/PHAROS-SUITE/skills/red-team/agents,agents,,True,0,2026-03-31T12:16:44.122906-04:00,pharos,agents
local,/home/cerebrhoe/PHAROS-SUITE,/home/cerebrhoe/PHAROS-SUITE/skills/red-team/SKILL.md,SKILL.md,.md,False,9086,2026-03-31T12:16:44.138906-04:00,pharos,skill
local,/home/cerebrhoe/PHAROS-SUITE,/home/cerebrhoe/PHAROS-SUITE/skills/red-team/references/red-team-reference.md,red-team-reference.md,.md,False,4104,2026-03-31T12:16:44.130906-04:00,pharos,red team reference
local,/home/cerebrhoe/PHAROS-SUITE,/home/cerebrhoe/PHAROS-SUITE/skills/speech/assets,assets,,True,0,2026-03-31T12:16:44.226906-04:00,pharos,assets
local,/home/cerebrhoe/PHAROS-SUITE,/home/cerebrhoe/PHAROS-SUITE/skills/speech/references,references,,True,0,2026-03-31T12:16:44.278906-04:00,pharos,references
local,/home/cerebrhoe/PHAROS-SUITE,/home/cerebrhoe/PHAROS-SUITE/skills/speech/scripts,scripts,,True,0,2026-03-31T12:16:44.310906-04:00,pharos,scripts
local,/home/cerebrhoe/PHAROS-SUITE,/home/cerebrhoe/PHAROS-SUITE/skills/speech/agents,agents,,True,0,2026-03-31T12:16:44.186906-04:00,pharos,agents
local,/home/cerebrhoe/PHAROS-SUITE,/home/cerebrhoe/PHAROS-SUITE/skills/speech/LICENSE.txt,LICENSE.txt,.txt,False,10776,2026-03-31T12:16:44.246906-04:00,pharos,license
local,/home/cerebrhoe/PHAROS-SUITE,/home/cerebrhoe/PHAROS-SUITE/skills/speech/SKILL.md,SKILL.md,.md,False,7241,2026-03-31T12:16:44.326906-04:00,pharos,skill
local,/home/cerebrhoe/PHAROS-SUITE,/home/cerebrhoe/PHAROS-SUITE/skills/speech/references/codex-network.md,codex-network.md,.md,False,1148,2026-03-31T12:16:44.262906-04:00,pharos,codex network
local,/home/cerebrhoe/PHAROS-SUITE,/home/cerebrhoe/PHAROS-SUITE/skills/speech/references/audio-api.md,audio-api.md,.md,False,902,2026-03-31T12:16:44.258906-04:00,pharos,audio api
local,/home/cerebrhoe/PHAROS-SUITE,/home/cerebrhoe/PHAROS-SUITE/skills/speech/references/cli.md,cli.md,.md,False,3275,2026-03-31T12:16:44.258906-04:00,pharos,cli
local,/home/cerebrhoe/PHAROS-SUITE,/home/cerebrhoe/PHAROS-SUITE/skills/speech/references/prompting.md,prompting.md,.md,False,1553,2026-03-31T12:16:44.274906-04:00,pharos,prompting
local,/home/cerebrhoe/PHAROS-SUITE,/home/cerebrhoe/PHAROS-SUITE/skills/speech/references/ivr.md,ivr.md,.md,False,708,2026-03-31T12:16:44.262906-04:00,pharos,ivr
local,/home/cerebrhoe/PHAROS-SUITE,/home/cerebrhoe/PHAROS-SUITE/skills/speech/references/narration.md,narration.md,.md,False,671,2026-03-31T12:16:44.274906-04:00,pharos,narration
local,/home/cerebrhoe/PHAROS-SUITE,/home/cerebrhoe/PHAROS-SUITE/skills/speech/references/sample-prompts.md,sample-prompts.md,.md,False,991,2026-03-31T12:16:44.278906-04:00,pharos,sample prompts
local,/home/cerebrhoe/PHAROS-SUITE,/home/cerebrhoe/PHAROS-SUITE/skills/speech/references/voice-directions.md,voice-directions.md,.md,False,2155,2026-03-31T12:16:44.278906-04:00,pharos,voice directions
local,/home/cerebrhoe/PHAROS-SUITE,/home/cerebrhoe/PHAROS-SUITE/skills/speech/references/voiceover.md,voiceover.md,.md,False,790,2026-03-31T12:16:44.282906-04:00,pharos,voiceover
local,/home/cerebrhoe/PHAROS-SUITE,/home/cerebrhoe/PHAROS-SUITE/skills/speech/references/accessibility.md,accessibility.md,.md,False,696,2026-03-31T12:16:44.254906-04:00,pharos,accessibility
local,/home/cerebrhoe/PHAROS-SUITE,/home/cerebrhoe/PHAROS-SUITE/archive/pharos-ai-publication-residue,pharos-ai-publication-residue,,True,0,2026-03-18T02:37:03.778688-04:00,pharos,pharos ai publication residue
local,/home/cerebrhoe/PHAROS-SUITE,/home/cerebrhoe/PHAROS-SUITE/archive/pharos-ai-local-residue-2026-03-18,pharos-ai-local-residue-2026-03-18,,True,0,2026-03-18T04:18:19.009091-04:00,pharos,pharos ai local residue 2026 03 18
local,/home/cerebrhoe/PHAROS-SUITE,/home/cerebrhoe/PHAROS-SUITE/archive/pharos-ai-publication-residue/trust-advantage-analysis-march-2026.docx,trust-advantage-analysis-march-2026.docx,.docx,False,16228,2026-03-09T08:56:54.145342-04:00,pharos,trust advantage analysis march 2026
local,/home/cerebrhoe/PHAROS-SUITE,/home/cerebrhoe/PHAROS-SUITE/archive/pharos-ai-local-residue-2026-03-18/debug-output,debug-output,,True,0,2026-03-18T04:20:42.405061-04:00,pharos,debug output
local,/home/cerebrhoe/PHAROS-SUITE,/home/cerebrhoe/PHAROS-SUITE/archive/pharos-ai-local-residue-2026-03-18/logo-candidates,logo-candidates,,True,0,2026-03-18T04:20:42.469061-04:00,pharos,logo candidates
local,/home/cerebrhoe/PHAROS-SUITE,/home/cerebrhoe/PHAROS-SUITE/archive/pharos-ai-local-residue-2026-03-18/debug-output/pharos-ai-output,pharos-ai-output,,True,0,2026-03-14T13:33:43.426073-04:00,pharos,pharos ai output
local,/home/cerebrhoe/PHAROS-SUITE,/home/cerebrhoe/PHAROS-SUITE/archive/pharos-ai-local-residue-2026-03-18/debug-output/pharos-ai-output/playwright,playwright,,True,0,2026-03-16T04:42:41.169980-04:00,pharos,playwright
local,/home/cerebrhoe/PHAROS-SUITE,/home/cerebrhoe/PHAROS-SUITE/archive/pharos-ai-local-residue-2026-03-18/debug-output/pharos-ai-output/playwright/pharos-reference-check,pharos-reference-check,,True,0,2026-03-15T06:21:23.080015-04:00,pharos,pharos reference check
local,/home/cerebrhoe/PHAROS-SUITE,/home/cerebrhoe/PHAROS-SUITE/archive/pharos-ai-local-residue-2026-03-18/debug-output/pharos-ai-output/playwright/pharos-rebug,pharos-rebug,,True,0,2026-03-14T13:37:37.020047-04:00,pharos,pharos rebug
local,/home/cerebrhoe/PHAROS-SUITE,/home/cerebrhoe/PHAROS-SUITE/archive/pharos-ai-local-residue-2026-03-18/debug-output/pharos-ai-output/playwright/site-debug,site-debug,,True,0,2026-03-16T04:42:41.169980-04:00,pharos,site debug
local,/home/cerebrhoe/PHAROS-SUITE,/home/cerebrhoe/PHAROS-SUITE/artifacts/root,root,,True,0,2026-03-25T01:14:28.375381-04:00,pharos,root
local,/home/cerebrhoe/PHAROS-SUITE,/home/cerebrhoe/PHAROS-SUITE/artifacts/legacy,legacy,,True,0,2026-03-25T01:15:03.891644-04:00,pharos,legacy
local,/home/cerebrhoe/PHAROS-SUITE,/home/cerebrhoe/PHAROS-SUITE/artifacts/root/pharos_ai_logo_preview.html,pharos_ai_logo_preview.html,.html,False,3327,2026-03-20T04:20:17.078066-04:00,pharos,pharos ai logo preview
local,/home/cerebrhoe/PHAROS-SUITE,/home/cerebrhoe/PHAROS-SUITE/artifacts/root/pharos_logo_spec.txt,pharos_logo_spec.txt,.txt,False,1041,2026-03-20T04:15:58.412633-04:00,pharos,pharos logo spec
local,/home/cerebrhoe/PHAROS-SUITE,/home/cerebrhoe/PHAROS-SUITE/artifacts/root/pharos_infrafabric_method_map.html,pharos_infrafabric_method_map.html,.html,False,24113,2026-03-24T22:20:02.677537-04:00,pharos,pharos infrafabric method map
local,/home/cerebrhoe/PHAROS-SUITE,/home/cerebrhoe/PHAROS-SUITE/artifacts/legacy/home-cerebrhoe-desktop-codex-authored-skills-here-2026-03-14-repo-sources-recursive-governance-method-pharos-source,home-cerebrhoe-desktop-codex-authored-skills-here-2026-03-14-repo-sources-recursive-governance-method-pharos-source,,True,0,2026-03-14T18:20:26.605078-04:00,pharos,home cerebrhoe desktop codex authored skills here 2026 03 14 repo sources recursive governance method pharos source
local,/home/cerebrhoe/PHAROS-SUITE,/home/cerebrhoe/PHAROS-SUITE/artifacts/legacy/home-cerebrhoe-repos-pharos-ai-skills-recursive-governance-method,home-cerebrhoe-repos-pharos-ai-skills-recursive-governance-method,,True,0,2026-03-14T18:20:26.765078-04:00,pharos,home cerebrhoe repos pharos ai skills recursive governance method
local,/home/cerebrhoe/PHAROS-SUITE,/home/cerebrhoe/PHAROS-SUITE/artifacts/legacy/recursive-governance-method-pharos-source,recursive-governance-method-pharos-source,,True,0,2026-03-11T15:55:50.457995-04:00,pharos,recursive governance method pharos source
local,/home/cerebrhoe/PHAROS-SUITE,/home/cerebrhoe/PHAROS-SUITE/artifacts/legacy/04_IMPLEMENTATION_SURFACE_compassai_PROFILE.md,04_IMPLEMENTATION_SURFACE_compassai_PROFILE.md,.md,False,615,2026-03-24T11:02:46.736302-04:00,pharos,04 implementation surface compassai profile
local,/home/cerebrhoe/PHAROS-SUITE,/home/cerebrhoe/PHAROS-SUITE/artifacts/legacy/04_IMPLEMENTATION_SURFACE_govern_ai___pharos_PROFILE.md,04_IMPLEMENTATION_SURFACE_govern_ai___pharos_PROFILE.md,.md,False,692,2026-03-24T11:02:46.736302-04:00,pharos,04 implementation surface govern ai pharos profile
local,/home/cerebrhoe/PHAROS-SUITE,/home/cerebrhoe/PHAROS-SUITE/artifacts/legacy/04_pharos-implementation-note.md,04_pharos-implementation-note.md,.md,False,5554,2026-03-24T08:45:08.302156-04:00,pharos,04 pharos implementation note
local,/home/cerebrhoe/PHAROS-SUITE,/home/cerebrhoe/PHAROS-SUITE/artifacts/legacy/04_IMPLEMENTATION_SURFACE_aurorai_PROFILE.md,04_IMPLEMENTATION_SURFACE_aurorai_PROFILE.md,.md,False,603,2026-03-24T11:02:46.736302-04:00,pharos,04 implementation surface aurorai profile
local,/home/cerebrhoe/PHAROS-SUITE,/home/cerebrhoe/PHAROS-SUITE/artifacts/legacy/home-cerebrhoe-desktop-codex-authored-skills-here-2026-03-14-repo-sources-recursive-governance-method-pharos-source/references,references,,True,0,2026-03-14T18:20:26.573078-04:00,pharos,references
local,/home/cerebrhoe/PHAROS-SUITE,/home/cerebrhoe/PHAROS-SUITE/artifacts/legacy/home-cerebrhoe-desktop-codex-authored-skills-here-2026-03-14-repo-sources-recursive-governance-method-pharos-source/scripts,scripts,,True,0,2026-03-14T18:20:26.705077-04:00,pharos,scripts
local,/home/cerebrhoe/PHAROS-SUITE,/home/cerebrhoe/PHAROS-SUITE/artifacts/legacy/home-cerebrhoe-desktop-codex-authored-skills-here-2026-03-14-repo-sources-recursive-governance-method-pharos-source/SKILL.md,SKILL.md,.md,False,5579,2026-03-11T15:55:50.433995-04:00,pharos,skill
local,/home/cerebrhoe/PHAROS-SUITE,/home/cerebrhoe/PHAROS-SUITE/artifacts/legacy/home-cerebrhoe-desktop-codex-authored-skills-here-2026-03-14-repo-sources-recursive-governance-method-pharos-source/references/method-rules.md,method-rules.md,.md,False,3473,2026-03-11T15:55:50.449995-04:00,pharos,method rules
local,/home/cerebrhoe/PHAROS-SUITE,/home/cerebrhoe/PHAROS-SUITE/artifacts/legacy/home-cerebrhoe-desktop-codex-authored-skills-here-2026-03-14-repo-sources-recursive-governance-method-pharos-source/references/templates.md,templates.md,.md,False,2132,2026-03-11T15:55:50.449995-04:00,pharos,templates
local,/home/cerebrhoe/PHAROS-SUITE,/home/cerebrhoe/PHAROS-SUITE/artifacts/legacy/home-cerebrhoe-desktop-codex-authored-skills-here-2026-03-14-repo-sources-recursive-governance-method-pharos-source/references/example-prompts.md,example-prompts.md,.md,False,736,2026-03-11T15:55:50.457995-04:00,pharos,example prompts
local,/home/cerebrhoe/PHAROS-SUITE,/home/cerebrhoe/PHAROS-SUITE/artifacts/legacy/home-cerebrhoe-repos-pharos-ai-skills-recursive-governance-method/references,references,,True,0,2026-03-14T18:20:26.765078-04:00,pharos,references
local,/home/cerebrhoe/PHAROS-SUITE,/home/cerebrhoe/PHAROS-SUITE/artifacts/legacy/home-cerebrhoe-repos-pharos-ai-skills-recursive-governance-method/scripts,scripts,,True,0,2026-03-14T18:20:26.821078-04:00,pharos,scripts
local,/home/cerebrhoe/PHAROS-SUITE,/home/cerebrhoe/PHAROS-SUITE/artifacts/legacy/home-cerebrhoe-repos-pharos-ai-skills-recursive-governance-method/SKILL.md,SKILL.md,.md,False,5579,2026-03-11T15:55:50.433995-04:00,pharos,skill
local,/home/cerebrhoe/PHAROS-SUITE,/home/cerebrhoe/PHAROS-SUITE/artifacts/legacy/home-cerebrhoe-repos-pharos-ai-skills-recursive-governance-method/references/method-rules.md,method-rules.md,.md,False,3473,2026-03-11T15:55:50.449995-04:00,pharos,method rules
local,/home/cerebrhoe/PHAROS-SUITE,/home/cerebrhoe/PHAROS-SUITE/artifacts/legacy/home-cerebrhoe-repos-pharos-ai-skills-recursive-governance-method/references/templates.md,templates.md,.md,False,2132,2026-03-11T15:55:50.449995-04:00,pharos,templates
local,/home/cerebrhoe/PHAROS-SUITE,/home/cerebrhoe/PHAROS-SUITE/artifacts/legacy/home-cerebrhoe-repos-pharos-ai-skills-recursive-governance-method/references/example-prompts.md,example-prompts.md,.md,False,736,2026-03-11T15:55:50.457995-04:00,pharos,example prompts
local,/home/cerebrhoe/PHAROS-SUITE,/home/cerebrhoe/PHAROS-SUITE/artifacts/legacy/recursive-governance-method-pharos-source/references,references,,True,0,2026-03-11T15:55:50.449995-04:00,pharos,references
local,/home/cerebrhoe/PHAROS-SUITE,/home/cerebrhoe/PHAROS-SUITE/artifacts/legacy/recursive-governance-method-pharos-source/scripts,scripts,,True,0,2026-03-11T15:55:50.449995-04:00,pharos,scripts
local,/home/cerebrhoe/PHAROS-SUITE,/home/cerebrhoe/PHAROS-SUITE/artifacts/legacy/recursive-governance-method-pharos-source/agents,agents,,True,0,2026-03-11T15:55:50.457995-04:00,pharos,agents
local,/home/cerebrhoe/PHAROS-SUITE,/home/cerebrhoe/PHAROS-SUITE/artifacts/legacy/recursive-governance-method-pharos-source/SKILL.md,SKILL.md,.md,False,5579,2026-03-11T15:55:50.433995-04:00,pharos,skill
local,/home/cerebrhoe/PHAROS-SUITE,/home/cerebrhoe/PHAROS-SUITE/artifacts/legacy/recursive-governance-method-pharos-source/references/method-rules.md,method-rules.md,.md,False,3473,2026-03-11T15:55:50.449995-04:00,pharos,method rules
local,/home/cerebrhoe/PHAROS-SUITE,/home/cerebrhoe/PHAROS-SUITE/artifacts/legacy/recursive-governance-method-pharos-source/references/templates.md,templates.md,.md,False,2132,2026-03-11T15:55:50.449995-04:00,pharos,templates
local,/home/cerebrhoe/PHAROS-SUITE,/home/cerebrhoe/PHAROS-SUITE/artifacts/legacy/recursive-governance-method-pharos-source/references/example-prompts.md,example-prompts.md,.md,False,736,2026-03-11T15:55:50.457995-04:00,pharos,example prompts
local,/home/cerebrhoe/PHAROS-SUITE,/home/cerebrhoe/PHAROS-SUITE/audits/post-codex-20260416-012945,post-codex-20260416-012945,,True,0,2026-04-16T01:29:45.232705-04:00,pharos,post codex 20260416 012945
local,/home/cerebrhoe/PHAROS-SUITE,/home/cerebrhoe/PHAROS-SUITE/audits/dup-audit-2026-03-25,dup-audit-2026-03-25,,True,0,2026-03-25T01:27:07.477038-04:00,pharos,dup audit 2026 03 25
local,/home/cerebrhoe/PHAROS-SUITE,/home/cerebrhoe/PHAROS-SUITE/audits/post-codex-pharos-suite-checklist.md,post-codex-pharos-suite-checklist.md,.md,False,2868,2026-04-16T01:30:31.624197-04:00,pharos,post codex pharos suite checklist
local,/home/cerebrhoe/PHAROS-SUITE,/home/cerebrhoe/PHAROS-SUITE/audits/post-codex-20260416-012945/report.md,report.md,.md,False,10618,2026-04-16T01:29:53.245469-04:00,pharos,report
local,/home/cerebrhoe/PHAROS-SUITE,/home/cerebrhoe/PHAROS-SUITE/audits/dup-audit-2026-03-25/AUDIT_SUMMARY.md,AUDIT_SUMMARY.md,.md,False,8784,2026-03-25T01:27:07.473038-04:00,pharos,audit summary
local,/home/cerebrhoe/PHAROS-SUITE,/home/cerebrhoe/PHAROS-SUITE/PHAROS-NEWLOOK/dist,dist,,True,0,2026-03-28T23:59:17.772106-04:00,pharos,dist
local,/home/cerebrhoe/PHAROS-SUITE,/home/cerebrhoe/PHAROS-SUITE/PHAROS-NEWLOOK/shared,shared,,True,0,2026-03-25T17:34:06.378414-04:00,pharos,shared
local,/home/cerebrhoe/PHAROS-SUITE,/home/cerebrhoe/PHAROS-SUITE/PHAROS-NEWLOOK/server,server,,True,0,2026-03-25T17:34:06.398414-04:00,pharos,server
local,/home/cerebrhoe/PHAROS-SUITE,/home/cerebrhoe/PHAROS-SUITE/PHAROS-NEWLOOK/.wrangler,.wrangler,,True,0,2026-04-16T08:58:47.879166-04:00,pharos,wrangler
local,/home/cerebrhoe/PHAROS-SUITE,/home/cerebrhoe/PHAROS-SUITE/PHAROS-NEWLOOK/.manus-logs,.manus-logs,,True,0,2026-04-08T06:20:37.488739-04:00,pharos,manus logs
local,/home/cerebrhoe/PHAROS-SUITE,/home/cerebrhoe/PHAROS-SUITE/PHAROS-NEWLOOK/client,client,,True,0,2026-03-25T17:34:06.494415-04:00,pharos,client
local,/home/cerebrhoe/PHAROS-SUITE,/home/cerebrhoe/PHAROS-SUITE/PHAROS-NEWLOOK/patches,patches,,True,0,2026-03-25T17:34:08.294432-04:00,pharos,patches
local,/home/cerebrhoe/PHAROS-SUITE,/home/cerebrhoe/PHAROS-SUITE/PHAROS-NEWLOOK/ideas.md,ideas.md,.md,False,5645,2026-03-25T18:00:22.973713-04:00,pharos,ideas
local,/home/cerebrhoe/PHAROS-SUITE,/home/cerebrhoe/PHAROS-SUITE/PHAROS-NEWLOOK/CLOUDFLARE_DEPLOYMENT.md,CLOUDFLARE_DEPLOYMENT.md,.md,False,4148,2026-03-25T18:00:22.973713-04:00,pharos,cloudflare deployment
local,/home/cerebrhoe/PHAROS-SUITE,/home/cerebrhoe/PHAROS-SUITE/PHAROS-NEWLOOK/dist/public,public,,True,0,2026-04-16T09:14:51.335250-04:00,pharos,public
local,/home/cerebrhoe/PHAROS-SUITE,/home/cerebrhoe/PHAROS-SUITE/PHAROS-NEWLOOK/dist/public/assets,assets,,True,0,2026-04-16T09:14:51.335250-04:00,pharos,assets
local,/home/cerebrhoe/PHAROS-SUITE,/home/cerebrhoe/PHAROS-SUITE/PHAROS-NEWLOOK/dist/public/__manus__,__manus__,,True,0,2026-04-16T09:14:50.719052-04:00,pharos,manus
local,/home/cerebrhoe/PHAROS-SUITE,/home/cerebrhoe/PHAROS-SUITE/PHAROS-NEWLOOK/dist/public/images,images,,True,0,2026-04-16T09:14:50.719052-04:00,pharos,images
local,/home/cerebrhoe/PHAROS-SUITE,/home/cerebrhoe/PHAROS-SUITE/PHAROS-NEWLOOK/dist/public/index.html,index.html,.html,False,367990,2026-04-16T09:14:51.335250-04:00,pharos,index
local,/home/cerebrhoe/PHAROS-SUITE,/home/cerebrhoe/PHAROS-SUITE/PHAROS-NEWLOOK/.wrangler/tmp,tmp,,True,0,2026-04-16T09:15:03.849319-04:00,pharos,tmp
local,/home/cerebrhoe/PHAROS-SUITE,/home/cerebrhoe/PHAROS-SUITE/PHAROS-NEWLOOK/client/public,public,,True,0,2026-03-28T23:53:59.496895-04:00,pharos,public
local,/home/cerebrhoe/PHAROS-SUITE,/home/cerebrhoe/PHAROS-SUITE/PHAROS-NEWLOOK/client/src,src,,True,0,2026-03-25T17:34:08.230432-04:00,pharos,src
local,/home/cerebrhoe/PHAROS-SUITE,/home/cerebrhoe/PHAROS-SUITE/PHAROS-NEWLOOK/client/index.html,index.html,.html,False,1058,2026-03-25T18:00:22.973713-04:00,pharos,index
local,/home/cerebrhoe/PHAROS-SUITE,/home/cerebrhoe/PHAROS-SUITE/PHAROS-NEWLOOK/client/public/__manus__,__manus__,,True,0,2026-03-25T17:34:06.486415-04:00,pharos,manus
local,/home/cerebrhoe/PHAROS-SUITE,/home/cerebrhoe/PHAROS-SUITE/PHAROS-NEWLOOK/client/public/images,images,,True,0,2026-03-28T23:53:59.512896-04:00,pharos,images
local,/home/cerebrhoe/PHAROS-SUITE,/home/cerebrhoe/PHAROS-SUITE/PHAROS-NEWLOOK/client/src/components,components,,True,0,2026-03-25T17:34:07.902429-04:00,pharos,components
local,/home/cerebrhoe/PHAROS-SUITE,/home/cerebrhoe/PHAROS-SUITE/PHAROS-NEWLOOK/client/src/contexts,contexts,,True,0,2026-03-25T17:34:08.098431-04:00,pharos,contexts
local,/home/cerebrhoe/PHAROS-SUITE,/home/cerebrhoe/PHAROS-SUITE/PHAROS-NEWLOOK/client/src/hooks,hooks,,True,0,2026-03-25T17:34:08.182431-04:00,pharos,hooks
local,/home/cerebrhoe/PHAROS-SUITE,/home/cerebrhoe/PHAROS-SUITE/PHAROS-NEWLOOK/client/src/lib,lib,,True,0,2026-03-25T17:34:08.214432-04:00,pharos,lib
local,/home/cerebrhoe/PHAROS-SUITE,/home/cerebrhoe/PHAROS-SUITE/PHAROS-NEWLOOK/client/src/pages,pages,,True,0,2026-03-25T17:34:08.270432-04:00,pharos,pages
local,/home/cerebrhoe/PHAROS-SUITE,/home/cerebrhoe/PHAROS-SUITE/PHAROS-NEWLOOK/client/src/components/ui,ui,,True,0,2026-03-25T17:34:07.898429-04:00,pharos,ui
local,/home/cerebrhoe/PHAROS-SUITE,/home/cerebrhoe/PHAROS-SUITE/PHAROS-NEWLOOK/client/src/components/sections,sections,,True,0,2026-03-25T17:34:08.054430-04:00,pharos,sections
local,/home/cerebrhoe/PHAROS-SUITE,/home/cerebrhoe/PHAROS-SUITE/fully-rounded-power-analyst/agents,agents,,True,0,2026-03-31T11:41:34.354290-04:00,pharos,agents
local,/home/cerebrhoe/PHAROS-SUITE,/home/cerebrhoe/PHAROS-SUITE/fully-rounded-power-analyst/SKILL.md,SKILL.md,.md,False,5072,2026-03-14T07:20:47-04:00,pharos,skill
local,/home/cerebrhoe/PHAROS-SUITE,/home/cerebrhoe/PHAROS-SUITE/templates/skill-composition.md,skill-composition.md,.md,False,2096,2026-03-31T12:17:44.862910-04:00,pharos,skill composition
local,/home/cerebrhoe/PHAROS-SUITE,/home/cerebrhoe/PHAROS-SUITE/templates/review-checklist.md,review-checklist.md,.md,False,3335,2026-03-31T12:17:44.874910-04:00,pharos,review checklist
local,/home/cerebrhoe/PHAROS-SUITE,/home/cerebrhoe/PHAROS-SUITE/templates/task-routing.md,task-routing.md,.md,False,3062,2026-03-31T12:17:44.862910-04:00,pharos,task routing
local,/home/cerebrhoe/PHAROS-SUITE,/home/cerebrhoe/PHAROS-SUITE/repos/pharos-ai-release-candidate-2026-03-14,pharos-ai-release-candidate-2026-03-14,,True,0,2026-03-25T01:19:35.717668-04:00,pharos,pharos ai release candidate 2026 03 14
local,/home/cerebrhoe/PHAROS-SUITE,/home/cerebrhoe/PHAROS-SUITE/repos/pharos-suite-cleanup,pharos-suite-cleanup,,True,0,2026-04-16T06:07:44.490901-04:00,pharos,pharos suite cleanup
local,/home/cerebrhoe/PHAROS-SUITE,/home/cerebrhoe/PHAROS-SUITE/repos/CompassAI,CompassAI,,True,0,2026-04-10T00:56:10.206553-04:00,pharos,compassai
local,/home/cerebrhoe/PHAROS-SUITE,/home/cerebrhoe/PHAROS-SUITE/repos/AurorAI,AurorAI,,True,0,2026-04-11T17:36:28.274362-04:00,pharos,aurorai
local,/home/cerebrhoe/PHAROS-SUITE,/home/cerebrhoe/PHAROS-SUITE/repos/pharos-ai,pharos-ai,,True,0,2026-04-02T04:43:09.240943-04:00,pharos,pharos ai
local,/home/cerebrhoe/PHAROS-SUITE,/home/cerebrhoe/PHAROS-SUITE/repos/pharos-suite,pharos-suite,,True,0,2026-04-16T09:00:53.986258-04:00,pharos,pharos suite
local,/home/cerebrhoe/PHAROS-SUITE,/home/cerebrhoe/PHAROS-SUITE/repos/PHAROS_GOVERN_AI_DEPENDENCY_MAP.md,PHAROS_GOVERN_AI_DEPENDENCY_MAP.md,.md,False,6303,2026-03-14T00:15:54.672997-04:00,pharos,pharos govern ai dependency map
local,/home/cerebrhoe/PHAROS-SUITE,/home/cerebrhoe/PHAROS-SUITE/repos/pharos-ai-release-candidate-2026-03-14/infra,infra,,True,0,2026-03-14T13:51:52.014543-04:00,pharos,infra
local,/home/cerebrhoe/PHAROS-SUITE,/home/cerebrhoe/PHAROS-SUITE/repos/pharos-ai-release-candidate-2026-03-14/skills,skills,,True,0,2026-03-14T13:51:52.074542-04:00,pharos,skills
local,/home/cerebrhoe/PHAROS-SUITE,/home/cerebrhoe/PHAROS-SUITE/repos/pharos-ai-release-candidate-2026-03-14/backend,backend,,True,0,2026-03-14T13:51:50.954550-04:00,pharos,backend
local,/home/cerebrhoe/PHAROS-SUITE,/home/cerebrhoe/PHAROS-SUITE/repos/pharos-ai-release-candidate-2026-03-14/tests,tests,,True,0,2026-03-14T13:51:52.086542-04:00,pharos,tests
local,/home/cerebrhoe/PHAROS-SUITE,/home/cerebrhoe/PHAROS-SUITE/repos/pharos-ai-release-candidate-2026-03-14/docs,docs,,True,0,2026-03-25T01:19:35.717668-04:00,pharos,docs
local,/home/cerebrhoe/PHAROS-SUITE,/home/cerebrhoe/PHAROS-SUITE/repos/pharos-ai-release-candidate-2026-03-14/pharos_governance_suite,pharos_governance_suite,,True,0,2026-03-30T20:40:51.231469-04:00,pharos,pharos governance suite
local,/home/cerebrhoe/PHAROS-SUITE,/home/cerebrhoe/PHAROS-SUITE/repos/pharos-ai-release-candidate-2026-03-14/memory,memory,,True,0,2026-03-14T13:51:52.018543-04:00,pharos,memory
local,/home/cerebrhoe/PHAROS-SUITE,/home/cerebrhoe/PHAROS-SUITE/repos/pharos-ai-release-candidate-2026-03-14/.emergent,.emergent,,True,0,2026-03-14T13:51:50.950550-04:00,pharos,emergent
local,/home/cerebrhoe/PHAROS-SUITE,/home/cerebrhoe/PHAROS-SUITE/repos/pharos-ai-release-candidate-2026-03-14/test_reports,test_reports,,True,0,2026-03-14T13:51:52.082542-04:00,pharos,test reports
local,/home/cerebrhoe/PHAROS-SUITE,/home/cerebrhoe/PHAROS-SUITE/repos/pharos-ai-release-candidate-2026-03-14/frontend,frontend,,True,0,2026-03-14T15:45:14.593350-04:00,pharos,frontend
local,/home/cerebrhoe/PHAROS-SUITE,/home/cerebrhoe/PHAROS-SUITE/repos/pharos-ai-release-candidate-2026-03-14/emergentintegrations,emergentintegrations,,True,0,2026-03-14T13:51:50.962549-04:00,pharos,emergentintegrations
local,/home/cerebrhoe/PHAROS-SUITE,/home/cerebrhoe/PHAROS-SUITE/repos/pharos-ai-release-candidate-2026-03-14/_pages_redeploy.txt,_pages_redeploy.txt,.txt,False,32,2026-03-14T13:51:50.950550-04:00,pharos,pages redeploy
local,/home/cerebrhoe/PHAROS-SUITE,/home/cerebrhoe/PHAROS-SUITE/repos/pharos-ai-release-candidate-2026-03-14/# Remove BOM from App.js.txt,# Remove BOM from App.js.txt,.txt,False,3903,2026-03-14T13:51:50.950550-04:00,pharos,remove bom from app js
local,/home/cerebrhoe/PHAROS-SUITE,/home/cerebrhoe/PHAROS-SUITE/repos/pharos-ai-release-candidate-2026-03-14/README.md,README.md,.md,False,503,2026-03-14T13:51:50.950550-04:00,pharos,readme
local,/home/cerebrhoe/PHAROS-SUITE,/home/cerebrhoe/PHAROS-SUITE/repos/pharos-ai-release-candidate-2026-03-14/CHANGELOG.md,CHANGELOG.md,.md,False,1040,2026-03-14T13:51:50.950550-04:00,pharos,changelog
local,/home/cerebrhoe/PHAROS-SUITE,/home/cerebrhoe/PHAROS-SUITE/repos/pharos-ai-release-candidate-2026-03-14/test_result.md,test_result.md,.md,False,11312,2026-03-14T13:51:52.086542-04:00,pharos,test result
local,/home/cerebrhoe/PHAROS-SUITE,/home/cerebrhoe/PHAROS-SUITE/repos/pharos-ai-release-candidate-2026-03-14/design_guidelines.md,design_guidelines.md,.md,False,1100,2026-03-14T13:51:50.954550-04:00,pharos,design guidelines
local,/home/cerebrhoe/PHAROS-SUITE,/home/cerebrhoe/PHAROS-SUITE/repos/pharos-ai-release-candidate-2026-03-14/infra/d1,d1,,True,0,2026-03-14T13:51:52.014543-04:00,pharos,d1
local,/home/cerebrhoe/PHAROS-SUITE,/home/cerebrhoe/PHAROS-SUITE/repos/pharos-ai-release-candidate-2026-03-14/infra/cloudflare-live-proxy,cloudflare-live-proxy,,True,0,2026-03-14T13:51:52.014543-04:00,pharos,cloudflare live proxy
local,/home/cerebrhoe/PHAROS-SUITE,/home/cerebrhoe/PHAROS-SUITE/repos/pharos-ai-release-candidate-2026-03-14/infra/d1/README.md,README.md,.md,False,1045,2026-03-14T13:51:52.014543-04:00,pharos,readme
local,/home/cerebrhoe/PHAROS-SUITE,/home/cerebrhoe/PHAROS-SUITE/repos/pharos-ai-release-candidate-2026-03-14/infra/cloudflare-live-proxy/src,src,,True,0,2026-03-14T13:51:52.014543-04:00,pharos,src
local,/home/cerebrhoe/PHAROS-SUITE,/home/cerebrhoe/PHAROS-SUITE/repos/pharos-ai-release-candidate-2026-03-14/infra/cloudflare-live-proxy/.wrangler,.wrangler,,True,0,2026-03-14T13:51:52.014543-04:00,pharos,wrangler
local,/home/cerebrhoe/PHAROS-SUITE,/home/cerebrhoe/PHAROS-SUITE/repos/pharos-ai-release-candidate-2026-03-14/infra/cloudflare-live-proxy/.wrangler/cache,cache,,True,0,2026-03-14T13:51:52.014543-04:00,pharos,cache
local,/home/cerebrhoe/PHAROS-SUITE,/home/cerebrhoe/PHAROS-SUITE/repos/pharos-ai-release-candidate-2026-03-14/skills/recursive-governance-method,recursive-governance-method,,True,0,2026-03-14T13:51:52.082542-04:00,pharos,recursive governance method
local,/home/cerebrhoe/PHAROS-SUITE,/home/cerebrhoe/PHAROS-SUITE/repos/pharos-ai-release-candidate-2026-03-14/skills/recursive-governance-method/references,references,,True,0,2026-03-14T13:51:52.078542-04:00,pharos,references
local,/home/cerebrhoe/PHAROS-SUITE,/home/cerebrhoe/PHAROS-SUITE/repos/pharos-ai-release-candidate-2026-03-14/skills/recursive-governance-method/scripts,scripts,,True,0,2026-03-14T13:51:52.082542-04:00,pharos,scripts
local,/home/cerebrhoe/PHAROS-SUITE,/home/cerebrhoe/PHAROS-SUITE/repos/pharos-ai-release-candidate-2026-03-14/skills/recursive-governance-method/agents,agents,,True,0,2026-03-14T13:51:52.078542-04:00,pharos,agents
local,/home/cerebrhoe/PHAROS-SUITE,/home/cerebrhoe/PHAROS-SUITE/repos/pharos-ai-release-candidate-2026-03-14/skills/recursive-governance-method/SKILL.md,SKILL.md,.md,False,5579,2026-03-14T13:51:52.078542-04:00,pharos,skill
local,/home/cerebrhoe/PHAROS-SUITE,/home/cerebrhoe/PHAROS-SUITE/repos/pharos-ai-release-candidate-2026-03-14/skills/recursive-governance-method/references/method-rules.md,method-rules.md,.md,False,3473,2026-03-14T13:51:52.078542-04:00,pharos,method rules
local,/home/cerebrhoe/PHAROS-SUITE,/home/cerebrhoe/PHAROS-SUITE/repos/pharos-ai-release-candidate-2026-03-14/skills/recursive-governance-method/references/templates.md,templates.md,.md,False,2132,2026-03-14T13:51:52.078542-04:00,pharos,templates
local,/home/cerebrhoe/PHAROS-SUITE,/home/cerebrhoe/PHAROS-SUITE/repos/pharos-ai-release-candidate-2026-03-14/skills/recursive-governance-method/references/example-prompts.md,example-prompts.md,.md,False,736,2026-03-14T13:51:52.078542-04:00,pharos,example prompts
local,/home/cerebrhoe/PHAROS-SUITE,/home/cerebrhoe/PHAROS-SUITE/repos/pharos-ai-release-candidate-2026-03-14/backend/tests,tests,,True,0,2026-03-14T13:51:50.954550-04:00,pharos,tests
local,/home/cerebrhoe/PHAROS-SUITE,/home/cerebrhoe/PHAROS-SUITE/repos/pharos-ai-release-candidate-2026-03-14/backend/requirements.txt,requirements.txt,.txt,False,2484,2026-03-14T13:51:50.950550-04:00,pharos,requirements
local,/home/cerebrhoe/PHAROS-SUITE,/home/cerebrhoe/PHAROS-SUITE/repos/pharos-ai-release-candidate-2026-03-14/docs/infrafabric-d1-r2-recursive-schema.md,infrafabric-d1-r2-recursive-schema.md,.md,False,14415,2026-03-14T13:51:50.958549-04:00,pharos,infrafabric d1 r2 recursive schema
local,/home/cerebrhoe/PHAROS-SUITE,/home/cerebrhoe/PHAROS-SUITE/repos/pharos-ai-release-candidate-2026-03-14/docs/public-backend-plan.md,public-backend-plan.md,.md,False,4914,2026-03-14T13:51:50.958549-04:00,pharos,public backend plan
local,/home/cerebrhoe/PHAROS-SUITE,/home/cerebrhoe/PHAROS-SUITE/repos/pharos-ai-release-candidate-2026-03-14/docs/free-first-architecture.md,free-first-architecture.md,.md,False,1440,2026-03-14T13:51:50.958549-04:00,pharos,free first architecture
local,/home/cerebrhoe/PHAROS-SUITE,/home/cerebrhoe/PHAROS-SUITE/repos/pharos-ai-release-candidate-2026-03-14/docs/d1-r2-endpoint-mapping.md,d1-r2-endpoint-mapping.md,.md,False,9887,2026-03-14T13:51:50.958549-04:00,pharos,d1 r2 endpoint mapping
local,/home/cerebrhoe/PHAROS-SUITE,/home/cerebrhoe/PHAROS-SUITE/repos/pharos-ai-release-candidate-2026-03-14/docs/pharos-site-messaging-architecture-2026-03-11.md,pharos-site-messaging-architecture-2026-03-11.md,.md,False,12124,2026-03-14T13:51:50.958549-04:00,pharos,pharos site messaging architecture 2026 03 11
local,/home/cerebrhoe/PHAROS-SUITE,/home/cerebrhoe/PHAROS-SUITE/repos/pharos-ai-release-candidate-2026-03-14/docs/principles-alignment-2026-03-06.md,principles-alignment-2026-03-06.md,.md,False,1592,2026-03-14T13:51:50.958549-04:00,pharos,principles alignment 2026 03 06
local,/home/cerebrhoe/PHAROS-SUITE,/home/cerebrhoe/PHAROS-SUITE/repos/pharos-ai-release-candidate-2026-03-14/docs/govern-suite-operations-runbook.md,govern-suite-operations-runbook.md,.md,False,9681,2026-03-14T13:51:50.958549-04:00,pharos,govern suite operations runbook
local,/home/cerebrhoe/PHAROS-SUITE,/home/cerebrhoe/PHAROS-SUITE/repos/pharos-ai-release-candidate-2026-03-14/docs/COM-AUR-specs-v3-infrafabric-implemented-2026-03-06.md,COM-AUR-specs-v3-infrafabric-implemented-2026-03-06.md,.md,False,124543,2026-03-14T13:51:50.954550-04:00,pharos,com aur specs infrafabric implemented 2026 03 06
local,/home/cerebrhoe/PHAROS-SUITE,/home/cerebrhoe/PHAROS-SUITE/repos/pharos-ai-release-candidate-2026-03-14/docs/cloudflare-pages.md,cloudflare-pages.md,.md,False,2982,2026-03-25T01:19:01.269411-04:00,pharos,cloudflare pages
local,/home/cerebrhoe/PHAROS-SUITE,/home/cerebrhoe/PHAROS-SUITE/repos/pharos-ai-release-candidate-2026-03-14/pharos_governance_suite/compass_ai,compass_ai,,True,0,2026-03-14T13:51:52.046542-04:00,pharos,compass ai
local,/home/cerebrhoe/PHAROS-SUITE,/home/cerebrhoe/PHAROS-SUITE/repos/pharos-ai-release-candidate-2026-03-14/pharos_governance_suite/README.md,README.md,.md,False,1457,2026-03-14T13:51:52.018543-04:00,pharos,readme
local,/home/cerebrhoe/PHAROS-SUITE,/home/cerebrhoe/PHAROS-SUITE/repos/pharos-ai-release-candidate-2026-03-14/pharos_governance_suite/compass_ai/CompassAI.html,CompassAI.html,.html,False,32921,2026-03-14T13:51:52.018543-04:00,pharos,compassai
local,/home/cerebrhoe/PHAROS-SUITE,/home/cerebrhoe/PHAROS-SUITE/repos/pharos-ai-release-candidate-2026-03-14/memory/PRD.md,PRD.md,.md,False,5690,2026-03-14T13:51:52.018543-04:00,pharos,prd
local,/home/cerebrhoe/PHAROS-SUITE,/home/cerebrhoe/PHAROS-SUITE/repos/pharos-ai-release-candidate-2026-03-14/memory/cloudflare-readiness-2026-03-06.md,cloudflare-readiness-2026-03-06.md,.md,False,1443,2026-03-14T13:51:52.018543-04:00,pharos,cloudflare readiness 2026 03 06
local,/home/cerebrhoe/PHAROS-SUITE,/home/cerebrhoe/PHAROS-SUITE/repos/pharos-ai-release-candidate-2026-03-14/.emergent/summary.txt,summary.txt,.txt,False,8611,2026-03-14T13:51:50.950550-04:00,pharos,summary
local,/home/cerebrhoe/PHAROS-SUITE,/home/cerebrhoe/PHAROS-SUITE/repos/pharos-ai-release-candidate-2026-03-14/test_reports/pytest,pytest,,True,0,2026-03-14T13:51:52.082542-04:00,pharos,pytest
local,/home/cerebrhoe/PHAROS-SUITE,/home/cerebrhoe/PHAROS-SUITE/repos/pharos-ai-release-candidate-2026-03-14/frontend/functions,functions,,True,0,2026-03-14T13:51:50.962549-04:00,pharos,functions
local,/home/cerebrhoe/PHAROS-SUITE,/home/cerebrhoe/PHAROS-SUITE/repos/pharos-ai-release-candidate-2026-03-14/frontend/public,public,,True,0,2026-03-14T13:51:52.122542-04:00,pharos,public
local,/home/cerebrhoe/PHAROS-SUITE,/home/cerebrhoe/PHAROS-SUITE/repos/pharos-ai-release-candidate-2026-03-14/frontend/src,src,,True,0,2026-03-14T13:55:19.169317-04:00,pharos,src
local,/home/cerebrhoe/PHAROS-SUITE,/home/cerebrhoe/PHAROS-SUITE/repos/pharos-ai-release-candidate-2026-03-14/frontend/build,build,,True,0,2026-03-25T01:24:10.715720-04:00,pharos,build
local,/home/cerebrhoe/PHAROS-SUITE,/home/cerebrhoe/PHAROS-SUITE/repos/pharos-ai-release-candidate-2026-03-14/frontend/.wrangler,.wrangler,,True,0,2026-03-14T15:45:14.593350-04:00,pharos,wrangler
local,/home/cerebrhoe/PHAROS-SUITE,/home/cerebrhoe/PHAROS-SUITE/repos/pharos-ai-release-candidate-2026-03-14/frontend/plugins,plugins,,True,0,2026-03-14T13:51:50.962549-04:00,pharos,plugins
local,/home/cerebrhoe/PHAROS-SUITE,/home/cerebrhoe/PHAROS-SUITE/repos/pharos-ai-release-candidate-2026-03-14/frontend/README.md,README.md,.md,False,3359,2026-03-14T13:51:50.962549-04:00,pharos,readme
local,/home/cerebrhoe/PHAROS-SUITE,/home/cerebrhoe/PHAROS-SUITE/repos/pharos-ai-release-candidate-2026-03-14/frontend/public/images,images,,True,0,2026-03-14T13:51:51.926543-04:00,pharos,images
local,/home/cerebrhoe/PHAROS-SUITE,/home/cerebrhoe/PHAROS-SUITE/repos/pharos-ai-release-candidate-2026-03-14/frontend/public/publications,publications,,True,0,2026-03-14T13:51:51.950543-04:00,pharos,publications
local,/home/cerebrhoe/PHAROS-SUITE,/home/cerebrhoe/PHAROS-SUITE/repos/pharos-ai-release-candidate-2026-03-14/frontend/public/robots.txt,robots.txt,.txt,False,153,2026-03-14T13:51:52.118542-04:00,pharos,robots
local,/home/cerebrhoe/PHAROS-SUITE,/home/cerebrhoe/PHAROS-SUITE/repos/pharos-ai-release-candidate-2026-03-14/frontend/public/index.html,index.html,.html,False,12333,2026-03-14T13:51:52.106542-04:00,pharos,index
local,/home/cerebrhoe/PHAROS-SUITE,/home/cerebrhoe/PHAROS-SUITE/repos/pharos-ai-release-candidate-2026-03-14/frontend/public/publications/trust-advantage-analysis-march-2026.docx,trust-advantage-analysis-march-2026.docx,.docx,False,16228,2026-03-14T13:51:51.950543-04:00,pharos,trust advantage analysis march 2026
local,/home/cerebrhoe/PHAROS-SUITE,/home/cerebrhoe/PHAROS-SUITE/repos/pharos-ai-release-candidate-2026-03-14/frontend/src/translations,translations,,True,0,2026-03-14T13:51:52.010543-04:00,pharos,translations
local,/home/cerebrhoe/PHAROS-SUITE,/home/cerebrhoe/PHAROS-SUITE/repos/pharos-ai-release-candidate-2026-03-14/frontend/src/components,components,,True,0,2026-03-15T04:43:31.134070-04:00,pharos,components
local,/home/cerebrhoe/PHAROS-SUITE,/home/cerebrhoe/PHAROS-SUITE/repos/pharos-ai-release-candidate-2026-03-14/frontend/src/assets,assets,,True,0,2026-03-14T13:51:51.954543-04:00,pharos,assets
local,/home/cerebrhoe/PHAROS-SUITE,/home/cerebrhoe/PHAROS-SUITE/repos/pharos-ai-release-candidate-2026-03-14/frontend/src/data,data,,True,0,2026-03-14T13:51:51.982543-04:00,pharos,data
local,/home/cerebrhoe/PHAROS-SUITE,/home/cerebrhoe/PHAROS-SUITE/repos/pharos-ai-release-candidate-2026-03-14/frontend/src/hooks,hooks,,True,0,2026-03-14T13:51:51.982543-04:00,pharos,hooks
local,/home/cerebrhoe/PHAROS-SUITE,/home/cerebrhoe/PHAROS-SUITE/repos/pharos-ai-release-candidate-2026-03-14/frontend/src/lib,lib,,True,0,2026-03-14T13:51:51.986543-04:00,pharos,lib
local,/home/cerebrhoe/PHAROS-SUITE,/home/cerebrhoe/PHAROS-SUITE/repos/pharos-ai-release-candidate-2026-03-14/frontend/src/pages,pages,,True,0,2026-03-14T13:51:52.006543-04:00,pharos,pages
local,/home/cerebrhoe/PHAROS-SUITE,/home/cerebrhoe/PHAROS-SUITE/repos/pharos-ai-release-candidate-2026-03-14/frontend/src/context,context,,True,0,2026-03-14T13:51:51.978543-04:00,pharos,context
local,/home/cerebrhoe/PHAROS-SUITE,/home/cerebrhoe/PHAROS-SUITE/repos/pharos-ai-release-candidate-2026-03-14/frontend/src/components/ui,ui,,True,0,2026-03-14T13:51:51.978543-04:00,pharos,ui
local,/home/cerebrhoe/PHAROS-SUITE,/home/cerebrhoe/PHAROS-SUITE/repos/pharos-ai-release-candidate-2026-03-14/frontend/src/components/admin,admin,,True,0,2026-03-14T13:51:51.966543-04:00,pharos,admin
local,/home/cerebrhoe/PHAROS-SUITE,/home/cerebrhoe/PHAROS-SUITE/repos/pharos-ai-release-candidate-2026-03-14/frontend/src/assets/logos,logos,,True,0,2026-03-14T13:51:51.954543-04:00,pharos,logos
local,/home/cerebrhoe/PHAROS-SUITE,/home/cerebrhoe/PHAROS-SUITE/repos/pharos-ai-release-candidate-2026-03-14/frontend/build/images,images,,True,0,2026-03-25T01:23:37.187470-04:00,pharos,images
local,/home/cerebrhoe/PHAROS-SUITE,/home/cerebrhoe/PHAROS-SUITE/repos/pharos-ai-release-candidate-2026-03-14/frontend/build/static,static,,True,0,2026-03-25T01:24:10.719720-04:00,pharos,static
local,/home/cerebrhoe/PHAROS-SUITE,/home/cerebrhoe/PHAROS-SUITE/repos/pharos-ai-release-candidate-2026-03-14/frontend/build/publications,publications,,True,0,2026-03-25T01:23:37.227470-04:00,pharos,publications
local,/home/cerebrhoe/PHAROS-SUITE,/home/cerebrhoe/PHAROS-SUITE/repos/pharos-ai-release-candidate-2026-03-14/frontend/build/robots.txt,robots.txt,.txt,False,153,2026-03-25T01:23:37.231470-04:00,pharos,robots
local,/home/cerebrhoe/PHAROS-SUITE,/home/cerebrhoe/PHAROS-SUITE/repos/pharos-ai-release-candidate-2026-03-14/frontend/build/index.html,index.html,.html,False,9015,2026-03-25T01:24:10.719720-04:00,pharos,index
local,/home/cerebrhoe/PHAROS-SUITE,/home/cerebrhoe/PHAROS-SUITE/repos/pharos-ai-release-candidate-2026-03-14/frontend/build/static/css,css,,True,0,2026-03-25T01:24:10.727720-04:00,pharos,css
local,/home/cerebrhoe/PHAROS-SUITE,/home/cerebrhoe/PHAROS-SUITE/repos/pharos-ai-release-candidate-2026-03-14/frontend/build/static/js,js,,True,0,2026-03-25T01:24:10.723720-04:00,pharos,js
local,/home/cerebrhoe/PHAROS-SUITE,/home/cerebrhoe/PHAROS-SUITE/repos/pharos-ai-release-candidate-2026-03-14/frontend/build/static/media,media,,True,0,2026-03-25T01:24:10.719720-04:00,pharos,media
local,/home/cerebrhoe/PHAROS-SUITE,/home/cerebrhoe/PHAROS-SUITE/repos/pharos-ai-release-candidate-2026-03-14/frontend/build/static/js/main.a941a87e.js.LICENSE.txt,main.a941a87e.js.LICENSE.txt,.txt,False,1826,2026-03-25T01:24:10.723720-04:00,pharos,main a941a87e js license
local,/home/cerebrhoe/PHAROS-SUITE,/home/cerebrhoe/PHAROS-SUITE/repos/pharos-ai-release-candidate-2026-03-14/frontend/build/publications/trust-advantage-analysis-march-2026.docx,trust-advantage-analysis-march-2026.docx,.docx,False,16228,2026-03-25T01:23:37.227470-04:00,pharos,trust advantage analysis march 2026
local,/home/cerebrhoe/PHAROS-SUITE,/home/cerebrhoe/PHAROS-SUITE/repos/pharos-ai-release-candidate-2026-03-14/frontend/.wrangler/tmp,tmp,,True,0,2026-03-14T15:45:28.393343-04:00,pharos,tmp
local,/home/cerebrhoe/PHAROS-SUITE,/home/cerebrhoe/PHAROS-SUITE/repos/pharos-ai-release-candidate-2026-03-14/frontend/plugins/health-check,health-check,,True,0,2026-03-14T13:51:50.962549-04:00,pharos,health check
local,/home/cerebrhoe/PHAROS-SUITE,/home/cerebrhoe/PHAROS-SUITE/repos/pharos-ai-release-candidate-2026-03-14/frontend/plugins/visual-edits,visual-edits,,True,0,2026-03-14T13:51:50.966549-04:00,pharos,visual edits
local,/home/cerebrhoe/PHAROS-SUITE,/home/cerebrhoe/PHAROS-SUITE/repos/pharos-ai-release-candidate-2026-03-14/emergentintegrations/emergentintegrations,emergentintegrations,,True,0,2026-03-14T13:51:50.962549-04:00,pharos,emergentintegrations
local,/home/cerebrhoe/PHAROS-SUITE,/home/cerebrhoe/PHAROS-SUITE/repos/pharos-ai-release-candidate-2026-03-14/emergentintegrations/emergentintegrations/llm,llm,,True,0,2026-03-14T13:51:50.962549-04:00,pharos,llm
local,/home/cerebrhoe/PHAROS-SUITE,/home/cerebrhoe/PHAROS-SUITE/repos/pharos-suite-cleanup/infra,infra,,True,0,2026-04-16T06:07:44.486967-04:00,pharos,infra
local,/home/cerebrhoe/PHAROS-SUITE,/home/cerebrhoe/PHAROS-SUITE/repos/pharos-suite-cleanup/shared,shared,,True,0,2026-04-16T06:05:13.152443-04:00,pharos,shared
local,/home/cerebrhoe/PHAROS-SUITE,/home/cerebrhoe/PHAROS-SUITE/repos/pharos-suite-cleanup/skills,skills,,True,0,2026-04-16T06:04:45.598461-04:00,pharos,skills
local,/home/cerebrhoe/PHAROS-SUITE,/home/cerebrhoe/PHAROS-SUITE/repos/pharos-suite-cleanup/backend,backend,,True,0,2026-04-16T06:05:13.156375-04:00,pharos,backend
local,/home/cerebrhoe/PHAROS-SUITE,/home/cerebrhoe/PHAROS-SUITE/repos/pharos-suite-cleanup/tests,tests,,True,0,2026-03-31T04:26:38.385035-04:00,pharos,tests
local,/home/cerebrhoe/PHAROS-SUITE,/home/cerebrhoe/PHAROS-SUITE/repos/pharos-suite-cleanup/docs,docs,,True,0,2026-04-16T06:07:44.490901-04:00,pharos,docs
local,/home/cerebrhoe/PHAROS-SUITE,/home/cerebrhoe/PHAROS-SUITE/repos/pharos-suite-cleanup/aurorai,aurorai,,True,0,2026-04-16T06:07:44.486967-04:00,pharos,aurorai
local,/home/cerebrhoe/PHAROS-SUITE,/home/cerebrhoe/PHAROS-SUITE/repos/pharos-suite-cleanup/pharos_governance_suite,pharos_governance_suite,,True,0,2026-04-16T06:04:45.563083-04:00,pharos,pharos governance suite
local,/home/cerebrhoe/PHAROS-SUITE,/home/cerebrhoe/PHAROS-SUITE/repos/pharos-suite-cleanup/.github,.github,,True,0,2026-04-16T06:07:44.486967-04:00,pharos,github
local,/home/cerebrhoe/PHAROS-SUITE,/home/cerebrhoe/PHAROS-SUITE/repos/pharos-suite-cleanup/scripts,scripts,,True,0,2026-04-16T06:05:13.183896-04:00,pharos,scripts
local,/home/cerebrhoe/PHAROS-SUITE,/home/cerebrhoe/PHAROS-SUITE/repos/pharos-suite-cleanup/memory,memory,,True,0,2026-04-16T06:05:13.183896-04:00,pharos,memory
local,/home/cerebrhoe/PHAROS-SUITE,/home/cerebrhoe/PHAROS-SUITE/repos/pharos-suite-cleanup/.emergent,.emergent,,True,0,2026-04-16T06:04:45.508050-04:00,pharos,emergent
local,/home/cerebrhoe/PHAROS-SUITE,/home/cerebrhoe/PHAROS-SUITE/repos/pharos-suite-cleanup/compassai,compassai,,True,0,2026-04-16T06:07:44.486967-04:00,pharos,compassai
local,/home/cerebrhoe/PHAROS-SUITE,/home/cerebrhoe/PHAROS-SUITE/repos/pharos-suite-cleanup/schema,schema,,True,0,2026-04-16T06:04:45.586668-04:00,pharos,schema
local,/home/cerebrhoe/PHAROS-SUITE,/home/cerebrhoe/PHAROS-SUITE/repos/pharos-suite-cleanup/test_reports,test_reports,,True,0,2026-04-16T06:04:45.606323-04:00,pharos,test reports
local,/home/cerebrhoe/PHAROS-SUITE,/home/cerebrhoe/PHAROS-SUITE/repos/pharos-suite-cleanup/frontend,frontend,,True,0,2026-04-16T06:05:13.183896-04:00,pharos,frontend
local,/home/cerebrhoe/PHAROS-SUITE,/home/cerebrhoe/PHAROS-SUITE/repos/pharos-suite-cleanup/emergentintegrations,emergentintegrations,,True,0,2026-04-15T18:47:19.962905-04:00,pharos,emergentintegrations
local,/home/cerebrhoe/PHAROS-SUITE,/home/cerebrhoe/PHAROS-SUITE/repos/pharos-suite-cleanup/README.md,README.md,.md,False,2012,2026-04-16T06:05:13.152443-04:00,pharos,readme
local,/home/cerebrhoe/PHAROS-SUITE,/home/cerebrhoe/PHAROS-SUITE/repos/pharos-suite-cleanup/CHANGELOG.md,CHANGELOG.md,.md,False,1039,2026-04-16T06:05:13.152443-04:00,pharos,changelog
local,/home/cerebrhoe/PHAROS-SUITE,/home/cerebrhoe/PHAROS-SUITE/repos/pharos-suite-cleanup/test_result.md,test_result.md,.md,False,10521,2026-04-16T06:05:13.187828-04:00,pharos,test result
local,/home/cerebrhoe/PHAROS-SUITE,/home/cerebrhoe/PHAROS-SUITE/repos/pharos-suite-cleanup/design_guidelines.md,design_guidelines.md,.md,False,1100,2026-03-31T04:26:38.205036-04:00,pharos,design guidelines
local,/home/cerebrhoe/PHAROS-SUITE,/home/cerebrhoe/PHAROS-SUITE/repos/pharos-suite-cleanup/infra/d1,d1,,True,0,2026-04-16T06:05:13.183896-04:00,pharos,d1
local,/home/cerebrhoe/PHAROS-SUITE,/home/cerebrhoe/PHAROS-SUITE/repos/pharos-suite-cleanup/infra/cloudflare-live-proxy,cloudflare-live-proxy,,True,0,2026-04-16T06:05:13.183896-04:00,pharos,cloudflare live proxy
local,/home/cerebrhoe/PHAROS-SUITE,/home/cerebrhoe/PHAROS-SUITE/repos/pharos-suite-cleanup/infra/d1/README.md,README.md,.md,False,1044,2026-04-16T06:05:13.183896-04:00,pharos,readme
local,/home/cerebrhoe/PHAROS-SUITE,/home/cerebrhoe/PHAROS-SUITE/repos/pharos-suite-cleanup/infra/cloudflare-live-proxy/src,src,,True,0,2026-04-16T06:05:13.183896-04:00,pharos,src
local,/home/cerebrhoe/PHAROS-SUITE,/home/cerebrhoe/PHAROS-SUITE/repos/pharos-suite-cleanup/infra/cloudflare-live-proxy/.wrangler,.wrangler,,True,0,2026-04-16T06:04:45.559152-04:00,pharos,wrangler
local,/home/cerebrhoe/PHAROS-SUITE,/home/cerebrhoe/PHAROS-SUITE/repos/pharos-suite-cleanup/infra/cloudflare-live-proxy/.wrangler/cache,cache,,True,0,2026-04-16T06:04:45.559152-04:00,pharos,cache
local,/home/cerebrhoe/PHAROS-SUITE,/home/cerebrhoe/PHAROS-SUITE/repos/pharos-suite-cleanup/shared/types,types,,True,0,2026-04-16T06:05:13.187828-04:00,pharos,types
local,/home/cerebrhoe/PHAROS-SUITE,/home/cerebrhoe/PHAROS-SUITE/repos/pharos-suite-cleanup/skills/recursive-governance-method,recursive-governance-method,,True,0,2026-04-16T06:04:45.602392-04:00,pharos,recursive governance method
local,/home/cerebrhoe/PHAROS-SUITE,/home/cerebrhoe/PHAROS-SUITE/repos/pharos-suite-cleanup/skills/recursive-governance-method/references,references,,True,0,2026-04-16T06:04:45.602392-04:00,pharos,references
local,/home/cerebrhoe/PHAROS-SUITE,/home/cerebrhoe/PHAROS-SUITE/repos/pharos-suite-cleanup/skills/recursive-governance-method/scripts,scripts,,True,0,2026-04-16T06:04:45.602392-04:00,pharos,scripts
local,/home/cerebrhoe/PHAROS-SUITE,/home/cerebrhoe/PHAROS-SUITE/repos/pharos-suite-cleanup/skills/recursive-governance-method/agents,agents,,True,0,2026-04-16T06:04:45.598461-04:00,pharos,agents
local,/home/cerebrhoe/PHAROS-SUITE,/home/cerebrhoe/PHAROS-SUITE/repos/pharos-suite-cleanup/skills/recursive-governance-method/SKILL.md,SKILL.md,.md,False,5579,2026-04-16T06:04:45.598461-04:00,pharos,skill
local,/home/cerebrhoe/PHAROS-SUITE,/home/cerebrhoe/PHAROS-SUITE/repos/pharos-suite-cleanup/skills/recursive-governance-method/references/method-rules.md,method-rules.md,.md,False,3473,2026-04-16T06:04:45.602392-04:00,pharos,method rules
local,/home/cerebrhoe/PHAROS-SUITE,/home/cerebrhoe/PHAROS-SUITE/repos/pharos-suite-cleanup/skills/recursive-governance-method/references/templates.md,templates.md,.md,False,2132,2026-04-16T06:04:45.602392-04:00,pharos,templates
local,/home/cerebrhoe/PHAROS-SUITE,/home/cerebrhoe/PHAROS-SUITE/repos/pharos-suite-cleanup/skills/recursive-governance-method/references/example-prompts.md,example-prompts.md,.md,False,736,2026-04-16T06:04:45.598461-04:00,pharos,example prompts
local,/home/cerebrhoe/PHAROS-SUITE,/home/cerebrhoe/PHAROS-SUITE/repos/pharos-suite-cleanup/backend/tests,tests,,True,0,2026-04-16T06:07:44.490901-04:00,pharos,tests
local,/home/cerebrhoe/PHAROS-SUITE,/home/cerebrhoe/PHAROS-SUITE/repos/pharos-suite-cleanup/backend/requirements.txt,requirements.txt,.txt,False,202,2026-04-16T06:05:13.156375-04:00,pharos,requirements
local,/home/cerebrhoe/PHAROS-SUITE,/home/cerebrhoe/PHAROS-SUITE/repos/pharos-suite-cleanup/docs/infrafabric-d1-r2-recursive-schema.md,infrafabric-d1-r2-recursive-schema.md,.md,False,14408,2026-04-16T06:05:13.160306-04:00,pharos,infrafabric d1 r2 recursive schema
local,/home/cerebrhoe/PHAROS-SUITE,/home/cerebrhoe/PHAROS-SUITE/repos/pharos-suite-cleanup/docs/public-backend-plan.md,public-backend-plan.md,.md,False,3151,2026-04-16T06:07:44.490901-04:00,pharos,public backend plan
local,/home/cerebrhoe/PHAROS-SUITE,/home/cerebrhoe/PHAROS-SUITE/repos/pharos-suite-cleanup/docs/pharos-api-dns-runbook.md,pharos-api-dns-runbook.md,.md,False,2604,2026-04-16T06:07:44.490901-04:00,pharos,pharos api dns runbook
local,/home/cerebrhoe/PHAROS-SUITE,/home/cerebrhoe/PHAROS-SUITE/repos/pharos-suite-cleanup/docs/free-first-architecture.md,free-first-architecture.md,.md,False,1605,2026-04-16T06:05:13.156375-04:00,pharos,free first architecture
local,/home/cerebrhoe/PHAROS-SUITE,/home/cerebrhoe/PHAROS-SUITE/repos/pharos-suite-cleanup/docs/d1-r2-endpoint-mapping.md,d1-r2-endpoint-mapping.md,.md,False,9880,2026-04-16T06:05:13.156375-04:00,pharos,d1 r2 endpoint mapping
local,/home/cerebrhoe/PHAROS-SUITE,/home/cerebrhoe/PHAROS-SUITE/repos/pharos-suite-cleanup/docs/pharos-surface-migration-audit-2026-03-13.md,pharos-surface-migration-audit-2026-03-13.md,.md,False,4529,2026-04-16T06:05:13.160306-04:00,pharos,pharos surface migration audit 2026 03 13
local,/home/cerebrhoe/PHAROS-SUITE,/home/cerebrhoe/PHAROS-SUITE/repos/pharos-suite-cleanup/docs/pharos-site-messaging-architecture-2026-03-11.md,pharos-site-messaging-architecture-2026-03-11.md,.md,False,12124,2026-03-31T04:26:38.225036-04:00,pharos,pharos site messaging architecture 2026 03 11
local,/home/cerebrhoe/PHAROS-SUITE,/home/cerebrhoe/PHAROS-SUITE/repos/pharos-suite-cleanup/docs/pharos-clean-release-candidate-2026-03-14.md,pharos-clean-release-candidate-2026-03-14.md,.md,False,2325,2026-04-16T06:05:13.160306-04:00,pharos,pharos release candidate 2026 03 14
local,/home/cerebrhoe/PHAROS-SUITE,/home/cerebrhoe/PHAROS-SUITE/repos/pharos-suite-cleanup/docs/principles-alignment-2026-03-06.md,principles-alignment-2026-03-06.md,.md,False,1592,2026-04-16T06:05:13.160306-04:00,pharos,principles alignment 2026 03 06
local,/home/cerebrhoe/PHAROS-SUITE,/home/cerebrhoe/PHAROS-SUITE/repos/pharos-suite-cleanup/docs/pharos-cloudflare-recovery-checklist-2026-03-14.md,pharos-cloudflare-recovery-checklist-2026-03-14.md,.md,False,3496,2026-04-16T06:05:13.160306-04:00,pharos,pharos cloudflare recovery checklist 2026 03 14
local,/home/cerebrhoe/PHAROS-SUITE,/home/cerebrhoe/PHAROS-SUITE/repos/pharos-suite-cleanup/docs/govern-suite-operations-runbook.md,govern-suite-operations-runbook.md,.md,False,9660,2026-04-16T06:05:13.156375-04:00,pharos,govern suite operations runbook
local,/home/cerebrhoe/PHAROS-SUITE,/home/cerebrhoe/PHAROS-SUITE/repos/pharos-suite-cleanup/docs/COM-AUR-specs-v3-infrafabric-implemented-2026-03-06.md,COM-AUR-specs-v3-infrafabric-implemented-2026-03-06.md,.md,False,124463,2026-04-16T06:05:13.156375-04:00,pharos,com aur specs infrafabric implemented 2026 03 06
local,/home/cerebrhoe/PHAROS-SUITE,/home/cerebrhoe/PHAROS-SUITE/repos/pharos-suite-cleanup/docs/cloudflare-pages.md,cloudflare-pages.md,.md,False,2062,2026-04-16T06:07:44.490901-04:00,pharos,cloudflare pages
local,/home/cerebrhoe/PHAROS-SUITE,/home/cerebrhoe/PHAROS-SUITE/repos/pharos-suite-cleanup/aurorai/src,src,,True,0,2026-04-16T06:05:13.152443-04:00,pharos,src
local,/home/cerebrhoe/PHAROS-SUITE,/home/cerebrhoe/PHAROS-SUITE/repos/pharos-suite-cleanup/aurorai/src/modules,modules,,True,0,2026-04-16T06:05:13.058084-04:00,pharos,modules
local,/home/cerebrhoe/PHAROS-SUITE,/home/cerebrhoe/PHAROS-SUITE/repos/pharos-suite-cleanup/aurorai/src/modules/evidence,evidence,,True,0,2026-04-16T06:04:45.519843-04:00,pharos,evidence
local,/home/cerebrhoe/PHAROS-SUITE,/home/cerebrhoe/PHAROS-SUITE/repos/pharos-suite-cleanup/aurorai/src/modules/extract,extract,,True,0,2026-04-16T06:04:45.523773-04:00,pharos,extract
local,/home/cerebrhoe/PHAROS-SUITE,/home/cerebrhoe/PHAROS-SUITE/repos/pharos-suite-cleanup/aurorai/src/modules/intake,intake,,True,0,2026-04-16T06:05:13.156375-04:00,pharos,intake
local,/home/cerebrhoe/PHAROS-SUITE,/home/cerebrhoe/PHAROS-SUITE/repos/pharos-suite-cleanup/aurorai/src/modules/handoff,handoff,,True,0,2026-04-16T06:05:13.156375-04:00,pharos,handoff
local,/home/cerebrhoe/PHAROS-SUITE,/home/cerebrhoe/PHAROS-SUITE/repos/pharos-suite-cleanup/aurorai/src/modules/categorize,categorize,,True,0,2026-04-16T06:04:45.515912-04:00,pharos,categorize
local,/home/cerebrhoe/PHAROS-SUITE,/home/cerebrhoe/PHAROS-SUITE/repos/pharos-suite-cleanup/pharos_governance_suite/compass_ai,compass_ai,,True,0,2026-04-16T06:04:45.586668-04:00,pharos,compass ai
local,/home/cerebrhoe/PHAROS-SUITE,/home/cerebrhoe/PHAROS-SUITE/repos/pharos-suite-cleanup/pharos_governance_suite/README.md,README.md,.md,False,796,2026-04-16T06:04:45.559152-04:00,pharos,readme
local,/home/cerebrhoe/PHAROS-SUITE,/home/cerebrhoe/PHAROS-SUITE/repos/pharos-suite-cleanup/pharos_governance_suite/compass_ai/CompassAI.html,CompassAI.html,.html,False,32921,2026-04-16T06:04:45.563083-04:00,pharos,compassai
local,/home/cerebrhoe/PHAROS-SUITE,/home/cerebrhoe/PHAROS-SUITE/repos/pharos-suite-cleanup/.github/workflows,workflows,,True,0,2026-04-16T06:07:44.486967-04:00,pharos,workflows
local,/home/cerebrhoe/PHAROS-SUITE,/home/cerebrhoe/PHAROS-SUITE/repos/pharos-suite-cleanup/.github/SECRETS-SETUP.md,SECRETS-SETUP.md,.md,False,623,2026-04-16T06:04:45.511981-04:00,pharos,secrets setup
local,/home/cerebrhoe/PHAROS-SUITE,/home/cerebrhoe/PHAROS-SUITE/repos/pharos-suite-cleanup/memory/PRD.md,PRD.md,.md,False,5690,2026-04-16T06:05:13.183896-04:00,pharos,prd
local,/home/cerebrhoe/PHAROS-SUITE,/home/cerebrhoe/PHAROS-SUITE/repos/pharos-suite-cleanup/memory/cloudflare-readiness-2026-03-06.md,cloudflare-readiness-2026-03-06.md,.md,False,1442,2026-04-16T06:05:13.183896-04:00,pharos,cloudflare readiness 2026 03 06
local,/home/cerebrhoe/PHAROS-SUITE,/home/cerebrhoe/PHAROS-SUITE/repos/pharos-suite-cleanup/.emergent/summary.txt,summary.txt,.txt,False,8611,2026-04-16T06:04:45.508050-04:00,pharos,summary
local,/home/cerebrhoe/PHAROS-SUITE,/home/cerebrhoe/PHAROS-SUITE/repos/pharos-suite-cleanup/compassai/src,src,,True,0,2026-04-16T06:05:13.156375-04:00,pharos,src
local,/home/cerebrhoe/PHAROS-SUITE,/home/cerebrhoe/PHAROS-SUITE/repos/pharos-suite-cleanup/compassai/src/engine,engine,,True,0,2026-04-16T06:04:45.539497-04:00,pharos,engine
local,/home/cerebrhoe/PHAROS-SUITE,/home/cerebrhoe/PHAROS-SUITE/repos/pharos-suite-cleanup/compassai/src/routes,routes,,True,0,2026-04-16T06:04:45.543428-04:00,pharos,routes
local,/home/cerebrhoe/PHAROS-SUITE,/home/cerebrhoe/PHAROS-SUITE/repos/pharos-suite-cleanup/test_reports/pytest,pytest,,True,0,2026-04-16T06:04:45.606323-04:00,pharos,pytest
local,/home/cerebrhoe/PHAROS-SUITE,/home/cerebrhoe/PHAROS-SUITE/repos/pharos-suite-cleanup/frontend/functions,functions,,True,0,2026-04-16T06:07:44.490901-04:00,pharos,functions
local,/home/cerebrhoe/PHAROS-SUITE,/home/cerebrhoe/PHAROS-SUITE/repos/pharos-suite-cleanup/frontend/public,public,,True,0,2026-04-16T06:05:13.160306-04:00,pharos,public
local,/home/cerebrhoe/PHAROS-SUITE,/home/cerebrhoe/PHAROS-SUITE/repos/pharos-suite-cleanup/frontend/src,src,,True,0,2026-04-16T06:07:44.490901-04:00,pharos,src
local,/home/cerebrhoe/PHAROS-SUITE,/home/cerebrhoe/PHAROS-SUITE/repos/pharos-suite-cleanup/frontend/plugins,plugins,,True,0,2026-03-31T04:26:38.245036-04:00,pharos,plugins
local,/home/cerebrhoe/PHAROS-SUITE,/home/cerebrhoe/PHAROS-SUITE/repos/pharos-suite-cleanup/frontend/scripts,scripts,,True,0,2026-04-16T06:05:13.164238-04:00,pharos,scripts
local,/home/cerebrhoe/PHAROS-SUITE,/home/cerebrhoe/PHAROS-SUITE/repos/pharos-suite-cleanup/frontend/PHAROS_NEWLOOK_STYLE_LOCK.md,PHAROS_NEWLOOK_STYLE_LOCK.md,.md,False,1561,2026-03-31T04:26:38.229036-04:00,pharos,pharos newlook style lock
local,/home/cerebrhoe/PHAROS-SUITE,/home/cerebrhoe/PHAROS-SUITE/repos/pharos-suite-cleanup/frontend/README.md,README.md,.md,False,867,2026-04-16T06:05:13.160306-04:00,pharos,readme
local,/home/cerebrhoe/PHAROS-SUITE,/home/cerebrhoe/PHAROS-SUITE/repos/pharos-suite-cleanup/frontend/public/robots.txt,robots.txt,.txt,False,153,2026-04-16T06:05:13.160306-04:00,pharos,robots
local,/home/cerebrhoe/PHAROS-SUITE,/home/cerebrhoe/PHAROS-SUITE/repos/pharos-suite-cleanup/frontend/public/dr-sort.html,dr-sort.html,.html,False,92513,2026-04-16T06:04:45.547359-04:00,pharos,dr sort
local,/home/cerebrhoe/PHAROS-SUITE,/home/cerebrhoe/PHAROS-SUITE/repos/pharos-suite-cleanup/frontend/public/index.html,index.html,.html,False,11047,2026-04-16T06:05:13.160306-04:00,pharos,index
local,/home/cerebrhoe/PHAROS-SUITE,/home/cerebrhoe/PHAROS-SUITE/repos/pharos-suite-cleanup/frontend/src/translations,translations,,True,0,2026-03-31T04:26:38.353035-04:00,pharos,translations
local,/home/cerebrhoe/PHAROS-SUITE,/home/cerebrhoe/PHAROS-SUITE/repos/pharos-suite-cleanup/frontend/src/components,components,,True,0,2026-04-16T06:05:13.164238-04:00,pharos,components
local,/home/cerebrhoe/PHAROS-SUITE,/home/cerebrhoe/PHAROS-SUITE/repos/pharos-suite-cleanup/frontend/src/assets,assets,,True,0,2026-04-16T06:05:13.144580-04:00,pharos,assets
local,/home/cerebrhoe/PHAROS-SUITE,/home/cerebrhoe/PHAROS-SUITE/repos/pharos-suite-cleanup/frontend/src/data,data,,True,0,2026-04-16T06:05:13.168169-04:00,pharos,data
local,/home/cerebrhoe/PHAROS-SUITE,/home/cerebrhoe/PHAROS-SUITE/repos/pharos-suite-cleanup/frontend/src/hooks,hooks,,True,0,2026-03-31T04:26:38.321035-04:00,pharos,hooks
local,/home/cerebrhoe/PHAROS-SUITE,/home/cerebrhoe/PHAROS-SUITE/repos/pharos-suite-cleanup/frontend/src/lib,lib,,True,0,2026-04-16T06:05:13.168169-04:00,pharos,lib
local,/home/cerebrhoe/PHAROS-SUITE,/home/cerebrhoe/PHAROS-SUITE/repos/pharos-suite-cleanup/frontend/src/pages,pages,,True,0,2026-04-16T06:07:44.490901-04:00,pharos,pages
local,/home/cerebrhoe/PHAROS-SUITE,/home/cerebrhoe/PHAROS-SUITE/repos/pharos-suite-cleanup/frontend/src/context,context,,True,0,2026-04-16T06:05:13.164238-04:00,pharos,context
local,/home/cerebrhoe/PHAROS-SUITE,/home/cerebrhoe/PHAROS-SUITE/repos/pharos-suite-cleanup/frontend/src/components/ui,ui,,True,0,2026-03-31T04:26:38.309036-04:00,pharos,ui
local,/home/cerebrhoe/PHAROS-SUITE,/home/cerebrhoe/PHAROS-SUITE/repos/pharos-suite-cleanup/frontend/plugins/health-check,health-check,,True,0,2026-03-31T04:26:38.241035-04:00,pharos,health check
local,/home/cerebrhoe/PHAROS-SUITE,/home/cerebrhoe/PHAROS-SUITE/repos/pharos-suite-cleanup/frontend/plugins/visual-edits,visual-edits,,True,0,2026-04-16T06:05:13.160306-04:00,pharos,visual edits
local,/home/cerebrhoe/PHAROS-SUITE,/home/cerebrhoe/PHAROS-SUITE/repos/pharos-suite-cleanup/emergentintegrations/emergentintegrations,emergentintegrations,,True,0,2026-04-15T18:47:19.958955-04:00,pharos,emergentintegrations
local,/home/cerebrhoe/PHAROS-SUITE,/home/cerebrhoe/PHAROS-SUITE/repos/pharos-suite-cleanup/emergentintegrations/emergentintegrations/llm,llm,,True,0,2026-04-15T18:47:19.962905-04:00,pharos,llm
local,/home/cerebrhoe/PHAROS-SUITE,/home/cerebrhoe/PHAROS-SUITE/repos/CompassAI/backend,backend,,True,0,2026-04-11T17:36:26.838342-04:00,pharos,backend
local,/home/cerebrhoe/PHAROS-SUITE,/home/cerebrhoe/PHAROS-SUITE/repos/CompassAI/tests,tests,,True,0,2026-04-10T00:56:10.206553-04:00,pharos,tests
local,/home/cerebrhoe/PHAROS-SUITE,/home/cerebrhoe/PHAROS-SUITE/repos/CompassAI/docs,docs,,True,0,2026-04-02T02:23:00.547976-04:00,pharos,docs
local,/home/cerebrhoe/PHAROS-SUITE,/home/cerebrhoe/PHAROS-SUITE/repos/CompassAI/memory,memory,,True,0,2026-03-05T20:30:53.697772-05:00,pharos,memory
local,/home/cerebrhoe/PHAROS-SUITE,/home/cerebrhoe/PHAROS-SUITE/repos/CompassAI/.emergent,.emergent,,True,0,2026-03-05T20:30:53.477772-05:00,pharos,emergent
local,/home/cerebrhoe/PHAROS-SUITE,/home/cerebrhoe/PHAROS-SUITE/repos/CompassAI/test_reports,test_reports,,True,0,2026-03-05T20:30:53.697772-05:00,pharos,test reports
local,/home/cerebrhoe/PHAROS-SUITE,/home/cerebrhoe/PHAROS-SUITE/repos/CompassAI/frontend,frontend,,True,0,2026-04-08T19:21:11.764721-04:00,pharos,frontend
local,/home/cerebrhoe/PHAROS-SUITE,/home/cerebrhoe/PHAROS-SUITE/repos/CompassAI/DEPLOYMENT.md,DEPLOYMENT.md,.md,False,3797,2026-04-04T20:07:12.206739-04:00,pharos,deployment
local,/home/cerebrhoe/PHAROS-SUITE,/home/cerebrhoe/PHAROS-SUITE/repos/CompassAI/gitignore.txt,gitignore.txt,.txt,False,1714,2026-03-05T20:30:53.693772-05:00,pharos,gitignore
local,/home/cerebrhoe/PHAROS-SUITE,/home/cerebrhoe/PHAROS-SUITE/repos/CompassAI/README.md,README.md,.md,False,1715,2026-04-02T03:22:11.070031-04:00,pharos,readme
local,/home/cerebrhoe/PHAROS-SUITE,/home/cerebrhoe/PHAROS-SUITE/repos/CompassAI/CHANGELOG.md,CHANGELOG.md,.md,False,954,2026-03-06T18:42:19.346325-05:00,pharos,changelog
local,/home/cerebrhoe/PHAROS-SUITE,/home/cerebrhoe/PHAROS-SUITE/repos/CompassAI/test_result.md,test_result.md,.md,False,4774,2026-03-05T20:30:53.701772-05:00,pharos,test result
local,/home/cerebrhoe/PHAROS-SUITE,/home/cerebrhoe/PHAROS-SUITE/repos/CompassAI/backend/models,models,,True,0,2026-04-11T17:36:32.494420-04:00,pharos,models
local,/home/cerebrhoe/PHAROS-SUITE,/home/cerebrhoe/PHAROS-SUITE/repos/CompassAI/backend/routers,routers,,True,0,2026-04-11T17:36:32.430419-04:00,pharos,routers
local,/home/cerebrhoe/PHAROS-SUITE,/home/cerebrhoe/PHAROS-SUITE/repos/CompassAI/backend/tests,tests,,True,0,2026-04-11T19:26:56.943815-04:00,pharos,tests
local,/home/cerebrhoe/PHAROS-SUITE,/home/cerebrhoe/PHAROS-SUITE/repos/CompassAI/backend/utils,utils,,True,0,2026-04-11T17:36:32.722423-04:00,pharos,utils
local,/home/cerebrhoe/PHAROS-SUITE,/home/cerebrhoe/PHAROS-SUITE/repos/CompassAI/backend/storage,storage,,True,0,2026-04-10T00:56:10.198911-04:00,pharos,storage
local,/home/cerebrhoe/PHAROS-SUITE,/home/cerebrhoe/PHAROS-SUITE/repos/CompassAI/backend/scripts,scripts,,True,0,2026-04-10T00:56:10.198911-04:00,pharos,scripts
local,/home/cerebrhoe/PHAROS-SUITE,/home/cerebrhoe/PHAROS-SUITE/repos/CompassAI/backend/uploads,uploads,,True,0,2026-04-10T00:56:10.202733-04:00,pharos,uploads
local,/home/cerebrhoe/PHAROS-SUITE,/home/cerebrhoe/PHAROS-SUITE/repos/CompassAI/backend/requirements.txt,requirements.txt,.txt,False,2218,2026-04-08T22:51:31.979427-04:00,pharos,requirements
local,/home/cerebrhoe/PHAROS-SUITE,/home/cerebrhoe/PHAROS-SUITE/repos/CompassAI/backend/uploads/49d7f058-1261-4fc1-82b3-f00b37f93e86.txt,49d7f058-1261-4fc1-82b3-f00b37f93e86.txt,.txt,False,13,2026-03-05T20:30:53.689772-05:00,pharos,49d7f058 1261 4fc1 82b3 f00b37f93e86
local,/home/cerebrhoe/PHAROS-SUITE,/home/cerebrhoe/PHAROS-SUITE/repos/CompassAI/docs/canon,canon,,True,0,2026-04-02T02:29:44.431846-04:00,pharos,canon
local,/home/cerebrhoe/PHAROS-SUITE,/home/cerebrhoe/PHAROS-SUITE/repos/CompassAI/docs/governance-program-migration-guide.md,governance-program-migration-guide.md,.md,False,6038,2026-04-02T03:22:11.070031-04:00,pharos,governance program migration guide
local,/home/cerebrhoe/PHAROS-SUITE,/home/cerebrhoe/PHAROS-SUITE/repos/CompassAI/docs/governance-program-roadmap.md,governance-program-roadmap.md,.md,False,4041,2026-03-11T21:12:41.261346-04:00,pharos,governance program roadmap
local,/home/cerebrhoe/PHAROS-SUITE,/home/cerebrhoe/PHAROS-SUITE/repos/CompassAI/docs/infrafabric-alignment-v2.md,infrafabric-alignment-v2.md,.md,False,1884,2026-03-06T21:46:47.087073-05:00,pharos,infrafabric alignment
local,/home/cerebrhoe/PHAROS-SUITE,/home/cerebrhoe/PHAROS-SUITE/repos/CompassAI/docs/backend-consolidation-plan.md,backend-consolidation-plan.md,.md,False,5597,2026-03-11T21:12:41.265346-04:00,pharos,backend consolidation plan
local,/home/cerebrhoe/PHAROS-SUITE,/home/cerebrhoe/PHAROS-SUITE/repos/CompassAI/docs/canon/PHAROS_Canon_StateEngine_v1.md,PHAROS_Canon_StateEngine_v1.md,.md,False,2524,2026-04-02T02:29:44.427846-04:00,pharos,pharos canon stateengine
local,/home/cerebrhoe/PHAROS-SUITE,/home/cerebrhoe/PHAROS-SUITE/repos/CompassAI/docs/canon/000-CANON-INDEX.md,000-CANON-INDEX.md,.md,False,1543,2026-04-02T02:29:44.431846-04:00,pharos,000 canon index
local,/home/cerebrhoe/PHAROS-SUITE,/home/cerebrhoe/PHAROS-SUITE/repos/CompassAI/memory/PRD.md,PRD.md,.md,False,10390,2026-03-14T13:42:14.266273-04:00,pharos,prd
local,/home/cerebrhoe/PHAROS-SUITE,/home/cerebrhoe/PHAROS-SUITE/repos/CompassAI/.emergent/summary.txt,summary.txt,.txt,False,0,2026-03-05T20:30:53.473772-05:00,pharos,summary
local,/home/cerebrhoe/PHAROS-SUITE,/home/cerebrhoe/PHAROS-SUITE/repos/CompassAI/test_reports/pytest,pytest,,True,0,2026-03-05T20:30:53.701772-05:00,pharos,pytest
local,/home/cerebrhoe/PHAROS-SUITE,/home/cerebrhoe/PHAROS-SUITE/repos/CompassAI/frontend/dist,dist,,True,0,2026-04-04T13:18:11.033595-04:00,pharos,dist
local,/home/cerebrhoe/PHAROS-SUITE,/home/cerebrhoe/PHAROS-SUITE/repos/CompassAI/frontend/src,src,,True,0,2026-04-04T20:06:12.097114-04:00,pharos,src
local,/home/cerebrhoe/PHAROS-SUITE,/home/cerebrhoe/PHAROS-SUITE/repos/CompassAI/frontend/index.html,index.html,.html,False,319,2026-04-02T03:14:42.857741-04:00,pharos,index
local,/home/cerebrhoe/PHAROS-SUITE,/home/cerebrhoe/PHAROS-SUITE/repos/CompassAI/frontend/README.md,README.md,.md,False,3135,2026-04-04T20:06:25.959329-04:00,pharos,readme
local,/home/cerebrhoe/PHAROS-SUITE,/home/cerebrhoe/PHAROS-SUITE/repos/CompassAI/frontend/dist/assets,assets,,True,0,2026-04-04T13:18:11.033595-04:00,pharos,assets
local,/home/cerebrhoe/PHAROS-SUITE,/home/cerebrhoe/PHAROS-SUITE/repos/CompassAI/frontend/dist/index.html,index.html,.html,False,417,2026-04-04T13:18:11.033595-04:00,pharos,index
local,/home/cerebrhoe/PHAROS-SUITE,/home/cerebrhoe/PHAROS-SUITE/repos/CompassAI/frontend/src/features,features,,True,0,2026-03-11T21:08:44.244882-04:00,pharos,features
local,/home/cerebrhoe/PHAROS-SUITE,/home/cerebrhoe/PHAROS-SUITE/repos/CompassAI/frontend/src/workbench,workbench,,True,0,2026-04-04T20:06:50.136987-04:00,pharos,workbench
local,/home/cerebrhoe/PHAROS-SUITE,/home/cerebrhoe/PHAROS-SUITE/repos/CompassAI/frontend/src/features/governanceProgram,governanceProgram,,True,0,2026-03-11T21:08:44.256882-04:00,pharos,governanceprogram
local,/home/cerebrhoe/PHAROS-SUITE,/home/cerebrhoe/PHAROS-SUITE/repos/CompassAI/frontend/src/features/governanceProgram/components,components,,True,0,2026-04-04T20:06:41.497545-04:00,pharos,components
local,/home/cerebrhoe/PHAROS-SUITE,/home/cerebrhoe/PHAROS-SUITE/repos/CompassAI/frontend/src/features/governanceProgram/README.md,README.md,.md,False,1313,2026-03-11T21:12:41.261346-04:00,pharos,readme
local,/home/cerebrhoe/PHAROS-SUITE,/home/cerebrhoe/PHAROS-SUITE/repos/AurorAI/tests,tests,,True,0,2026-04-11T19:26:41.855663-04:00,pharos,tests
local,/home/cerebrhoe/PHAROS-SUITE,/home/cerebrhoe/PHAROS-SUITE/repos/AurorAI/docs,docs,,True,0,2026-04-02T02:23:00.551976-04:00,pharos,docs
local,/home/cerebrhoe/PHAROS-SUITE,/home/cerebrhoe/PHAROS-SUITE/repos/AurorAI/storage,storage,,True,0,2026-04-10T00:56:10.206553-04:00,pharos,storage
local,/home/cerebrhoe/PHAROS-SUITE,/home/cerebrhoe/PHAROS-SUITE/repos/AurorAI/memory,memory,,True,0,2026-03-05T20:30:29.265738-05:00,pharos,memory
local,/home/cerebrhoe/PHAROS-SUITE,/home/cerebrhoe/PHAROS-SUITE/repos/AurorAI/frontend,frontend,,True,0,2026-04-11T17:41:13.998266-04:00,pharos,frontend
local,/home/cerebrhoe/PHAROS-SUITE,/home/cerebrhoe/PHAROS-SUITE/repos/AurorAI/uploads,uploads,,True,0,2026-03-06T22:27:54.585632-05:00,pharos,uploads
local,/home/cerebrhoe/PHAROS-SUITE,/home/cerebrhoe/PHAROS-SUITE/repos/AurorAI/DEPLOYMENT.md,DEPLOYMENT.md,.md,False,5218,2026-04-04T20:07:08.760792-04:00,pharos,deployment
local,/home/cerebrhoe/PHAROS-SUITE,/home/cerebrhoe/PHAROS-SUITE/repos/AurorAI/README.md,README.md,.md,False,1279,2026-03-14T13:32:17.982814-04:00,pharos,readme
local,/home/cerebrhoe/PHAROS-SUITE,/home/cerebrhoe/PHAROS-SUITE/repos/AurorAI/CHANGELOG.md,CHANGELOG.md,.md,False,938,2026-03-06T18:42:19.338325-05:00,pharos,changelog
local,/home/cerebrhoe/PHAROS-SUITE,/home/cerebrhoe/PHAROS-SUITE/repos/AurorAI/test_result.md,test_result.md,.md,False,4774,2026-03-05T20:30:29.269738-05:00,pharos,test result
local,/home/cerebrhoe/PHAROS-SUITE,/home/cerebrhoe/PHAROS-SUITE/repos/AurorAI/requirements.txt,requirements.txt,.txt,False,2286,2026-04-11T17:38:29.200052-04:00,pharos,requirements
local,/home/cerebrhoe/PHAROS-SUITE,/home/cerebrhoe/PHAROS-SUITE/repos/AurorAI/docs/canon,canon,,True,0,2026-04-02T02:29:44.435846-04:00,pharos,canon
local,/home/cerebrhoe/PHAROS-SUITE,/home/cerebrhoe/PHAROS-SUITE/repos/AurorAI/docs/infrafabric-alignment-v2.md,infrafabric-alignment-v2.md,.md,False,2266,2026-03-06T21:46:47.083073-05:00,pharos,infrafabric alignment
local,/home/cerebrhoe/PHAROS-SUITE,/home/cerebrhoe/PHAROS-SUITE/repos/AurorAI/docs/canon/PHAROS_Canon_StateEngine_v1.md,PHAROS_Canon_StateEngine_v1.md,.md,False,2524,2026-04-02T02:29:44.435846-04:00,pharos,pharos canon stateengine
local,/home/cerebrhoe/PHAROS-SUITE,/home/cerebrhoe/PHAROS-SUITE/repos/AurorAI/docs/canon/000-CANON-INDEX.md,000-CANON-INDEX.md,.md,False,1414,2026-04-02T02:29:44.435846-04:00,pharos,000 canon index
local,/home/cerebrhoe/PHAROS-SUITE,/home/cerebrhoe/PHAROS-SUITE/repos/AurorAI/memory/PRD.md,PRD.md,.md,False,3658,2026-03-14T13:42:14.266273-04:00,pharos,prd
local,/home/cerebrhoe/PHAROS-SUITE,/home/cerebrhoe/PHAROS-SUITE/repos/AurorAI/frontend/dist,dist,,True,0,2026-04-16T00:58:54.498403-04:00,pharos,dist
local,/home/cerebrhoe/PHAROS-SUITE,/home/cerebrhoe/PHAROS-SUITE/repos/AurorAI/frontend/src,src,,True,0,2026-04-04T20:04:43.657928-04:00,pharos,src
local,/home/cerebrhoe/PHAROS-SUITE,/home/cerebrhoe/PHAROS-SUITE/repos/AurorAI/frontend/index.html,index.html,.html,False,328,2026-04-04T20:04:23.537810-04:00,pharos,index
local,/home/cerebrhoe/PHAROS-SUITE,/home/cerebrhoe/PHAROS-SUITE/repos/AurorAI/frontend/README.md,README.md,.md,False,1205,2026-04-04T20:05:03.003040-04:00,pharos,readme
local,/home/cerebrhoe/PHAROS-SUITE,/home/cerebrhoe/PHAROS-SUITE/repos/AurorAI/frontend/dist/assets,assets,,True,0,2026-04-16T00:58:54.498403-04:00,pharos,assets
local,/home/cerebrhoe/PHAROS-SUITE,/home/cerebrhoe/PHAROS-SUITE/repos/AurorAI/frontend/dist/index.html,index.html,.html,False,426,2026-04-16T00:58:54.502465-04:00,pharos,index
local,/home/cerebrhoe/PHAROS-SUITE,/home/cerebrhoe/PHAROS-SUITE/repos/AurorAI/frontend/src/features,features,,True,0,2026-04-04T20:04:27.390985-04:00,pharos,features
local,/home/cerebrhoe/PHAROS-SUITE,/home/cerebrhoe/PHAROS-SUITE/repos/AurorAI/frontend/src/features/documentProcessing,documentProcessing,,True,0,2026-04-04T20:05:03.495215-04:00,pharos,documentprocessing
local,/home/cerebrhoe/PHAROS-SUITE,/home/cerebrhoe/PHAROS-SUITE/repos/AurorAI/frontend/src/features/documentProcessing/components,components,,True,0,2026-04-04T20:04:55.709693-04:00,pharos,components
local,/home/cerebrhoe/PHAROS-SUITE,/home/cerebrhoe/PHAROS-SUITE/repos/AurorAI/uploads/6215c226-39c6-409d-8c43-6cd09eca11f8.txt,6215c226-39c6-409d-8c43-6cd09eca11f8.txt,.txt,False,170,2026-03-06T22:27:54.597632-05:00,pharos,6215c226 39c6 409d 8c43 6cd09eca11f8
local,/home/cerebrhoe/PHAROS-SUITE,/home/cerebrhoe/PHAROS-SUITE/repos/pharos-ai/infra,infra,,True,0,2026-03-09T05:59:33.599715-04:00,pharos,infra
local,/home/cerebrhoe/PHAROS-SUITE,/home/cerebrhoe/PHAROS-SUITE/repos/pharos-ai/skills,skills,,True,0,2026-03-11T16:54:36.607179-04:00,pharos,skills
local,/home/cerebrhoe/PHAROS-SUITE,/home/cerebrhoe/PHAROS-SUITE/repos/pharos-ai/backend,backend,,True,0,2026-04-10T00:56:10.210375-04:00,pharos,backend
local,/home/cerebrhoe/PHAROS-SUITE,/home/cerebrhoe/PHAROS-SUITE/repos/pharos-ai/tests,tests,,True,0,2026-04-10T00:56:10.210375-04:00,pharos,tests
local,/home/cerebrhoe/PHAROS-SUITE,/home/cerebrhoe/PHAROS-SUITE/repos/pharos-ai/docs,docs,,True,0,2026-03-29T19:00:09.900128-04:00,pharos,docs
local,/home/cerebrhoe/PHAROS-SUITE,/home/cerebrhoe/PHAROS-SUITE/repos/pharos-ai/pharos_governance_suite,pharos_governance_suite,,True,0,2026-03-16T06:21:28.224665-04:00,pharos,pharos governance suite
local,/home/cerebrhoe/PHAROS-SUITE,/home/cerebrhoe/PHAROS-SUITE/repos/pharos-ai/scripts,scripts,,True,0,2026-04-10T00:56:10.210375-04:00,pharos,scripts
local,/home/cerebrhoe/PHAROS-SUITE,/home/cerebrhoe/PHAROS-SUITE/repos/pharos-ai/.tmp,.tmp,,True,0,2026-03-20T06:22:26.502531-04:00,pharos,tmp
local,/home/cerebrhoe/PHAROS-SUITE,/home/cerebrhoe/PHAROS-SUITE/repos/pharos-ai/memory,memory,,True,0,2026-03-06T11:26:06.891901-05:00,pharos,memory
local,/home/cerebrhoe/PHAROS-SUITE,/home/cerebrhoe/PHAROS-SUITE/repos/pharos-ai/test_reports,test_reports,,True,0,2026-03-27T21:39:39.652783-04:00,pharos,test reports
local,/home/cerebrhoe/PHAROS-SUITE,/home/cerebrhoe/PHAROS-SUITE/repos/pharos-ai/frontend,frontend,,True,0,2026-03-26T05:52:08.324512-04:00,pharos,frontend
local,/home/cerebrhoe/PHAROS-SUITE,/home/cerebrhoe/PHAROS-SUITE/repos/pharos-ai/README.md,README.md,.md,False,4077,2026-03-29T19:00:33.004487-04:00,pharos,readme
local,/home/cerebrhoe/PHAROS-SUITE,/home/cerebrhoe/PHAROS-SUITE/repos/pharos-ai/CHANGELOG.md,CHANGELOG.md,.md,False,1040,2026-03-06T18:42:19.262324-05:00,pharos,changelog
local,/home/cerebrhoe/PHAROS-SUITE,/home/cerebrhoe/PHAROS-SUITE/repos/pharos-ai/AGENTS.md,AGENTS.md,.md,False,4528,2026-03-25T04:20:48.641176-04:00,pharos,agents
local,/home/cerebrhoe/PHAROS-SUITE,/home/cerebrhoe/PHAROS-SUITE/repos/pharos-ai/test_result.md,test_result.md,.md,False,10521,2026-03-18T05:26:00.000017-04:00,pharos,test result
local,/home/cerebrhoe/PHAROS-SUITE,/home/cerebrhoe/PHAROS-SUITE/repos/pharos-ai/design_guidelines.md,design_guidelines.md,.md,False,2220,2026-03-25T04:29:22.374444-04:00,pharos,design guidelines
local,/home/cerebrhoe/PHAROS-SUITE,/home/cerebrhoe/PHAROS-SUITE/repos/pharos-ai/infra/d1,d1,,True,0,2026-03-06T21:17:12.361720-05:00,pharos,d1
local,/home/cerebrhoe/PHAROS-SUITE,/home/cerebrhoe/PHAROS-SUITE/repos/pharos-ai/infra/cloudflare-live-proxy,cloudflare-live-proxy,,True,0,2026-03-09T05:59:45.307713-04:00,pharos,cloudflare live proxy
local,/home/cerebrhoe/PHAROS-SUITE,/home/cerebrhoe/PHAROS-SUITE/repos/pharos-ai/infra/d1/README.md,README.md,.md,False,1045,2026-03-06T22:04:04.358625-05:00,pharos,readme
local,/home/cerebrhoe/PHAROS-SUITE,/home/cerebrhoe/PHAROS-SUITE/repos/pharos-ai/infra/cloudflare-live-proxy/src,src,,True,0,2026-03-09T05:59:33.603715-04:00,pharos,src
local,/home/cerebrhoe/PHAROS-SUITE,/home/cerebrhoe/PHAROS-SUITE/repos/pharos-ai/infra/cloudflare-live-proxy/.wrangler,.wrangler,,True,0,2026-03-09T05:59:46.855713-04:00,pharos,wrangler
local,/home/cerebrhoe/PHAROS-SUITE,/home/cerebrhoe/PHAROS-SUITE/repos/pharos-ai/infra/cloudflare-live-proxy/.wrangler/cache,cache,,True,0,2026-03-09T05:59:45.311713-04:00,pharos,cache
local,/home/cerebrhoe/PHAROS-SUITE,/home/cerebrhoe/PHAROS-SUITE/repos/pharos-ai/infra/cloudflare-live-proxy/.wrangler/tmp,tmp,,True,0,2026-03-18T05:06:50.536317-04:00,pharos,tmp
local,/home/cerebrhoe/PHAROS-SUITE,/home/cerebrhoe/PHAROS-SUITE/repos/pharos-ai/skills/recursive-governance-method,recursive-governance-method,,True,0,2026-03-11T15:55:50.457995-04:00,pharos,recursive governance method
local,/home/cerebrhoe/PHAROS-SUITE,/home/cerebrhoe/PHAROS-SUITE/repos/pharos-ai/skills/recursive-governance-method/references,references,,True,0,2026-03-11T15:55:50.449995-04:00,pharos,references
local,/home/cerebrhoe/PHAROS-SUITE,/home/cerebrhoe/PHAROS-SUITE/repos/pharos-ai/skills/recursive-governance-method/scripts,scripts,,True,0,2026-03-11T15:55:50.449995-04:00,pharos,scripts
local,/home/cerebrhoe/PHAROS-SUITE,/home/cerebrhoe/PHAROS-SUITE/repos/pharos-ai/skills/recursive-governance-method/agents,agents,,True,0,2026-03-11T15:55:50.457995-04:00,pharos,agents
local,/home/cerebrhoe/PHAROS-SUITE,/home/cerebrhoe/PHAROS-SUITE/repos/pharos-ai/skills/recursive-governance-method/SKILL.md,SKILL.md,.md,False,5579,2026-03-11T15:55:50.433995-04:00,pharos,skill
local,/home/cerebrhoe/PHAROS-SUITE,/home/cerebrhoe/PHAROS-SUITE/repos/pharos-ai/skills/recursive-governance-method/references/method-rules.md,method-rules.md,.md,False,3473,2026-03-11T15:55:50.449995-04:00,pharos,method rules
local,/home/cerebrhoe/PHAROS-SUITE,/home/cerebrhoe/PHAROS-SUITE/repos/pharos-ai/skills/recursive-governance-method/references/templates.md,templates.md,.md,False,2132,2026-03-11T15:55:50.449995-04:00,pharos,templates
local,/home/cerebrhoe/PHAROS-SUITE,/home/cerebrhoe/PHAROS-SUITE/repos/pharos-ai/skills/recursive-governance-method/references/example-prompts.md,example-prompts.md,.md,False,736,2026-03-11T15:55:50.457995-04:00,pharos,example prompts
local,/home/cerebrhoe/PHAROS-SUITE,/home/cerebrhoe/PHAROS-SUITE/repos/pharos-ai/backend/tests,tests,,True,0,2026-04-10T00:56:10.206553-04:00,pharos,tests
local,/home/cerebrhoe/PHAROS-SUITE,/home/cerebrhoe/PHAROS-SUITE/repos/pharos-ai/backend/aurorai,aurorai,,True,0,2026-04-10T00:56:10.210375-04:00,pharos,aurorai
local,/home/cerebrhoe/PHAROS-SUITE,/home/cerebrhoe/PHAROS-SUITE/repos/pharos-ai/backend/compassai,compassai,,True,0,2026-04-10T00:56:10.210375-04:00,pharos,compassai
local,/home/cerebrhoe/PHAROS-SUITE,/home/cerebrhoe/PHAROS-SUITE/repos/pharos-ai/backend/uploads,uploads,,True,0,2026-03-27T21:23:12.571357-04:00,pharos,uploads
local,/home/cerebrhoe/PHAROS-SUITE,/home/cerebrhoe/PHAROS-SUITE/repos/pharos-ai/backend/requirements.txt,requirements.txt,.txt,False,2453,2026-04-08T17:40:45.298174-04:00,pharos,requirements
local,/home/cerebrhoe/PHAROS-SUITE,/home/cerebrhoe/PHAROS-SUITE/repos/pharos-ai/backend/uploads/aurorai,aurorai,,True,0,2026-03-27T21:39:39.652783-04:00,pharos,aurorai
local,/home/cerebrhoe/PHAROS-SUITE,/home/cerebrhoe/PHAROS-SUITE/repos/pharos-ai/docs/MCP-UI Proxy_files,MCP-UI Proxy_files,,True,0,2026-03-25T04:28:21.421817-04:00,pharos,mcp ui proxy files
local,/home/cerebrhoe/PHAROS-SUITE,/home/cerebrhoe/PHAROS-SUITE/repos/pharos-ai/docs/source-packets,source-packets,,True,0,2026-03-25T05:14:38.713016-04:00,pharos,source packets
local,/home/cerebrhoe/PHAROS-SUITE,/home/cerebrhoe/PHAROS-SUITE/repos/pharos-ai/docs/MCP-UI Proxy.html,MCP-UI Proxy.html,.html,False,5532,2026-03-25T04:17:47.637503-04:00,pharos,mcp ui proxy
local,/home/cerebrhoe/PHAROS-SUITE,/home/cerebrhoe/PHAROS-SUITE/repos/pharos-ai/docs/infrafabric-d1-r2-recursive-schema.md,infrafabric-d1-r2-recursive-schema.md,.md,False,14415,2026-03-06T22:03:36.142326-05:00,pharos,infrafabric d1 r2 recursive schema
local,/home/cerebrhoe/PHAROS-SUITE,/home/cerebrhoe/PHAROS-SUITE/repos/pharos-ai/docs/UI_IDENTITY_PATCH.md,UI_IDENTITY_PATCH.md,.md,False,1403,2026-03-25T04:29:26.610488-04:00,pharos,ui identity patch
local,/home/cerebrhoe/PHAROS-SUITE,/home/cerebrhoe/PHAROS-SUITE/repos/pharos-ai/docs/MCP-UI Proxy.source.mcp_apps(4).html,MCP-UI Proxy.source.mcp_apps(4).html,.html,False,5581,2026-03-25T04:28:21.433817-04:00,pharos,mcp ui proxy source mcp apps 4
local,/home/cerebrhoe/PHAROS-SUITE,/home/cerebrhoe/PHAROS-SUITE/repos/pharos-ai/docs/public-backend-plan.md,public-backend-plan.md,.md,False,3512,2026-03-29T18:59:38.447640-04:00,pharos,public backend plan
local,/home/cerebrhoe/PHAROS-SUITE,/home/cerebrhoe/PHAROS-SUITE/repos/pharos-ai/docs/BRAND_ASSET_INGESTION_NOTE.md,BRAND_ASSET_INGESTION_NOTE.md,.md,False,5732,2026-03-25T04:44:07.087359-04:00,pharos,brand asset ingestion note
local,/home/cerebrhoe/PHAROS-SUITE,/home/cerebrhoe/PHAROS-SUITE/repos/pharos-ai/docs/pharos-api-dns-runbook.md,pharos-api-dns-runbook.md,.md,False,1884,2026-03-29T18:58:29.526573-04:00,pharos,pharos api dns runbook
local,/home/cerebrhoe/PHAROS-SUITE,/home/cerebrhoe/PHAROS-SUITE/repos/pharos-ai/docs/pharos-method-vs-infrafabric-method-audit-2026-03-24.md,pharos-method-vs-infrafabric-method-audit-2026-03-24.md,.md,False,7642,2026-03-24T21:47:48.323128-04:00,pharos,pharos method vs infrafabric method audit 2026 03 24
local,/home/cerebrhoe/PHAROS-SUITE,/home/cerebrhoe/PHAROS-SUITE/repos/pharos-ai/docs/pharos-method-voice-optimizer-ingest-2026-03-25.md,pharos-method-voice-optimizer-ingest-2026-03-25.md,.md,False,3269,2026-03-25T05:02:57.738276-04:00,pharos,pharos method voice optimizer ingest 2026 03 25
local,/home/cerebrhoe/PHAROS-SUITE,/home/cerebrhoe/PHAROS-SUITE/repos/pharos-ai/docs/free-first-architecture.md,free-first-architecture.md,.md,False,1761,2026-03-29T18:59:50.939834-04:00,pharos,free first architecture
local,/home/cerebrhoe/PHAROS-SUITE,/home/cerebrhoe/PHAROS-SUITE/repos/pharos-ai/docs/d1-r2-endpoint-mapping.md,d1-r2-endpoint-mapping.md,.md,False,9887,2026-03-22T03:21:05.725983-04:00,pharos,d1 r2 endpoint mapping
local,/home/cerebrhoe/PHAROS-SUITE,/home/cerebrhoe/PHAROS-SUITE/repos/pharos-ai/docs/PHAROS_METHOD_RESET_000.md,PHAROS_METHOD_RESET_000.md,.md,False,1663,2026-03-25T05:29:06.969138-04:00,pharos,pharos method reset 000
local,/home/cerebrhoe/PHAROS-SUITE,/home/cerebrhoe/PHAROS-SUITE/repos/pharos-ai/docs/VISUAL_CANON_NOTE.md,VISUAL_CANON_NOTE.md,.md,False,1145,2026-03-25T04:20:24.468928-04:00,pharos,visual canon note
local,/home/cerebrhoe/PHAROS-SUITE,/home/cerebrhoe/PHAROS-SUITE/repos/pharos-ai/docs/pharos-surface-migration-audit-2026-03-13.md,pharos-surface-migration-audit-2026-03-13.md,.md,False,3441,2026-03-29T19:00:09.900128-04:00,pharos,pharos surface migration audit 2026 03 13
local,/home/cerebrhoe/PHAROS-SUITE,/home/cerebrhoe/PHAROS-SUITE/repos/pharos-ai/docs/pharos-site-messaging-architecture-2026-03-11.md,pharos-site-messaging-architecture-2026-03-11.md,.md,False,12124,2026-03-11T01:34:34.612477-04:00,pharos,pharos site messaging architecture 2026 03 11
local,/home/cerebrhoe/PHAROS-SUITE,/home/cerebrhoe/PHAROS-SUITE/repos/pharos-ai/docs/flowers-mockup.html,flowers-mockup.html,.html,False,7359,2026-03-25T04:39:21.324580-04:00,pharos,flowers mockup
local,/home/cerebrhoe/PHAROS-SUITE,/home/cerebrhoe/PHAROS-SUITE/repos/pharos-ai/docs/pharos-clean-release-candidate-2026-03-14.md,pharos-clean-release-candidate-2026-03-14.md,.md,False,2325,2026-03-14T13:51:45.630584-04:00,pharos,pharos release candidate 2026 03 14
local,/home/cerebrhoe/PHAROS-SUITE,/home/cerebrhoe/PHAROS-SUITE/repos/pharos-ai/docs/principles-alignment-2026-03-06.md,principles-alignment-2026-03-06.md,.md,False,1592,2026-03-06T21:57:10.518245-05:00,pharos,principles alignment 2026 03 06
local,/home/cerebrhoe/PHAROS-SUITE,/home/cerebrhoe/PHAROS-SUITE/repos/pharos-ai/docs/pharos-cloudflare-recovery-checklist-2026-03-14.md,pharos-cloudflare-recovery-checklist-2026-03-14.md,.md,False,4153,2026-03-29T18:59:19.699350-04:00,pharos,pharos cloudflare recovery checklist 2026 03 14
local,/home/cerebrhoe/PHAROS-SUITE,/home/cerebrhoe/PHAROS-SUITE/repos/pharos-ai/docs/PROMPT_PATCH_FOR_FUTURE_AGENTS.md,PROMPT_PATCH_FOR_FUTURE_AGENTS.md,.md,False,1024,2026-03-25T04:20:24.472928-04:00,pharos,prompt patch for future agents
local,/home/cerebrhoe/PHAROS-SUITE,/home/cerebrhoe/PHAROS-SUITE/repos/pharos-ai/docs/govern-suite-operations-runbook.md,govern-suite-operations-runbook.md,.md,False,9487,2026-03-27T21:19:10.593032-04:00,pharos,govern suite operations runbook
local,/home/cerebrhoe/PHAROS-SUITE,/home/cerebrhoe/PHAROS-SUITE/repos/pharos-ai/docs/ASSET_MAP.md,ASSET_MAP.md,.md,False,2370,2026-03-25T04:37:06.171195-04:00,pharos,asset map
local,/home/cerebrhoe/PHAROS-SUITE,/home/cerebrhoe/PHAROS-SUITE/repos/pharos-ai/docs/COM-AUR-specs-v3-infrafabric-implemented-2026-03-06.md,COM-AUR-specs-v3-infrafabric-implemented-2026-03-06.md,.md,False,124543,2026-03-13T00:27:43.633410-04:00,pharos,com aur specs infrafabric implemented 2026 03 06
local,/home/cerebrhoe/PHAROS-SUITE,/home/cerebrhoe/PHAROS-SUITE/repos/pharos-ai/docs/core-narrative-reintegration-note-2026-03-25.md,core-narrative-reintegration-note-2026-03-25.md,.md,False,1655,2026-03-25T05:15:12.825348-04:00,pharos,core narrative reintegration note 2026 03 25
local,/home/cerebrhoe/PHAROS-SUITE,/home/cerebrhoe/PHAROS-SUITE/repos/pharos-ai/docs/LOGO_PRESERVATION_RULES.md,LOGO_PRESERVATION_RULES.md,.md,False,2117,2026-03-25T04:20:24.468928-04:00,pharos,logo preservation rules
local,/home/cerebrhoe/PHAROS-SUITE,/home/cerebrhoe/PHAROS-SUITE/repos/pharos-ai/docs/cloudflare-pages.md,cloudflare-pages.md,.md,False,2297,2026-03-29T19:33:43.625309-04:00,pharos,cloudflare pages
local,/home/cerebrhoe/PHAROS-SUITE,/home/cerebrhoe/PHAROS-SUITE/repos/pharos-ai/docs/MCP-UI Proxy_files/saved_resource(6).html,saved_resource(6).html,.html,False,88569,2026-03-25T04:28:21.401817-04:00,pharos,saved resource 6
local,/home/cerebrhoe/PHAROS-SUITE,/home/cerebrhoe/PHAROS-SUITE/repos/pharos-ai/docs/MCP-UI Proxy_files/saved_resource.html,saved_resource.html,.html,False,81021,2026-03-25T04:28:21.425817-04:00,pharos,saved resource
local,/home/cerebrhoe/PHAROS-SUITE,/home/cerebrhoe/PHAROS-SUITE/repos/pharos-ai/docs/MCP-UI Proxy_files/saved_resource(3).html,saved_resource(3).html,.html,False,86581,2026-03-25T04:28:21.377817-04:00,pharos,saved resource 3
local,/home/cerebrhoe/PHAROS-SUITE,/home/cerebrhoe/PHAROS-SUITE/repos/pharos-ai/docs/MCP-UI Proxy_files/saved_resource(1).html,saved_resource(1).html,.html,False,75421,2026-03-25T04:28:21.349816-04:00,pharos,saved resource 1
local,/home/cerebrhoe/PHAROS-SUITE,/home/cerebrhoe/PHAROS-SUITE/repos/pharos-ai/docs/MCP-UI Proxy_files/saved_resource(7).html,saved_resource(7).html,.html,False,492,2026-03-25T04:28:21.413817-04:00,pharos,saved resource 7
local,/home/cerebrhoe/PHAROS-SUITE,/home/cerebrhoe/PHAROS-SUITE/repos/pharos-ai/docs/MCP-UI Proxy_files/saved_resource(5).html,saved_resource(5).html,.html,False,89453,2026-03-25T04:46:38.852829-04:00,pharos,saved resource 5
local,/home/cerebrhoe/PHAROS-SUITE,/home/cerebrhoe/PHAROS-SUITE/repos/pharos-ai/docs/MCP-UI Proxy_files/saved_resource(2).html,saved_resource(2).html,.html,False,623,2026-03-25T04:28:21.373816-04:00,pharos,saved resource 2
local,/home/cerebrhoe/PHAROS-SUITE,/home/cerebrhoe/PHAROS-SUITE/repos/pharos-ai/docs/MCP-UI Proxy_files/saved_resource(4).html,saved_resource(4).html,.html,False,71643,2026-03-25T04:28:21.385817-04:00,pharos,saved resource 4
local,/home/cerebrhoe/PHAROS-SUITE,/home/cerebrhoe/PHAROS-SUITE/repos/pharos-ai/docs/source-packets/manifests,manifests,,True,0,2026-03-25T06:00:11.770478-04:00,pharos,manifests
local,/home/cerebrhoe/PHAROS-SUITE,/home/cerebrhoe/PHAROS-SUITE/repos/pharos-ai/docs/source-packets/archives,archives,,True,0,2026-03-25T05:36:54.957502-04:00,pharos,archives
local,/home/cerebrhoe/PHAROS-SUITE,/home/cerebrhoe/PHAROS-SUITE/repos/pharos-ai/docs/source-packets/PACKET_REGISTRY.md,PACKET_REGISTRY.md,.md,False,2508,2026-03-25T05:29:02.473096-04:00,pharos,packet registry
local,/home/cerebrhoe/PHAROS-SUITE,/home/cerebrhoe/PHAROS-SUITE/repos/pharos-ai/docs/source-packets/manifests/LAYOUT_POLICY.md,LAYOUT_POLICY.md,.md,False,394,2026-03-25T05:14:38.713016-04:00,pharos,layout policy
local,/home/cerebrhoe/PHAROS-SUITE,/home/cerebrhoe/PHAROS-SUITE/repos/pharos-ai/docs/source-packets/manifests/METHOD_REPOS_NAME_FOLDER_CROSSVERIFY_2026-03-25.md,METHOD_REPOS_NAME_FOLDER_CROSSVERIFY_2026-03-25.md,.md,False,1760,2026-03-25T06:00:11.770478-04:00,pharos,method repos name folder crossverify 2026 03 25
local,/home/cerebrhoe/PHAROS-SUITE,/home/cerebrhoe/PHAROS-SUITE/repos/pharos-ai/docs/source-packets/manifests/METHOD_RELEVANT_DOCUMENTS_TRACE_2026-03-25.md,METHOD_RELEVANT_DOCUMENTS_TRACE_2026-03-25.md,.md,False,9417,2026-03-25T05:39:24.090886-04:00,pharos,method relevant documents trace 2026 03 25
local,/home/cerebrhoe/PHAROS-SUITE,/home/cerebrhoe/PHAROS-SUITE/repos/pharos-ai/docs/source-packets/manifests/NOUVEAU_DOSSIER3_TIMELINE_TRIAGE_2026-03-25.md,NOUVEAU_DOSSIER3_TIMELINE_TRIAGE_2026-03-25.md,.md,False,29095,2026-03-25T05:50:29.433103-04:00,pharos,nouveau dossier3 timeline triage 2026 03 25
local,/home/cerebrhoe/PHAROS-SUITE,/home/cerebrhoe/PHAROS-SUITE/repos/pharos-ai/docs/source-packets/manifests/PHAROS_METHOD_REPOSITORY_INGEST_2026-03-25.md,PHAROS_METHOD_REPOSITORY_INGEST_2026-03-25.md,.md,False,928,2026-03-25T05:37:21.125758-04:00,pharos,pharos method repository ingest 2026 03 25
local,/home/cerebrhoe/PHAROS-SUITE,/home/cerebrhoe/PHAROS-SUITE/repos/pharos-ai/docs/source-packets/manifests/NOUVEAU_DOSSIER3_NAME_FOLDER_CROSSVERIFY_2026-03-25.md,NOUVEAU_DOSSIER3_NAME_FOLDER_CROSSVERIFY_2026-03-25.md,.md,False,22189,2026-03-25T05:54:43.399448-04:00,pharos,nouveau dossier3 name folder crossverify 2026 03 25
local,/home/cerebrhoe/PHAROS-SUITE,/home/cerebrhoe/PHAROS-SUITE/repos/pharos-ai/docs/source-packets/manifests/NOUVEAU_DOSSIER3_TIMELINE_INTERNAL_DATE_SIGNALS_2026-03-25.md,NOUVEAU_DOSSIER3_TIMELINE_INTERNAL_DATE_SIGNALS_2026-03-25.md,.md,False,2333,2026-03-25T05:51:35.925721-04:00,pharos,nouveau dossier3 timeline internal date signals 2026 03 25
local,/home/cerebrhoe/PHAROS-SUITE,/home/cerebrhoe/PHAROS-SUITE/repos/pharos-ai/docs/source-packets/manifests/REALIGNMENT_SUMMARY_2026-03-25.md,REALIGNMENT_SUMMARY_2026-03-25.md,.md,False,222,2026-03-25T05:14:38.713016-04:00,pharos,realignment summary 2026 03 25
local,/home/cerebrhoe/PHAROS-SUITE,/home/cerebrhoe/PHAROS-SUITE/repos/pharos-ai/pharos_governance_suite/compass_ai,compass_ai,,True,0,2026-03-08T11:27:50.505160-04:00,pharos,compass ai
local,/home/cerebrhoe/PHAROS-SUITE,/home/cerebrhoe/PHAROS-SUITE/repos/pharos-ai/pharos_governance_suite/README.md,README.md,.md,False,796,2026-03-18T02:33:20.542770-04:00,pharos,readme
local,/home/cerebrhoe/PHAROS-SUITE,/home/cerebrhoe/PHAROS-SUITE/repos/pharos-ai/pharos_governance_suite/compass_ai/CompassAI.html,CompassAI.html,.html,False,32921,2026-03-13T00:27:38.053443-04:00,pharos,compassai
local,/home/cerebrhoe/PHAROS-SUITE,/home/cerebrhoe/PHAROS-SUITE/repos/pharos-ai/.tmp/fake-db-storage,fake-db-storage,,True,0,2026-03-20T06:22:26.498531-04:00,pharos,fake db storage
local,/home/cerebrhoe/PHAROS-SUITE,/home/cerebrhoe/PHAROS-SUITE/repos/pharos-ai/memory/PRD.md,PRD.md,.md,False,5690,2026-03-05T20:30:46.217762-05:00,pharos,prd
local,/home/cerebrhoe/PHAROS-SUITE,/home/cerebrhoe/PHAROS-SUITE/repos/pharos-ai/memory/cloudflare-readiness-2026-03-06.md,cloudflare-readiness-2026-03-06.md,.md,False,1443,2026-03-09T06:05:00.851647-04:00,pharos,cloudflare readiness 2026 03 06
local,/home/cerebrhoe/PHAROS-SUITE,/home/cerebrhoe/PHAROS-SUITE/repos/pharos-ai/memory/module-map-com-aur-v0-1.md,module-map-com-aur-v0-1.md,.md,False,7155,2026-03-06T10:31:53.113730-05:00,pharos,module map com aur 1
local,/home/cerebrhoe/PHAROS-SUITE,/home/cerebrhoe/PHAROS-SUITE/repos/pharos-ai/test_reports/pytest,pytest,,True,0,2026-03-18T05:24:34.964039-04:00,pharos,pytest
local,/home/cerebrhoe/PHAROS-SUITE,/home/cerebrhoe/PHAROS-SUITE/repos/pharos-ai/frontend/functions,functions,,True,0,2026-03-06T19:52:39.018425-05:00,pharos,functions
local,/home/cerebrhoe/PHAROS-SUITE,/home/cerebrhoe/PHAROS-SUITE/repos/pharos-ai/frontend/output,output,,True,0,2026-03-19T10:57:24.342937-04:00,pharos,output
local,/home/cerebrhoe/PHAROS-SUITE,/home/cerebrhoe/PHAROS-SUITE/repos/pharos-ai/frontend/public,public,,True,0,2026-04-08T17:41:35.511322-04:00,pharos,public
local,/home/cerebrhoe/PHAROS-SUITE,/home/cerebrhoe/PHAROS-SUITE/repos/pharos-ai/frontend/src,src,,True,0,2026-03-26T05:49:12.058239-04:00,pharos,src
local,/home/cerebrhoe/PHAROS-SUITE,/home/cerebrhoe/PHAROS-SUITE/repos/pharos-ai/frontend/build,build,,True,0,2026-03-29T19:34:29.721658-04:00,pharos,build
local,/home/cerebrhoe/PHAROS-SUITE,/home/cerebrhoe/PHAROS-SUITE/repos/pharos-ai/frontend/.wrangler,.wrangler,,True,0,2026-03-09T08:33:25.989706-04:00,pharos,wrangler
local,/home/cerebrhoe/PHAROS-SUITE,/home/cerebrhoe/PHAROS-SUITE/repos/pharos-ai/frontend/plugins,plugins,,True,0,2026-03-05T20:30:45.277761-05:00,pharos,plugins
local,/home/cerebrhoe/PHAROS-SUITE,/home/cerebrhoe/PHAROS-SUITE/repos/pharos-ai/frontend/scripts,scripts,,True,0,2026-03-18T00:35:26.172637-04:00,pharos,scripts
local,/home/cerebrhoe/PHAROS-SUITE,/home/cerebrhoe/PHAROS-SUITE/repos/pharos-ai/frontend/REBUILD_NOTES.md,REBUILD_NOTES.md,.md,False,3337,2026-03-26T05:52:08.332513-04:00,pharos,rebuild notes
local,/home/cerebrhoe/PHAROS-SUITE,/home/cerebrhoe/PHAROS-SUITE/repos/pharos-ai/frontend/README.md,README.md,.md,False,982,2026-03-29T19:33:43.621309-04:00,pharos,readme
local,/home/cerebrhoe/PHAROS-SUITE,/home/cerebrhoe/PHAROS-SUITE/repos/pharos-ai/frontend/REBUILD_PLAN.md,REBUILD_PLAN.md,.md,False,2700,2026-03-26T05:37:39.968319-04:00,pharos,rebuild plan
local,/home/cerebrhoe/PHAROS-SUITE,/home/cerebrhoe/PHAROS-SUITE/repos/pharos-ai/frontend/output/playwright,playwright,,True,0,2026-03-20T06:26:02.580717-04:00,pharos,playwright
local,/home/cerebrhoe/PHAROS-SUITE,/home/cerebrhoe/PHAROS-SUITE/repos/pharos-ai/frontend/public/images,images,,True,0,2026-03-28T23:54:19.997104-04:00,pharos,images
local,/home/cerebrhoe/PHAROS-SUITE,/home/cerebrhoe/PHAROS-SUITE/repos/pharos-ai/frontend/public/robots.txt,robots.txt,.txt,False,153,2026-03-13T22:58:07.441734-04:00,pharos,robots
local,/home/cerebrhoe/PHAROS-SUITE,/home/cerebrhoe/PHAROS-SUITE/repos/pharos-ai/frontend/public/method-project-phase-results.html,method-project-phase-results.html,.html,False,21726,2026-03-28T23:28:14.877234-04:00,pharos,method project phase results
local,/home/cerebrhoe/PHAROS-SUITE,/home/cerebrhoe/PHAROS-SUITE/repos/pharos-ai/frontend/public/03_TOPOLOGY_THESEUS_AURYN_HOPF_LIMIT_MAP.md,03_TOPOLOGY_THESEUS_AURYN_HOPF_LIMIT_MAP.md,.md,False,6841,2026-03-28T23:28:14.897235-04:00,pharos,03 topology theseus auryn hopf limit map
local,/home/cerebrhoe/PHAROS-SUITE,/home/cerebrhoe/PHAROS-SUITE/repos/pharos-ai/frontend/public/index.html,index.html,.html,False,11047,2026-03-22T03:21:05.729983-04:00,pharos,index
local,/home/cerebrhoe/PHAROS-SUITE,/home/cerebrhoe/PHAROS-SUITE/repos/pharos-ai/frontend/src/translations,translations,,True,0,2026-03-05T20:30:46.217762-05:00,pharos,translations
local,/home/cerebrhoe/PHAROS-SUITE,/home/cerebrhoe/PHAROS-SUITE/repos/pharos-ai/frontend/src/components,components,,True,0,2026-03-22T03:21:05.729983-04:00,pharos,components
local,/home/cerebrhoe/PHAROS-SUITE,/home/cerebrhoe/PHAROS-SUITE/repos/pharos-ai/frontend/src/assets,assets,,True,0,2026-03-29T18:09:24.838639-04:00,pharos,assets
local,/home/cerebrhoe/PHAROS-SUITE,/home/cerebrhoe/PHAROS-SUITE/repos/pharos-ai/frontend/src/data,data,,True,0,2026-03-26T03:47:49.071149-04:00,pharos,data
local,/home/cerebrhoe/PHAROS-SUITE,/home/cerebrhoe/PHAROS-SUITE/repos/pharos-ai/frontend/src/hooks,hooks,,True,0,2026-03-05T20:30:46.197762-05:00,pharos,hooks
local,/home/cerebrhoe/PHAROS-SUITE,/home/cerebrhoe/PHAROS-SUITE/repos/pharos-ai/frontend/src/lib,lib,,True,0,2026-03-22T03:21:05.729983-04:00,pharos,lib
local,/home/cerebrhoe/PHAROS-SUITE,/home/cerebrhoe/PHAROS-SUITE/repos/pharos-ai/frontend/src/pages,pages,,True,0,2026-03-29T18:10:31.490593-04:00,pharos,pages
local,/home/cerebrhoe/PHAROS-SUITE,/home/cerebrhoe/PHAROS-SUITE/repos/pharos-ai/frontend/src/context,context,,True,0,2026-03-05T20:30:46.193762-05:00,pharos,context
local,/home/cerebrhoe/PHAROS-SUITE,/home/cerebrhoe/PHAROS-SUITE/repos/pharos-ai/frontend/src/components/ui,ui,,True,0,2026-03-12T04:16:57.761608-04:00,pharos,ui
local,/home/cerebrhoe/PHAROS-SUITE,/home/cerebrhoe/PHAROS-SUITE/repos/pharos-ai/frontend/src/components/admin,admin,,True,0,2026-03-18T04:54:29.560513-04:00,pharos,admin
local,/home/cerebrhoe/PHAROS-SUITE,/home/cerebrhoe/PHAROS-SUITE/repos/pharos-ai/frontend/src/assets/logos,logos,,True,0,2026-03-16T03:20:51.611589-04:00,pharos,logos
local,/home/cerebrhoe/PHAROS-SUITE,/home/cerebrhoe/PHAROS-SUITE/repos/pharos-ai/frontend/build/trust,trust,,True,0,2026-03-29T19:34:29.713658-04:00,pharos,trust
local,/home/cerebrhoe/PHAROS-SUITE,/home/cerebrhoe/PHAROS-SUITE/repos/pharos-ai/frontend/build/contact,contact,,True,0,2026-03-29T19:34:29.705658-04:00,pharos,contact
local,/home/cerebrhoe/PHAROS-SUITE,/home/cerebrhoe/PHAROS-SUITE/repos/pharos-ai/frontend/build/services,services,,True,0,2026-03-29T19:34:29.721658-04:00,pharos,services
local,/home/cerebrhoe/PHAROS-SUITE,/home/cerebrhoe/PHAROS-SUITE/repos/pharos-ai/frontend/build/transparency,transparency,,True,0,2026-03-29T19:34:29.713658-04:00,pharos,transparency
local,/home/cerebrhoe/PHAROS-SUITE,/home/cerebrhoe/PHAROS-SUITE/repos/pharos-ai/frontend/build/methods,methods,,True,0,2026-03-29T19:34:29.709658-04:00,pharos,methods
local,/home/cerebrhoe/PHAROS-SUITE,/home/cerebrhoe/PHAROS-SUITE/repos/pharos-ai/frontend/build/faq,faq,,True,0,2026-03-29T19:34:29.717659-04:00,pharos,faq
local,/home/cerebrhoe/PHAROS-SUITE,/home/cerebrhoe/PHAROS-SUITE/repos/pharos-ai/frontend/build/assurance,assurance,,True,0,2026-03-29T19:34:29.713658-04:00,pharos,assurance
local,/home/cerebrhoe/PHAROS-SUITE,/home/cerebrhoe/PHAROS-SUITE/repos/pharos-ai/frontend/build/portal,portal,,True,0,2026-03-29T19:34:29.721658-04:00,pharos,portal
local,/home/cerebrhoe/PHAROS-SUITE,/home/cerebrhoe/PHAROS-SUITE/repos/pharos-ai/frontend/build/research,research,,True,0,2026-03-29T19:34:29.709658-04:00,pharos,research
local,/home/cerebrhoe/PHAROS-SUITE,/home/cerebrhoe/PHAROS-SUITE/repos/pharos-ai/frontend/build/images,images,,True,0,2026-03-29T19:34:04.121464-04:00,pharos,images
local,/home/cerebrhoe/PHAROS-SUITE,/home/cerebrhoe/PHAROS-SUITE/repos/pharos-ai/frontend/build/auditability,auditability,,True,0,2026-03-29T19:34:29.717659-04:00,pharos,auditability
local,/home/cerebrhoe/PHAROS-SUITE,/home/cerebrhoe/PHAROS-SUITE/repos/pharos-ai/frontend/build/static,static,,True,0,2026-03-29T19:34:29.509657-04:00,pharos,static
local,/home/cerebrhoe/PHAROS-SUITE,/home/cerebrhoe/PHAROS-SUITE/repos/pharos-ai/frontend/build/tool,tool,,True,0,2026-03-29T19:34:29.717659-04:00,pharos,tool
local,/home/cerebrhoe/PHAROS-SUITE,/home/cerebrhoe/PHAROS-SUITE/repos/pharos-ai/frontend/build/governance,governance,,True,0,2026-03-29T19:34:29.705658-04:00,pharos,governance
local,/home/cerebrhoe/PHAROS-SUITE,/home/cerebrhoe/PHAROS-SUITE/repos/pharos-ai/frontend/build/connect,connect,,True,0,2026-03-29T19:34:29.705658-04:00,pharos,connect
local,/home/cerebrhoe/PHAROS-SUITE,/home/cerebrhoe/PHAROS-SUITE/repos/pharos-ai/frontend/build/observatory,observatory,,True,0,2026-03-29T19:34:29.709658-04:00,pharos,observatory
local,/home/cerebrhoe/PHAROS-SUITE,/home/cerebrhoe/PHAROS-SUITE/repos/pharos-ai/frontend/build/about,about,,True,0,2026-03-29T19:34:29.713658-04:00,pharos,about
local,/home/cerebrhoe/PHAROS-SUITE,/home/cerebrhoe/PHAROS-SUITE/repos/pharos-ai/frontend/build/robots.txt,robots.txt,.txt,False,153,2026-03-29T19:34:04.129464-04:00,pharos,robots
local,/home/cerebrhoe/PHAROS-SUITE,/home/cerebrhoe/PHAROS-SUITE/repos/pharos-ai/frontend/build/method-project-phase-results.html,method-project-phase-results.html,.html,False,21726,2026-03-29T19:34:04.125464-04:00,pharos,method project phase results
local,/home/cerebrhoe/PHAROS-SUITE,/home/cerebrhoe/PHAROS-SUITE/repos/pharos-ai/frontend/build/03_TOPOLOGY_THESEUS_AURYN_HOPF_LIMIT_MAP.md,03_TOPOLOGY_THESEUS_AURYN_HOPF_LIMIT_MAP.md,.md,False,6841,2026-03-29T19:34:04.121464-04:00,pharos,03 topology theseus auryn hopf limit map
local,/home/cerebrhoe/PHAROS-SUITE,/home/cerebrhoe/PHAROS-SUITE/repos/pharos-ai/frontend/build/index.html,index.html,.html,False,9143,2026-03-29T19:34:29.509657-04:00,pharos,index
local,/home/cerebrhoe/PHAROS-SUITE,/home/cerebrhoe/PHAROS-SUITE/repos/pharos-ai/frontend/build/trust/index.html,index.html,.html,False,9584,2026-03-29T19:34:29.713658-04:00,pharos,index
local,/home/cerebrhoe/PHAROS-SUITE,/home/cerebrhoe/PHAROS-SUITE/repos/pharos-ai/frontend/build/contact/index.html,index.html,.html,False,9522,2026-03-29T19:34:29.705658-04:00,pharos,index
local,/home/cerebrhoe/PHAROS-SUITE,/home/cerebrhoe/PHAROS-SUITE/repos/pharos-ai/frontend/build/services/menu,menu,,True,0,2026-03-29T19:34:29.721658-04:00,pharos,menu
local,/home/cerebrhoe/PHAROS-SUITE,/home/cerebrhoe/PHAROS-SUITE/repos/pharos-ai/frontend/build/services/index.html,index.html,.html,False,9682,2026-03-29T19:34:29.701658-04:00,pharos,index
local,/home/cerebrhoe/PHAROS-SUITE,/home/cerebrhoe/PHAROS-SUITE/repos/pharos-ai/frontend/build/services/menu/index.html,index.html,.html,False,9454,2026-03-29T19:34:29.721658-04:00,pharos,index
local,/home/cerebrhoe/PHAROS-SUITE,/home/cerebrhoe/PHAROS-SUITE/repos/pharos-ai/frontend/build/transparency/index.html,index.html,.html,False,9619,2026-03-29T19:34:29.713658-04:00,pharos,index
local,/home/cerebrhoe/PHAROS-SUITE,/home/cerebrhoe/PHAROS-SUITE/repos/pharos-ai/frontend/build/methods/index.html,index.html,.html,False,9555,2026-03-29T19:34:29.709658-04:00,pharos,index
local,/home/cerebrhoe/PHAROS-SUITE,/home/cerebrhoe/PHAROS-SUITE/repos/pharos-ai/frontend/build/faq/index.html,index.html,.html,False,9416,2026-03-29T19:34:29.717659-04:00,pharos,index
local,/home/cerebrhoe/PHAROS-SUITE,/home/cerebrhoe/PHAROS-SUITE/repos/pharos-ai/frontend/build/assurance/index.html,index.html,.html,False,9604,2026-03-29T19:34:29.713658-04:00,pharos,index
local,/home/cerebrhoe/PHAROS-SUITE,/home/cerebrhoe/PHAROS-SUITE/repos/pharos-ai/frontend/build/portal/aurorai,aurorai,,True,0,2026-03-29T19:34:29.721658-04:00,pharos,aurorai
local,/home/cerebrhoe/PHAROS-SUITE,/home/cerebrhoe/PHAROS-SUITE/repos/pharos-ai/frontend/build/portal/compassai,compassai,,True,0,2026-03-29T19:34:29.721658-04:00,pharos,compassai
local,/home/cerebrhoe/PHAROS-SUITE,/home/cerebrhoe/PHAROS-SUITE/repos/pharos-ai/frontend/build/portal/aurorai/index.html,index.html,.html,False,9485,2026-03-29T19:34:29.721658-04:00,pharos,index
local,/home/cerebrhoe/PHAROS-SUITE,/home/cerebrhoe/PHAROS-SUITE/repos/pharos-ai/frontend/build/portal/compassai/index.html,index.html,.html,False,9500,2026-03-29T19:34:29.721658-04:00,pharos,index
local,/home/cerebrhoe/PHAROS-SUITE,/home/cerebrhoe/PHAROS-SUITE/repos/pharos-ai/frontend/build/research/index.html,index.html,.html,False,9515,2026-03-29T19:34:29.709658-04:00,pharos,index
local,/home/cerebrhoe/PHAROS-SUITE,/home/cerebrhoe/PHAROS-SUITE/repos/pharos-ai/frontend/build/auditability/index.html,index.html,.html,False,9619,2026-03-29T19:34:29.717659-04:00,pharos,index
local,/home/cerebrhoe/PHAROS-SUITE,/home/cerebrhoe/PHAROS-SUITE/repos/pharos-ai/frontend/build/static/css,css,,True,0,2026-03-29T19:34:29.521657-04:00,pharos,css
local,/home/cerebrhoe/PHAROS-SUITE,/home/cerebrhoe/PHAROS-SUITE/repos/pharos-ai/frontend/build/static/js,js,,True,0,2026-03-29T19:34:29.521657-04:00,pharos,js
local,/home/cerebrhoe/PHAROS-SUITE,/home/cerebrhoe/PHAROS-SUITE/repos/pharos-ai/frontend/build/static/media,media,,True,0,2026-03-29T19:34:29.509657-04:00,pharos,media
local,/home/cerebrhoe/PHAROS-SUITE,/home/cerebrhoe/PHAROS-SUITE/repos/pharos-ai/frontend/build/static/js/main.e7c5c0ae.js.LICENSE.txt,main.e7c5c0ae.js.LICENSE.txt,.txt,False,1826,2026-03-29T19:34:29.521657-04:00,pharos,main e7c5c0ae js license
local,/home/cerebrhoe/PHAROS-SUITE,/home/cerebrhoe/PHAROS-SUITE/repos/pharos-ai/frontend/build/tool/index.html,index.html,.html,False,9558,2026-03-29T19:34:29.717659-04:00,pharos,index
local,/home/cerebrhoe/PHAROS-SUITE,/home/cerebrhoe/PHAROS-SUITE/repos/pharos-ai/frontend/build/governance/index.html,index.html,.html,False,9680,2026-03-29T19:34:29.705658-04:00,pharos,index
local,/home/cerebrhoe/PHAROS-SUITE,/home/cerebrhoe/PHAROS-SUITE/repos/pharos-ai/frontend/build/connect/index.html,index.html,.html,False,9522,2026-03-29T19:34:29.705658-04:00,pharos,index
local,/home/cerebrhoe/PHAROS-SUITE,/home/cerebrhoe/PHAROS-SUITE/repos/pharos-ai/frontend/build/observatory/index.html,index.html,.html,False,9530,2026-03-29T19:34:29.709658-04:00,pharos,index
local,/home/cerebrhoe/PHAROS-SUITE,/home/cerebrhoe/PHAROS-SUITE/repos/pharos-ai/frontend/build/about/conceptual-method,conceptual-method,,True,0,2026-03-29T19:34:29.713658-04:00,pharos,conceptual method
local,/home/cerebrhoe/PHAROS-SUITE,/home/cerebrhoe/PHAROS-SUITE/repos/pharos-ai/frontend/build/about/index.html,index.html,.html,False,9712,2026-03-29T19:34:29.709658-04:00,pharos,index
local,/home/cerebrhoe/PHAROS-SUITE,/home/cerebrhoe/PHAROS-SUITE/repos/pharos-ai/frontend/build/about/conceptual-method/index.html,index.html,.html,False,9612,2026-03-29T19:34:29.713658-04:00,pharos,index
local,/home/cerebrhoe/PHAROS-SUITE,/home/cerebrhoe/PHAROS-SUITE/repos/pharos-ai/frontend/.wrangler/tmp,tmp,,True,0,2026-03-29T18:12:47.186497-04:00,pharos,tmp
local,/home/cerebrhoe/PHAROS-SUITE,/home/cerebrhoe/PHAROS-SUITE/repos/pharos-ai/frontend/plugins/health-check,health-check,,True,0,2026-03-05T20:30:45.273761-05:00,pharos,health check
local,/home/cerebrhoe/PHAROS-SUITE,/home/cerebrhoe/PHAROS-SUITE/repos/pharos-ai/frontend/plugins/visual-edits,visual-edits,,True,0,2026-03-05T20:30:45.277761-05:00,pharos,visual edits
local,/home/cerebrhoe/PHAROS-SUITE,/home/cerebrhoe/PHAROS-SUITE/repos/pharos-suite/infra,infra,,True,0,2026-04-02T05:09:34.543699-04:00,pharos,infra
local,/home/cerebrhoe/PHAROS-SUITE,/home/cerebrhoe/PHAROS-SUITE/repos/pharos-suite/output,output,,True,0,2026-03-27T09:47:00.576567-04:00,pharos,output
local,/home/cerebrhoe/PHAROS-SUITE,/home/cerebrhoe/PHAROS-SUITE/repos/pharos-suite/shared,shared,,True,0,2026-03-29T23:30:07.269830-04:00,pharos,shared
local,/home/cerebrhoe/PHAROS-SUITE,/home/cerebrhoe/PHAROS-SUITE/repos/pharos-suite/pharos_integrations,pharos_integrations,,True,0,2026-04-10T00:56:10.218017-04:00,pharos,pharos integrations
local,/home/cerebrhoe/PHAROS-SUITE,/home/cerebrhoe/PHAROS-SUITE/repos/pharos-suite/backend,backend,,True,0,2026-04-10T00:56:10.218017-04:00,pharos,backend
local,/home/cerebrhoe/PHAROS-SUITE,/home/cerebrhoe/PHAROS-SUITE/repos/pharos-suite/pharos_mcp,pharos_mcp,,True,0,2026-04-11T22:42:44.174806-04:00,pharos,pharos mcp
local,/home/cerebrhoe/PHAROS-SUITE,/home/cerebrhoe/PHAROS-SUITE/repos/pharos-suite/PHAROS-NEWLOOK,PHAROS-NEWLOOK,,True,0,2026-04-16T08:58:47.879166-04:00,pharos,pharos newlook
local,/home/cerebrhoe/PHAROS-SUITE,/home/cerebrhoe/PHAROS-SUITE/repos/pharos-suite/tests,tests,,True,0,2026-03-08T16:28:24.498383-04:00,pharos,tests
local,/home/cerebrhoe/PHAROS-SUITE,/home/cerebrhoe/PHAROS-SUITE/repos/pharos-suite/docs,docs,,True,0,2026-04-11T19:33:37.203797-04:00,pharos,docs
local,/home/cerebrhoe/PHAROS-SUITE,/home/cerebrhoe/PHAROS-SUITE/repos/pharos-suite/aurorai,aurorai,,True,0,2026-04-13T12:20:12.732441-04:00,pharos,aurorai
local,/home/cerebrhoe/PHAROS-SUITE,/home/cerebrhoe/PHAROS-SUITE/repos/pharos-suite/.github,.github,,True,0,2026-04-08T17:42:00.868600-04:00,pharos,github
local,/home/cerebrhoe/PHAROS-SUITE,/home/cerebrhoe/PHAROS-SUITE/repos/pharos-suite/scripts,scripts,,True,0,2026-03-30T17:25:36.746810-04:00,pharos,scripts
local,/home/cerebrhoe/PHAROS-SUITE,/home/cerebrhoe/PHAROS-SUITE/repos/pharos-suite/memory,memory,,True,0,2026-03-27T09:45:32.198917-04:00,pharos,memory
local,/home/cerebrhoe/PHAROS-SUITE,/home/cerebrhoe/PHAROS-SUITE/repos/pharos-suite/compassai,compassai,,True,0,2026-04-13T12:21:14.922201-04:00,pharos,compassai
local,/home/cerebrhoe/PHAROS-SUITE,/home/cerebrhoe/PHAROS-SUITE/repos/pharos-suite/frontend,frontend,,True,0,2026-04-11T20:19:34.010904-04:00,pharos,frontend
local,/home/cerebrhoe/PHAROS-SUITE,/home/cerebrhoe/PHAROS-SUITE/repos/pharos-suite/LINKEDIN-PROFILE-CONTENT.md,LINKEDIN-PROFILE-CONTENT.md,.md,False,11373,2026-04-06T20:25:48.367416-04:00,pharos,linkedin profile content
local,/home/cerebrhoe/PHAROS-SUITE,/home/cerebrhoe/PHAROS-SUITE/repos/pharos-suite/LINKEDIN-API-SETUP.md,LINKEDIN-API-SETUP.md,.md,False,11934,2026-04-06T19:37:32.713283-04:00,pharos,linkedin api setup
local,/home/cerebrhoe/PHAROS-SUITE,/home/cerebrhoe/PHAROS-SUITE/repos/pharos-suite/LINKEDIN-ENGAGEMENT-LOG.md,LINKEDIN-ENGAGEMENT-LOG.md,.md,False,6149,2026-04-06T19:37:50.651926-04:00,pharos,linkedin engagement log
local,/home/cerebrhoe/PHAROS-SUITE,/home/cerebrhoe/PHAROS-SUITE/repos/pharos-suite/progress.md,progress.md,.md,False,33112,2026-03-31T23:13:41.612911-04:00,pharos,progress
local,/home/cerebrhoe/PHAROS-SUITE,/home/cerebrhoe/PHAROS-SUITE/repos/pharos-suite/README.md,README.md,.md,False,1227,2026-04-16T01:15:06.857539-04:00,pharos,readme
local,/home/cerebrhoe/PHAROS-SUITE,/home/cerebrhoe/PHAROS-SUITE/repos/pharos-suite/RUNTIME.md,RUNTIME.md,.md,False,2859,2026-04-11T19:33:55.335972-04:00,pharos,runtime
local,/home/cerebrhoe/PHAROS-SUITE,/home/cerebrhoe/PHAROS-SUITE/repos/pharos-suite/CHANGELOG.md,CHANGELOG.md,.md,False,1040,2026-03-27T09:45:30.258881-04:00,pharos,changelog
local,/home/cerebrhoe/PHAROS-SUITE,/home/cerebrhoe/PHAROS-SUITE/repos/pharos-suite/test_result.md,test_result.md,.md,False,10524,2026-03-27T09:45:32.246918-04:00,pharos,test result
local,/home/cerebrhoe/PHAROS-SUITE,/home/cerebrhoe/PHAROS-SUITE/repos/pharos-suite/design_guidelines.md,design_guidelines.md,.md,False,1100,2026-03-27T09:45:30.986895-04:00,pharos,design guidelines
local,/home/cerebrhoe/PHAROS-SUITE,/home/cerebrhoe/PHAROS-SUITE/repos/pharos-suite/PHAROS-preview-status.md,PHAROS-preview-status.md,.md,False,898,2026-03-30T17:25:36.742810-04:00,pharos,pharos preview status
local,/home/cerebrhoe/PHAROS-SUITE,/home/cerebrhoe/PHAROS-SUITE/repos/pharos-suite/LINKEDIN-CALENDAR-APRIL-2026.md,LINKEDIN-CALENDAR-APRIL-2026.md,.md,False,12088,2026-04-06T19:10:36.239895-04:00,pharos,linkedin calendar april 2026
local,/home/cerebrhoe/PHAROS-SUITE,/home/cerebrhoe/PHAROS-SUITE/repos/pharos-suite/EMAIL-INFRA.md,EMAIL-INFRA.md,.md,False,1967,2026-03-30T16:22:22.144317-04:00,pharos,email infra
local,/home/cerebrhoe/PHAROS-SUITE,/home/cerebrhoe/PHAROS-SUITE/repos/pharos-suite/infra/d1,d1,,True,0,2026-03-27T09:45:32.154917-04:00,pharos,d1
local,/home/cerebrhoe/PHAROS-SUITE,/home/cerebrhoe/PHAROS-SUITE/repos/pharos-suite/infra/cloudflare-live-proxy,cloudflare-live-proxy,,True,0,2026-03-27T09:45:32.134916-04:00,pharos,cloudflare live proxy
local,/home/cerebrhoe/PHAROS-SUITE,/home/cerebrhoe/PHAROS-SUITE/repos/pharos-suite/infra/pharos-api-worker,pharos-api-worker,,True,0,2026-04-09T00:41:13.115348-04:00,pharos,pharos api worker
local,/home/cerebrhoe/PHAROS-SUITE,/home/cerebrhoe/PHAROS-SUITE/repos/pharos-suite/infra/d1/README.md,README.md,.md,False,1047,2026-03-27T09:45:32.154917-04:00,pharos,readme
local,/home/cerebrhoe/PHAROS-SUITE,/home/cerebrhoe/PHAROS-SUITE/repos/pharos-suite/infra/cloudflare-live-proxy/src,src,,True,0,2026-03-27T09:45:32.130916-04:00,pharos,src
local,/home/cerebrhoe/PHAROS-SUITE,/home/cerebrhoe/PHAROS-SUITE/repos/pharos-suite/infra/pharos-api-worker/src,src,,True,0,2026-04-09T00:07:02.729143-04:00,pharos,src
local,/home/cerebrhoe/PHAROS-SUITE,/home/cerebrhoe/PHAROS-SUITE/repos/pharos-suite/infra/pharos-api-worker/.wrangler,.wrangler,,True,0,2026-04-02T05:10:38.384851-04:00,pharos,wrangler
local,/home/cerebrhoe/PHAROS-SUITE,/home/cerebrhoe/PHAROS-SUITE/repos/pharos-suite/infra/pharos-api-worker/README.md,README.md,.md,False,1646,2026-04-02T05:09:34.547699-04:00,pharos,readme
local,/home/cerebrhoe/PHAROS-SUITE,/home/cerebrhoe/PHAROS-SUITE/repos/pharos-suite/infra/pharos-api-worker/.wrangler/tmp,tmp,,True,0,2026-04-09T00:41:25.811636-04:00,pharos,tmp
local,/home/cerebrhoe/PHAROS-SUITE,/home/cerebrhoe/PHAROS-SUITE/repos/pharos-suite/output/audit,audit,,True,0,2026-03-27T09:43:59.729186-04:00,pharos,audit
local,/home/cerebrhoe/PHAROS-SUITE,/home/cerebrhoe/PHAROS-SUITE/repos/pharos-suite/output/audit/phase3_1_name_audit_20260327-094359.txt,phase3_1_name_audit_20260327-094359.txt,.txt,False,20794,2026-03-27T09:43:59.761187-04:00,pharos,phase3 1 name audit 20260327 094359
local,/home/cerebrhoe/PHAROS-SUITE,/home/cerebrhoe/PHAROS-SUITE/repos/pharos-suite/shared/types,types,,True,0,2026-04-16T01:15:06.841452-04:00,pharos,types
local,/home/cerebrhoe/PHAROS-SUITE,/home/cerebrhoe/PHAROS-SUITE/repos/pharos-suite/shared/constants,constants,,True,0,2026-03-29T23:33:01.869720-04:00,pharos,constants
local,/home/cerebrhoe/PHAROS-SUITE,/home/cerebrhoe/PHAROS-SUITE/repos/pharos-suite/shared/errors,errors,,True,0,2026-03-29T23:33:16.081711-04:00,pharos,errors
local,/home/cerebrhoe/PHAROS-SUITE,/home/cerebrhoe/PHAROS-SUITE/repos/pharos-suite/shared/utils,utils,,True,0,2026-03-29T23:51:19.165085-04:00,pharos,utils
local,/home/cerebrhoe/PHAROS-SUITE,/home/cerebrhoe/PHAROS-SUITE/repos/pharos-suite/pharos_integrations/pharos_integrations,pharos_integrations,,True,0,2026-04-10T00:56:10.218017-04:00,pharos,pharos integrations
local,/home/cerebrhoe/PHAROS-SUITE,/home/cerebrhoe/PHAROS-SUITE/repos/pharos-suite/pharos_integrations/llm,llm,,True,0,2026-04-10T00:56:10.218017-04:00,pharos,llm
local,/home/cerebrhoe/PHAROS-SUITE,/home/cerebrhoe/PHAROS-SUITE/repos/pharos-suite/pharos_integrations/pharos_integrations/llm,llm,,True,0,2026-04-10T00:56:10.214196-04:00,pharos,llm
local,/home/cerebrhoe/PHAROS-SUITE,/home/cerebrhoe/PHAROS-SUITE/repos/pharos-suite/backend/tests,tests,,True,0,2026-04-09T01:32:52.927225-04:00,pharos,tests
local,/home/cerebrhoe/PHAROS-SUITE,/home/cerebrhoe/PHAROS-SUITE/repos/pharos-suite/backend/requirements.txt,requirements.txt,.txt,False,2545,2026-03-30T18:34:27.342751-04:00,pharos,requirements
local,/home/cerebrhoe/PHAROS-SUITE,/home/cerebrhoe/PHAROS-SUITE/repos/pharos-suite/PHAROS-NEWLOOK/shared,shared,,True,0,2026-03-25T17:34:06.378414-04:00,pharos,shared
local,/home/cerebrhoe/PHAROS-SUITE,/home/cerebrhoe/PHAROS-SUITE/repos/pharos-suite/PHAROS-NEWLOOK/server,server,,True,0,2026-03-25T17:34:06.398414-04:00,pharos,server
local,/home/cerebrhoe/PHAROS-SUITE,/home/cerebrhoe/PHAROS-SUITE/repos/pharos-suite/PHAROS-NEWLOOK/.wrangler,.wrangler,,True,0,2026-04-16T08:58:47.879166-04:00,pharos,wrangler
local,/home/cerebrhoe/PHAROS-SUITE,/home/cerebrhoe/PHAROS-SUITE/repos/pharos-suite/PHAROS-NEWLOOK/.manus-logs,.manus-logs,,True,0,2026-04-08T06:20:37.488739-04:00,pharos,manus logs
local,/home/cerebrhoe/PHAROS-SUITE,/home/cerebrhoe/PHAROS-SUITE/repos/pharos-suite/PHAROS-NEWLOOK/client,client,,True,0,2026-03-25T17:34:06.494415-04:00,pharos,client
local,/home/cerebrhoe/PHAROS-SUITE,/home/cerebrhoe/PHAROS-SUITE/repos/pharos-suite/PHAROS-NEWLOOK/patches,patches,,True,0,2026-03-25T17:34:08.294432-04:00,pharos,patches
local,/home/cerebrhoe/PHAROS-SUITE,/home/cerebrhoe/PHAROS-SUITE/repos/pharos-suite/PHAROS-NEWLOOK/ideas.md,ideas.md,.md,False,5645,2026-03-25T18:00:22.973713-04:00,pharos,ideas
local,/home/cerebrhoe/PHAROS-SUITE,/home/cerebrhoe/PHAROS-SUITE/repos/pharos-suite/PHAROS-NEWLOOK/CLOUDFLARE_DEPLOYMENT.md,CLOUDFLARE_DEPLOYMENT.md,.md,False,4148,2026-03-25T18:00:22.973713-04:00,pharos,cloudflare deployment
local,/home/cerebrhoe/PHAROS-SUITE,/home/cerebrhoe/PHAROS-SUITE/repos/pharos-suite/PHAROS-NEWLOOK/.wrangler/tmp,tmp,,True,0,2026-04-16T08:59:08.769526-04:00,pharos,tmp
local,/home/cerebrhoe/PHAROS-SUITE,/home/cerebrhoe/PHAROS-SUITE/repos/pharos-suite/PHAROS-NEWLOOK/client/public,public,,True,0,2026-03-28T23:53:59.496895-04:00,pharos,public
local,/home/cerebrhoe/PHAROS-SUITE,/home/cerebrhoe/PHAROS-SUITE/repos/pharos-suite/PHAROS-NEWLOOK/client/src,src,,True,0,2026-03-25T17:34:08.230432-04:00,pharos,src
local,/home/cerebrhoe/PHAROS-SUITE,/home/cerebrhoe/PHAROS-SUITE/repos/pharos-suite/PHAROS-NEWLOOK/client/index.html,index.html,.html,False,1058,2026-03-25T18:00:22.973713-04:00,pharos,index
local,/home/cerebrhoe/PHAROS-SUITE,/home/cerebrhoe/PHAROS-SUITE/repos/pharos-suite/PHAROS-NEWLOOK/client/public/__manus__,__manus__,,True,0,2026-03-25T17:34:06.486415-04:00,pharos,manus
local,/home/cerebrhoe/PHAROS-SUITE,/home/cerebrhoe/PHAROS-SUITE/repos/pharos-suite/PHAROS-NEWLOOK/client/public/images,images,,True,0,2026-03-28T23:53:59.512896-04:00,pharos,images
local,/home/cerebrhoe/PHAROS-SUITE,/home/cerebrhoe/PHAROS-SUITE/repos/pharos-suite/PHAROS-NEWLOOK/client/src/components,components,,True,0,2026-03-25T17:34:07.902429-04:00,pharos,components
local,/home/cerebrhoe/PHAROS-SUITE,/home/cerebrhoe/PHAROS-SUITE/repos/pharos-suite/PHAROS-NEWLOOK/client/src/contexts,contexts,,True,0,2026-03-25T17:34:08.098431-04:00,pharos,contexts
local,/home/cerebrhoe/PHAROS-SUITE,/home/cerebrhoe/PHAROS-SUITE/repos/pharos-suite/PHAROS-NEWLOOK/client/src/hooks,hooks,,True,0,2026-03-25T17:34:08.182431-04:00,pharos,hooks
local,/home/cerebrhoe/PHAROS-SUITE,/home/cerebrhoe/PHAROS-SUITE/repos/pharos-suite/PHAROS-NEWLOOK/client/src/lib,lib,,True,0,2026-03-25T17:34:08.214432-04:00,pharos,lib
local,/home/cerebrhoe/PHAROS-SUITE,/home/cerebrhoe/PHAROS-SUITE/repos/pharos-suite/PHAROS-NEWLOOK/client/src/pages,pages,,True,0,2026-03-25T17:34:08.270432-04:00,pharos,pages
local,/home/cerebrhoe/PHAROS-SUITE,/home/cerebrhoe/PHAROS-SUITE/repos/pharos-suite/PHAROS-NEWLOOK/client/src/components/ui,ui,,True,0,2026-03-25T17:34:07.898429-04:00,pharos,ui
local,/home/cerebrhoe/PHAROS-SUITE,/home/cerebrhoe/PHAROS-SUITE/repos/pharos-suite/PHAROS-NEWLOOK/client/src/components/sections,sections,,True,0,2026-03-25T17:34:08.054430-04:00,pharos,sections
local,/home/cerebrhoe/PHAROS-SUITE,/home/cerebrhoe/PHAROS-SUITE/repos/pharos-suite/docs/MCP-UI Proxy_files,MCP-UI Proxy_files,,True,0,2026-03-25T04:28:21.421817-04:00,pharos,mcp ui proxy files
local,/home/cerebrhoe/PHAROS-SUITE,/home/cerebrhoe/PHAROS-SUITE/repos/pharos-suite/docs/specs,specs,,True,0,2026-04-16T01:15:06.801234-04:00,pharos,specs
local,/home/cerebrhoe/PHAROS-SUITE,/home/cerebrhoe/PHAROS-SUITE/repos/pharos-suite/docs/adr,adr,,True,0,2026-03-30T19:15:21.373691-04:00,pharos,adr
local,/home/cerebrhoe/PHAROS-SUITE,/home/cerebrhoe/PHAROS-SUITE/repos/pharos-suite/docs/source-packets,source-packets,,True,0,2026-03-25T05:14:38.713016-04:00,pharos,source packets
local,/home/cerebrhoe/PHAROS-SUITE,/home/cerebrhoe/PHAROS-SUITE/repos/pharos-suite/docs/MCP-UI Proxy.html,MCP-UI Proxy.html,.html,False,5532,2026-03-30T14:51:04.027767-04:00,pharos,mcp ui proxy
local,/home/cerebrhoe/PHAROS-SUITE,/home/cerebrhoe/PHAROS-SUITE/repos/pharos-suite/docs/infrafabric-d1-r2-recursive-schema.md,infrafabric-d1-r2-recursive-schema.md,.md,False,14652,2026-03-30T18:09:02.262977-04:00,pharos,infrafabric d1 r2 recursive schema
local,/home/cerebrhoe/PHAROS-SUITE,/home/cerebrhoe/PHAROS-SUITE/repos/pharos-suite/docs/UI_IDENTITY_PATCH.md,UI_IDENTITY_PATCH.md,.md,False,1403,2026-03-30T14:51:04.035767-04:00,pharos,ui identity patch
local,/home/cerebrhoe/PHAROS-SUITE,/home/cerebrhoe/PHAROS-SUITE/repos/pharos-suite/docs/MCP-UI Proxy.source.mcp_apps(4).html,MCP-UI Proxy.source.mcp_apps(4).html,.html,False,5581,2026-03-30T14:51:04.027767-04:00,pharos,mcp ui proxy source mcp apps 4
local,/home/cerebrhoe/PHAROS-SUITE,/home/cerebrhoe/PHAROS-SUITE/repos/pharos-suite/docs/public-backend-plan.md,public-backend-plan.md,.md,False,4292,2026-04-02T05:09:34.559699-04:00,pharos,public backend plan
local,/home/cerebrhoe/PHAROS-SUITE,/home/cerebrhoe/PHAROS-SUITE/repos/pharos-suite/docs/BRAND_ASSET_INGESTION_NOTE.md,BRAND_ASSET_INGESTION_NOTE.md,.md,False,5732,2026-03-30T14:51:04.019767-04:00,pharos,brand asset ingestion note
local,/home/cerebrhoe/PHAROS-SUITE,/home/cerebrhoe/PHAROS-SUITE/repos/pharos-suite/docs/pharos-api-dns-runbook.md,pharos-api-dns-runbook.md,.md,False,5281,2026-04-09T00:16:47.360271-04:00,pharos,pharos api dns runbook
local,/home/cerebrhoe/PHAROS-SUITE,/home/cerebrhoe/PHAROS-SUITE/repos/pharos-suite/docs/pharos-pages-cutover-memo-2026-03-28.md,pharos-pages-cutover-memo-2026-03-28.md,.md,False,2874,2026-03-30T17:25:36.746810-04:00,pharos,pharos pages cutover memo 2026 03 28
local,/home/cerebrhoe/PHAROS-SUITE,/home/cerebrhoe/PHAROS-SUITE/repos/pharos-suite/docs/pharos-method-vs-infrafabric-method-audit-2026-03-24.md,pharos-method-vs-infrafabric-method-audit-2026-03-24.md,.md,False,7642,2026-03-30T14:51:04.051767-04:00,pharos,pharos method vs infrafabric method audit 2026 03 24
local,/home/cerebrhoe/PHAROS-SUITE,/home/cerebrhoe/PHAROS-SUITE/repos/pharos-suite/docs/pharos-method-voice-optimizer-ingest-2026-03-25.md,pharos-method-voice-optimizer-ingest-2026-03-25.md,.md,False,3269,2026-03-30T14:51:04.047767-04:00,pharos,pharos method voice optimizer ingest 2026 03 25
local,/home/cerebrhoe/PHAROS-SUITE,/home/cerebrhoe/PHAROS-SUITE/repos/pharos-suite/docs/free-first-architecture.md,free-first-architecture.md,.md,False,1680,2026-03-30T17:26:49.499369-04:00,pharos,free first architecture
local,/home/cerebrhoe/PHAROS-SUITE,/home/cerebrhoe/PHAROS-SUITE/repos/pharos-suite/docs/d1-r2-endpoint-mapping.md,d1-r2-endpoint-mapping.md,.md,False,10534,2026-04-11T19:33:37.199797-04:00,pharos,d1 r2 endpoint mapping
local,/home/cerebrhoe/PHAROS-SUITE,/home/cerebrhoe/PHAROS-SUITE/repos/pharos-suite/docs/PHAROS_METHOD_RESET_000.md,PHAROS_METHOD_RESET_000.md,.md,False,1663,2026-03-30T14:51:04.031767-04:00,pharos,pharos method reset 000
local,/home/cerebrhoe/PHAROS-SUITE,/home/cerebrhoe/PHAROS-SUITE/repos/pharos-suite/docs/VISUAL_CANON_NOTE.md,VISUAL_CANON_NOTE.md,.md,False,1145,2026-03-30T14:51:04.039767-04:00,pharos,visual canon note
local,/home/cerebrhoe/PHAROS-SUITE,/home/cerebrhoe/PHAROS-SUITE/repos/pharos-suite/docs/pharos-surface-migration-audit-2026-03-13.md,pharos-surface-migration-audit-2026-03-13.md,.md,False,4748,2026-03-30T17:26:49.499369-04:00,pharos,pharos surface migration audit 2026 03 13
local,/home/cerebrhoe/PHAROS-SUITE,/home/cerebrhoe/PHAROS-SUITE/repos/pharos-suite/docs/pharos-site-messaging-architecture-2026-03-11.md,pharos-site-messaging-architecture-2026-03-11.md,.md,False,12124,2026-03-27T09:45:31.142898-04:00,pharos,pharos site messaging architecture 2026 03 11
local,/home/cerebrhoe/PHAROS-SUITE,/home/cerebrhoe/PHAROS-SUITE/repos/pharos-suite/docs/flowers-mockup.html,flowers-mockup.html,.html,False,7359,2026-03-30T14:51:04.051767-04:00,pharos,flowers mockup
local,/home/cerebrhoe/PHAROS-SUITE,/home/cerebrhoe/PHAROS-SUITE/repos/pharos-suite/docs/pharos-clean-release-candidate-2026-03-14.md,pharos-clean-release-candidate-2026-03-14.md,.md,False,2328,2026-03-27T09:45:31.094897-04:00,pharos,pharos release candidate 2026 03 14
local,/home/cerebrhoe/PHAROS-SUITE,/home/cerebrhoe/PHAROS-SUITE/repos/pharos-suite/docs/principles-alignment-2026-03-06.md,principles-alignment-2026-03-06.md,.md,False,1601,2026-03-27T09:45:31.166898-04:00,pharos,principles alignment 2026 03 06
local,/home/cerebrhoe/PHAROS-SUITE,/home/cerebrhoe/PHAROS-SUITE/repos/pharos-suite/docs/pharos-cloudflare-recovery-checklist-2026-03-14.md,pharos-cloudflare-recovery-checklist-2026-03-14.md,.md,False,3608,2026-03-30T18:09:02.262977-04:00,pharos,pharos cloudflare recovery checklist 2026 03 14
local,/home/cerebrhoe/PHAROS-SUITE,/home/cerebrhoe/PHAROS-SUITE/repos/pharos-suite/docs/PROMPT_PATCH_FOR_FUTURE_AGENTS.md,PROMPT_PATCH_FOR_FUTURE_AGENTS.md,.md,False,1024,2026-03-30T14:51:04.035767-04:00,pharos,prompt patch for future agents
local,/home/cerebrhoe/PHAROS-SUITE,/home/cerebrhoe/PHAROS-SUITE/repos/pharos-suite/docs/govern-suite-operations-runbook.md,govern-suite-operations-runbook.md,.md,False,12808,2026-04-16T01:15:06.841452-04:00,pharos,govern suite operations runbook
local,/home/cerebrhoe/PHAROS-SUITE,/home/cerebrhoe/PHAROS-SUITE/repos/pharos-suite/docs/ASSET_MAP.md,ASSET_MAP.md,.md,False,2370,2026-03-30T14:51:04.019767-04:00,pharos,asset map
local,/home/cerebrhoe/PHAROS-SUITE,/home/cerebrhoe/PHAROS-SUITE/repos/pharos-suite/docs/COM-AUR-specs-v3-infrafabric-implemented-2026-03-06.md,COM-AUR-specs-v3-infrafabric-implemented-2026-03-06.md,.md,False,124555,2026-03-27T09:45:31.022895-04:00,pharos,com aur specs infrafabric implemented 2026 03 06
local,/home/cerebrhoe/PHAROS-SUITE,/home/cerebrhoe/PHAROS-SUITE/repos/pharos-suite/docs/core-narrative-reintegration-note-2026-03-25.md,core-narrative-reintegration-note-2026-03-25.md,.md,False,1655,2026-03-30T14:51:04.043767-04:00,pharos,core narrative reintegration note 2026 03 25
local,/home/cerebrhoe/PHAROS-SUITE,/home/cerebrhoe/PHAROS-SUITE/repos/pharos-suite/docs/pharos-preview-backend-runbook.md,pharos-preview-backend-runbook.md,.md,False,820,2026-03-30T17:25:36.746810-04:00,pharos,pharos preview backend runbook
local,/home/cerebrhoe/PHAROS-SUITE,/home/cerebrhoe/PHAROS-SUITE/repos/pharos-suite/docs/pharos-product-boundaries.md,pharos-product-boundaries.md,.md,False,1771,2026-03-30T17:25:36.742810-04:00,pharos,pharos product boundaries
local,/home/cerebrhoe/PHAROS-SUITE,/home/cerebrhoe/PHAROS-SUITE/repos/pharos-suite/docs/pharos-workers-foundation-2026-04-02.md,pharos-workers-foundation-2026-04-02.md,.md,False,4749,2026-04-02T05:09:34.555699-04:00,pharos,pharos workers foundation 2026 04 02
local,/home/cerebrhoe/PHAROS-SUITE,/home/cerebrhoe/PHAROS-SUITE/repos/pharos-suite/docs/LOGO_PRESERVATION_RULES.md,LOGO_PRESERVATION_RULES.md,.md,False,2117,2026-03-30T14:51:04.023767-04:00,pharos,logo preservation rules
local,/home/cerebrhoe/PHAROS-SUITE,/home/cerebrhoe/PHAROS-SUITE/repos/pharos-suite/docs/cloudflare-pages.md,cloudflare-pages.md,.md,False,2642,2026-04-02T05:09:34.559699-04:00,pharos,cloudflare pages
local,/home/cerebrhoe/PHAROS-SUITE,/home/cerebrhoe/PHAROS-SUITE/repos/pharos-suite/docs/MCP-UI Proxy_files/saved_resource(6).html,saved_resource(6).html,.html,False,88569,2026-03-25T04:28:21.401817-04:00,pharos,saved resource 6
local,/home/cerebrhoe/PHAROS-SUITE,/home/cerebrhoe/PHAROS-SUITE/repos/pharos-suite/docs/MCP-UI Proxy_files/saved_resource.html,saved_resource.html,.html,False,81021,2026-03-25T04:28:21.425817-04:00,pharos,saved resource
local,/home/cerebrhoe/PHAROS-SUITE,/home/cerebrhoe/PHAROS-SUITE/repos/pharos-suite/docs/MCP-UI Proxy_files/saved_resource(3).html,saved_resource(3).html,.html,False,86581,2026-03-25T04:28:21.377817-04:00,pharos,saved resource 3
local,/home/cerebrhoe/PHAROS-SUITE,/home/cerebrhoe/PHAROS-SUITE/repos/pharos-suite/docs/MCP-UI Proxy_files/saved_resource(1).html,saved_resource(1).html,.html,False,75421,2026-03-25T04:28:21.349816-04:00,pharos,saved resource 1
local,/home/cerebrhoe/PHAROS-SUITE,/home/cerebrhoe/PHAROS-SUITE/repos/pharos-suite/docs/MCP-UI Proxy_files/saved_resource(7).html,saved_resource(7).html,.html,False,492,2026-03-25T04:28:21.413817-04:00,pharos,saved resource 7
local,/home/cerebrhoe/PHAROS-SUITE,/home/cerebrhoe/PHAROS-SUITE/repos/pharos-suite/docs/MCP-UI Proxy_files/saved_resource(5).html,saved_resource(5).html,.html,False,89453,2026-03-25T04:46:38.852829-04:00,pharos,saved resource 5
local,/home/cerebrhoe/PHAROS-SUITE,/home/cerebrhoe/PHAROS-SUITE/repos/pharos-suite/docs/MCP-UI Proxy_files/saved_resource(2).html,saved_resource(2).html,.html,False,623,2026-03-25T04:28:21.373816-04:00,pharos,saved resource 2
local,/home/cerebrhoe/PHAROS-SUITE,/home/cerebrhoe/PHAROS-SUITE/repos/pharos-suite/docs/MCP-UI Proxy_files/saved_resource(4).html,saved_resource(4).html,.html,False,71643,2026-03-25T04:28:21.385817-04:00,pharos,saved resource 4
local,/home/cerebrhoe/PHAROS-SUITE,/home/cerebrhoe/PHAROS-SUITE/repos/pharos-suite/docs/specs/com-aur,com-aur,,True,0,2026-03-30T02:21:27.131083-04:00,pharos,com aur
local,/home/cerebrhoe/PHAROS-SUITE,/home/cerebrhoe/PHAROS-SUITE/repos/pharos-suite/docs/specs/pharos-command-layer,pharos-command-layer,,True,0,2026-04-16T01:15:06.841452-04:00,pharos,pharos command layer
local,/home/cerebrhoe/PHAROS-SUITE,/home/cerebrhoe/PHAROS-SUITE/repos/pharos-suite/docs/specs/com-aur/01-shared-governance-foundation.md,01-shared-governance-foundation.md,.md,False,2580,2026-03-29T22:43:44.473344-04:00,pharos,01 shared governance foundation
local,/home/cerebrhoe/PHAROS-SUITE,/home/cerebrhoe/PHAROS-SUITE/repos/pharos-suite/docs/specs/com-aur/00-spec-inventory-and-evidence-hierarchy.md,00-spec-inventory-and-evidence-hierarchy.md,.md,False,5173,2026-03-29T22:43:44.473344-04:00,pharos,00 spec inventory and evidence hierarchy
local,/home/cerebrhoe/PHAROS-SUITE,/home/cerebrhoe/PHAROS-SUITE/repos/pharos-suite/docs/specs/com-aur/00a-authority-and-transition-status.md,00a-authority-and-transition-status.md,.md,False,7967,2026-03-30T18:08:24.390687-04:00,pharos,00a authority and transition status
local,/home/cerebrhoe/PHAROS-SUITE,/home/cerebrhoe/PHAROS-SUITE/repos/pharos-suite/docs/specs/com-aur/05-cross-system-evidence-handoff.md,05-cross-system-evidence-handoff.md,.md,False,2555,2026-03-29T22:43:44.473344-04:00,pharos,05 cross system evidence handoff
local,/home/cerebrhoe/PHAROS-SUITE,/home/cerebrhoe/PHAROS-SUITE/repos/pharos-suite/docs/specs/com-aur/03-aurora-file-intake-module.md,03-aurora-file-intake-module.md,.md,False,3180,2026-03-29T22:43:44.473344-04:00,pharos,03 aurora file intake module
local,/home/cerebrhoe/PHAROS-SUITE,/home/cerebrhoe/PHAROS-SUITE/repos/pharos-suite/docs/specs/com-aur/06-compassai-governance-engine.md,06-compassai-governance-engine.md,.md,False,2755,2026-03-29T22:43:44.473344-04:00,pharos,06 compassai governance engine
local,/home/cerebrhoe/PHAROS-SUITE,/home/cerebrhoe/PHAROS-SUITE/repos/pharos-suite/docs/specs/com-aur/README.md,README.md,.md,False,6120,2026-03-30T18:08:24.390687-04:00,pharos,readme
local,/home/cerebrhoe/PHAROS-SUITE,/home/cerebrhoe/PHAROS-SUITE/repos/pharos-suite/docs/specs/com-aur/10-release-and-operations-guardrails.md,10-release-and-operations-guardrails.md,.md,False,1828,2026-03-29T22:43:44.473344-04:00,pharos,10 release and operations guardrails
local,/home/cerebrhoe/PHAROS-SUITE,/home/cerebrhoe/PHAROS-SUITE/repos/pharos-suite/docs/specs/com-aur/02-product-boundaries-and-naming.md,02-product-boundaries-and-naming.md,.md,False,2430,2026-03-29T22:43:44.473344-04:00,pharos,02 product boundaries and naming
local,/home/cerebrhoe/PHAROS-SUITE,/home/cerebrhoe/PHAROS-SUITE/repos/pharos-suite/docs/specs/com-aur/04-aurora-extraction-controls-and-evidence.md,04-aurora-extraction-controls-and-evidence.md,.md,False,2871,2026-03-29T22:43:44.473344-04:00,pharos,04 aurora extraction controls and evidence
local,/home/cerebrhoe/PHAROS-SUITE,/home/cerebrhoe/PHAROS-SUITE/repos/pharos-suite/docs/specs/com-aur/09-regulatory-boundaries-and-localization.md,09-regulatory-boundaries-and-localization.md,.md,False,1973,2026-03-29T22:43:44.473344-04:00,pharos,09 regulatory boundaries and localization
local,/home/cerebrhoe/PHAROS-SUITE,/home/cerebrhoe/PHAROS-SUITE/repos/pharos-suite/docs/specs/com-aur/08-data-lineage-storage-and-recursion.md,08-data-lineage-storage-and-recursion.md,.md,False,2515,2026-03-29T22:43:44.473344-04:00,pharos,08 data lineage storage and recursion
local,/home/cerebrhoe/PHAROS-SUITE,/home/cerebrhoe/PHAROS-SUITE/repos/pharos-suite/docs/specs/com-aur/07-compassai-policy-deliverables-and-approval.md,07-compassai-policy-deliverables-and-approval.md,.md,False,2378,2026-03-29T22:43:44.473344-04:00,pharos,07 compassai policy deliverables and approval
local,/home/cerebrhoe/PHAROS-SUITE,/home/cerebrhoe/PHAROS-SUITE/repos/pharos-suite/docs/specs/pharos-command-layer/04-output-packets-and-contracts.md,04-output-packets-and-contracts.md,.md,False,2110,2026-04-16T01:15:06.841452-04:00,pharos,04 output packets and contracts
local,/home/cerebrhoe/PHAROS-SUITE,/home/cerebrhoe/PHAROS-SUITE/repos/pharos-suite/docs/specs/pharos-command-layer/02-command-catalog.md,02-command-catalog.md,.md,False,3721,2026-04-16T01:15:06.841452-04:00,pharos,02 command catalog
local,/home/cerebrhoe/PHAROS-SUITE,/home/cerebrhoe/PHAROS-SUITE/repos/pharos-suite/docs/specs/pharos-command-layer/README.md,README.md,.md,False,2859,2026-04-16T01:15:06.837430-04:00,pharos,readme
local,/home/cerebrhoe/PHAROS-SUITE,/home/cerebrhoe/PHAROS-SUITE/repos/pharos-suite/docs/specs/pharos-command-layer/03-routing-and-ownership.md,03-routing-and-ownership.md,.md,False,2964,2026-04-16T01:15:06.841452-04:00,pharos,03 routing and ownership
local,/home/cerebrhoe/PHAROS-SUITE,/home/cerebrhoe/PHAROS-SUITE/repos/pharos-suite/docs/specs/pharos-command-layer/01-unified-command-grammar.md,01-unified-command-grammar.md,.md,False,3252,2026-04-16T01:15:06.841452-04:00,pharos,01 unified command grammar
local,/home/cerebrhoe/PHAROS-SUITE,/home/cerebrhoe/PHAROS-SUITE/repos/pharos-suite/docs/specs/pharos-command-layer/00-governing-claim-and-authority.md,00-governing-claim-and-authority.md,.md,False,2265,2026-04-16T01:15:06.841452-04:00,pharos,00 governing claim and authority
local,/home/cerebrhoe/PHAROS-SUITE,/home/cerebrhoe/PHAROS-SUITE/repos/pharos-suite/docs/adr/001-compassai-edge-surface-retirement.md,001-compassai-edge-surface-retirement.md,.md,False,2049,2026-03-30T19:15:21.373691-04:00,pharos,001 compassai edge surface retirement
local,/home/cerebrhoe/PHAROS-SUITE,/home/cerebrhoe/PHAROS-SUITE/repos/pharos-suite/docs/source-packets/manifests,manifests,,True,0,2026-03-25T06:00:11.770478-04:00,pharos,manifests
local,/home/cerebrhoe/PHAROS-SUITE,/home/cerebrhoe/PHAROS-SUITE/repos/pharos-suite/docs/source-packets/archives,archives,,True,0,2026-03-25T05:36:54.957502-04:00,pharos,archives
local,/home/cerebrhoe/PHAROS-SUITE,/home/cerebrhoe/PHAROS-SUITE/repos/pharos-suite/docs/source-packets/PACKET_REGISTRY.md,PACKET_REGISTRY.md,.md,False,2508,2026-03-25T05:29:02.473096-04:00,pharos,packet registry
local,/home/cerebrhoe/PHAROS-SUITE,/home/cerebrhoe/PHAROS-SUITE/repos/pharos-suite/docs/source-packets/manifests/LAYOUT_POLICY.md,LAYOUT_POLICY.md,.md,False,394,2026-03-25T05:14:38.713016-04:00,pharos,layout policy
local,/home/cerebrhoe/PHAROS-SUITE,/home/cerebrhoe/PHAROS-SUITE/repos/pharos-suite/docs/source-packets/manifests/METHOD_REPOS_NAME_FOLDER_CROSSVERIFY_2026-03-25.md,METHOD_REPOS_NAME_FOLDER_CROSSVERIFY_2026-03-25.md,.md,False,1760,2026-03-25T06:00:11.770478-04:00,pharos,method repos name folder crossverify 2026 03 25
local,/home/cerebrhoe/PHAROS-SUITE,/home/cerebrhoe/PHAROS-SUITE/repos/pharos-suite/docs/source-packets/manifests/METHOD_RELEVANT_DOCUMENTS_TRACE_2026-03-25.md,METHOD_RELEVANT_DOCUMENTS_TRACE_2026-03-25.md,.md,False,9417,2026-03-25T05:39:24.090886-04:00,pharos,method relevant documents trace 2026 03 25
local,/home/cerebrhoe/PHAROS-SUITE,/home/cerebrhoe/PHAROS-SUITE/repos/pharos-suite/docs/source-packets/manifests/NOUVEAU_DOSSIER3_TIMELINE_TRIAGE_2026-03-25.md,NOUVEAU_DOSSIER3_TIMELINE_TRIAGE_2026-03-25.md,.md,False,29095,2026-03-25T05:50:29.433103-04:00,pharos,nouveau dossier3 timeline triage 2026 03 25
local,/home/cerebrhoe/PHAROS-SUITE,/home/cerebrhoe/PHAROS-SUITE/repos/pharos-suite/docs/source-packets/manifests/PHAROS_METHOD_REPOSITORY_INGEST_2026-03-25.md,PHAROS_METHOD_REPOSITORY_INGEST_2026-03-25.md,.md,False,928,2026-03-25T05:37:21.125758-04:00,pharos,pharos method repository ingest 2026 03 25
local,/home/cerebrhoe/PHAROS-SUITE,/home/cerebrhoe/PHAROS-SUITE/repos/pharos-suite/docs/source-packets/manifests/NOUVEAU_DOSSIER3_NAME_FOLDER_CROSSVERIFY_2026-03-25.md,NOUVEAU_DOSSIER3_NAME_FOLDER_CROSSVERIFY_2026-03-25.md,.md,False,22189,2026-03-25T05:54:43.399448-04:00,pharos,nouveau dossier3 name folder crossverify 2026 03 25
local,/home/cerebrhoe/PHAROS-SUITE,/home/cerebrhoe/PHAROS-SUITE/repos/pharos-suite/docs/source-packets/manifests/NOUVEAU_DOSSIER3_TIMELINE_INTERNAL_DATE_SIGNALS_2026-03-25.md,NOUVEAU_DOSSIER3_TIMELINE_INTERNAL_DATE_SIGNALS_2026-03-25.md,.md,False,2333,2026-03-25T05:51:35.925721-04:00,pharos,nouveau dossier3 timeline internal date signals 2026 03 25
local,/home/cerebrhoe/PHAROS-SUITE,/home/cerebrhoe/PHAROS-SUITE/repos/pharos-suite/docs/source-packets/manifests/REALIGNMENT_SUMMARY_2026-03-25.md,REALIGNMENT_SUMMARY_2026-03-25.md,.md,False,222,2026-03-25T05:14:38.713016-04:00,pharos,realignment summary 2026 03 25
local,/home/cerebrhoe/PHAROS-SUITE,/home/cerebrhoe/PHAROS-SUITE/repos/pharos-suite/aurorai/src,src,,True,0,2026-03-31T19:00:29.911329-04:00,pharos,src
local,/home/cerebrhoe/PHAROS-SUITE,/home/cerebrhoe/PHAROS-SUITE/repos/pharos-suite/aurorai/tests,tests,,True,0,2026-04-11T19:51:46.114542-04:00,pharos,tests
local,/home/cerebrhoe/PHAROS-SUITE,/home/cerebrhoe/PHAROS-SUITE/repos/pharos-suite/aurorai/docs,docs,,True,0,2026-03-27T09:45:30.338882-04:00,pharos,docs
local,/home/cerebrhoe/PHAROS-SUITE,/home/cerebrhoe/PHAROS-SUITE/repos/pharos-suite/aurorai/storage,storage,,True,0,2026-03-27T09:45:30.418884-04:00,pharos,storage
local,/home/cerebrhoe/PHAROS-SUITE,/home/cerebrhoe/PHAROS-SUITE/repos/pharos-suite/aurorai/memory,memory,,True,0,2026-03-27T09:45:30.378883-04:00,pharos,memory
local,/home/cerebrhoe/PHAROS-SUITE,/home/cerebrhoe/PHAROS-SUITE/repos/pharos-suite/aurorai/schema,schema,,True,0,2026-03-29T23:52:16.405057-04:00,pharos,schema
local,/home/cerebrhoe/PHAROS-SUITE,/home/cerebrhoe/PHAROS-SUITE/repos/pharos-suite/aurorai/frontend,frontend,,True,0,2026-03-27T09:45:30.366883-04:00,pharos,frontend
local,/home/cerebrhoe/PHAROS-SUITE,/home/cerebrhoe/PHAROS-SUITE/repos/pharos-suite/aurorai/uploads,uploads,,True,0,2026-03-30T17:49:07.225758-04:00,pharos,uploads
local,/home/cerebrhoe/PHAROS-SUITE,/home/cerebrhoe/PHAROS-SUITE/repos/pharos-suite/aurorai/README.md,README.md,.md,False,3408,2026-03-31T23:26:00.792960-04:00,pharos,readme
local,/home/cerebrhoe/PHAROS-SUITE,/home/cerebrhoe/PHAROS-SUITE/repos/pharos-suite/aurorai/CHANGELOG.md,CHANGELOG.md,.md,False,934,2026-03-27T09:45:30.298882-04:00,pharos,changelog
local,/home/cerebrhoe/PHAROS-SUITE,/home/cerebrhoe/PHAROS-SUITE/repos/pharos-suite/aurorai/test_result.md,test_result.md,.md,False,9398,2026-04-12T22:56:53.099472-04:00,pharos,test result
local,/home/cerebrhoe/PHAROS-SUITE,/home/cerebrhoe/PHAROS-SUITE/repos/pharos-suite/aurorai/requirements.txt,requirements.txt,.txt,False,2367,2026-03-31T11:17:53.241010-04:00,pharos,requirements
local,/home/cerebrhoe/PHAROS-SUITE,/home/cerebrhoe/PHAROS-SUITE/repos/pharos-suite/aurorai/src/modules,modules,,True,0,2026-03-31T20:14:53.324415-04:00,pharos,modules
local,/home/cerebrhoe/PHAROS-SUITE,/home/cerebrhoe/PHAROS-SUITE/repos/pharos-suite/aurorai/src/storage,storage,,True,0,2026-03-31T20:12:39.607558-04:00,pharos,storage
local,/home/cerebrhoe/PHAROS-SUITE,/home/cerebrhoe/PHAROS-SUITE/repos/pharos-suite/aurorai/src/lib,lib,,True,0,2026-03-29T23:51:35.317075-04:00,pharos,lib
local,/home/cerebrhoe/PHAROS-SUITE,/home/cerebrhoe/PHAROS-SUITE/repos/pharos-suite/aurorai/src/modules/extraction,extraction,,True,0,2026-03-31T17:47:19.998036-04:00,pharos,extraction
local,/home/cerebrhoe/PHAROS-SUITE,/home/cerebrhoe/PHAROS-SUITE/repos/pharos-suite/aurorai/src/modules/lineage,lineage,,True,0,2026-03-31T20:14:53.340415-04:00,pharos,lineage
local,/home/cerebrhoe/PHAROS-SUITE,/home/cerebrhoe/PHAROS-SUITE/repos/pharos-suite/aurorai/src/modules/intake,intake,,True,0,2026-03-29T23:55:38.740930-04:00,pharos,intake
local,/home/cerebrhoe/PHAROS-SUITE,/home/cerebrhoe/PHAROS-SUITE/repos/pharos-suite/aurorai/src/modules/handoff,handoff,,True,0,2026-03-31T19:02:05.652211-04:00,pharos,handoff
local,/home/cerebrhoe/PHAROS-SUITE,/home/cerebrhoe/PHAROS-SUITE/repos/pharos-suite/aurorai/src/modules/extraction/__tests__,__tests__,,True,0,2026-03-31T17:47:19.998036-04:00,pharos,tests
local,/home/cerebrhoe/PHAROS-SUITE,/home/cerebrhoe/PHAROS-SUITE/repos/pharos-suite/aurorai/src/modules/lineage/__tests__,__tests__,,True,0,2026-03-31T20:14:53.340415-04:00,pharos,tests
local,/home/cerebrhoe/PHAROS-SUITE,/home/cerebrhoe/PHAROS-SUITE/repos/pharos-suite/aurorai/src/modules/intake/__tests__,__tests__,,True,0,2026-03-30T00:01:33.488730-04:00,pharos,tests
local,/home/cerebrhoe/PHAROS-SUITE,/home/cerebrhoe/PHAROS-SUITE/repos/pharos-suite/aurorai/src/modules/handoff/__tests__,__tests__,,True,0,2026-04-16T06:04:26.604358-04:00,pharos,tests
local,/home/cerebrhoe/PHAROS-SUITE,/home/cerebrhoe/PHAROS-SUITE/repos/pharos-suite/aurorai/docs/infrafabric-alignment-v2.md,infrafabric-alignment-v2.md,.md,False,2266,2026-03-27T09:45:30.338882-04:00,pharos,infrafabric alignment
local,/home/cerebrhoe/PHAROS-SUITE,/home/cerebrhoe/PHAROS-SUITE/repos/pharos-suite/aurorai/memory/PRD.md,PRD.md,.md,False,3829,2026-03-31T11:16:55.868941-04:00,pharos,prd
local,/home/cerebrhoe/PHAROS-SUITE,/home/cerebrhoe/PHAROS-SUITE/repos/pharos-suite/aurorai/frontend/README.md,README.md,.md,False,1522,2026-03-30T18:21:10.772607-04:00,pharos,readme
local,/home/cerebrhoe/PHAROS-SUITE,/home/cerebrhoe/PHAROS-SUITE/repos/pharos-suite/.github/workflows,workflows,,True,0,2026-04-16T09:07:13.086857-04:00,pharos,workflows
local,/home/cerebrhoe/PHAROS-SUITE,/home/cerebrhoe/PHAROS-SUITE/repos/pharos-suite/memory/PRD.md,PRD.md,.md,False,5693,2026-03-27T09:45:32.174917-04:00,pharos,prd
local,/home/cerebrhoe/PHAROS-SUITE,/home/cerebrhoe/PHAROS-SUITE/repos/pharos-suite/memory/cloudflare-readiness-2026-03-06.md,cloudflare-readiness-2026-03-06.md,.md,False,1820,2026-03-30T17:26:49.495369-04:00,pharos,cloudflare readiness 2026 03 06
local,/home/cerebrhoe/PHAROS-SUITE,/home/cerebrhoe/PHAROS-SUITE/repos/pharos-suite/memory/module-map-com-aur-v0-1.md,module-map-com-aur-v0-1.md,.md,False,7197,2026-03-27T09:45:32.198917-04:00,pharos,module map com aur 1
local,/home/cerebrhoe/PHAROS-SUITE,/home/cerebrhoe/PHAROS-SUITE/repos/pharos-suite/compassai/backend,backend,,True,0,2026-04-13T12:54:55.881792-04:00,pharos,backend
local,/home/cerebrhoe/PHAROS-SUITE,/home/cerebrhoe/PHAROS-SUITE/repos/pharos-suite/compassai/src,src,,True,0,2026-03-31T19:25:30.440121-04:00,pharos,src
local,/home/cerebrhoe/PHAROS-SUITE,/home/cerebrhoe/PHAROS-SUITE/repos/pharos-suite/compassai/tests,tests,,True,0,2026-03-08T16:28:14.146383-04:00,pharos,tests
local,/home/cerebrhoe/PHAROS-SUITE,/home/cerebrhoe/PHAROS-SUITE/repos/pharos-suite/compassai/docs,docs,,True,0,2026-03-30T18:09:21.411124-04:00,pharos,docs
local,/home/cerebrhoe/PHAROS-SUITE,/home/cerebrhoe/PHAROS-SUITE/repos/pharos-suite/compassai/memory,memory,,True,0,2026-03-27T09:45:30.966894-04:00,pharos,memory
local,/home/cerebrhoe/PHAROS-SUITE,/home/cerebrhoe/PHAROS-SUITE/repos/pharos-suite/compassai/schema,schema,,True,0,2026-03-31T18:58:31.094237-04:00,pharos,schema
local,/home/cerebrhoe/PHAROS-SUITE,/home/cerebrhoe/PHAROS-SUITE/repos/pharos-suite/compassai/frontend,frontend,,True,0,2026-03-30T18:09:21.411124-04:00,pharos,frontend
local,/home/cerebrhoe/PHAROS-SUITE,/home/cerebrhoe/PHAROS-SUITE/repos/pharos-suite/compassai/gitignore.txt,gitignore.txt,.txt,False,1714,2026-03-27T09:45:30.950894-04:00,pharos,gitignore
local,/home/cerebrhoe/PHAROS-SUITE,/home/cerebrhoe/PHAROS-SUITE/repos/pharos-suite/compassai/README.md,README.md,.md,False,3719,2026-03-31T23:13:27.172832-04:00,pharos,readme
local,/home/cerebrhoe/PHAROS-SUITE,/home/cerebrhoe/PHAROS-SUITE/repos/pharos-suite/compassai/CHANGELOG.md,CHANGELOG.md,.md,False,960,2026-03-27T09:45:30.498885-04:00,pharos,changelog
local,/home/cerebrhoe/PHAROS-SUITE,/home/cerebrhoe/PHAROS-SUITE/repos/pharos-suite/compassai/test_result.md,test_result.md,.md,False,14146,2026-04-16T06:05:18.094498-04:00,pharos,test result
local,/home/cerebrhoe/PHAROS-SUITE,/home/cerebrhoe/PHAROS-SUITE/repos/pharos-suite/compassai/backend/models,models,,True,0,2026-04-11T20:24:09.869573-04:00,pharos,models
local,/home/cerebrhoe/PHAROS-SUITE,/home/cerebrhoe/PHAROS-SUITE/repos/pharos-suite/compassai/backend/routers,routers,,True,0,2026-04-11T20:24:10.605579-04:00,pharos,routers
local,/home/cerebrhoe/PHAROS-SUITE,/home/cerebrhoe/PHAROS-SUITE/repos/pharos-suite/compassai/backend/tests,tests,,True,0,2026-04-15T18:42:20.613659-04:00,pharos,tests
local,/home/cerebrhoe/PHAROS-SUITE,/home/cerebrhoe/PHAROS-SUITE/repos/pharos-suite/compassai/backend/utils,utils,,True,0,2026-04-11T20:24:08.233559-04:00,pharos,utils
local,/home/cerebrhoe/PHAROS-SUITE,/home/cerebrhoe/PHAROS-SUITE/repos/pharos-suite/compassai/backend/storage,storage,,True,0,2026-03-27T09:45:30.694889-04:00,pharos,storage
local,/home/cerebrhoe/PHAROS-SUITE,/home/cerebrhoe/PHAROS-SUITE/repos/pharos-suite/compassai/backend/scripts,scripts,,True,0,2026-03-27T09:45:30.670889-04:00,pharos,scripts
local,/home/cerebrhoe/PHAROS-SUITE,/home/cerebrhoe/PHAROS-SUITE/repos/pharos-suite/compassai/backend/ledger_data,ledger_data,,True,0,2026-03-30T18:06:47.205938-04:00,pharos,ledger data
local,/home/cerebrhoe/PHAROS-SUITE,/home/cerebrhoe/PHAROS-SUITE/repos/pharos-suite/compassai/backend/uploads,uploads,,True,0,2026-03-30T17:48:45.901594-04:00,pharos,uploads
local,/home/cerebrhoe/PHAROS-SUITE,/home/cerebrhoe/PHAROS-SUITE/repos/pharos-suite/compassai/backend/requirements.txt,requirements.txt,.txt,False,2308,2026-04-08T23:26:29.083664-04:00,pharos,requirements
local,/home/cerebrhoe/PHAROS-SUITE,/home/cerebrhoe/PHAROS-SUITE/repos/pharos-suite/compassai/src/modules,modules,,True,0,2026-03-29T23:30:07.281830-04:00,pharos,modules
local,/home/cerebrhoe/PHAROS-SUITE,/home/cerebrhoe/PHAROS-SUITE/repos/pharos-suite/compassai/src/storage,storage,,True,0,2026-03-31T19:23:27.711116-04:00,pharos,storage
local,/home/cerebrhoe/PHAROS-SUITE,/home/cerebrhoe/PHAROS-SUITE/repos/pharos-suite/compassai/src/lib,lib,,True,0,2026-03-29T23:36:26.889603-04:00,pharos,lib
local,/home/cerebrhoe/PHAROS-SUITE,/home/cerebrhoe/PHAROS-SUITE/repos/pharos-suite/compassai/src/modules/policy-deliverables,policy-deliverables,,True,0,2026-03-31T19:20:21.265589-04:00,pharos,policy deliverables
local,/home/cerebrhoe/PHAROS-SUITE,/home/cerebrhoe/PHAROS-SUITE/repos/pharos-suite/compassai/src/modules/handoff,handoff,,True,0,2026-03-31T18:58:49.374405-04:00,pharos,handoff
local,/home/cerebrhoe/PHAROS-SUITE,/home/cerebrhoe/PHAROS-SUITE/repos/pharos-suite/compassai/src/modules/approval,approval,,True,0,2026-03-31T19:20:59.265901-04:00,pharos,approval
local,/home/cerebrhoe/PHAROS-SUITE,/home/cerebrhoe/PHAROS-SUITE/repos/pharos-suite/compassai/src/modules/governance-engine,governance-engine,,True,0,2026-03-31T19:08:53.327966-04:00,pharos,governance engine
local,/home/cerebrhoe/PHAROS-SUITE,/home/cerebrhoe/PHAROS-SUITE/repos/pharos-suite/compassai/docs/governance-program-migration-guide.md,governance-program-migration-guide.md,.md,False,5995,2026-03-30T18:09:21.411124-04:00,pharos,governance program migration guide
local,/home/cerebrhoe/PHAROS-SUITE,/home/cerebrhoe/PHAROS-SUITE/repos/pharos-suite/compassai/docs/ledger-layer-1.md,ledger-layer-1.md,.md,False,1877,2026-03-27T09:45:30.830892-04:00,pharos,ledger layer 1
local,/home/cerebrhoe/PHAROS-SUITE,/home/cerebrhoe/PHAROS-SUITE/repos/pharos-suite/compassai/docs/governance-program-roadmap.md,governance-program-roadmap.md,.md,False,4041,2026-03-27T09:45:30.810891-04:00,pharos,governance program roadmap
local,/home/cerebrhoe/PHAROS-SUITE,/home/cerebrhoe/PHAROS-SUITE/repos/pharos-suite/compassai/docs/pharos-method-integration.md,pharos-method-integration.md,.md,False,1847,2026-03-27T09:45:30.838892-04:00,pharos,pharos method integration
local,/home/cerebrhoe/PHAROS-SUITE,/home/cerebrhoe/PHAROS-SUITE/repos/pharos-suite/compassai/docs/infrafabric-alignment-v2.md,infrafabric-alignment-v2.md,.md,False,1884,2026-03-27T09:45:30.818892-04:00,pharos,infrafabric alignment
local,/home/cerebrhoe/PHAROS-SUITE,/home/cerebrhoe/PHAROS-SUITE/repos/pharos-suite/compassai/docs/backend-consolidation-plan.md,backend-consolidation-plan.md,.md,False,6065,2026-03-30T18:09:21.407124-04:00,pharos,backend consolidation plan
local,/home/cerebrhoe/PHAROS-SUITE,/home/cerebrhoe/PHAROS-SUITE/repos/pharos-suite/compassai/memory/PRD.md,PRD.md,.md,False,10389,2026-03-27T09:45:30.966894-04:00,pharos,prd
local,/home/cerebrhoe/PHAROS-SUITE,/home/cerebrhoe/PHAROS-SUITE/repos/pharos-suite/compassai/frontend/src,src,,True,0,2026-03-11T21:08:44.240881-04:00,pharos,src
local,/home/cerebrhoe/PHAROS-SUITE,/home/cerebrhoe/PHAROS-SUITE/repos/pharos-suite/compassai/frontend/README.md,README.md,.md,False,1335,2026-03-30T18:09:21.411124-04:00,pharos,readme
local,/home/cerebrhoe/PHAROS-SUITE,/home/cerebrhoe/PHAROS-SUITE/repos/pharos-suite/compassai/frontend/src/features,features,,True,0,2026-03-11T21:08:44.244882-04:00,pharos,features
local,/home/cerebrhoe/PHAROS-SUITE,/home/cerebrhoe/PHAROS-SUITE/repos/pharos-suite/compassai/frontend/src/features/governanceProgram,governanceProgram,,True,0,2026-03-27T09:45:30.942894-04:00,pharos,governanceprogram
local,/home/cerebrhoe/PHAROS-SUITE,/home/cerebrhoe/PHAROS-SUITE/repos/pharos-suite/compassai/frontend/src/features/governanceProgram/components,components,,True,0,2026-03-27T09:45:30.926893-04:00,pharos,components
local,/home/cerebrhoe/PHAROS-SUITE,/home/cerebrhoe/PHAROS-SUITE/repos/pharos-suite/compassai/frontend/src/features/governanceProgram/README.md,README.md,.md,False,1313,2026-03-27T09:45:30.890893-04:00,pharos,readme
local,/home/cerebrhoe/PHAROS-SUITE,/home/cerebrhoe/PHAROS-SUITE/repos/pharos-suite/frontend/functions,functions,,True,0,2026-04-02T05:09:34.539699-04:00,pharos,functions
local,/home/cerebrhoe/PHAROS-SUITE,/home/cerebrhoe/PHAROS-SUITE/repos/pharos-suite/frontend/public,public,,True,0,2026-04-02T07:38:46.785085-04:00,pharos,public
local,/home/cerebrhoe/PHAROS-SUITE,/home/cerebrhoe/PHAROS-SUITE/repos/pharos-suite/frontend/src,src,,True,0,2026-04-11T20:19:24.706828-04:00,pharos,src
local,/home/cerebrhoe/PHAROS-SUITE,/home/cerebrhoe/PHAROS-SUITE/repos/pharos-suite/frontend/build,build,,True,0,2026-04-16T06:06:44.449806-04:00,pharos,build
local,/home/cerebrhoe/PHAROS-SUITE,/home/cerebrhoe/PHAROS-SUITE/repos/pharos-suite/frontend/.wrangler,.wrangler,,True,0,2026-03-28T22:59:41.867657-04:00,pharos,wrangler
local,/home/cerebrhoe/PHAROS-SUITE,/home/cerebrhoe/PHAROS-SUITE/repos/pharos-suite/frontend/plugins,plugins,,True,0,2026-03-05T20:30:45.277761-05:00,pharos,plugins
local,/home/cerebrhoe/PHAROS-SUITE,/home/cerebrhoe/PHAROS-SUITE/repos/pharos-suite/frontend/scripts,scripts,,True,0,2026-03-30T19:12:36.540420-04:00,pharos,scripts
local,/home/cerebrhoe/PHAROS-SUITE,/home/cerebrhoe/PHAROS-SUITE/repos/pharos-suite/frontend/PHAROS_NEWLOOK_STYLE_LOCK.md,PHAROS_NEWLOOK_STYLE_LOCK.md,.md,False,1561,2026-03-29T18:55:28.007771-04:00,pharos,pharos newlook style lock
local,/home/cerebrhoe/PHAROS-SUITE,/home/cerebrhoe/PHAROS-SUITE/repos/pharos-suite/frontend/REBUILD_NOTES.md,REBUILD_NOTES.md,.md,False,3920,2026-03-30T00:22:49.399937-04:00,pharos,rebuild notes
local,/home/cerebrhoe/PHAROS-SUITE,/home/cerebrhoe/PHAROS-SUITE/repos/pharos-suite/frontend/README.md,README.md,.md,False,914,2026-03-30T17:25:36.746810-04:00,pharos,readme
local,/home/cerebrhoe/PHAROS-SUITE,/home/cerebrhoe/PHAROS-SUITE/repos/pharos-suite/frontend/REBUILD_PLAN.md,REBUILD_PLAN.md,.md,False,1926,2026-03-27T09:45:31.258900-04:00,pharos,rebuild plan
local,/home/cerebrhoe/PHAROS-SUITE,/home/cerebrhoe/PHAROS-SUITE/repos/pharos-suite/frontend/public/projects,projects,,True,0,2026-04-02T07:38:46.785085-04:00,pharos,projects
local,/home/cerebrhoe/PHAROS-SUITE,/home/cerebrhoe/PHAROS-SUITE/repos/pharos-suite/frontend/public/pharos-ai-site,pharos-ai-site,,True,0,2026-03-29T21:25:51.906386-04:00,pharos,pharos ai site
local,/home/cerebrhoe/PHAROS-SUITE,/home/cerebrhoe/PHAROS-SUITE/repos/pharos-suite/frontend/public/og,og,,True,0,2026-03-27T09:45:31.350901-04:00,pharos,og
local,/home/cerebrhoe/PHAROS-SUITE,/home/cerebrhoe/PHAROS-SUITE/repos/pharos-suite/frontend/public/robots.txt,robots.txt,.txt,False,129,2026-03-30T14:51:26.384033-04:00,pharos,robots
local,/home/cerebrhoe/PHAROS-SUITE,/home/cerebrhoe/PHAROS-SUITE/repos/pharos-suite/frontend/public/method-project-phase-results.html,method-project-phase-results.html,.html,False,21726,2026-03-30T14:51:04.067768-04:00,pharos,method project phase results
local,/home/cerebrhoe/PHAROS-SUITE,/home/cerebrhoe/PHAROS-SUITE/repos/pharos-suite/frontend/public/03_TOPOLOGY_THESEUS_AURYN_HOPF_LIMIT_MAP.md,03_TOPOLOGY_THESEUS_AURYN_HOPF_LIMIT_MAP.md,.md,False,6841,2026-03-30T14:51:04.063767-04:00,pharos,03 topology theseus auryn hopf limit map
local,/home/cerebrhoe/PHAROS-SUITE,/home/cerebrhoe/PHAROS-SUITE/repos/pharos-suite/frontend/public/index.html,index.html,.html,False,10731,2026-04-01T19:14:54.657410-04:00,pharos,index
local,/home/cerebrhoe/PHAROS-SUITE,/home/cerebrhoe/PHAROS-SUITE/repos/pharos-suite/frontend/public/projects/projets,projets,,True,0,2026-04-02T08:07:53.672431-04:00,pharos,projets
local,/home/cerebrhoe/PHAROS-SUITE,/home/cerebrhoe/PHAROS-SUITE/repos/pharos-suite/frontend/public/projects/projets/excavation-lavoie,excavation-lavoie,,True,0,2026-04-02T08:33:35.287888-04:00,pharos,excavation lavoie
local,/home/cerebrhoe/PHAROS-SUITE,/home/cerebrhoe/PHAROS-SUITE/repos/pharos-suite/frontend/public/projects/projets/sos-plomberie,sos-plomberie,,True,0,2026-04-02T08:33:35.183888-04:00,pharos,sos plomberie
local,/home/cerebrhoe/PHAROS-SUITE,/home/cerebrhoe/PHAROS-SUITE/repos/pharos-suite/frontend/public/projects/projets/SOSPlomberie.html,SOSPlomberie.html,.html,False,26563,2026-04-02T08:14:13.892294-04:00,pharos,sosplomberie
local,/home/cerebrhoe/PHAROS-SUITE,/home/cerebrhoe/PHAROS-SUITE/repos/pharos-suite/frontend/public/projects/projets/ExcavationLavoie.html,ExcavationLavoie.html,.html,False,26563,2026-04-02T08:14:13.896294-04:00,pharos,excavationlavoie
local,/home/cerebrhoe/PHAROS-SUITE,/home/cerebrhoe/PHAROS-SUITE/repos/pharos-suite/frontend/public/projects/projets/excavation-lavoie/06-regles-statuts.pdf,06-regles-statuts.pdf,.pdf,False,45098,2026-04-02T08:33:35.251888-04:00,pharos,06 regles statuts
local,/home/cerebrhoe/PHAROS-SUITE,/home/cerebrhoe/PHAROS-SUITE/repos/pharos-suite/frontend/public/projects/projets/excavation-lavoie/08-template-rapport-intervention.pdf,08-template-rapport-intervention.pdf,.pdf,False,57884,2026-04-02T08:33:35.271888-04:00,pharos,08 template rapport intervention
local,/home/cerebrhoe/PHAROS-SUITE,/home/cerebrhoe/PHAROS-SUITE/repos/pharos-suite/frontend/public/projects/projets/excavation-lavoie/04-checklist-quotidienne.pdf,04-checklist-quotidienne.pdf,.pdf,False,31695,2026-04-02T08:33:35.227888-04:00,pharos,04 checklist quotidienne
local,/home/cerebrhoe/PHAROS-SUITE,/home/cerebrhoe/PHAROS-SUITE/repos/pharos-suite/frontend/public/projects/projets/excavation-lavoie/03-sop-dictee-terrain-v1.pdf,03-sop-dictee-terrain-v1.pdf,.pdf,False,61408,2026-04-02T08:33:35.219888-04:00,pharos,03 sop dictee terrain
local,/home/cerebrhoe/PHAROS-SUITE,/home/cerebrhoe/PHAROS-SUITE/repos/pharos-suite/frontend/public/projects/projets/excavation-lavoie/01-recommandation-executive.pdf,01-recommandation-executive.pdf,.pdf,False,38657,2026-04-02T08:33:35.195888-04:00,pharos,01 recommandation executive
local,/home/cerebrhoe/PHAROS-SUITE,/home/cerebrhoe/PHAROS-SUITE/repos/pharos-suite/frontend/public/projects/projets/excavation-lavoie/05-pack-scripts-communication.pdf,05-pack-scripts-communication.pdf,.pdf,False,54703,2026-04-02T08:33:35.243888-04:00,pharos,05 pack scripts communication
local,/home/cerebrhoe/PHAROS-SUITE,/home/cerebrhoe/PHAROS-SUITE/repos/pharos-suite/frontend/public/projects/projets/excavation-lavoie/07-mode-crise.pdf,07-mode-crise.pdf,.pdf,False,50944,2026-04-02T08:33:35.263888-04:00,pharos,07 mode crise
local,/home/cerebrhoe/PHAROS-SUITE,/home/cerebrhoe/PHAROS-SUITE/repos/pharos-suite/frontend/public/projects/projets/excavation-lavoie/09-template-resume-facturation.pdf,09-template-resume-facturation.pdf,.pdf,False,44365,2026-04-02T08:33:35.279888-04:00,pharos,09 template resume facturation
local,/home/cerebrhoe/PHAROS-SUITE,/home/cerebrhoe/PHAROS-SUITE/repos/pharos-suite/frontend/public/projects/projets/excavation-lavoie/10-template-bloc-couts.pdf,10-template-bloc-couts.pdf,.pdf,False,46827,2026-04-02T08:33:35.287888-04:00,pharos,10 template bloc couts
local,/home/cerebrhoe/PHAROS-SUITE,/home/cerebrhoe/PHAROS-SUITE/repos/pharos-suite/frontend/public/projects/projets/excavation-lavoie/02-sop-repartiteur-v1.pdf,02-sop-repartiteur-v1.pdf,.pdf,False,53923,2026-04-02T08:33:35.207888-04:00,pharos,02 sop repartiteur
local,/home/cerebrhoe/PHAROS-SUITE,/home/cerebrhoe/PHAROS-SUITE/repos/pharos-suite/frontend/public/projects/projets/sos-plomberie/06-regles-statuts.pdf,06-regles-statuts.pdf,.pdf,False,45098,2026-04-02T08:33:35.147888-04:00,pharos,06 regles statuts
local,/home/cerebrhoe/PHAROS-SUITE,/home/cerebrhoe/PHAROS-SUITE/repos/pharos-suite/frontend/public/projects/projets/sos-plomberie/08-template-rapport-intervention.pdf,08-template-rapport-intervention.pdf,.pdf,False,57884,2026-04-02T08:33:35.163888-04:00,pharos,08 template rapport intervention
local,/home/cerebrhoe/PHAROS-SUITE,/home/cerebrhoe/PHAROS-SUITE/repos/pharos-suite/frontend/public/projects/projets/sos-plomberie/04-checklist-quotidienne.pdf,04-checklist-quotidienne.pdf,.pdf,False,31695,2026-04-02T08:33:35.127888-04:00,pharos,04 checklist quotidienne
local,/home/cerebrhoe/PHAROS-SUITE,/home/cerebrhoe/PHAROS-SUITE/repos/pharos-suite/frontend/public/projects/projets/sos-plomberie/03-sop-dictee-terrain-v1.pdf,03-sop-dictee-terrain-v1.pdf,.pdf,False,61408,2026-04-02T08:33:35.115888-04:00,pharos,03 sop dictee terrain
local,/home/cerebrhoe/PHAROS-SUITE,/home/cerebrhoe/PHAROS-SUITE/repos/pharos-suite/frontend/public/projects/projets/sos-plomberie/01-recommandation-executive.pdf,01-recommandation-executive.pdf,.pdf,False,38657,2026-04-02T08:33:35.095888-04:00,pharos,01 recommandation executive
local,/home/cerebrhoe/PHAROS-SUITE,/home/cerebrhoe/PHAROS-SUITE/repos/pharos-suite/frontend/public/projects/projets/sos-plomberie/05-pack-scripts-communication.pdf,05-pack-scripts-communication.pdf,.pdf,False,54703,2026-04-02T08:33:35.135888-04:00,pharos,05 pack scripts communication
local,/home/cerebrhoe/PHAROS-SUITE,/home/cerebrhoe/PHAROS-SUITE/repos/pharos-suite/frontend/public/projects/projets/sos-plomberie/07-mode-crise.pdf,07-mode-crise.pdf,.pdf,False,50944,2026-04-02T08:33:35.155888-04:00,pharos,07 mode crise
local,/home/cerebrhoe/PHAROS-SUITE,/home/cerebrhoe/PHAROS-SUITE/repos/pharos-suite/frontend/public/projects/projets/sos-plomberie/09-template-resume-facturation.pdf,09-template-resume-facturation.pdf,.pdf,False,44365,2026-04-02T08:33:35.175888-04:00,pharos,09 template resume facturation
local,/home/cerebrhoe/PHAROS-SUITE,/home/cerebrhoe/PHAROS-SUITE/repos/pharos-suite/frontend/public/projects/projets/sos-plomberie/10-template-bloc-couts.pdf,10-template-bloc-couts.pdf,.pdf,False,46827,2026-04-02T08:33:35.187888-04:00,pharos,10 template bloc couts
local,/home/cerebrhoe/PHAROS-SUITE,/home/cerebrhoe/PHAROS-SUITE/repos/pharos-suite/frontend/public/projects/projets/sos-plomberie/02-sop-repartiteur-v1.pdf,02-sop-repartiteur-v1.pdf,.pdf,False,53923,2026-04-02T08:33:35.107888-04:00,pharos,02 sop repartiteur
local,/home/cerebrhoe/PHAROS-SUITE,/home/cerebrhoe/PHAROS-SUITE/repos/pharos-suite/frontend/public/pharos-ai-site/index.html,index.html,.html,False,56565,2026-03-30T14:51:26.384033-04:00,pharos,index
local,/home/cerebrhoe/PHAROS-SUITE,/home/cerebrhoe/PHAROS-SUITE/repos/pharos-suite/frontend/src/translations,translations,,True,0,2026-03-27T09:45:32.110916-04:00,pharos,translations
local,/home/cerebrhoe/PHAROS-SUITE,/home/cerebrhoe/PHAROS-SUITE/repos/pharos-suite/frontend/src/components,components,,True,0,2026-04-01T19:03:39.991077-04:00,pharos,components
local,/home/cerebrhoe/PHAROS-SUITE,/home/cerebrhoe/PHAROS-SUITE/repos/pharos-suite/frontend/src/assets,assets,,True,0,2026-03-29T18:32:11.029706-04:00,pharos,assets
local,/home/cerebrhoe/PHAROS-SUITE,/home/cerebrhoe/PHAROS-SUITE/repos/pharos-suite/frontend/src/data,data,,True,0,2026-03-27T09:45:31.866911-04:00,pharos,data
local,/home/cerebrhoe/PHAROS-SUITE,/home/cerebrhoe/PHAROS-SUITE/repos/pharos-suite/frontend/src/hooks,hooks,,True,0,2026-03-27T09:45:31.886911-04:00,pharos,hooks
local,/home/cerebrhoe/PHAROS-SUITE,/home/cerebrhoe/PHAROS-SUITE/repos/pharos-suite/frontend/src/lib,lib,,True,0,2026-04-01T19:03:39.987077-04:00,pharos,lib
local,/home/cerebrhoe/PHAROS-SUITE,/home/cerebrhoe/PHAROS-SUITE/repos/pharos-suite/frontend/src/pages,pages,,True,0,2026-04-13T12:56:43.037616-04:00,pharos,pages
local,/home/cerebrhoe/PHAROS-SUITE,/home/cerebrhoe/PHAROS-SUITE/repos/pharos-suite/frontend/src/context,context,,True,0,2026-03-27T09:45:31.842911-04:00,pharos,context
local,/home/cerebrhoe/PHAROS-SUITE,/home/cerebrhoe/PHAROS-SUITE/repos/pharos-suite/frontend/src/components/ui,ui,,True,0,2026-03-27T09:45:31.834910-04:00,pharos,ui
local,/home/cerebrhoe/PHAROS-SUITE,/home/cerebrhoe/PHAROS-SUITE/repos/pharos-suite/frontend/build/projects,projects,,True,0,2026-04-16T06:05:50.103028-04:00,pharos,projects
local,/home/cerebrhoe/PHAROS-SUITE,/home/cerebrhoe/PHAROS-SUITE/repos/pharos-suite/frontend/build/trust,trust,,True,0,2026-04-16T06:06:44.429776-04:00,pharos,trust
local,/home/cerebrhoe/PHAROS-SUITE,/home/cerebrhoe/PHAROS-SUITE/repos/pharos-suite/frontend/build/pharos-ai-site,pharos-ai-site,,True,0,2026-04-16T06:05:50.095164-04:00,pharos,pharos ai site
local,/home/cerebrhoe/PHAROS-SUITE,/home/cerebrhoe/PHAROS-SUITE/repos/pharos-suite/frontend/build/contact,contact,,True,0,2026-04-16T06:06:44.409745-04:00,pharos,contact
local,/home/cerebrhoe/PHAROS-SUITE,/home/cerebrhoe/PHAROS-SUITE/repos/pharos-suite/frontend/build/services,services,,True,0,2026-04-16T06:06:44.445800-04:00,pharos,services
local,/home/cerebrhoe/PHAROS-SUITE,/home/cerebrhoe/PHAROS-SUITE/repos/pharos-suite/frontend/build/transparency,transparency,,True,0,2026-04-16T06:06:44.425770-04:00,pharos,transparency
local,/home/cerebrhoe/PHAROS-SUITE,/home/cerebrhoe/PHAROS-SUITE/repos/pharos-suite/frontend/build/methods,methods,,True,0,2026-04-16T06:06:44.421764-04:00,pharos,methods
local,/home/cerebrhoe/PHAROS-SUITE,/home/cerebrhoe/PHAROS-SUITE/repos/pharos-suite/frontend/build/faq,faq,,True,0,2026-04-16T06:06:44.437788-04:00,pharos,faq
local,/home/cerebrhoe/PHAROS-SUITE,/home/cerebrhoe/PHAROS-SUITE/repos/pharos-suite/frontend/build/assurance,assurance,,True,0,2026-04-16T06:06:44.425770-04:00,pharos,assurance
local,/home/cerebrhoe/PHAROS-SUITE,/home/cerebrhoe/PHAROS-SUITE/repos/pharos-suite/frontend/build/terms,terms,,True,0,2026-04-16T06:06:44.433782-04:00,pharos,terms
local,/home/cerebrhoe/PHAROS-SUITE,/home/cerebrhoe/PHAROS-SUITE/repos/pharos-suite/frontend/build/cases,cases,,True,0,2026-04-16T06:06:44.437788-04:00,pharos,cases
local,/home/cerebrhoe/PHAROS-SUITE,/home/cerebrhoe/PHAROS-SUITE/repos/pharos-suite/frontend/build/portal,portal,,True,0,2026-04-16T06:06:44.449806-04:00,pharos,portal
local,/home/cerebrhoe/PHAROS-SUITE,/home/cerebrhoe/PHAROS-SUITE/repos/pharos-suite/frontend/build/library,library,,True,0,2026-04-16T06:06:44.441794-04:00,pharos,library
local,/home/cerebrhoe/PHAROS-SUITE,/home/cerebrhoe/PHAROS-SUITE/repos/pharos-suite/frontend/build/research,research,,True,0,2026-04-16T06:06:44.417758-04:00,pharos,research
local,/home/cerebrhoe/PHAROS-SUITE,/home/cerebrhoe/PHAROS-SUITE/repos/pharos-suite/frontend/build/og,og,,True,0,2026-04-16T06:05:50.091233-04:00,pharos,og
local,/home/cerebrhoe/PHAROS-SUITE,/home/cerebrhoe/PHAROS-SUITE/repos/pharos-suite/frontend/build/auditability,auditability,,True,0,2026-04-16T06:06:44.429776-04:00,pharos,auditability
local,/home/cerebrhoe/PHAROS-SUITE,/home/cerebrhoe/PHAROS-SUITE/repos/pharos-suite/frontend/build/static,static,,True,0,2026-04-16T06:06:43.929012-04:00,pharos,static
local,/home/cerebrhoe/PHAROS-SUITE,/home/cerebrhoe/PHAROS-SUITE/repos/pharos-suite/frontend/build/privacy,privacy,,True,0,2026-04-16T06:06:44.433782-04:00,pharos,privacy
local,/home/cerebrhoe/PHAROS-SUITE,/home/cerebrhoe/PHAROS-SUITE/repos/pharos-suite/frontend/build/tool,tool,,True,0,2026-04-16T06:06:44.441794-04:00,pharos,tool
local,/home/cerebrhoe/PHAROS-SUITE,/home/cerebrhoe/PHAROS-SUITE/repos/pharos-suite/frontend/build/governance,governance,,True,0,2026-04-16T06:06:44.405739-04:00,pharos,governance
local,/home/cerebrhoe/PHAROS-SUITE,/home/cerebrhoe/PHAROS-SUITE/repos/pharos-suite/frontend/build/connect,connect,,True,0,2026-04-16T06:06:44.413751-04:00,pharos,connect
local,/home/cerebrhoe/PHAROS-SUITE,/home/cerebrhoe/PHAROS-SUITE/repos/pharos-suite/frontend/build/observatory,observatory,,True,0,2026-04-16T06:06:44.417758-04:00,pharos,observatory
local,/home/cerebrhoe/PHAROS-SUITE,/home/cerebrhoe/PHAROS-SUITE/repos/pharos-suite/frontend/build/about,about,,True,0,2026-04-16T06:06:44.421764-04:00,pharos,about
local,/home/cerebrhoe/PHAROS-SUITE,/home/cerebrhoe/PHAROS-SUITE/repos/pharos-suite/frontend/build/robots.txt,robots.txt,.txt,False,129,2026-04-16T06:05:50.150208-04:00,pharos,robots
local,/home/cerebrhoe/PHAROS-SUITE,/home/cerebrhoe/PHAROS-SUITE/repos/pharos-suite/frontend/build/method-project-phase-results.html,method-project-phase-results.html,.html,False,21726,2026-04-16T06:05:50.091233-04:00,pharos,method project phase results
local,/home/cerebrhoe/PHAROS-SUITE,/home/cerebrhoe/PHAROS-SUITE/repos/pharos-suite/frontend/build/03_TOPOLOGY_THESEUS_AURYN_HOPF_LIMIT_MAP.md,03_TOPOLOGY_THESEUS_AURYN_HOPF_LIMIT_MAP.md,.md,False,6841,2026-04-16T06:05:50.091233-04:00,pharos,03 topology theseus auryn hopf limit map
local,/home/cerebrhoe/PHAROS-SUITE,/home/cerebrhoe/PHAROS-SUITE/repos/pharos-suite/frontend/build/index.html,index.html,.html,False,8942,2026-04-16T06:06:43.925006-04:00,pharos,index
local,/home/cerebrhoe/PHAROS-SUITE,/home/cerebrhoe/PHAROS-SUITE/repos/pharos-suite/frontend/build/projects/projets,projets,,True,0,2026-04-16T06:05:50.126618-04:00,pharos,projets
local,/home/cerebrhoe/PHAROS-SUITE,/home/cerebrhoe/PHAROS-SUITE/repos/pharos-suite/frontend/build/projects/projets/excavation-lavoie,excavation-lavoie,,True,0,2026-04-16T06:05:50.126618-04:00,pharos,excavation lavoie
local,/home/cerebrhoe/PHAROS-SUITE,/home/cerebrhoe/PHAROS-SUITE/repos/pharos-suite/frontend/build/projects/projets/sos-plomberie,sos-plomberie,,True,0,2026-04-16T06:05:50.146276-04:00,pharos,sos plomberie
local,/home/cerebrhoe/PHAROS-SUITE,/home/cerebrhoe/PHAROS-SUITE/repos/pharos-suite/frontend/build/projects/projets/SOSPlomberie.html,SOSPlomberie.html,.html,False,26563,2026-04-16T06:05:50.106959-04:00,pharos,sosplomberie
local,/home/cerebrhoe/PHAROS-SUITE,/home/cerebrhoe/PHAROS-SUITE/repos/pharos-suite/frontend/build/projects/projets/ExcavationLavoie.html,ExcavationLavoie.html,.html,False,26563,2026-04-16T06:05:50.103028-04:00,pharos,excavationlavoie
local,/home/cerebrhoe/PHAROS-SUITE,/home/cerebrhoe/PHAROS-SUITE/repos/pharos-suite/frontend/build/projects/projets/excavation-lavoie/06-regles-statuts.pdf,06-regles-statuts.pdf,.pdf,False,45098,2026-04-16T06:05:50.118754-04:00,pharos,06 regles statuts
local,/home/cerebrhoe/PHAROS-SUITE,/home/cerebrhoe/PHAROS-SUITE/repos/pharos-suite/frontend/build/projects/projets/excavation-lavoie/08-template-rapport-intervention.pdf,08-template-rapport-intervention.pdf,.pdf,False,57884,2026-04-16T06:05:50.122686-04:00,pharos,08 template rapport intervention
local,/home/cerebrhoe/PHAROS-SUITE,/home/cerebrhoe/PHAROS-SUITE/repos/pharos-suite/frontend/build/projects/projets/excavation-lavoie/04-checklist-quotidienne.pdf,04-checklist-quotidienne.pdf,.pdf,False,31695,2026-04-16T06:05:50.114823-04:00,pharos,04 checklist quotidienne
local,/home/cerebrhoe/PHAROS-SUITE,/home/cerebrhoe/PHAROS-SUITE/repos/pharos-suite/frontend/build/projects/projets/excavation-lavoie/03-sop-dictee-terrain-v1.pdf,03-sop-dictee-terrain-v1.pdf,.pdf,False,61408,2026-04-16T06:05:50.114823-04:00,pharos,03 sop dictee terrain
local,/home/cerebrhoe/PHAROS-SUITE,/home/cerebrhoe/PHAROS-SUITE/repos/pharos-suite/frontend/build/projects/projets/excavation-lavoie/01-recommandation-executive.pdf,01-recommandation-executive.pdf,.pdf,False,38657,2026-04-16T06:05:50.106959-04:00,pharos,01 recommandation executive
local,/home/cerebrhoe/PHAROS-SUITE,/home/cerebrhoe/PHAROS-SUITE/repos/pharos-suite/frontend/build/projects/projets/excavation-lavoie/05-pack-scripts-communication.pdf,05-pack-scripts-communication.pdf,.pdf,False,54703,2026-04-16T06:05:50.114823-04:00,pharos,05 pack scripts communication
local,/home/cerebrhoe/PHAROS-SUITE,/home/cerebrhoe/PHAROS-SUITE/repos/pharos-suite/frontend/build/projects/projets/excavation-lavoie/07-mode-crise.pdf,07-mode-crise.pdf,.pdf,False,50944,2026-04-16T06:05:50.118754-04:00,pharos,07 mode crise
local,/home/cerebrhoe/PHAROS-SUITE,/home/cerebrhoe/PHAROS-SUITE/repos/pharos-suite/frontend/build/projects/projets/excavation-lavoie/09-template-resume-facturation.pdf,09-template-resume-facturation.pdf,.pdf,False,44365,2026-04-16T06:05:50.126618-04:00,pharos,09 template resume facturation
local,/home/cerebrhoe/PHAROS-SUITE,/home/cerebrhoe/PHAROS-SUITE/repos/pharos-suite/frontend/build/projects/projets/excavation-lavoie/10-template-bloc-couts.pdf,10-template-bloc-couts.pdf,.pdf,False,46827,2026-04-16T06:05:50.126618-04:00,pharos,10 template bloc couts
local,/home/cerebrhoe/PHAROS-SUITE,/home/cerebrhoe/PHAROS-SUITE/repos/pharos-suite/frontend/build/projects/projets/excavation-lavoie/02-sop-repartiteur-v1.pdf,02-sop-repartiteur-v1.pdf,.pdf,False,53923,2026-04-16T06:05:50.106959-04:00,pharos,02 sop repartiteur
local,/home/cerebrhoe/PHAROS-SUITE,/home/cerebrhoe/PHAROS-SUITE/repos/pharos-suite/frontend/build/projects/projets/sos-plomberie/06-regles-statuts.pdf,06-regles-statuts.pdf,.pdf,False,45098,2026-04-16T06:05:50.138412-04:00,pharos,06 regles statuts
local,/home/cerebrhoe/PHAROS-SUITE,/home/cerebrhoe/PHAROS-SUITE/repos/pharos-suite/frontend/build/projects/projets/sos-plomberie/08-template-rapport-intervention.pdf,08-template-rapport-intervention.pdf,.pdf,False,57884,2026-04-16T06:05:50.142344-04:00,pharos,08 template rapport intervention
local,/home/cerebrhoe/PHAROS-SUITE,/home/cerebrhoe/PHAROS-SUITE/repos/pharos-suite/frontend/build/projects/projets/sos-plomberie/04-checklist-quotidienne.pdf,04-checklist-quotidienne.pdf,.pdf,False,31695,2026-04-16T06:05:50.134481-04:00,pharos,04 checklist quotidienne
local,/home/cerebrhoe/PHAROS-SUITE,/home/cerebrhoe/PHAROS-SUITE/repos/pharos-suite/frontend/build/projects/projets/sos-plomberie/03-sop-dictee-terrain-v1.pdf,03-sop-dictee-terrain-v1.pdf,.pdf,False,61408,2026-04-16T06:05:50.134481-04:00,pharos,03 sop dictee terrain
local,/home/cerebrhoe/PHAROS-SUITE,/home/cerebrhoe/PHAROS-SUITE/repos/pharos-suite/frontend/build/projects/projets/sos-plomberie/01-recommandation-executive.pdf,01-recommandation-executive.pdf,.pdf,False,38657,2026-04-16T06:05:50.130549-04:00,pharos,01 recommandation executive
local,/home/cerebrhoe/PHAROS-SUITE,/home/cerebrhoe/PHAROS-SUITE/repos/pharos-suite/frontend/build/projects/projets/sos-plomberie/05-pack-scripts-communication.pdf,05-pack-scripts-communication.pdf,.pdf,False,54703,2026-04-16T06:05:50.134481-04:00,pharos,05 pack scripts communication
local,/home/cerebrhoe/PHAROS-SUITE,/home/cerebrhoe/PHAROS-SUITE/repos/pharos-suite/frontend/build/projects/projets/sos-plomberie/07-mode-crise.pdf,07-mode-crise.pdf,.pdf,False,50944,2026-04-16T06:05:50.138412-04:00,pharos,07 mode crise
local,/home/cerebrhoe/PHAROS-SUITE,/home/cerebrhoe/PHAROS-SUITE/repos/pharos-suite/frontend/build/projects/projets/sos-plomberie/09-template-resume-facturation.pdf,09-template-resume-facturation.pdf,.pdf,False,44365,2026-04-16T06:05:50.146276-04:00,pharos,09 template resume facturation
local,/home/cerebrhoe/PHAROS-SUITE,/home/cerebrhoe/PHAROS-SUITE/repos/pharos-suite/frontend/build/projects/projets/sos-plomberie/10-template-bloc-couts.pdf,10-template-bloc-couts.pdf,.pdf,False,46827,2026-04-16T06:05:50.146276-04:00,pharos,10 template bloc couts
local,/home/cerebrhoe/PHAROS-SUITE,/home/cerebrhoe/PHAROS-SUITE/repos/pharos-suite/frontend/build/projects/projets/sos-plomberie/02-sop-repartiteur-v1.pdf,02-sop-repartiteur-v1.pdf,.pdf,False,53923,2026-04-16T06:05:50.130549-04:00,pharos,02 sop repartiteur
local,/home/cerebrhoe/PHAROS-SUITE,/home/cerebrhoe/PHAROS-SUITE/repos/pharos-suite/frontend/build/trust/index.html,index.html,.html,False,9987,2026-04-16T06:06:44.429776-04:00,pharos,index
local,/home/cerebrhoe/PHAROS-SUITE,/home/cerebrhoe/PHAROS-SUITE/repos/pharos-suite/frontend/build/pharos-ai-site/index.html,index.html,.html,False,56565,2026-04-16T06:05:50.095164-04:00,pharos,index
local,/home/cerebrhoe/PHAROS-SUITE,/home/cerebrhoe/PHAROS-SUITE/repos/pharos-suite/frontend/build/contact/index.html,index.html,.html,False,9925,2026-04-16T06:06:44.409745-04:00,pharos,index
local,/home/cerebrhoe/PHAROS-SUITE,/home/cerebrhoe/PHAROS-SUITE/repos/pharos-suite/frontend/build/services/menu,menu,,True,0,2026-04-16T06:06:44.445800-04:00,pharos,menu
local,/home/cerebrhoe/PHAROS-SUITE,/home/cerebrhoe/PHAROS-SUITE/repos/pharos-suite/frontend/build/services/index.html,index.html,.html,False,10088,2026-04-16T06:06:44.405739-04:00,pharos,index
local,/home/cerebrhoe/PHAROS-SUITE,/home/cerebrhoe/PHAROS-SUITE/repos/pharos-suite/frontend/build/services/menu/index.html,index.html,.html,False,9857,2026-04-16T06:06:44.445800-04:00,pharos,index
local,/home/cerebrhoe/PHAROS-SUITE,/home/cerebrhoe/PHAROS-SUITE/repos/pharos-suite/frontend/build/transparency/index.html,index.html,.html,False,10022,2026-04-16T06:06:44.425770-04:00,pharos,index
local,/home/cerebrhoe/PHAROS-SUITE,/home/cerebrhoe/PHAROS-SUITE/repos/pharos-suite/frontend/build/methods/index.html,index.html,.html,False,9962,2026-04-16T06:06:44.421764-04:00,pharos,index
local,/home/cerebrhoe/PHAROS-SUITE,/home/cerebrhoe/PHAROS-SUITE/repos/pharos-suite/frontend/build/faq/index.html,index.html,.html,False,9819,2026-04-16T06:06:44.437788-04:00,pharos,index
local,/home/cerebrhoe/PHAROS-SUITE,/home/cerebrhoe/PHAROS-SUITE/repos/pharos-suite/frontend/build/assurance/index.html,index.html,.html,False,10007,2026-04-16T06:06:44.425770-04:00,pharos,index
local,/home/cerebrhoe/PHAROS-SUITE,/home/cerebrhoe/PHAROS-SUITE/repos/pharos-suite/frontend/build/terms/index.html,index.html,.html,False,9924,2026-04-16T06:06:44.437788-04:00,pharos,index
local,/home/cerebrhoe/PHAROS-SUITE,/home/cerebrhoe/PHAROS-SUITE/repos/pharos-suite/frontend/build/cases/index.html,index.html,.html,False,10011,2026-04-16T06:06:44.437788-04:00,pharos,index
local,/home/cerebrhoe/PHAROS-SUITE,/home/cerebrhoe/PHAROS-SUITE/repos/pharos-suite/frontend/build/portal/compassai,compassai,,True,0,2026-04-16T06:06:44.453812-04:00,pharos,compassai
local,/home/cerebrhoe/PHAROS-SUITE,/home/cerebrhoe/PHAROS-SUITE/repos/pharos-suite/frontend/build/portal/compassai/aurora,aurora,,True,0,2026-04-16T06:06:44.449806-04:00,pharos,aurora
local,/home/cerebrhoe/PHAROS-SUITE,/home/cerebrhoe/PHAROS-SUITE/repos/pharos-suite/frontend/build/portal/compassai/index.html,index.html,.html,False,10208,2026-04-16T06:06:44.453812-04:00,pharos,index
local,/home/cerebrhoe/PHAROS-SUITE,/home/cerebrhoe/PHAROS-SUITE/repos/pharos-suite/frontend/build/portal/compassai/aurora/index.html,index.html,.html,False,10236,2026-04-16T06:06:44.453812-04:00,pharos,index
local,/home/cerebrhoe/PHAROS-SUITE,/home/cerebrhoe/PHAROS-SUITE/repos/pharos-suite/frontend/build/library/index.html,index.html,.html,False,9875,2026-04-16T06:06:44.441794-04:00,pharos,index
local,/home/cerebrhoe/PHAROS-SUITE,/home/cerebrhoe/PHAROS-SUITE/repos/pharos-suite/frontend/build/research/index.html,index.html,.html,False,9928,2026-04-16T06:06:44.417758-04:00,pharos,index
local,/home/cerebrhoe/PHAROS-SUITE,/home/cerebrhoe/PHAROS-SUITE/repos/pharos-suite/frontend/build/auditability/index.html,index.html,.html,False,10022,2026-04-16T06:06:44.429776-04:00,pharos,index
local,/home/cerebrhoe/PHAROS-SUITE,/home/cerebrhoe/PHAROS-SUITE/repos/pharos-suite/frontend/build/static/css,css,,True,0,2026-04-16T06:06:43.937024-04:00,pharos,css
local,/home/cerebrhoe/PHAROS-SUITE,/home/cerebrhoe/PHAROS-SUITE/repos/pharos-suite/frontend/build/static/js,js,,True,0,2026-04-16T06:06:43.945037-04:00,pharos,js
local,/home/cerebrhoe/PHAROS-SUITE,/home/cerebrhoe/PHAROS-SUITE/repos/pharos-suite/frontend/build/static/media,media,,True,0,2026-04-16T06:06:43.929012-04:00,pharos,media
local,/home/cerebrhoe/PHAROS-SUITE,/home/cerebrhoe/PHAROS-SUITE/repos/pharos-suite/frontend/build/static/js/main.a1760a69.js.LICENSE.txt,main.a1760a69.js.LICENSE.txt,.txt,False,1826,2026-04-16T06:06:43.945037-04:00,pharos,main a1760a69 js license
local,/home/cerebrhoe/PHAROS-SUITE,/home/cerebrhoe/PHAROS-SUITE/repos/pharos-suite/frontend/build/privacy/index.html,index.html,.html,False,9905,2026-04-16T06:06:44.433782-04:00,pharos,index
local,/home/cerebrhoe/PHAROS-SUITE,/home/cerebrhoe/PHAROS-SUITE/repos/pharos-suite/frontend/build/tool/index.html,index.html,.html,False,9961,2026-04-16T06:06:44.441794-04:00,pharos,index
local,/home/cerebrhoe/PHAROS-SUITE,/home/cerebrhoe/PHAROS-SUITE/repos/pharos-suite/frontend/build/governance/index.html,index.html,.html,False,10083,2026-04-16T06:06:44.405739-04:00,pharos,index
local,/home/cerebrhoe/PHAROS-SUITE,/home/cerebrhoe/PHAROS-SUITE/repos/pharos-suite/frontend/build/connect/index.html,index.html,.html,False,9925,2026-04-16T06:06:44.413751-04:00,pharos,index
local,/home/cerebrhoe/PHAROS-SUITE,/home/cerebrhoe/PHAROS-SUITE/repos/pharos-suite/frontend/build/observatory/index.html,index.html,.html,False,9943,2026-04-16T06:06:44.417758-04:00,pharos,index
local,/home/cerebrhoe/PHAROS-SUITE,/home/cerebrhoe/PHAROS-SUITE/repos/pharos-suite/frontend/build/about/conceptual-method,conceptual-method,,True,0,2026-04-16T06:06:44.425770-04:00,pharos,conceptual method
local,/home/cerebrhoe/PHAROS-SUITE,/home/cerebrhoe/PHAROS-SUITE/repos/pharos-suite/frontend/build/about/index.html,index.html,.html,False,10115,2026-04-16T06:06:44.417758-04:00,pharos,index
local,/home/cerebrhoe/PHAROS-SUITE,/home/cerebrhoe/PHAROS-SUITE/repos/pharos-suite/frontend/build/about/conceptual-method/index.html,index.html,.html,False,10015,2026-04-16T06:06:44.425770-04:00,pharos,index
local,/home/cerebrhoe/PHAROS-SUITE,/home/cerebrhoe/PHAROS-SUITE/repos/pharos-suite/frontend/.wrangler/tmp,tmp,,True,0,2026-04-16T06:07:10.325242-04:00,pharos,tmp
local,/home/cerebrhoe/PHAROS-SUITE,/home/cerebrhoe/PHAROS-SUITE/repos/pharos-suite/frontend/plugins/health-check,health-check,,True,0,2026-03-27T09:45:31.314901-04:00,pharos,health check
local,/home/cerebrhoe/PHAROS-SUITE,/home/cerebrhoe/PHAROS-SUITE/repos/pharos-suite/frontend/plugins/visual-edits,visual-edits,,True,0,2026-03-27T09:45:31.330901-04:00,pharos,visual edits
