archive_path,source_path,size_bytes,drive
C/00001_peer_review_PHS-D-25-00066_humanized_d7670de0ae84.txt,C:\Users\softinfo\Desktop\peer_review_PHS-D-25-00066_humanized.txt,22278,C
C/00002_Running_HENRY_s_Reviewer-2_gates_as_c40aac8bf191.txt,C:\Users\softinfo\Desktop\Running HENRY's Reviewer-2 gates as.txt,131687,C
C/00003_ai_governance_public_statement_51c02f883574.txt,C:\Users\softinfo\Documents\AI GOVERNANCE LIBRARY\Drafts and Statements\ai_governance_public_statement.txt,699,C
C/00004_ai_governance_public_statementlong_5a04c0550a39.txt,C:\Users\softinfo\Documents\AI GOVERNANCE LIBRARY\Drafts and Statements\ai_governance_public_statementlong.txt,1620,C
C/00005_if-gov-ai-2027-2028_adfc5f16755e.md,C:\Users\softinfo\Documents\AI GOVERNANCE LIBRARY\Drafts and Statements\if-gov-ai-2027-2028.md,41047,C
C/00006_provisional-arbitration-charter_03203003c9dc.md,C:\Users\softinfo\Documents\AI GOVERNANCE LIBRARY\Drafts and Statements\provisional-arbitration-charter.md,12529,C
C/00007_Lepage--Queering_Pagan_Magic--MRW_revision_a2b33c7a75d1.md,C:\Users\softinfo\Documents\EMERAULD\assets\manuscripts\queering-neo-pagan-magic-mrw-2026\_archive_superseded_2026-05-31\source_uploads\Lepage--Queering Pagan Magic--MRW revision.md,23310,C
C/00008_PUBLICATION-LINKING-PROGRESS_60f92dcf7e93.md,C:\Users\softinfo\Documents\EMERAULD\Publications\_PUBLICATION-LINKING-PROGRESS.md,3464,C
C/00009_essay_identity_enforceable_1d61bd4cd36a.md,C:\Users\softinfo\Documents\EMERAULD\Publications\BOOKS\essay_identity_enforceable.md,57063,C
C/00010_AI_Anxiety_to_Recursive_Governance_AI_Society_manu_d0cd215adcfd.md,C:\Users\softinfo\Documents\EMERAULD\Publications\Papers and Chapters\AI Anxiety to Recursive Governance — AI & Society manuscript.md,2115,C
C/00011_Bodies_Files_and_Populist_Denial_working_paper_f78367d259cc.md,"C:\Users\softinfo\Documents\EMERAULD\Publications\Papers and Chapters\Bodies, Files, and Populist Denial — working paper.md",1604,C
C/00012_Governance_by_Denial_working_paper_f7794d760c8a.md,C:\Users\softinfo\Documents\EMERAULD\Publications\Papers and Chapters\Governance by Denial — working paper.md,689,C
C/00013_Lepage_Jeffrey_2018_La_ritualisation_des_masculini_c43f5c751ec2.md,C:\Users\softinfo\Documents\EMERAULD\Publications\Papers and Chapters\Lepage & Jeffrey 2018 — La ritualisation des masculinités gays.md,767,C
C/00014_Lepage_2010_Mort_et_Naissance_et_L_Ombre_et_le_Dou_31e44596b1ed.md,"C:\Users\softinfo\Documents\EMERAULD\Publications\Papers and Chapters\Lepage 2010 — Mort et Naissance et L'Ombre et le Double (MA thesis, Rivard).md",877,C
C/00015_Lepage_2014_A_Lokian_Family_Queer_and_Pagan_Agency_48386c5ef6d8.md,C:\Users\softinfo\Documents\EMERAULD\Publications\Papers and Chapters\Lepage 2014 — A Lokian Family — Queer and Pagan Agency in Montreal.md,818,C
C/00016_Lepage_2015_Ritualit_s_queer_et_performativit_du_g_4779a0fe65fc.md,C:\Users\softinfo\Documents\EMERAULD\Publications\Papers and Chapters\Lepage 2015 — Ritualités queer et performativité du genre.md,727,C
C/00017_Lepage_2016_Les_f_es_dansent_sur_le_Mont-Royal_9e5cd7e3c41e.md,C:\Users\softinfo\Documents\EMERAULD\Publications\Papers and Chapters\Lepage 2016 — Les fées dansent sur le Mont-Royal.md,821,C
C/00018_Lepage_2017_Queerness_and_Transgender_Identity_c70ec5bd24c2.md,C:\Users\softinfo\Documents\EMERAULD\Publications\Papers and Chapters\Lepage 2017 — Queerness and Transgender Identity.md,854,C
C/00019_Lepage_2017_Review_of_De_Martino_Magic_A_Theory_fr_99ef996d6140.md,"C:\Users\softinfo\Documents\EMERAULD\Publications\Papers and Chapters\Lepage 2017 — Review of De Martino, Magic — A Theory from the South.md",593,C
C/00020_Lepage_2017_Review_of_The_Oxford_Illustrated_Histo_3197222f8b71.md,C:\Users\softinfo\Documents\EMERAULD\Publications\Papers and Chapters\Lepage 2017 — Review of The Oxford Illustrated History of Witchcraft and Magic.md,614,C
C/00021_Lepage_2017_Why_be_king_I_m_already_a_queen_PhD_di_b4402eee656f.md,"C:\Users\softinfo\Documents\EMERAULD\Publications\Papers and Chapters\Lepage 2017 — Why be king, I'm already a queen (PhD dissertation).md",828,C
C/00022_Lepage_2018_La_D_esse_int_rieure_f0e07a4b21dc.md,C:\Users\softinfo\Documents\EMERAULD\Publications\Papers and Chapters\Lepage 2018 — La Déesse intérieure.md,888,C
C/00023_Lepage_2018_Religiosit_s_queer_n_o-pa_ennes_et_la_f99d896c83f7.md,C:\Users\softinfo\Documents\EMERAULD\Publications\Papers and Chapters\Lepage 2018 — Religiosités queer néo-païennes et la question de l'authenticité.md,879,C
C/00024_Lepage_2020_Perspectives_sur_les_savoirs_queer_et_ddd2b4afde04.md,C:\Users\softinfo\Documents\EMERAULD\Publications\Papers and Chapters\Lepage 2020 — Perspectives sur les savoirs queer et le pouvoir du non-binaire.md,663,C
C/00025_Lepage_2020_Queeriser_la_magie_n_o-pa_enne_145dac2b1fc4.md,C:\Users\softinfo\Documents\EMERAULD\Publications\Papers and Chapters\Lepage 2020 — Queeriser la magie néo-païenne.md,766,C
C/00026_Lepage_2020_Things_I_do_are_manifestations_of_love_6a30aa9cbaed.md,C:\Users\softinfo\Documents\EMERAULD\Publications\Papers and Chapters\Lepage 2020 — Things I do are manifestations of love.md,793,C
C/00027_Lepage_2023_The_Avatar_Animated_Series_A_Queer_Rea_87cd839a0c6e.md,C:\Users\softinfo\Documents\EMERAULD\Publications\Papers and Chapters\Lepage 2023 — The Avatar Animated Series — A Queer Reading of Embodied Power.md,713,C
C/00028_Lepage_2025_Every_Hair_a_Battle_Scar_Buffy_Summers_18f11e390bd4.md,C:\Users\softinfo\Documents\EMERAULD\Publications\Papers and Chapters\Lepage 2025 — Every Hair a Battle Scar — Buffy Summers' Hair.md,873,C
C/00029_Modern_Magic_Pop_Song_and_Queer_Neopagan_working_p_722cdbd5dc85.md,C:\Users\softinfo\Documents\EMERAULD\Publications\Papers and Chapters\Modern Magic — Pop Song and Queer Neopagan (working paper).md,1249,C
C/00030_PHAROS_AI_and_Ethics_submission_draft_a730a3bd7f05.md,C:\Users\softinfo\Documents\EMERAULD\Publications\Papers and Chapters\PHAROS — AI and Ethics submission (draft).md,2508,C
C/00031_Recursive_Deterministic_AI_Governance_working_pape_3e597a933fdf.md,C:\Users\softinfo\Documents\EMERAULD\Publications\Papers and Chapters\Recursive Deterministic AI Governance — working paper.md,2122,C
C/00032_Pourquoi_r_ver_encore-_nalyses-REWRITE_6ae715a51b89.md,C:\Users\softinfo\Documents\EMERAULD\Publications\Papers and Chapters\Rivard2026\Pourquoi rêver encore-@nalyses-REWRITE.md,34361,C
C/00033_Self-Polygraph_AI_and_Society_working_paper_6c356c324540.md,C:\Users\softinfo\Documents\EMERAULD\Publications\Papers and Chapters\Self-Polygraph — AI and Society (working paper).md,2336,C
C/00034_Voodoo_working_paper_faa3b839bf3d.md,C:\Users\softinfo\Documents\EMERAULD\Publications\Papers and Chapters\Voodoo — working paper.md,952,C
C/00035_Ahmed_Sara._The_Promise_of_Happine_c74ae91e700b.txt,"C:\Users\softinfo\Documents\EMERAULD\raw sources\Documents_root_loose_intake_2026-04-28\papers-and-manuscripts\Ahmed, Sara. The Promise of Happine.txt",4577,C
C/00036_Complete_Paper_List_Martin_Lepage_eafc948d24ab.txt,C:\Users\softinfo\Documents\EMERAULD\raw sources\Documents_root_loose_intake_2026-04-28\papers-and-manuscripts\Complete Paper List — Martin Lepage.txt,38188,C
C/00037_CORPUS_ou_le_g_nie_de_l_insistance_1_bc14da30cb81.md,C:\Users\softinfo\Documents\EMERAULD\raw sources\Documents_root_loose_intake_2026-04-28\papers-and-manuscripts\CORPUS ou le génie de l’insistance (1).md,541733,C
C/00038_Hair_388c908743af.enw,C:\Users\softinfo\Documents\EMERAULD\raw sources\Documents_root_loose_intake_2026-04-28\papers-and-manuscripts\Hair.enw,285,C
C/00039_The_Kybalion_3f01fc2fd5da.pdf,C:\Users\softinfo\Documents\EMERAULD\raw sources\Documents_root_loose_intake_2026-04-28\papers-and-manuscripts\The_Kybalion.pdf,1207149,C
C/00040_Gemini_a_dit_6b5c040ae595.txt,C:\Users\softinfo\Documents\EMERAULD\raw sources\Documents_root_loose_intake_2026-04-28\pharos-ops-publishing\Gemini a dit.txt,1567,C
C/00041_LINKEDIN-SCHEDULE-NOW_62ebd3eeaeb9.md,C:\Users\softinfo\Documents\EMERAULD\raw sources\Documents_root_loose_intake_2026-04-28\pharos-ops-publishing\LINKEDIN-SCHEDULE-NOW.md,9755,C
C/00042_PHAROS_LinkedIn_Monthly_Routine_2026-04_cbf7e8017a92.md,C:\Users\softinfo\Documents\EMERAULD\raw sources\Documents_root_loose_intake_2026-04-28\pharos-ops-publishing\PHAROS_LinkedIn_Monthly_Routine_2026-04.md,28937,C
C/00043_SKILL_AUDIT_2026-04-06_2db4c1e881af.md,C:\Users\softinfo\Documents\EMERAULD\raw sources\Documents_root_loose_intake_2026-04-28\pharos-ops-publishing\SKILL_AUDIT_2026-04-06.md,11303,C
C/00044_manuscript-to-review.extracted_63ae7a3e7653.txt,C:\Users\softinfo\Documents\EMERAULD\raw\D-drive-scan-2026-05-12\softinfo-manuscript\manuscript-to-review.extracted.txt,48680,C
C/00045_1990_Climate_Change_The_IPCC_Scientific_Assessment_bc4527026d9a.md,C:\Users\softinfo\Documents\EMERAULD\references\1990 — Climate Change The IPCC Scientific Assessment.md,1174,C
C/00046_1996_Climate_Change_1995_The_Science_of_Climate_Ch_3f0c9c35d3de.md,C:\Users\softinfo\Documents\EMERAULD\references\1996 — Climate Change 1995 The Science of Climate Change.md,1160,C
C/00047_2012_Theoretical_Foundations_of_Artificial_General_cf07273942ee.md,C:\Users\softinfo\Documents\EMERAULD\references\2012 — Theoretical Foundations of Artificial General Intelligence.md,1043,C
C/00048_2014_Material_Ecocriticism_072b34097786.md,C:\Users\softinfo\Documents\EMERAULD\references\2014 — Material Ecocriticism.md,1183,C
C/00049_2016_Big_Data_s_Disparate_Impact_093a4eb8d8b0.md,C:\Users\softinfo\Documents\EMERAULD\references\2016 — Big Data s Disparate Impact.md,1232,C
C/00050_2016_Strategic_Silence_08328fc7097e.md,C:\Users\softinfo\Documents\EMERAULD\references\2016 — Strategic Silence.md,1098,C
C/00051_2022_Needs_and_experiences_of_people_practising_ch_68a2da8d7ca1.md,C:\Users\softinfo\Documents\EMERAULD\references\2022 — Needs and experiences of people practising chemsex with.md,1189,C
C/00052_2023_Crip_Authorship_Disability_as_Method_563c2a3576d7.md,C:\Users\softinfo\Documents\EMERAULD\references\2023 — Crip Authorship Disability as Method.md,1048,C
C/00053_2025_Digitalisation_artificial_intelligence_and_al_2efbeac5299a.md,C:\Users\softinfo\Documents\EMERAULD\references\2025 — Digitalisation artificial intelligence and algorithmic management in the.md,1284,C
C/00054_References_Index_a2e91048cdc8.md,C:\Users\softinfo\Documents\EMERAULD\references\_References Index.md,67424,C
C/00055_Achouche_2015_La_Sorci_re_dans_les_s_ries_t_l_vis_37f7d1eb95db.md,C:\Users\softinfo\Documents\EMERAULD\references\Achouche 2015 — La Sorcière dans les séries télévisées américaines une.md,1471,C
C/00056_Ackerman_2000_The_Intellectual_Challenge_of_CSCW_T_38f4c24a9fb8.md,C:\Users\softinfo\Documents\EMERAULD\references\Ackerman 2000 — The Intellectual Challenge of CSCW The Gap Between.md,1588,C
C/00057_Adler_1979_Drawing_Down_the_Moon_Witches_Druids_Go_334c9b899a1f.md,C:\Users\softinfo\Documents\EMERAULD\references\Adler 1979 — Drawing Down the Moon Witches Druids Goddess-Worshippers and.md,1433,C
C/00058_Adler_1986_Drawing_down_the_moon_witches_druids_go_e04d3ab77b5d.md,C:\Users\softinfo\Documents\EMERAULD\references\Adler 1986 — Drawing down the moon witches druids goddess-worshippers.md,1261,C
C/00059_Agca_2025_Experimental_perspective_on_artificial_i_adaacedb95b2.md,C:\Users\softinfo\Documents\EMERAULD\references\Agca 2025 — Experimental perspective on artificial intelligence anxiety.md,1804,C
C/00060_Ahmed_2004_The_Cultural_Politics_of_Emotion_159a460c353e.md,C:\Users\softinfo\Documents\EMERAULD\references\Ahmed 2004 — The Cultural Politics of Emotion.md,1411,C
C/00061_Ahmed_2006_Queer_Phenomenology_Orientations_Object_4d863baaf399.md,C:\Users\softinfo\Documents\EMERAULD\references\Ahmed 2006 — Queer Phenomenology Orientations Objects Others.md,1279,C
C/00062_Ahmed_2010_The_Promise_of_Happiness_e1e68720a3d9.md,C:\Users\softinfo\Documents\EMERAULD\references\Ahmed 2010 — The Promise of Happiness.md,1379,C
C/00063_Ahmed_2012_On_Being_Included_Racism_and_Diversity_61a07ad00472.md,C:\Users\softinfo\Documents\EMERAULD\references\Ahmed 2012 — On Being Included Racism and Diversity in Institutional.md,1557,C
C/00064_Ahmed_2016_chemsex_3f1d7a1afc74.md,C:\Users\softinfo\Documents\EMERAULD\references\Ahmed 2016 — chemsex.md,1526,C
C/00065_Al-Smadi_2025_The_role_of_AI_anxiety_and_attitudes_f2bbde5be44e.md,C:\Users\softinfo\Documents\EMERAULD\references\Al-Smadi 2025 — The role of AI anxiety and attitudes toward.md,2248,C
C/00066_Albanese_1990_Nature_Religion_in_America_From_the_72d99dc57637.md,C:\Users\softinfo\Documents\EMERAULD\references\Albanese 1990 — Nature Religion in America From the Algonkian Indians (2).md,1535,C
C/00067_Albanese_1990_Nature_religion_in_America_from_the_64642972933f.md,C:\Users\softinfo\Documents\EMERAULD\references\Albanese 1990 — Nature religion in America from the Algonkian Indians.md,1481,C
C/00068_Alfrink_2022_Contestable_AI_by_Design_Towards_a_Fr_fa8384e324bf.md,C:\Users\softinfo\Documents\EMERAULD\references\Alfrink 2022 — Contestable AI by Design Towards a Framework.md,1611,C
C/00069_Allie_2014_Interview_with_the_creative_team_51bbdb6db75d.md,C:\Users\softinfo\Documents\EMERAULD\references\Allie 2014 — Interview with the creative team.md,1249,C
C/00070_Althaus-Reid_2005_From_the_Goddess_to_Queer_Theolo_17307d90e659.md,C:\Users\softinfo\Documents\EMERAULD\references\Althaus-Reid 2005 — From the Goddess to Queer Theology The State (2).md,1522,C
C/00071_Althaus-Reid_2005_From_the_Goddess_to_queer_theolo_1a830535bdab.md,C:\Users\softinfo\Documents\EMERAULD\references\Althaus-Reid 2005 — From the Goddess to queer theology the state.md,1358,C
C/00072_Amick_2017_Social_and_Cognitive_Impressions_of_Adu_3582132591c1.md,C:\Users\softinfo\Documents\EMERAULD\references\Amick 2017 — Social and Cognitive Impressions of Adults Who Do.md,1645,C
C/00073_Ammerman_2013_Spiritual_but_not_religious_Beyond_b_d969fef2ba75.md,C:\Users\softinfo\Documents\EMERAULD\references\Ammerman 2013 — Spiritual but not religious Beyond binary choices in.md,1398,C
C/00074_Ananny_2016_Seeing_without_knowing_Limitations_of_7fc3553244c8.md,C:\Users\softinfo\Documents\EMERAULD\references\Ananny 2016 — Seeing without knowing Limitations of the transparency ideal.md,1741,C
C/00075_Ang_1996_Living_Room_Wars_Rethinking_Media_Audienc_902935678d58.md,C:\Users\softinfo\Documents\EMERAULD\references\Ang 1996 — Living Room Wars Rethinking Media Audiences for a.md,1224,C
C/00076_Anker_2011_Telemedicine_and_remote_management_of_p_f1348a61de0a.md,C:\Users\softinfo\Documents\EMERAULD\references\Anker 2011 — Telemedicine and remote management of patients with heart.md,1397,C
C/00077_Anthias_2005_Social_Stratification_and_Social_Ineq_22a4ddcfb310.md,C:\Users\softinfo\Documents\EMERAULD\references\Anthias 2005 — Social Stratification and Social Inequality Models of Intersectionality.md,1557,C
C/00078_Anthias_2005_Social_stratification_and_social_ineq_41d4f23eef4d.md,C:\Users\softinfo\Documents\EMERAULD\references\Anthias 2005 — Social stratification and social inequality models of.md,1182,C
C/00079_Archibald_2006_Le_r_cit_en_jeu_Narrativit_et_inter_f3bb71d06b4c.md,C:\Users\softinfo\Documents\EMERAULD\references\Archibald 2006 — Le récit en jeu Narrativité et interactivité.md,1588,C
C/00080_Argyris_1978_Organizational_Learning_A_Theory_of_A_79c037998c55.md,C:\Users\softinfo\Documents\EMERAULD\references\Argyris 1978 — Organizational Learning A Theory of Action Perspective Reading.md,1062,C
C/00081_Armour_2006_Bodily_citations_religion_and_Judith_f83790920dfc.md,C:\Users\softinfo\Documents\EMERAULD\references\Armour 2006 — Bodily citations religion and Judith.md,1292,C
C/00082_Arslan_2025_Exploring_agentic_AI_and_recursive_rea_f180bb168a0c.md,C:\Users\softinfo\Documents\EMERAULD\references\Arslan 2025 — Exploring agentic AI and recursive reasoning.md,1596,C
C/00083_Arweck_1999_Theorizing_faith_the_insider_outsider_419a6f48cda4.md,C:\Users\softinfo\Documents\EMERAULD\references\Arweck 1999 — Theorizing faith the insider outsider.md,1227,C
C/00084_Attard-Frost_2024_The_governance_of_artificial_int_a529f9be1266.md,C:\Users\softinfo\Documents\EMERAULD\references\Attard-Frost 2024 — The governance of artificial intelligence in Canada Findings.md,1849,C
C/00085_Attwood_2018_Jurassic_ethics_Using_film_in_bioethi_429f155563d3.md,C:\Users\softinfo\Documents\EMERAULD\references\Attwood 2018 — Jurassic ethics Using film in bioethics education.md,1335,C
C/00086_Aug_1982_G_nie_du_paganisme_563f3b72811b.md,C:\Users\softinfo\Documents\EMERAULD\references\Augé 1982 — Génie du paganisme.md,1195,C
C/00087_Austin_1962_How_to_do_things_with_words_b7b5d41eb752.md,C:\Users\softinfo\Documents\EMERAULD\references\Austin 1962 — How to do things with words.md,1457,C
C/00088_Avallone_2025_How_gay_bisexual_and_other_men_who_h_6178f1eafbd1.md,C:\Users\softinfo\Documents\EMERAULD\references\Avallone 2025 — How gay bisexual and other men who have.md,1790,C
C/00089_Azria_2010_Dictionnaire_des_faits_religieux_54ab7d03a57a.md,C:\Users\softinfo\Documents\EMERAULD\references\Azria 2010 — Dictionnaire des faits religieux.md,1299,C
C/00090_Bacchilega_1997_Postmodern_Fairy_Tales_Gender_and_27526fd6bcd3.md,C:\Users\softinfo\Documents\EMERAULD\references\Bacchilega 1997 — Postmodern Fairy Tales Gender and Narrative Strategies.md,1305,C
C/00091_Bachelard_1942_L_eau_et_les_r_ves_essai_sur_l_14b5f371cad9.md,C:\Users\softinfo\Documents\EMERAULD\references\Bachelard 1942 — L eau et les rêves essai sur l.md,1369,C
C/00092_Bachelard_1957_La_po_tique_de_l_espace_cf8751904b34.md,C:\Users\softinfo\Documents\EMERAULD\references\Bachelard 1957 — La poétique de l espace.md,1374,C
C/00093_Bailenson_2008_Detecting_digital_chameleons_42a50a6ae9da.md,C:\Users\softinfo\Documents\EMERAULD\references\Bailenson 2008 — Detecting digital chameleons.md,1357,C
C/00094_Bailey_1996_La_religion_implicite_et_son_r_seau_d_5ab1927a4ed7.md,C:\Users\softinfo\Documents\EMERAULD\references\Bailey 1996 — La religion implicite et son réseau d'études introduction.md,1173,C
C/00095_Bailey_2006_The_Meanings_of_Magic_2_0b02ddb0ade9.md,C:\Users\softinfo\Documents\EMERAULD\references\Bailey 2006 — The Meanings of Magic (2).md,1158,C
C/00096_Bailey_2006_The_Meanings_of_Magic_ad6e2d4a8e12.md,C:\Users\softinfo\Documents\EMERAULD\references\Bailey 2006 — The Meanings of Magic.md,1292,C
C/00097_Baird_2024_Queer_Experiences_of_Religion_How_Margi_838600e493db.md,C:\Users\softinfo\Documents\EMERAULD\references\Baird 2024 — Queer Experiences of Religion How Marginalization within a.md,1640,C
C/00098_Bakhtin_1984_Rabelais_and_His_World_ee251f3e60e3.md,C:\Users\softinfo\Documents\EMERAULD\references\Bakhtin 1984 — Rabelais and His World.md,1265,C
C/00099_Balon_2015_Burden_of_Sexual_Dysfunction_36fe7b6ff596.md,C:\Users\softinfo\Documents\EMERAULD\references\Balon 2015 — Burden of Sexual Dysfunction.md,1271,C
C/00100_Banet-Weiser_2007_Kids_Rule_Nickelodeon_and_Consum_d12ec6072807.md,C:\Users\softinfo\Documents\EMERAULD\references\Banet-Weiser 2007 — Kids Rule Nickelodeon and Consumer Citizenship.md,1077,C
C/00101_Banet-Weiser_2012_Authentic_The_Politics_of_Ambiva_8687ed7175cc.md,C:\Users\softinfo\Documents\EMERAULD\references\Banet-Weiser 2012 — Authentic The Politics of Ambivalence in a Brand.md,1197,C
C/00102_Barbonetti_2019_Erectile_Dysfunction_and_Premature_570a67a748e7.md,C:\Users\softinfo\Documents\EMERAULD\references\Barbonetti 2019 — Erectile Dysfunction and Premature Ejaculation in Homosexual and.md,1866,C
C/00103_Bardella_2001_Queer_Spirituality_2_67433fd892ba.md,C:\Users\softinfo\Documents\EMERAULD\references\Bardella 2001 — Queer Spirituality (2).md,1175,C
C/00104_Bardella_2001_Queer_spirituality_0bc06d57e948.md,C:\Users\softinfo\Documents\EMERAULD\references\Bardella 2001 — Queer spirituality.md,1324,C
C/00105_Baril_2007_De_la_construction_du_genre_la_construc_b0a70be87784.md,C:\Users\softinfo\Documents\EMERAULD\references\Baril 2007 — De la construction du genre à la construction.md,1275,C
C/00106_Baril_2007_sexe_0f09d69fd1d8.md,C:\Users\softinfo\Documents\EMERAULD\references\Baril 2007 — sexe.md,1258,C
C/00107_Baril_2020_Confessing_society_and_epistemic_injust_1f157ba3aced.md,C:\Users\softinfo\Documents\EMERAULD\references\Baril 2020 — Confessing society and epistemic injustice Toward a queer.md,1504,C
C/00108_Barnett_2005_Power_in_International_Politics_2_582f3f1dc5ea.md,C:\Users\softinfo\Documents\EMERAULD\references\Barnett 2005 — Power in International Politics (2).md,1304,C
C/00109_Barnett_2005_Power_in_international_politics_f65a4de0cf56.md,C:\Users\softinfo\Documents\EMERAULD\references\Barnett 2005 — Power in international politics.md,1581,C
C/00110_Barocas_2016_Big_Data_s_Disparate_Impact_a740193ac441.md,C:\Users\softinfo\Documents\EMERAULD\references\Barocas 2016 — Big Data's Disparate Impact.md,1408,C
C/00111_Barocas_2023_Fairness_and_Machine_Learning_Limitat_1cdcf62fbf5a.md,C:\Users\softinfo\Documents\EMERAULD\references\Barocas 2023 — Fairness and Machine Learning Limitations and Opportunities Cambridge.md,1016,C
C/00112_Barrick_2010_Une_pist_mologie_du_r_cit_de_vie_689672423e80.md,C:\Users\softinfo\Documents\EMERAULD\references\Barrick 2010 — Une épistémologie du récit de vie.md,1131,C
C/00113_Bartels_2007_Genetic_and_environmental_contributio_326b16a8886b.md,C:\Users\softinfo\Documents\EMERAULD\references\Bartels 2007 — Genetic and environmental contributions to stability in loneliness.md,1593,C
C/00114_Barthes_1972_Mythologies_040853eb5d9a.md,C:\Users\softinfo\Documents\EMERAULD\references\Barthes 1972 — Mythologies.md,1178,C
C/00115_Barthes_1977_The_Death_of_the_Author_6162eb50f958.md,C:\Users\softinfo\Documents\EMERAULD\references\Barthes 1977 — The Death of the Author.md,1128,C
C/00116_Barthes_1990_The_Fashion_System_f7c8778a5867.md,C:\Users\softinfo\Documents\EMERAULD\references\Barthes 1990 — The Fashion System.md,1170,C
C/00117_Bastien_2007_Observation_participante_ou_participa_ef6981639862.md,C:\Users\softinfo\Documents\EMERAULD\references\Bastien 2007 — Observation participante ou participante observation Usages et.md,1136,C
C/00118_Bastien_Charlebois_2007_Virilit_en_jeu_analyse_de_2bcbf64a9f19.md,C:\Users\softinfo\Documents\EMERAULD\references\Bastien Charlebois 2007 — Virilité en jeu analyse de la diversité des.md,1050,C
C/00119_Baumgarten_2023_Translation_and_Critical_Posthuman_10408300bbbd.md,C:\Users\softinfo\Documents\EMERAULD\references\Baumgarten 2023 — Translation and Critical Posthumanism.md,1214,C
C/00120_Bayani_2025_Leveraging_open-source_large_language_17b0167b6849.md,C:\Users\softinfo\Documents\EMERAULD\references\Bayani 2025 — Leveraging open-source large language models LLMs in scoping.md,2076,C
C/00121_Beach_2019_Process-Tracing_Methods_Foundations_and_a34f8f0fe53f.md,C:\Users\softinfo\Documents\EMERAULD\references\Beach 2019 — Process-Tracing Methods Foundations and Guidelines.md,1450,C
C/00122_Beach_2019_Process-Tracing_Methods_f247843a6fbb.md,C:\Users\softinfo\Documents\EMERAULD\references\Beach 2019 — Process-Tracing Methods.md,1156,C
C/00123_Beauchemin_2005_La_Soci_t_des_identit_s_le_mythe_d_96b1c4884399.md,C:\Users\softinfo\Documents\EMERAULD\references\Beauchemin 2005 — La Société des identités le mythe de l.md,1240,C
C/00124_Beauchemin_2005_La_soci_t_des_identit_s_thique_et_1695d5a98f83.md,C:\Users\softinfo\Documents\EMERAULD\references\Beauchemin 2005 — La société des identités éthique et politique dans (2).md,1185,C
C/00125_Beauchemin_2005_La_soci_t_des_identit_s_thique_et_cff20be8c72c.md,C:\Users\softinfo\Documents\EMERAULD\references\Beauchemin 2005 — La société des identités éthique et politique dans.md,1239,C
C/00126_Beaud_2003_Guide_de_l_enqu_te_de_terrain_produire_8a59e76d9550.md,C:\Users\softinfo\Documents\EMERAULD\references\Beaud 2003 — Guide de l'enquête de terrain produire et analyser.md,1141,C
C/00127_Beauregard_2013_tude_critique_du_concept_d_identit_5bf7f818d377.md,C:\Users\softinfo\Documents\EMERAULD\references\Beauregard 2013 — Étude critique du concept d'identité sexuelle science société.md,1087,C
C/00128_Beauvoir_1949_Le_Deuxi_me_Sexe_2_6311063a59de.md,C:\Users\softinfo\Documents\EMERAULD\references\Beauvoir 1949 — Le Deuxième Sexe (2).md,1120,C
C/00129_Beauvoir_1949_Le_deuxi_me_sexe_89c49e6db33d.md,C:\Users\softinfo\Documents\EMERAULD\references\Beauvoir 1949 — Le deuxième sexe.md,1212,C
C/00130_Becci_2021_Is_Sacred_Nature_Gendered_or_Queer_Insi_4a8f7dd44ad1.md,C:\Users\softinfo\Documents\EMERAULD\references\Becci 2021 — Is Sacred Nature Gendered or Queer Insights from.md,1667,C
C/00131_Becker_1985_Outsiders_tudes_de_sociologie_de_la_d_cc054475fc0f.md,C:\Users\softinfo\Documents\EMERAULD\references\Becker 1985 — Outsiders études de sociologie de la déviance.md,1151,C
C/00132_Beeler_2006_Investigating_Charmed_The_Magic_Power_f93111a1dde1.md,C:\Users\softinfo\Documents\EMERAULD\references\Beeler 2006 — Investigating Charmed The Magic Power of TV.md,1465,C
C/00133_Beetham_1991_The_Legitimation_of_Power_04201ab563f4.md,C:\Users\softinfo\Documents\EMERAULD\references\Beetham 1991 — The Legitimation of Power.md,1289,C
C/00134_Bell_1992_Ritual_Theory_Ritual_Practice_2_14ea7808c61c.md,C:\Users\softinfo\Documents\EMERAULD\references\Bell 1992 — Ritual Theory Ritual Practice (2).md,1191,C
C/00135_Bell_1992_Ritual_theory_ritual_practice_30764bb71f54.md,C:\Users\softinfo\Documents\EMERAULD\references\Bell 1992 — Ritual theory ritual practice.md,1287,C
C/00136_Bender_2021_On_the_Dangers_of_Stochastic_Parrots_f249dd0241b7.md,C:\Users\softinfo\Documents\EMERAULD\references\Bender 2021 — On the Dangers of Stochastic Parrots.md,1850,C
C/00137_Benford_2000_Framing_processes_and_social_movement_6c302c9ed386.md,C:\Users\softinfo\Documents\EMERAULD\references\Benford 2000 — Framing processes and social movements An overview and.md,1366,C
C/00138_BENGIO_2023_Comment_des_IA_nocives_pourraient_appa_13f18d901335.md,C:\Users\softinfo\Documents\EMERAULD\references\BENGIO 2023 — Comment des IA nocives pourraient apparaitre.md,1216,C
C/00139_Benjamin_2019_Race_After_Technology_Abolitionist_T_e4b0834b0b55.md,C:\Users\softinfo\Documents\EMERAULD\references\Benjamin 2019 — Race After Technology Abolitionist Tools for the New.md,1308,C
C/00140_Benkler_2018_Network_Propaganda_Manipulation_Disin_4d2a2c0869cc.md,C:\Users\softinfo\Documents\EMERAULD\references\Benkler 2018 — Network Propaganda Manipulation Disinformation and Radicalization in American.md,1498,C
C/00141_Bennett_2010_Vibrant_Matter_A_Political_Ecology_of_7b4d64b8b46f.md,C:\Users\softinfo\Documents\EMERAULD\references\Bennett 2010 — Vibrant Matter A Political Ecology of Things (2).md,1123,C
C/00142_Bennett_2010_Vibrant_Matter_A_Political_Ecology_of_f54e10f72ac9.md,C:\Users\softinfo\Documents\EMERAULD\references\Bennett 2010 — Vibrant Matter A Political Ecology of Things.md,1222,C
C/00143_Bennett_2015_Process_Tracing_From_Metaphor_to_Anal_6425faf73a7a.md,C:\Users\softinfo\Documents\EMERAULD\references\Bennett 2015 — Process Tracing From Metaphor to Analytic Tool.md,1225,C
C/00144_Bennett_2022_Disability_Fairness_and_Algorithmic_B_201b4fc3ceb0.md,C:\Users\softinfo\Documents\EMERAULD\references\Bennett 2022 — Disability Fairness and Algorithmic Bias in AI Recruitment.md,1367,C
C/00145_Benoot_2015_An_Auto-Ethnographic_Study_of_the_Dise_57b7d878faed.md,C:\Users\softinfo\Documents\EMERAULD\references\Benoot 2015 — An Auto-Ethnographic Study of the Disembodied Experience of.md,1554,C
C/00146_BERGAMINI_2023_Pour_une_vision_pancanadienne_de_l_b82bcf54f38d.md,C:\Users\softinfo\Documents\EMERAULD\references\BERGAMINI 2023 — Pour une vision pancanadienne de l intelligence artificielle.md,1227,C
C/00147_Berger_1998_A_Community_of_Witches_Contemporary_Ne_a12726a144f6.md,C:\Users\softinfo\Documents\EMERAULD\references\Berger 1998 — A Community of Witches Contemporary Neopaganism and Witchcraft.md,1207,C
C/00148_Berger_1998_A_community_of_witches_contemporary_ne_254c7a8bc517.md,C:\Users\softinfo\Documents\EMERAULD\references\Berger 1998 — A community of witches contemporary neopaganism and.md,1119,C
C/00149_Berger_1998_Witchcraft_and_the_reinvention_of_the_26685ab67502.md,C:\Users\softinfo\Documents\EMERAULD\references\Berger 1998 — Witchcraft and the reinvention of the self.md,1043,C
C/00150_Berger_2003_Voices_from_the_Pagan_Census_A_Nationa_56414119850c.md,C:\Users\softinfo\Documents\EMERAULD\references\Berger 2003 — Voices from the Pagan Census A National Survey.md,1270,C
C/00151_Berger_2003_Voices_from_the_Pagan_census_4de66a66ac78.md,C:\Users\softinfo\Documents\EMERAULD\references\Berger 2003 — Voices from the Pagan census.md,1205,C
C/00152_Berlant_2011_Cruel_Optimism_e36cddca806f.md,C:\Users\softinfo\Documents\EMERAULD\references\Berlant 2011 — Cruel Optimism.md,1408,C
C/00153_Berlant_2019_The_Hundreds_Durham_NC_Duke_Universit_5bb5ec7f5311.md,C:\Users\softinfo\Documents\EMERAULD\references\Berlant 2019 — The Hundreds Durham NC Duke University Press.md,898,C
C/00154_Bermeo_2016_On_democratic_backsliding_47c22518a209.md,C:\Users\softinfo\Documents\EMERAULD\references\Bermeo 2016 — On democratic backsliding.md,1373,C
C/00155_Bernard_2006_Research_methods_in_anthropology_71db82f6c58d.md,C:\Users\softinfo\Documents\EMERAULD\references\Bernard 2006 — Research methods in anthropology.md,1018,C
C/00156_Bernieri_1988_Coordinated_movement_and_rapport_in_e57b2d4fff21.md,C:\Users\softinfo\Documents\EMERAULD\references\Bernieri 1988 — Coordinated movement and rapport in teacher-student interactions.md,1216,C
C/00157_Bernstein_2010_A_preference_for_genuine_smiles_fol_1c7903f794bd.md,C:\Users\softinfo\Documents\EMERAULD\references\Bernstein 2010 — A preference for genuine smiles following social exclusion.md,1381,C
C/00158_Bertaux_2010_Le_r_cit_de_vie_l_enqu_te_et_ses_0e245f301d60.md,C:\Users\softinfo\Documents\EMERAULD\references\Bertaux 2010 — Le récit de vie l enquête et ses.md,1265,C
C/00159_Bertaux_2010_Le_r_cit_de_vie_l_enqu_te_et_ses_m_th_bb5f9487455e.md,C:\Users\softinfo\Documents\EMERAULD\references\Bertaux 2010 — Le récit de vie l'enquête et ses méthodes.md,1268,C
C/00160_Bever_2017_Magic_in_the_Modern_World_Strategies_of_bfa2d8e6e66f.md,C:\Users\softinfo\Documents\EMERAULD\references\Bever 2017 — Magic in the Modern World Strategies of Repression.md,1468,C
C/00161_Bever_2017_The_Routledge_History_of_Witchcraft_813c5cb7ea1e.md,C:\Users\softinfo\Documents\EMERAULD\references\Bever 2017 — The Routledge History of Witchcraft.md,1143,C
C/00162_Bhabha_1994_The_Location_of_Culture_London_Routled_a9939b136444.md,C:\Users\softinfo\Documents\EMERAULD\references\Bhabha 1994 — The Location of Culture London Routledge.md,1110,C
C/00163_Bigo_2002_Security_and_immigration_Toward_a_critiq_8b4a5e9be304.md,C:\Users\softinfo\Documents\EMERAULD\references\Bigo 2002 — Security and immigration Toward a critique of the.md,1498,C
C/00164_Bijker_1987_Hughes_and_Trevor_J_647bba18b5ef.md,C:\Users\softinfo\Documents\EMERAULD\references\Bijker 1987 — Hughes and Trevor J.md,1248,C
C/00165_Bilge_2009_Th_orisations_f_ministes_de_l_intersect_5e2f7eb85181.md,C:\Users\softinfo\Documents\EMERAULD\references\Bilge 2009 — Théorisations féministes de l intersectionnalité.md,1165,C
C/00166_Bilge_2009_Th_orisations_f_ministes_de_l_intersect_aa0a87687e1c.md,C:\Users\softinfo\Documents\EMERAULD\references\Bilge 2009 — Théorisations féministes de l'intersectionnalité.md,1245,C
C/00167_Bilge_2013_Intersectionality_undone_saving_interse_8a05a6f0778c.md,C:\Users\softinfo\Documents\EMERAULD\references\Bilge 2013 — Intersectionality undone saving intersectionality from feminist.md,1067,C
C/00168_Bilge_2013_INTERSECTIONALITY_UNDONE_7c4c1dacbe12.md,C:\Users\softinfo\Documents\EMERAULD\references\Bilge 2013 — INTERSECTIONALITY UNDONE.md,1264,C
C/00169_Biller_2016_Oscilloscope_Laboratories_f127df53309a.md,C:\Users\softinfo\Documents\EMERAULD\references\Biller 2016 — Oscilloscope Laboratories.md,1143,C
C/00170_Birhane_2021_Algorithmic_injustice_a_relational_et_a761f8f32db9.md,C:\Users\softinfo\Documents\EMERAULD\references\Birhane 2021 — Algorithmic injustice a relational ethics approach.md,1411,C
C/00171_Birhane_2021_The_Values_Encoded_in_Machine_Learnin_c8f133358706.md,C:\Users\softinfo\Documents\EMERAULD\references\Birhane 2021 — The Values Encoded in Machine Learning Research.md,1616,C
C/00172_Bishop_2012_Artificial_Hells_Participatory_Art_and_3fdba458b752.md,C:\Users\softinfo\Documents\EMERAULD\references\Bishop 2012 — Artificial Hells Participatory Art and the Politics of.md,1234,C
C/00173_Black_2008_Constructing_and_Contesting_Legitimacy_80bab9e4cd30.md,C:\Users\softinfo\Documents\EMERAULD\references\Black 2008 — Constructing and Contesting Legitimacy and Accountability in Polycentric.md,1295,C
C/00174_Blais_2006_L_analyse_inductive_g_n_rale_descriptio_68e3844ae856.md,C:\Users\softinfo\Documents\EMERAULD\references\Blais 2006 — L'analyse inductive générale description d'une.md,1296,C
C/00175_Blais_2019_Consommation_de_substances_en_contexte_ca630ff36c25.md,C:\Users\softinfo\Documents\EMERAULD\references\Blais 2019 — Consommation de substances en contexte sexuel chez des.md,1453,C
C/00176_Blake_2004_The_Marriage_of_Heaven_and_Hell_dee2bad68718.md,C:\Users\softinfo\Documents\EMERAULD\references\Blake 2004 — The Marriage of Heaven and Hell.md,1393,C
C/00177_Blasius_1998_Contemporary_lesbian_gay_bisexual_tra_60210ec3db76.md,C:\Users\softinfo\Documents\EMERAULD\references\Blasius 1998 — Contemporary lesbian gay bisexual transgender queer theories.md,1109,C
C/00178_Blaszczynski_2005_Harm_reduction_secondary_prevent_0f33182b2de6.md,C:\Users\softinfo\Documents\EMERAULD\references\Blaszczynski 2005 — Harm reduction secondary prevention and approaches and trying.md,1314,C
C/00179_Blavatsky_1976_Isis_unveiled_a_master-key_to_the_m_fcdb7266b734.md,C:\Users\softinfo\Documents\EMERAULD\references\Blavatsky 1976 — Isis unveiled a master-key to the mysteries of.md,1232,C
C/00180_Bloch_1997_Countercultural_spiritualists_44e27bb24f25.md,C:\Users\softinfo\Documents\EMERAULD\references\Bloch 1997 — Countercultural spiritualists'.md,1102,C
C/00181_Bloch_1998_How_We_Think_They_Think_Anthropological_8b769af74c55.md,C:\Users\softinfo\Documents\EMERAULD\references\Bloch 1998 — How We Think They Think Anthropological Approaches to.md,1283,C
C/00182_Bloch_1998_Individualism_and_Community_in_Alternat_b300d839acf3.md,C:\Users\softinfo\Documents\EMERAULD\references\Bloch 1998 — Individualism and Community in Alternative Spiritual Magic.md,1201,C
C/00183_Bogdan_2012_Introduction_Modern_Western_Magic_c0be2eab5c21.md,C:\Users\softinfo\Documents\EMERAULD\references\Bogdan 2012 — Introduction Modern Western Magic.md,1215,C
C/00184_Boissi_re_2016_Continuit_et_transformation_des_pra_d35ea6d45e38.md,C:\Users\softinfo\Documents\EMERAULD\references\Boissière 2016 — Continuité et transformation des pratiques rituelles dans le.md,1472,C
C/00185_Boisvert_2004_The_Spirit_Within_Gay_Male_Culture_a_96ec4b2d4354.md,C:\Users\softinfo\Documents\EMERAULD\references\Boisvert 2004 — The Spirit Within Gay Male Culture as a (2).md,1247,C
C/00186_Boisvert_2004_The_spirit_within_gay_male_culture_a_d0bd62017980.md,C:\Users\softinfo\Documents\EMERAULD\references\Boisvert 2004 — The spirit within gay male culture as a.md,1193,C
C/00187_Bommasani_2021_On_the_opportunities_and_risks_of_f_9903010bb81d.md,C:\Users\softinfo\Documents\EMERAULD\references\Bommasani 2021 — On the opportunities and risks of foundation models.md,1167,C
C/00188_BOMMASANI_2022_On_the_Opportunities_and_Risks_of_F_4933fe05e19d.md,C:\Users\softinfo\Documents\EMERAULD\references\BOMMASANI 2022 — On the Opportunities and Risks of Foundation Models.md,1603,C
C/00189_Booth_2010_Digital_Fandom_New_Media_Studies_b39542e4e730.md,C:\Users\softinfo\Documents\EMERAULD\references\Booth 2010 — Digital Fandom New Media Studies.md,1079,C
C/00190_Bordo_1993_Unbearable_Weight_Feminism_Western_Cult_335fadb8fa3d.md,C:\Users\softinfo\Documents\EMERAULD\references\Bordo 1993 — Unbearable Weight Feminism Western Culture and the Body.md,1222,C
C/00191_Borgdorff_2012_The_Conflict_of_the_Faculties_Persp_655b7f43d4a4.md,C:\Users\softinfo\Documents\EMERAULD\references\Borgdorff 2012 — The Conflict of the Faculties Perspectives on Artistic.md,1300,C
C/00192_Borges_2026_Adaptive_FHIR-Native_AI_Governance_for_933ea0bbe991.md,C:\Users\softinfo\Documents\EMERAULD\references\Borges 2026 — Adaptive FHIR-Native AI Governance for Clinical Decision Support.md,1161,C
C/00193_Born_2008_N_gociations_identitaires_et_comportemen_f106f93672f4.md,C:\Users\softinfo\Documents\EMERAULD\references\Born 2008 — Négociations identitaires et comportements déviants à.md,981,C
C/00194_Bottigheimer_2009_Fairy_Tales_A_New_History_2b7d14497738.md,C:\Users\softinfo\Documents\EMERAULD\references\Bottigheimer 2009 — Fairy Tales A New History.md,1325,C
C/00195_Bourcier_2002_Queer_Move_ments_3949033c00a5.md,C:\Users\softinfo\Documents\EMERAULD\references\Bourcier 2002 — Queer Move ments.md,1115,C
C/00196_Bourdieu_1982_Ce_que_parler_veut_dire_L_conomie_de_5dcf0498a0cb.md,C:\Users\softinfo\Documents\EMERAULD\references\Bourdieu 1982 — Ce que parler veut dire L économie des.md,1175,C
C/00197_Bourdieu_1982_Langage_et_pouvoir_symbolique_ba35044480a9.md,C:\Users\softinfo\Documents\EMERAULD\references\Bourdieu 1982 — Langage et pouvoir symbolique.md,1070,C
C/00198_Bourdieu_1990_The_Logic_of_Practice_4504f1e152a4.md,C:\Users\softinfo\Documents\EMERAULD\references\Bourdieu 1990 — The Logic of Practice.md,1130,C
C/00199_Bourdieu_1991_Language_and_Symbolic_Power_8097729323af.md,C:\Users\softinfo\Documents\EMERAULD\references\Bourdieu 1991 — Language and Symbolic Power.md,1397,C
C/00200_Bourdieu_The_Logic_of_Practice_b531cc6bcb64.md,C:\Users\softinfo\Documents\EMERAULD\references\Bourdieu — The Logic of Practice.md,1123,C
C/00201_Bourriaud_2002_Relational_Aesthetics_1b06430e660b.md,C:\Users\softinfo\Documents\EMERAULD\references\Bourriaud 2002 — Relational Aesthetics.md,1179,C
C/00202_Bowker_1999_Sorting_Things_Out_Classification_and_428272c6406c.md,C:\Users\softinfo\Documents\EMERAULD\references\Bowker 1999 — Sorting Things Out Classification and Its Consequences.md,1438,C
C/00203_Bowman_1998_Belief_legend_and_perceptions_of_the_s_d13b5f2735e4.md,C:\Users\softinfo\Documents\EMERAULD\references\Bowman 1998 — Belief legend and perceptions of the sacred in.md,1139,C
C/00204_Bowman_2005_Ancient_Avalon_new_Jerusalem_heart_cha_3cd8ddce1741.md,C:\Users\softinfo\Documents\EMERAULD\references\Bowman 2005 — Ancient Avalon new Jerusalem heart chakra of planet.md,1387,C
C/00205_Bowman_2006_The_Holy_Thorn_ceremony_revival_rivalr_664711d855a6.md,C:\Users\softinfo\Documents\EMERAULD\references\Bowman 2006 — The Holy Thorn ceremony revival rivalry and civil.md,1257,C
C/00206_Bowman_2009_Learning_from_experience_the_value_of_e7dbbfa0a4ee.md,C:\Users\softinfo\Documents\EMERAULD\references\Bowman 2009 — Learning from experience the value of analysing Avalon.md,1122,C
C/00207_Braidotti_2013_The_Posthuman_2_5fa0644d09d8.md,C:\Users\softinfo\Documents\EMERAULD\references\Braidotti 2013 — The Posthuman (2).md,1080,C
C/00208_Braidotti_2013_The_Posthuman_0a8e014d2149.md,C:\Users\softinfo\Documents\EMERAULD\references\Braidotti 2013 — The Posthuman.md,1190,C
C/00209_Brickell_2003_Performativity_or_performance_Clarif_d15d2f3975a9.md,C:\Users\softinfo\Documents\EMERAULD\references\Brickell 2003 — Performativity or performance Clarifications in the sociology of.md,1112,C
C/00210_Briggs_1996_Witches_and_Neighbors_The_Social_and_C_86584f441df2.md,C:\Users\softinfo\Documents\EMERAULD\references\Briggs 1996 — Witches and Neighbors The Social and Cultural Context (2).md,1145,C
C/00211_Briggs_1996_Witches_and_neighbors_the_social_and_c_5bd32669ceb3.md,C:\Users\softinfo\Documents\EMERAULD\references\Briggs 1996 — Witches and neighbors the social and cultural context.md,1206,C
C/00212_Briggs_1996_Witches_and_Neighbours_The_Social_and_a61e3e73ab71.md,C:\Users\softinfo\Documents\EMERAULD\references\Briggs 1996 — Witches and Neighbours The Social and Cultural Context.md,1201,C
C/00213_Bromley_2012_Building_patient-centeredness_Hospita_eafd709ae5b6.md,C:\Users\softinfo\Documents\EMERAULD\references\Bromley 2012 — Building patient-centeredness Hospital design as an interpretive act.md,1471,C
C/00214_Broqua_2009_La_fabrique_des_identit_s_sexuelles_570e53c9a7ed.md,C:\Users\softinfo\Documents\EMERAULD\references\Broqua 2009 — La fabrique des identités sexuelles.md,1205,C
C/00215_Broqua_2011_L_homosexualit_comme_construction_soci_e3f7d695aed8.md,C:\Users\softinfo\Documents\EMERAULD\references\Broqua 2011 — L homosexualité comme construction sociale sur le tournant.md,1386,C
C/00216_Broqua_2011_L_homosexualit_comme_construction_soci_e77898a043ad.md,C:\Users\softinfo\Documents\EMERAULD\references\Broqua 2011 — L'homosexualité comme construction sociale sur le tournant.md,1289,C
C/00217_Brotman_2008_Une_approche_intersectionnelle_des_po_029c06018f84.md,C:\Users\softinfo\Documents\EMERAULD\references\Brotman 2008 — Une approche intersectionnelle des politiques et.md,1047,C
C/00218_Browne_2010_Munt_and_Andrew_K_a7af9f5dbbde.md,C:\Users\softinfo\Documents\EMERAULD\references\Browne 2010 — Munt and Andrew K.md,1166,C
C/00219_Browne_2015_Dark_Matters_On_the_Surveillance_of_Bl_5112ef855273.md,C:\Users\softinfo\Documents\EMERAULD\references\Browne 2015 — Dark Matters On the Surveillance of Blackness.md,1327,C
C/00220_Browne_2020_Marvel_and_the_multiverse_Post-humanis_d58869d1cd64.md,C:\Users\softinfo\Documents\EMERAULD\references\Browne 2020 — Marvel and the multiverse Post-humanism and the end.md,1089,C
C/00221_Bruder_2013_Measuring_Individual_Differences_in_Ge_584c04173aad.md,C:\Users\softinfo\Documents\EMERAULD\references\Bruder 2013 — Measuring Individual Differences in Generic Beliefs in Conspiracy.md,1554,C
C/00222_Brun_2003_Le_r_cit_de_vie_dans_les_sciences_social_73a31de636ca.md,C:\Users\softinfo\Documents\EMERAULD\references\Brun 2003 — Le récit de vie dans les sciences sociales.md,1015,C
C/00223_Brunsdon_2000_The_Feminist_the_Housewife_and_the_S_f0d38c462040.md,C:\Users\softinfo\Documents\EMERAULD\references\Brunsdon 2000 — The Feminist the Housewife and the Soap Opera.md,1112,C
C/00224_Bruzzi_1997_Undressing_Cinema_Clothing_and_Identit_a49e16bdd6fe.md,C:\Users\softinfo\Documents\EMERAULD\references\Bruzzi 1997 — Undressing Cinema Clothing and Identity in the Movies.md,1039,C
C/00225_Bruzzi_2013_Fashion_Cultures_Revisited_Theories_Ex_8c020c1c8ed4.md,C:\Users\softinfo\Documents\EMERAULD\references\Bruzzi 2013 — Fashion Cultures Revisited Theories Explorations and Analysis.md,1285,C
C/00226_Brydges_2023_Untangling_the_web_The_need_for_theor_4b1291e709ab.md,C:\Users\softinfo\Documents\EMERAULD\references\Brydges 2023 — Untangling the web The need for theory theoretical.md,1384,C
C/00227_BSA_The_Software_Alliance_2023_2023_State_AI_Legis_06c2f08da65f.md,C:\Users\softinfo\Documents\EMERAULD\references\BSA – The Software Alliance 2023 — 2023 State AI Legislation Summary.md,1228,C
C/00228_Buolamwini_2018_Gender_Shades_Intersectional_Accur_605aa97639b7.md,C:\Users\softinfo\Documents\EMERAULD\references\Buolamwini 2018 — Gender Shades Intersectional Accuracy Disparities in Commercial Gender.md,1657,C
C/00229_Burrick_2010_Une_pist_mologie_du_r_cit_de_vie_4e1cc2847074.md,C:\Users\softinfo\Documents\EMERAULD\references\Burrick 2010 — Une épistémologie du récit de vie.md,1131,C
C/00230_Butler_1986_Variations_on_sex_and_gender_Beauvoir_87e7458e1a3f.md,C:\Users\softinfo\Documents\EMERAULD\references\Butler 1986 — Variations on sex and gender Beauvoir Wittig and.md,1025,C
C/00231_Butler_1990_Gender_Trouble_Feminism_and_the_Subver_b9a856221c9a.md,C:\Users\softinfo\Documents\EMERAULD\references\Butler 1990 — Gender Trouble Feminism and the Subversion of Identity.md,1274,C
C/00232_Butler_1990_Trouble_dans_le_Genre_Le_F_minisme_et_b33357f478f7.md,C:\Users\softinfo\Documents\EMERAULD\references\Butler 1990 — Trouble dans le Genre Le Féminisme et la.md,1220,C
C/00233_Butler_1993_sex_e38f5d7863ad.md,C:\Users\softinfo\Documents\EMERAULD\references\Butler 1993 — sex.md,1441,C
C/00234_Butler_1997_Excitable_Speech_A_Politics_of_the_Per_1c52ff715611.md,C:\Users\softinfo\Documents\EMERAULD\references\Butler 1997 — Excitable Speech A Politics of the Performative.md,1287,C
C/00235_Butler_2002_Kinship_trouble_Differences_15_3_1-24_8d59f5e62d83.md,C:\Users\softinfo\Documents\EMERAULD\references\Butler 2002 — Kinship trouble Differences 15 3 1-24.md,997,C
C/00236_Butler_2004_Precarious_Life_The_Powers_of_Mourning_c816f4c1f0e9.md,C:\Users\softinfo\Documents\EMERAULD\references\Butler 2004 — Precarious Life The Powers of Mourning and Violence.md,1172,C
C/00237_Butler_2004_Undoing_Gender_ccdc58a5c1a2.md,C:\Users\softinfo\Documents\EMERAULD\references\Butler 2004 — Undoing Gender.md,1147,C
C/00238_Butler_2005_Originally_published_1990_8ae5f9aa794f.md,C:\Users\softinfo\Documents\EMERAULD\references\Butler 2005 — Originally published 1990.md,1210,C
C/00239_Butler_2009_Frames_of_War_When_Is_Life_Grievable_L_1abd8dbad08a.md,C:\Users\softinfo\Documents\EMERAULD\references\Butler 2009 — Frames of War When Is Life Grievable London.md,1119,C
C/00240_Cacciamani_2023_PRISMA_AI_reporting_guidelines_for_7b2a0cee3691.md,C:\Users\softinfo\Documents\EMERAULD\references\Cacciamani 2023 — PRISMA AI reporting guidelines for systematic reviews and.md,2753,C
C/00241_Cadge_2011_De-centering_and_re-centering_rethinkin_d86f1f295600.md,C:\Users\softinfo\Documents\EMERAULD\references\Cadge 2011 — De-centering and re-centering rethinking.md,1109,C
C/00242_Calabrese_2024_The_Potential_Role_of_Undetectable_01ee6d3affb0.md,C:\Users\softinfo\Documents\EMERAULD\references\Calabrese 2024 — The Potential Role of Undetectable Untransmittable U U.md,1636,C
C/00243_Calderon_2021_Privacy_personal_data_protection_and_b89532e7a24b.md,C:\Users\softinfo\Documents\EMERAULD\references\Calderon 2021 — Privacy personal data protection and freedom of expression.md,1417,C
C/00244_Callon_1984_Some_Elements_of_a_Sociology_of_Transl_3f211764d673.md,C:\Users\softinfo\Documents\EMERAULD\references\Callon 1984 — Some Elements of a Sociology of Translation Domestication.md,1339,C
C/00245_Campbell_2013_Digital_Religion_Understanding_Relig_0e0f03da9aff.md,C:\Users\softinfo\Documents\EMERAULD\references\Campbell 2013 — Digital Religion Understanding Religious Practice in New Media.md,1299,C
C/00246_Candel_2020_On_Witches_and_Chic_Evil_A_Psycho-Soci_2eac0d2f3529.md,C:\Users\softinfo\Documents\EMERAULD\references\Candel 2020 — On Witches and Chic Evil A Psycho-Sociological Analysis.md,1400,C
C/00247_Cann_2026_augmented_Life_and_Death_as_a_Cyborg_44afa3e826ab.md,C:\Users\softinfo\Documents\EMERAULD\references\Cann 2026 — augmented Life and Death as a Cyborg.md,1097,C
C/00248_Cao_2026_EviLedger_Governing_clinical_AI_with_a_ve_c8879e7b74e2.md,C:\Users\softinfo\Documents\EMERAULD\references\Cao 2026 — EviLedger Governing clinical AI with a verifiable evidence.md,1116,C
C/00249_Carbado_2013_INTERSECTIONALITY_5a326ccd138a.md,C:\Users\softinfo\Documents\EMERAULD\references\Carbado 2013 — INTERSECTIONALITY.md,1504,C
C/00250_CASTETS-RENARD_2023_Le_d_veloppement_de_l_IA_doit_442814bc0107.md,C:\Users\softinfo\Documents\EMERAULD\references\CASTETS-RENARD 2023 — Le développement de l IA doit faire l.md,1310,C
C/00251_CASTETS-RENARD_2023_Le_temps_pour_une_loi_sur_l_in_9fb088e495d2.md,C:\Users\softinfo\Documents\EMERAULD\references\CASTETS-RENARD 2023 — Le temps pour une loi sur l intelligence.md,1345,C
C/00252_Catalani_2009_Photovoice_A_Review_of_the_Literatur_a7b37ecc30a6.md,C:\Users\softinfo\Documents\EMERAULD\references\Catalani 2009 — Photovoice A Review of the Literature in Health.md,1341,C
C/00253_Caws_2011_What_to_wear_in_a_vampire_film_48394fcd7a7a.md,C:\Users\softinfo\Documents\EMERAULD\references\Caws 2011 — What to wear in a vampire film.md,1055,C
C/00254_CENTRE_CANADIEN_POUR_LA_CYBERS_CURIT_2020_Sensibil_3786ef6559d2.md,C:\Users\softinfo\Documents\EMERAULD\references\CENTRE CANADIEN POUR LA CYBERSÉCURITÉ 2020 — Sensibilisation.md,1322,C
C/00255_Chakour_2025_Human-Centered_Disability_Bias_Detect_48e6f6dd4378.md,C:\Users\softinfo\Documents\EMERAULD\references\Chakour 2025 — Human-Centered Disability Bias Detection in Large Language Models.md,1382,C
C/00256_Chalmers_1995_Facing_up_to_the_problem_of_consciou_c774b9c67bc6.md,C:\Users\softinfo\Documents\EMERAULD\references\Chalmers 1995 — Facing up to the problem of consciousness Journal.md,1020,C
C/00257_Chamberland_2009_Diversit_sexuelle_et_00dac90d8715.md,C:\Users\softinfo\Documents\EMERAULD\references\Chamberland 2009 — Diversité sexuelle et.md,1066,C
C/00258_Chambers_2013_The_dynamic_sustainability_framework_6073998a5eb8.md,C:\Users\softinfo\Documents\EMERAULD\references\Chambers 2013 — The dynamic sustainability framework addressing the paradox of.md,1417,C
C/00259_Champion_1999_De_la_diversit_des_pluralismes_relig_95534495e06b.md,C:\Users\softinfo\Documents\EMERAULD\references\Champion 1999 — De la diversité des pluralismes religieux.md,1029,C
C/00260_Champion_2007_Le_sacr_hors_religions_d1ac159c961f.md,C:\Users\softinfo\Documents\EMERAULD\references\Champion 2007 — Le sacré hors religions.md,1210,C
C/00261_Chan_2022_When_guardians_become_offenders_Understa_4e962a47e708.md,C:\Users\softinfo\Documents\EMERAULD\references\Chan 2022 — When guardians become offenders Understanding guardian capability through.md,1338,C
C/00262_CHAN_2023_Harms_from_Increasingly_Agentic_Algorith_060fbb28a2ef.md,C:\Users\softinfo\Documents\EMERAULD\references\CHAN 2023 — Harms from Increasingly Agentic Algorithmic Systems.md,1234,C
C/00263_Charbonneau_2001_Mother_Earth_father_sky_The_sexua_a954dd33f42c.md,C:\Users\softinfo\Documents\EMERAULD\references\Charbonneau 2001 — Mother Earth father sky The sexual politics of.md,976,C
C/00264_Charitsis_2023_Data_Ableism_Ability_Expectations_a_60f276ddca6a.md,C:\Users\softinfo\Documents\EMERAULD\references\Charitsis 2023 — Data Ableism Ability Expectations and Marginalization in Automated.md,1617,C
C/00265_Chartier_2009_Personal_Values_and_Meaning_in_the_U_e51c690a9d45.md,C:\Users\softinfo\Documents\EMERAULD\references\Chartier 2009 — Personal Values and Meaning in the Use of.md,1513,C
C/00266_Chartrand_2009_Chapter_5_Human_Mimicry_4b0a1e21388d.md,C:\Users\softinfo\Documents\EMERAULD\references\Chartrand 2009 — Chapter 5 Human Mimicry.md,1282,C
C/00267_Chaxel_2014_Les_r_cits_de_vie_outils_pour_la_9b4ad9af7256.md,C:\Users\softinfo\Documents\EMERAULD\references\Chaxel 2014 — Les récits de vie outils pour la.md,1079,C
C/00268_Chazel_1983_Pouvoir_structure_et_domination_4cb829199a7b.md,C:\Users\softinfo\Documents\EMERAULD\references\Chazel 1983 — Pouvoir structure et domination.md,1024,C
C/00269_Chen_2020_Artificial_intelligence_in_healthcare_An_1b339e8a98bb.md,C:\Users\softinfo\Documents\EMERAULD\references\Chen 2020 — Artificial intelligence in healthcare An essential guide for.md,1331,C
C/00270_Chen_2024_The_gendered_lens_of_AI_Examining_news_i_3801f676fedf.md,C:\Users\softinfo\Documents\EMERAULD\references\Chen 2024 — The gendered lens of AI Examining news imagery.md,1494,C
C/00271_Cheng_2022_Sexual_Dysfunction_in_Men_Who_Have_Sex_1917395e15fd.md,C:\Users\softinfo\Documents\EMERAULD\references\Cheng 2022 — Sexual Dysfunction in Men Who Have Sex With.md,1282,C
C/00272_Cheong_2012_Digital_Religion_Social_Media_and_Cult_6104a0830921.md,C:\Users\softinfo\Documents\EMERAULD\references\Cheong 2012 — Digital Religion Social Media and Culture Perspectives Practices.md,1405,C
C/00273_Cherns_1987_Principles_of_Sociotechnical_Design_Re_c6d25edf96c3.md,C:\Users\softinfo\Documents\EMERAULD\references\Cherns 1987 — Principles of Sociotechnical Design Revisted.md,1372,C
C/00274_Chetcuti_2009_On_ne_na_t_pas_femme_f1075de01cb0.md,C:\Users\softinfo\Documents\EMERAULD\references\Chetcuti 2009 — On ne naît pas femme.md,1256,C
C/00275_Choi_2008_Bias_in_Judicial_Citations_A_Window_into_f7003bbcc31e.md,C:\Users\softinfo\Documents\EMERAULD\references\Choi 2008 — Bias in Judicial Citations A Window into the.md,1281,C
C/00276_CHOPRA_2023_Joint_Statement_on_Enforcement_Efforts_2ca40f4d6494.md,C:\Users\softinfo\Documents\EMERAULD\references\CHOPRA 2023 — Joint Statement on Enforcement Efforts Against Discrimination and.md,1362,C
C/00277_Chow_1998_Ethics_After_Idealism_Theory_Culture_Eth_222635a82f1a.md,C:\Users\softinfo\Documents\EMERAULD\references\Chow 1998 — Ethics After Idealism Theory Culture Ethnicity Reading Bloomington.md,1197,C
C/00278_Christ_1987_Laughter_of_Aphrodite_reflections_on_a_4dec68e06110.md,C:\Users\softinfo\Documents\EMERAULD\references\Christ 1987 — Laughter of Aphrodite reflections on a journey to.md,1197,C
C/00279_Christin_2020_The_ethnographer_and_the_algorithm_b_19cfa619a1ea.md,C:\Users\softinfo\Documents\EMERAULD\references\Christin 2020 — The ethnographer and the algorithm beyond the black.md,1358,C
C/00280_Clarke_2006_New_religions_in_global_perspective_a_b182cdf1aa9b.md,C:\Users\softinfo\Documents\EMERAULD\references\Clarke 2006 — New religions in global perspective a study of.md,1162,C
C/00281_Clifton_2006_Her_Hidden_Children_The_Rise_of_Wicca_cb58d50ab02a.md,C:\Users\softinfo\Documents\EMERAULD\references\Clifton 2006 — Her Hidden Children The Rise of Wicca and.md,1097,C
C/00282_Clifton_2006_Her_hidden_children_the_rise_ofWicca_47b0aa0ae59a.md,C:\Users\softinfo\Documents\EMERAULD\references\Clifton 2006 — Her hidden children the rise ofWicca and Paganism.md,1029,C
C/00283_CNN_2023_AI_needs_a_new_era_of_law_and_0de9f9229c6d.md,C:\Users\softinfo\Documents\EMERAULD\references\CNN 2023 — AI needs 'a new era of law and.md,1257,C
C/00284_Cobbe_2021_Training_verifiers_to_solve_math_word_p_e6d2e4c68c5f.md,C:\Users\softinfo\Documents\EMERAULD\references\Cobbe 2021 — Training verifiers to solve math word problems arXiv.md,904,C
C/00285_COLLECTIF_2018_D_claration_de_Montr_al_pour_un_d_v_000107fd478d.md,C:\Users\softinfo\Documents\EMERAULD\references\COLLECTIF 2018 — Déclaration de Montréal pour un développement responsable de.md,1216,C
C/00286_Collins_2007_Rethinking_Expertise_18e3171461b2.md,C:\Users\softinfo\Documents\EMERAULD\references\Collins 2007 — Rethinking Expertise.md,1192,C
C/00287_COMMISSARIAT_LA_PROTECTION_DE_LA_VIE_PRIV_E_DU_CAN_6d632eea016c.md,C:\Users\softinfo\Documents\EMERAULD\references\COMMISSARIAT À LA PROTECTION DE LA VIE PRIVÉE DU CANADA 2023a — Déclaration commune sur l extraction de donnée.md,1615,C
C/00288_COMMISSARIAT_LA_PROTECTION_DE_LA_VIE_PRIV_E_DU_CAN_d6161ce557a2.md,C:\Users\softinfo\Documents\EMERAULD\references\COMMISSARIAT À LA PROTECTION DE LA VIE PRIVÉE DU CANADA 2023b — Déclaration sur l IA générative.md,1352,C
C/00289_COMMISSION_D_ACC_S_L_INFORMATION_DU_QU_BEC_2021_En_75bdd3ce4239.md,C:\Users\softinfo\Documents\EMERAULD\references\COMMISSION D’ACCÈS À L’INFORMATION DU QUÉBEC 2021 — Enquête à l égard de Clearview AI Inc.md,1301,C
C/00290_COMMISSION_EUROP_ENNE_2021_Proposition_de_R_glemen_8117eb570d61.md,C:\Users\softinfo\Documents\EMERAULD\references\COMMISSION EUROPÉENNE 2021 — Proposition de Règlement du Parlement européen et du.md,1666,C
C/00291_COMMISSION_EUROP_ENNE_2023_Proposition_de_cadre_r_807d1d30164b.md,C:\Users\softinfo\Documents\EMERAULD\references\COMMISSION EUROPÉENNE 2023 — Proposition de cadre règlementaire sur l intelligence artificielle.md,1171,C
C/00292_Communications_Security_Establishment_Canada_2025_64dfd8f98e70.md,C:\Users\softinfo\Documents\EMERAULD\references\Communications Security Establishment Canada 2025 — Cyber Threats to Canada s Democratic Process 2025.md,1316,C
C/00293_Comstock_1996_Unrepentant_Self-Affirming_Practicin_eb54fe2cda83.md,C:\Users\softinfo\Documents\EMERAULD\references\Comstock 1996 — Unrepentant Self-Affirming Practicing Lesbian Bisexual Gay People Within.md,1385,C
C/00294_Comstock_1996_Unrepentant_self-affirming_practicin_40f9b2066d28.md,C:\Users\softinfo\Documents\EMERAULD\references\Comstock 1996 — Unrepentant self-affirming practicing lesbianlbisexual gay.md,1134,C
C/00295_Comstock_1997_Henking_eds_6475fb79e9b5.md,C:\Users\softinfo\Documents\EMERAULD\references\Comstock 1997 — Henking eds.md,1072,C
C/00296_Comstock_1997_Que_e_rying_religion_a_critical_anth_31cc482c9870.md,C:\Users\softinfo\Documents\EMERAULD\references\Comstock 1997 — Que e rying religion a critical anthology.md,1154,C
C/00297_Conceicc_ao_2020_Human_Development_Report_2020_The_e7a5d4de9129.md,C:\Users\softinfo\Documents\EMERAULD\references\Conceicc~ao 2020 — Human Development Report 2020 The Next Frontier Human.md,1311,C
C/00298_CONSEIL_CANADIEN_DES_NORMES_2021_Feuille_de_route_647e6d051ca8.md,C:\Users\softinfo\Documents\EMERAULD\references\CONSEIL CANADIEN DES NORMES 2021 — Feuille de route du Collectif canadien de normalisation.md,1279,C
C/00299_CONSEIL_CANADIEN_DES_NORMES_2023_Intelligence_arti_dce67dae11ec.md,C:\Users\softinfo\Documents\EMERAULD\references\CONSEIL CANADIEN DES NORMES 2023 — Intelligence artificielle et gouvernance des données.md,1100,C
C/00300_CONSEIL_DE_L_INNOVATION_DU_QU_BEC_2023_R_flexion_c_dc57912430a4.md,C:\Users\softinfo\Documents\EMERAULD\references\CONSEIL DE L’INNOVATION DU QUÉBEC 2023 — Réflexion collective sur l encadrement de l intelligence.md,1643,C
C/00301_CONSEIL_INTERPROFESSIONNEL_DU_QU_BEC_2021_Pistes_d_465d36e9f842.md,C:\Users\softinfo\Documents\EMERAULD\references\CONSEIL INTERPROFESSIONNEL DU QUÉBEC 2021 — Pistes de réflexion pour un encadrement de l.md,1300,C
C/00302_Constant_1998_Le_lieu_onirique_dans_Hadriana_dans_6dc505329b98.md,C:\Users\softinfo\Documents\EMERAULD\references\Constant 1998 — Le lieu onirique dans Hadriana dans tous mes.md,1027,C
C/00303_Conway_2023_Regulating_AI_can_the_UK_s_proposed_ap_1297bb5f9b76.md,C:\Users\softinfo\Documents\EMERAULD\references\Conway 2023 — Regulating AI can the UK's proposed approach achieve.md,1179,C
C/00304_Cooper_2022_Accountability_in_an_algorithmic_socie_564a34f8587c.md,C:\Users\softinfo\Documents\EMERAULD\references\Cooper 2022 — Accountability in an algorithmic society Relationality responsibility and.md,1499,C
C/00305_Corbin_1972_L_imagination_cr_atrice_dans_le_soufis_bfb06eebd959.md,C:\Users\softinfo\Documents\EMERAULD\references\Corbin 1972 — L imagination créatrice dans le soufisme d Ibn.md,1435,C
C/00306_Cotter_2016_After_world_religions_reconstructing_f380ba2984df.md,C:\Users\softinfo\Documents\EMERAULD\references\Cotter 2016 — After world religions reconstructing.md,1236,C
C/00307_Cotter_2016_Robertson_eds_52d0cf1bc896.md,C:\Users\softinfo\Documents\EMERAULD\references\Cotter 2016 — Robertson eds.md,1043,C
C/00308_Cowan_2005_Cyberhenge_Modern_Pagans_on_the_Interne_17e1c93350b7.md,C:\Users\softinfo\Documents\EMERAULD\references\Cowan 2005 — Cyberhenge Modern Pagans on the Internet.md,1105,C
C/00309_Crawford_2021_Atlas_of_AI_Power_Politics_and_the_P_7a5cbff670c1.md,C:\Users\softinfo\Documents\EMERAULD\references\Crawford 2021 — Atlas of AI Power Politics and the Planetary.md,1553,C
C/00310_Creed_1993_The_Monstrous-Feminine_Film_Feminism_Ps_4556e9a4896f.md,C:\Users\softinfo\Documents\EMERAULD\references\Creed 1993 — The Monstrous-Feminine Film Feminism Psychoanalysis London Routledge.md,1091,C
C/00311_Crenshaw_1991_Mapping_the_margins_Intersectionalit_2f2e68e4c5d3.md,C:\Users\softinfo\Documents\EMERAULD\references\Crenshaw 1991 — Mapping the margins Intersectionality identity politics and violence.md,1195,C
C/00312_Crenshaw_2005_Cartographie_des_marges_intersection_c9b814dbe62e.md,C:\Users\softinfo\Documents\EMERAULD\references\Crenshaw 2005 — Cartographie des marges intersectionnalité politiques de critique du.md,1512,C
C/00313_Cresswell_2010_Actor-Network_Theory_and_Its_Role_i_1574e08e3374.md,C:\Users\softinfo\Documents\EMERAULD\references\Cresswell 2010 — Actor-Network Theory and Its Role in Understanding the.md,1553,C
C/00314_Creswell_2018_Qualitative_Inquiry_and_Research_Des_7decfce69311.md,C:\Users\softinfo\Documents\EMERAULD\references\Creswell 2018 — Qualitative Inquiry and Research Design Choosing Among Five.md,1010,C
C/00315_Cronin_2017_Eco-Translation_Translation_and_Ecolog_6944b1965017.md,C:\Users\softinfo\Documents\EMERAULD\references\Cronin 2017 — Eco-Translation Translation and Ecology in the Age of.md,1280,C
C/00316_Crutzen_2013_The_Anthropocene_2000_980dcc9c10aa.md,C:\Users\softinfo\Documents\EMERAULD\references\Crutzen 2013 — The Anthropocene'' 2000.md,1394,C
C/00317_CR_TE_2023_Projet_de_loi_C-18_Fin_d_finitive_de_l_a057b2a292af.md,C:\Users\softinfo\Documents\EMERAULD\references\CRÊTE 2023 — Projet de loi C-18 Fin définitive de l.md,1218,C
C/00318_Cunningham_1998_La_Wicca_vivante_f59cd8bcddfb.md,C:\Users\softinfo\Documents\EMERAULD\references\Cunningham 1998 — La Wicca vivante.md,1067,C
C/00319_Currie_2004_Kelly_and_Shauna_Pomerzntz_f5de52714b8f.md,C:\Users\softinfo\Documents\EMERAULD\references\Currie 2004 — Kelly and Shauna Pomerzntz.md,1079,C
C/00320_Currier_Sweet_2012_Unreal_Gender_Messages_in_Late_8eb9e6d9eef9.md,C:\Users\softinfo\Documents\EMERAULD\references\Currier Sweet 2012 — Unreal Gender Messages in Late 90s Women-Centered Action.md,1319,C
C/00321_Cusack_2016_Fiction_into_religion_imagination_othe_ec3be25232bf.md,C:\Users\softinfo\Documents\EMERAULD\references\Cusack 2016 — Fiction into religion imagination other worlds and play.md,1324,C
C/00322_C_t_1996_Th_ologie_et_th_alogie_les_l_gitimations_a77548ebfb5f.md,C:\Users\softinfo\Documents\EMERAULD\references\Côté 1996 — Théologie et théalogie les légitimations religieuses.md,1142,C
C/00323_Dafoe_2018_AI_Governance_A_Research_Agenda_7d4e2beee1e8.md,C:\Users\softinfo\Documents\EMERAULD\references\Dafoe 2018 — AI Governance A Research Agenda.md,1080,C
C/00324_Dante_Alighieri_2006_La_Divine_Com_die_c99d09361ec8.md,C:\Users\softinfo\Documents\EMERAULD\references\Dante Alighieri 2006 — La Divine Comédie.md,1301,C
C/00325_Davies_2011_Magic_A_Very_Short_Introduction_66429adb671b.md,C:\Users\softinfo\Documents\EMERAULD\references\Davies 2011 — Magic A Very Short Introduction.md,1046,C
C/00326_Davies_2011_Paganism_a_very_short_introduction_6c2633d5c3fb.md,C:\Users\softinfo\Documents\EMERAULD\references\Davies 2011 — Paganism a very short introduction.md,987,C
C/00327_Davies_2013_Witchcraft_Magic_and_Culture_1736_1951_699f6f7243c9.md,C:\Users\softinfo\Documents\EMERAULD\references\Davies 2013 — Witchcraft Magic and Culture 1736 1951.md,1256,C
C/00328_Davy_2007_Introduction_to_Pagan_studies_2_c4d35469d5d8.md,C:\Users\softinfo\Documents\EMERAULD\references\Davy 2007 — Introduction to Pagan studies (2).md,996,C
C/00329_Davy_2007_Introduction_to_Pagan_Studies_a9ea21931290.md,C:\Users\softinfo\Documents\EMERAULD\references\Davy 2007 — Introduction to Pagan Studies.md,1017,C
C/00330_De_Lauretis_2007_Th_orie_queer_et_cultures_populai_8ce02211f83e.md,C:\Users\softinfo\Documents\EMERAULD\references\De Lauretis 2007 — Théorie queer et cultures populaires (2).md,1198,C
C/00331_De_Lauretis_2007_Th_orie_queer_et_cultures_populai_f55c945f9d87.md,C:\Users\softinfo\Documents\EMERAULD\references\De Lauretis 2007 — Théorie queer et cultures populaires.md,1229,C
C/00332_Delgado_2005_An_fMRI_study_of_reward-related_proba_46039d0fd0ba.md,C:\Users\softinfo\Documents\EMERAULD\references\Delgado 2005 — An fMRI study of reward-related probability learning.md,1263,C
C/00333_DeLone_1992_Information_Systems_Success_The_Quest_0b64d429541f.md,C:\Users\softinfo\Documents\EMERAULD\references\DeLone 1992 — Information Systems Success The Quest for the Dependent.md,1294,C
C/00334_DeNardis_2014_The_Global_War_for_Internet_Governan_6012f945efc4.md,C:\Users\softinfo\Documents\EMERAULD\references\DeNardis 2014 — The Global War for Internet Governance.md,1303,C
C/00335_Descarries_2010_Entre_le_rose_et_le_bleu_st_r_otyp_1ec2c3b098d3.md,C:\Users\softinfo\Documents\EMERAULD\references\Descarries 2010 — Entre le rose et le bleu stéréotypes sexuels.md,1049,C
C/00336_Deschamps_2000_Mises_en_sc_ne_visuelles_et_rapport_695d335d4ec1.md,C:\Users\softinfo\Documents\EMERAULD\references\Deschamps 2000 — Mises en scène visuelles et rapports de pouvoir.md,1470,C
C/00337_Diakopoulos_2014_Algorithmic_Accountability_5d1e6defa31d.md,C:\Users\softinfo\Documents\EMERAULD\references\Diakopoulos 2014 — Algorithmic Accountability.md,1191,C
C/00338_Diakopoulos_2015_Algorithmic_Accountability_7054a4054ea9.md,C:\Users\softinfo\Documents\EMERAULD\references\Diakopoulos 2015 — Algorithmic Accountability.md,1135,C
C/00339_Dierckx_de_Casterl_2012_QUAGOL_A_guide_for_qualita_d1f06d809f54.md,C:\Users\softinfo\Documents\EMERAULD\references\Dierckx de Casterlé 2012 — QUAGOL A guide for qualitative data analysis.md,1453,C
C/00340_DiMaggio_1983_The_Iron_Cage_Revisited_Institutiona_4f2a3672643d.md,C:\Users\softinfo\Documents\EMERAULD\references\DiMaggio 1983 — The Iron Cage Revisited Institutional Isomorphism and Collective.md,1612,C
C/00341_DiResta_2023_The_FTC_is_regulating_AI_A_comprehens_028e4021e815.md,C:\Users\softinfo\Documents\EMERAULD\references\DiResta 2023 — The FTC is regulating AI A comprehensive analysis.md,1019,C
C/00342_Doker_2025_The_Wicked_Nature_of_AGI_594d36a07e3d.md,C:\Users\softinfo\Documents\EMERAULD\references\Doker 2025 — The Wicked Nature of AGI.md,1349,C
C/00343_Dolmage_2017_Academic_Ableism_eeace0bf00ae.md,C:\Users\softinfo\Documents\EMERAULD\references\Dolmage 2017 — Academic Ableism.md,1193,C
C/00344_Dominelli_2002_Anti-Oppressive_Social_Work_Theory_4df2d5c696f4.md,C:\Users\softinfo\Documents\EMERAULD\references\Dominelli 2002 — Anti-Oppressive Social Work Theory and Practice Basingstoke Palgrave.md,1051,C
C/00345_Dorlin_2008_La_matrice_de_la_race_G_n_alogie_sexue_f7ba025556b3.md,C:\Users\softinfo\Documents\EMERAULD\references\Dorlin 2008 — La matrice de la race Généalogie sexuelle et.md,1281,C
C/00346_Dorlin_2008_Sexe_genre_et_sexualit_s_introduction_f4ffa04d1615.md,C:\Users\softinfo\Documents\EMERAULD\references\Dorlin 2008 — Sexe genre et sexualités introduction à la théorie.md,1068,C
C/00347_Dorlin_2008_Sexe_genre_et_sexualit_s_01b0d24fdf4f.md,C:\Users\softinfo\Documents\EMERAULD\references\Dorlin 2008 — Sexe genre et sexualités.md,1033,C
C/00348_Dorlin_2009_Sexe_race_classe_Pour_une_pist_mologie_802d94381858.md,C:\Users\softinfo\Documents\EMERAULD\references\Dorlin 2009 — Sexe race classe Pour une épistémologie de la (2).md,1085,C
C/00349_Dorlin_2009_Sexe_race_classe_pour_une_pist_mologie_f907d6726e7c.md,C:\Users\softinfo\Documents\EMERAULD\references\Dorlin 2009 — Sexe race classe pour une épistémologie de la.md,1034,C
C/00350_Doshi-Velez_2017_Towards_a_rigorous_science_of_int_375196bc364d.md,C:\Users\softinfo\Documents\EMERAULD\references\Doshi-Velez 2017 — Towards a rigorous science of interpretable machine learning.md,1099,C
C/00351_Dosto_evski_1866_Crime_et_Ch_timent_0e8a5e248f27.md,C:\Users\softinfo\Documents\EMERAULD\references\Dostoïevski 1866 — Crime et Châtiment.md,1211,C
C/00352_Dosto_evski_1880_Les_Fr_res_Karamazov_c0685bc1663f.md,C:\Users\softinfo\Documents\EMERAULD\references\Dostoïevski 1880 — Les Frères Karamazov.md,1153,C
C/00353_Douglas_1986_How_Institutions_Think_12353045e498.md,C:\Users\softinfo\Documents\EMERAULD\references\Douglas 1986 — How Institutions Think.md,1096,C
C/00354_Douglas_1995_Where_the_Girls_Are_Growing_Up_Female_97cd4159a765.md,C:\Users\softinfo\Documents\EMERAULD\references\Douglas 1995 — Where the Girls Are Growing Up Female with.md,1077,C
C/00355_Douglas_2017_The_Psychology_of_Conspiracy_Theories_0748c7d72cfd.md,C:\Users\softinfo\Documents\EMERAULD\references\Douglas 2017 — The Psychology of Conspiracy Theories.md,1545,C
C/00356_Dove_2021_manifestly_public_7dbab5b6f71f.md,C:\Users\softinfo\Documents\EMERAULD\references\Dove 2021 — manifestly public.md,1308,C
C/00357_Doyle_White_2016_Wicca_History_Belief_and_Communit_9e57e128228a.md,C:\Users\softinfo\Documents\EMERAULD\references\Doyle White 2016 — Wicca History Belief and Community in Modern Pagan.md,1095,C
C/00358_Driscoll_2002_Girls_Feminine_Adolescence_in_Popula_a948d02a2a82.md,C:\Users\softinfo\Documents\EMERAULD\references\Driscoll 2002 — Girls Feminine Adolescence in Popular Culture and Cultural.md,1158,C
C/00359_DRONJAK_2004_Immobilization_and_cold_stress_affect_706108281b85.md,C:\Users\softinfo\Documents\EMERAULD\references\DRONJAK 2004 — Immobilization and cold stress affect sympatho adrenomedullary system.md,1571,C
C/00360_Drysdale_2021_Scene_f19b2e570e57.md,C:\Users\softinfo\Documents\EMERAULD\references\Drysdale 2021 — Scene.md,1320,C
C/00361_Dryzek_2000_Deliberative_Democracy_and_Beyond_Libe_99ecf497c501.md,C:\Users\softinfo\Documents\EMERAULD\references\Dryzek 2000 — Deliberative Democracy and Beyond Liberals Critics Contestations Oxford.md,1143,C
C/00362_Dufresne_1997_Mother_and_Goddess_the_ideological_f_6d40e601ad24.md,C:\Users\softinfo\Documents\EMERAULD\references\Dufresne 1997 — Mother and Goddess the ideological force of.md,980,C
C/00363_Duggan_2002_The_new_homonormativity_the_sexual_pol_b50bfa45198b.md,C:\Users\softinfo\Documents\EMERAULD\references\Duggan 2002 — The new homonormativity the sexual politics of neoliberalism.md,1117,C
C/00364_Durkheim_1968_Les_formes_l_mentaires_de_la_vie_rel_4573e037e0c5.md,C:\Users\softinfo\Documents\EMERAULD\references\Durkheim 1968 — Les formes élémentaires de la vie religieuse le.md,1250,C
C/00365_Durkheim_The_Division_of_Labor_in_Society_3d2bf57bcf12.md,C:\Users\softinfo\Documents\EMERAULD\references\Durkheim — The Division of Labor in Society.md,1072,C
C/00366_Dworkin_1977_Taking_Rights_Seriously_35cdd2341e13.md,C:\Users\softinfo\Documents\EMERAULD\references\Dworkin 1977 — Taking Rights Seriously.md,1066,C
C/00367_Dyer_1997_White_Essays_on_Race_and_Culture_London_430ee0c0c26b.md,C:\Users\softinfo\Documents\EMERAULD\references\Dyer 1997 — White Essays on Race and Culture London Routledge.md,993,C
C/00368_Dyer_1998_Stars_3673051cb043.md,C:\Users\softinfo\Documents\EMERAULD\references\Dyer 1998 — Stars.md,998,C
C/00369_D_ziel_2018_Les_limites_du_droit_la_vie_priv_e_283e6f3b1040.md,C:\Users\softinfo\Documents\EMERAULD\references\Déziel 2018 — Les limites du droit à la vie privée.md,1401,C
C/00370_Earle_2026_Cyborg_Maintenance_The_Invisible_Work_o_12576d18e627.md,C:\Users\softinfo\Documents\EMERAULD\references\Earle 2026 — Cyborg Maintenance The Invisible Work of the Technological.md,1359,C
C/00371_Ede_2001_Collaboration_and_Concepts_of_Authorship_3d30c2669994.md,C:\Users\softinfo\Documents\EMERAULD\references\Ede 2001 — Collaboration and Concepts of Authorship.md,1070,C
C/00372_Eggleton_2016_Being_patient_being_vulnerable_explo_93259b84f6f0.md,C:\Users\softinfo\Documents\EMERAULD\references\Eggleton 2016 — Being patient being vulnerable exploring experiences of general.md,1440,C
C/00373_Eilberg-Schwartz_1989_Witches_of_the_West_d96056010b65.md,C:\Users\softinfo\Documents\EMERAULD\references\Eilberg-Schwartz 1989 — Witches of the West.md,1080,C
C/00374_El_Masry_2025_Gender_hierarchies_in_reporting_geno_7b910cfc2baa.md,C:\Users\softinfo\Documents\EMERAULD\references\El Masry 2025 — Gender hierarchies in reporting genocide an analysis of (2).md,1583,C
C/00375_El_Masry_2025_Gender_hierarchies_in_reporting_geno_350fdbef869e.md,C:\Users\softinfo\Documents\EMERAULD\references\El Masry 2025 — Gender hierarchies in reporting genocide An analysis of.md,1727,C
C/00376_El_Morr_2024_AI_and_disability_A_systematic_scopin_3a86f153e38e.md,C:\Users\softinfo\Documents\EMERAULD\references\El Morr 2024 — AI and disability A systematic scoping review.md,1711,C
C/00377_Eld_n_2012_children_s_voices_5cc3125e4811.md,C:\Users\softinfo\Documents\EMERAULD\references\Eldén 2012 — children s voices.md,1140,C
C/00378_Eliade_1957_Le_mythe_de_l_ternel_retour_arch_types_d7a12296bdff.md,C:\Users\softinfo\Documents\EMERAULD\references\Eliade 1957 — Le mythe de l éternel retour archétypes et.md,1384,C
C/00379_Eliade_1978_Occultisme_sorcellerie_et_modes_cultur_621dc3e50ab1.md,C:\Users\softinfo\Documents\EMERAULD\references\Eliade 1978 — Occultisme sorcellerie et modes culturelles.md,1294,C
C/00380_Eller_1995_Living_in_the_lap_of_the_Goddess_the_1f4181375fdb.md,C:\Users\softinfo\Documents\EMERAULD\references\Eller 1995 — Living in the lap of the Goddess the.md,1256,C
C/00381_Ellis_2010_Autoethnography_An_Overview_157c0a731cb0.md,C:\Users\softinfo\Documents\EMERAULD\references\Ellis 2010 — Autoethnography An Overview.md,1492,C
C/00382_Ellwood_1971_Notes_on_a_neopagan_religious_group_i_2d91ae0e84a6.md,C:\Users\softinfo\Documents\EMERAULD\references\Ellwood 1971 — Notes on a neopagan religious group in America.md,1229,C
C/00383_Enriquez_2013a_Un_mouvement_trans_au_Qu_bec_Dynami_2a2bbe502488.md,C:\Users\softinfo\Documents\EMERAULD\references\Enriquez 2013a — Un mouvement trans au Québec Dynamiques d'une.md,938,C
C/00384_Entwistle_2000_The_Fashioned_Body_Fashion_Dress_an_67426379f81f.md,C:\Users\softinfo\Documents\EMERAULD\references\Entwistle 2000 — The Fashioned Body Fashion Dress and Modern Social.md,1314,C
C/00385_EQUALITY_AND_HUMAN_RIGHTS_COMMISSION_2023_inadequa_efd58b8d6980.md,C:\Users\softinfo\Documents\EMERAULD\references\EQUALITY AND HUMAN RIGHTS COMMISSION 2023 — inadequate.md,1266,C
C/00386_Erlandson_2000_Spiritual_but_not_religious_a_cali_947547e31ef0.md,C:\Users\softinfo\Documents\EMERAULD\references\Erlandson 2000 — Spiritual but not religious a cali to religious.md,1032,C
C/00387_Espeland_1998_Commensuration_as_a_Social_Process_9649c13da329.md,C:\Users\softinfo\Documents\EMERAULD\references\Espeland 1998 — Commensuration as a Social Process.md,1265,C
C/00388_Espenson_2004_Buffy_the_Vampire_Slayer_The_Watcher_79f4fb1d440a.md,C:\Users\softinfo\Documents\EMERAULD\references\Espenson 2004 — Buffy the Vampire Slayer The Watcher s Guide.md,1063,C
C/00389_Estreich_2019_Fables_and_Futures_Biotechnology_Dis_33cc6ad76285.md,C:\Users\softinfo\Documents\EMERAULD\references\Estreich 2019 — Fables and Futures Biotechnology Disability and the Stories.md,1254,C
C/00390_Eubanks_2018_Automating_Inequality_How_High-Tech_T_2948749339e9.md,C:\Users\softinfo\Documents\EMERAULD\references\Eubanks 2018 — Automating Inequality How High-Tech Tools Profile Police and.md,1521,C
C/00391_European_Environment_Agency_2023_Exiting_the_Anthr_478a1bc28f98.md,C:\Users\softinfo\Documents\EMERAULD\references\European Environment Agency 2023 — Exiting the Anthropocene Exploring Fundamental Change in Our.md,1212,C
C/00392_European_Union_2024_Regulation_EU_2024_1689_of_the_386f0844ddab.md,C:\Users\softinfo\Documents\EMERAULD\references\European Union 2024 — Regulation EU 2024 1689 of the European Parliament.md,1617,C
C/00393_Evans_1978_Witchcraft_and_the_gay_counterculture_14982ccb1c6c.md,C:\Users\softinfo\Documents\EMERAULD\references\Evans 1978 — Witchcraft and the gay counterculture.md,1254,C
C/00394_Evans_1999_A_Becoming_Amplitude_Fag_Hags_and_Gay_M_edbea83bae8c.md,C:\Users\softinfo\Documents\EMERAULD\references\Evans 1999 — A Becoming Amplitude Fag Hags and Gay Men.md,1099,C
C/00395_Evans_2015_Stuttering_in_Film_Media_-_Investigatio_fb11030399f6.md,C:\Users\softinfo\Documents\EMERAULD\references\Evans 2015 — Stuttering in Film Media - Investigation of a.md,1295,C
C/00396_Evans-Pritchard_1937_E_bb9f82944dee.md,C:\Users\softinfo\Documents\EMERAULD\references\Evans-Pritchard 1937 — E.md,1134,C
C/00397_Evans-Pritchard_1937_Witchcraft_Oracles_and_Magic_bb967a81b1b6.md,C:\Users\softinfo\Documents\EMERAULD\references\Evans-Pritchard 1937 — Witchcraft Oracles and Magic among the Azande.md,1103,C
C/00398_Ezzy_2004_Old_traditions_and_new_ages_religions_an_8092b5a04620.md,C:\Users\softinfo\Documents\EMERAULD\references\Ezzy 2004 — Old traditions and new ages religions and environments.md,1156,C
C/00399_Ezzy_2014_Sex_Death_and_Witchcraft_A_Contemporary_4840941c5772.md,C:\Users\softinfo\Documents\EMERAULD\references\Ezzy 2014 — Sex Death and Witchcraft A Contemporary Pagan Festival (2).md,1016,C
C/00400_Ezzy_2014_Sex_Death_and_Witchcraft_A_Contemporary_ce70401a93ca.md,C:\Users\softinfo\Documents\EMERAULD\references\Ezzy 2014 — Sex Death and Witchcraft A Contemporary Pagan Festival.md,1158,C
C/00401_Favret-Saada_1977_Les_mots_la_mort_les_sorts_La_so_487c543bf769.md,C:\Users\softinfo\Documents\EMERAULD\references\Favret-Saada 1977 — Les mots la mort les sorts La sorcellerie (2).md,1231,C
C/00402_Favret-Saada_1977_Les_Mots_la_Mort_les_Sorts_La_so_ede295210d19.md,C:\Users\softinfo\Documents\EMERAULD\references\Favret-Saada 1977 — Les Mots la Mort les Sorts La sorcellerie.md,1257,C
C/00403_Feasey_2008_Masculinity_and_Popular_Television_681f3fd635ed.md,C:\Users\softinfo\Documents\EMERAULD\references\Feasey 2008 — Masculinity and Popular Television.md,1073,C
C/00404_Fedele_2013_Gender_and_power_in_contemporary_8bb25ad2e676.md,C:\Users\softinfo\Documents\EMERAULD\references\Fedele 2013 — Gender and power in contemporary.md,1183,C
C/00405_Feldman_2000_Organizational_Routines_as_a_Source_o_56e7b7af2aab.md,C:\Users\softinfo\Documents\EMERAULD\references\Feldman 2000 — Organizational Routines as a Source of Continuous Change.md,1356,C
C/00406_Fennell_2017_The_children_of_converts_Beyond_the_f_830f3a8eabde.md,C:\Users\softinfo\Documents\EMERAULD\references\Fennell 2017 — The children of converts Beyond the first generation.md,1583,C
C/00407_Ferguson_1990_Development_c0cec84d834b.md,C:\Users\softinfo\Documents\EMERAULD\references\Ferguson 1990 — Development.md,1318,C
C/00408_Fernandez-Crespo_2021_Sexual_Dysfunction_Among_Men_44dfb6e719cd.md,C:\Users\softinfo\Documents\EMERAULD\references\Fernandez-Crespo 2021 — Sexual Dysfunction Among Men Who Have Sex with.md,1359,C
C/00409_Ferrando_2019_Philosophical_Posthumanism_e5898f995582.md,C:\Users\softinfo\Documents\EMERAULD\references\Ferrando 2019 — Philosophical Posthumanism.md,1254,C
C/00410_Ferrarese_2009_Qu_est-ce_qu_une_lutte_pour_la_reco_aaea38692276.md,C:\Users\softinfo\Documents\EMERAULD\references\Ferrarese 2009 — Qu'est-ce qu'une lutte pour la reconnaissance Réflexions sur.md,1206,C
C/00411_Finlay_2002_Negotiating_the_Swamp_The_Opportunity_f86189cf2e83.md,C:\Users\softinfo\Documents\EMERAULD\references\Finlay 2002 — Negotiating the Swamp The Opportunity and Challenge of.md,1270,C
C/00412_Fisher_2024_Moderating_Synthetic_Content_the_Chall_c2e07f80fa72.md,C:\Users\softinfo\Documents\EMERAULD\references\Fisher 2024 — Moderating Synthetic Content the Challenge of Generative AI.md,1585,C
C/00413_Floridi_2018_An_ethical_framework_for_a_good_AI_so_5d3ce5b65582.md,C:\Users\softinfo\Documents\EMERAULD\references\Floridi 2018 — An ethical framework for a good AI society.md,1120,C
C/00414_Flor_ncio_2021_Chemsex_cultures_Subcultural_reprod_aa5123ae3c74.md,C:\Users\softinfo\Documents\EMERAULD\references\Florêncio 2021 — Chemsex cultures Subcultural reproduction and queer survival.md,1393,C
C/00415_Flynn_2015_Development_and_Validation_of_a_Single_310f5b482af3.md,C:\Users\softinfo\Documents\EMERAULD\references\Flynn 2015 — Development and Validation of a Single-Item Screener for.md,1455,C
C/00416_Flyvbjerg_2001_Making_Social_Science_Matter_Why_So_c5ff75da5d4d.md,C:\Users\softinfo\Documents\EMERAULD\references\Flyvbjerg 2001 — Making Social Science Matter Why Social Inquiry Fails.md,1330,C
C/00417_Foka_2024_AI_Cultural_Heritage_and_Bias_Some_Key_Q_be87be90a36f.md,C:\Users\softinfo\Documents\EMERAULD\references\Foka 2024 — AI Cultural Heritage and Bias Some Key Queries.md,1423,C
C/00418_Forlano_2023_Living_Intimately_with_Machines_Can_A_3aee826178e2.md,C:\Users\softinfo\Documents\EMERAULD\references\Forlano 2023 — Living Intimately with Machines Can AI Be Disabled.md,1208,C
C/00419_Forlano_2024_Six_Lessons_for_a_More-than-Human_Sma_4e1614e539d4.md,C:\Users\softinfo\Documents\EMERAULD\references\Forlano 2024 — Six Lessons for a More-than-Human Smart' City from.md,1373,C
C/00420_Foucault_1966_Les_mots_et_les_choses_dc0e7bcffd09.md,C:\Users\softinfo\Documents\EMERAULD\references\Foucault 1966 — Les mots et les choses.md,1108,C
C/00421_Foucault_1975_Surveiller_et_punir_548f9357efa2.md,C:\Users\softinfo\Documents\EMERAULD\references\Foucault 1975 — Surveiller et punir.md,1212,C
C/00422_Foucault_1977_What_Is_an_Author_acd9598fb24c.md,C:\Users\softinfo\Documents\EMERAULD\references\Foucault 1977 — What Is an Author.md,1086,C
C/00423_Foucault_1978_The_History_of_Sexuality_Volume_1_An_939e4def1bdc.md,C:\Users\softinfo\Documents\EMERAULD\references\Foucault 1978 — The History of Sexuality Volume 1 An Introduction.md,1199,C
C/00424_Foucault_2007_Security_Territory_Population_Lectur_ab26feab8b3c.md,C:\Users\softinfo\Documents\EMERAULD\references\Foucault 2007 — Security Territory Population Lectures at the Collège de.md,1215,C
C/00425_Foucault_Discipline_and_Punish_The_Birth_of_the_Pr_358bb6b46a51.md,C:\Users\softinfo\Documents\EMERAULD\references\Foucault — Discipline and Punish The Birth of the Prison.md,1139,C
C/00426_Foucault_The_Archaeology_of_Knowledge_5f12d863f6fe.md,C:\Users\softinfo\Documents\EMERAULD\references\Foucault — The Archaeology of Knowledge.md,1046,C
C/00427_Fran_ois_2012_Le_n_o-paganisme_une_vision_du_monde_25deb6b94a6b.md,C:\Users\softinfo\Documents\EMERAULD\references\François 2012 — Le néo-paganisme une vision du monde en plein.md,1045,C
C/00428_Fran_ois_2018_R_flexions_sur_le_paganisme_d_extr_m_cf0452a2439b.md,C:\Users\softinfo\Documents\EMERAULD\references\François 2018 — Réflexions sur le paganisme d extrême droite.md,1414,C
C/00429_Fraser_1996_Social_Justice_in_the_Age_of_Identity_a87711ec42bf.md,C:\Users\softinfo\Documents\EMERAULD\references\Fraser 1996 — Social Justice in the Age of Identity Politics.md,1133,C
C/00430_Frazer_1981_Le_cycle_du_rameau_d_or_9efbfec331a7.md,C:\Users\softinfo\Documents\EMERAULD\references\Frazer 1981 — Le cycle du rameau d or.md,1034,C
C/00431_Frazer_1981_Le_cycle_du_rameau_d_or_7a2853271884.md,C:\Users\softinfo\Documents\EMERAULD\references\Frazer 1981 — Le cycle du rameau d'or.md,1159,C
C/00432_Freedom_House_2025_Freedom_in_the_World_2025_The_U_2395bd929c09.md,C:\Users\softinfo\Documents\EMERAULD\references\Freedom House 2025 — Freedom in the World 2025 The Uphill Battle.md,1138,C
C/00433_Frew_1998_Methodological_Flaws_in_Recent_Studies_o_96c6a7781e89.md,C:\Users\softinfo\Documents\EMERAULD\references\Frew 1998 — Methodological Flaws in Recent Studies of Historical and (2).md,1200,C
C/00434_Frew_1998_Methodological_flaws_in_recent_studies_o_10b279ff809c.md,C:\Users\softinfo\Documents\EMERAULD\references\Frew 1998 — Methodological flaws in recent studies of historical and.md,1174,C
C/00435_Fricker_2007_Epistemic_Injustice_Power_and_the_Eth_ce1d5b4dceab.md,C:\Users\softinfo\Documents\EMERAULD\references\Fricker 2007 — Epistemic Injustice Power and the Ethics of Knowing.md,1347,C
C/00436_Frith_2007_Using_Photographs_to_Capture_Women_s_Ex_fa7ea72af3bc.md,C:\Users\softinfo\Documents\EMERAULD\references\Frith 2007 — Using Photographs to Capture Women's Experiences of Chemotherapy.md,1431,C
C/00437_Frye_1957_Anatomy_of_Criticism_Four_Essays_6606bb16f55a.md,C:\Users\softinfo\Documents\EMERAULD\references\Frye 1957 — Anatomy of Criticism Four Essays.md,1306,C
C/00438_Fudge_2006_Traditions_and_Trajectories_in_the_Hist_400e605ff581.md,C:\Users\softinfo\Documents\EMERAULD\references\Fudge 2006 — Traditions and Trajectories in the Historiography of European.md,1438,C
C/00439_Fuller_The_Morality_of_Law_e06bb26602af.md,C:\Users\softinfo\Documents\EMERAULD\references\Fuller — The Morality of Law.md,1091,C
C/00440_Funtowicz_1993_Science_for_the_Post-Normal_Age_d34fe640acc7.md,C:\Users\softinfo\Documents\EMERAULD\references\Funtowicz 1993 — Science for the Post-Normal Age.md,1233,C
C/00441_Furniss_2007_Art_in_Motion_Animation_Aesthetics_9c4049d5d636.md,C:\Users\softinfo\Documents\EMERAULD\references\Furniss 2007 — Art in Motion Animation Aesthetics.md,1010,C
C/00442_Furstenberg_2025_The_European_Union_s_response_to_e428079cc449.md,C:\Users\softinfo\Documents\EMERAULD\references\Furstenberg 2025 — The European Union s response to transnational repression.md,1427,C
C/00443_FUTURE_OF_LIFE_INSTITUTE_2023_Pause_Giant_AI_Exper_7b62c6adb86e.md,C:\Users\softinfo\Documents\EMERAULD\references\FUTURE OF LIFE INSTITUTE 2023 — Pause Giant AI Experiments An Open Letter.md,1226,C
C/00444_F_rek_2021_Magic_between_Europe_and_India_On_Mantr_e3e78b836e6d.md,C:\Users\softinfo\Documents\EMERAULD\references\Fárek 2021 — Magic between Europe and India On Mantras Coercion.md,1352,C
C/00445_G._M_nard_2001_L_tude_de_la_religion_au_Qu_bec_b7ab4a2ceacc.md,C:\Users\softinfo\Documents\EMERAULD\references\G. Ménard 2001 — L'étude de la religion au Québec.md,1012,C
C/00446_Gaboury_1989_Confluence_du_n_o-paganisme_et_du_f_m_43b3b4474bed.md,C:\Users\softinfo\Documents\EMERAULD\references\Gaboury 1989 — Confluence du néo-paganisme et du féminisme chez les.md,962,C
C/00447_Gadiraju_2023_I_wouldn_t_say_offensive_but_Disabil_1e60808c38e6.md,C:\Users\softinfo\Documents\EMERAULD\references\Gadiraju 2023 — I wouldn't say offensive but '' Disability-Centered Perspectives.md,1913,C
C/00448_Gage_2014_New_Rules_1c29185c9b76.md,C:\Users\softinfo\Documents\EMERAULD\references\Gage 2014 — New Rules.md,1026,C
C/00449_Gagnon_2003_La_mouvance_wiccanne_au_Qu_bec_un_port_84a8e53fb9a9.md,C:\Users\softinfo\Documents\EMERAULD\references\Gagnon 2003 — La mouvance wiccanne au Québec un portrait de (2).md,1075,C
C/00450_Gagnon_2003_La_mouvance_wiccanne_au_Qu_bec_un_port_aa2de7c237b7.md,C:\Users\softinfo\Documents\EMERAULD\references\Gagnon 2003 — La mouvance wiccanne au Québec un portrait de.md,984,C
C/00451_GAGNON_2023_Examen_du_Barreau_ChatGPT_recal_aa3b59e49a58.md,C:\Users\softinfo\Documents\EMERAULD\references\GAGNON 2023 — Examen du Barreau ChatGPT recalé.md,1111,C
C/00452_Galligani_2000_De_l_entretien_au_r_cit_de_vie_4d3b16f4d5ff.md,C:\Users\softinfo\Documents\EMERAULD\references\Galligani 2000 — De l'entretien au récit de vie.md,1011,C
C/00453_Galloway_2004_Protocol_How_Control_Exists_after_De_b294970f4fdb.md,C:\Users\softinfo\Documents\EMERAULD\references\Galloway 2004 — Protocol How Control Exists after Decentralization.md,1184,C
C/00454_Gamelin_2008_Effect_of_high_intensity_intermittent_0947c57f6869.md,C:\Users\softinfo\Documents\EMERAULD\references\Gamelin 2008 — Effect of high intensity intermittent training on heart.md,1420,C
C/00455_Gardner_1949_High_magic_s_aid_bded498cbd42.md,C:\Users\softinfo\Documents\EMERAULD\references\Gardner 1949 — High magic's aid.md,1185,C
C/00456_Gardner_1954_Witchcraft_today_2_6b4bb9ec4647.md,C:\Users\softinfo\Documents\EMERAULD\references\Gardner 1954 — Witchcraft today (2).md,1060,C
C/00457_Gardner_1954_Witchcraft_Today_7fb8698d3b5b.md,C:\Users\softinfo\Documents\EMERAULD\references\Gardner 1954 — Witchcraft Today.md,1150,C
C/00458_Garland-Thomson_1997_Extraordinary_Bodies_Figuring_c96dc39419f5.md,C:\Users\softinfo\Documents\EMERAULD\references\Garland-Thomson 1997 — Extraordinary Bodies Figuring Physical Disability in American Culture.md,1297,C
C/00459_Gaskill_2010_Witchcraft_A_Very_Short_Introduction_63883cbe7250.md,C:\Users\softinfo\Documents\EMERAULD\references\Gaskill 2010 — Witchcraft A Very Short Introduction.md,979,C
C/00460_Gauthier_1969_Les_f_es_dansent_sur_le_Mont-Royal_672e4aa3d8fd.md,C:\Users\softinfo\Documents\EMERAULD\references\Gauthier 1969 — Les fées dansent sur le Mont-Royal.md,1338,C
C/00461_Gauthier_2008_Jeunes_et_religion_au_Qu_bec_027f7b0139bf.md,C:\Users\softinfo\Documents\EMERAULD\references\Gauthier 2008 — Jeunes et religion au Québec.md,1421,C
C/00462_Gauthier_2008_soci_t_de_march_ec0685e370ec.md,C:\Users\softinfo\Documents\EMERAULD\references\Gauthier 2008 — société de marché.md,977,C
C/00463_Gauthier_2010_Mauss_et_la_religion_l_h_ritage_de_M_b3410e2bba10.md,C:\Users\softinfo\Documents\EMERAULD\references\Gauthier 2010 — Mauss et la religion l'héritage de Mauss chez.md,1051,C
C/00464_Gauthier_2011_Les_HeeBeeGeeBee_Healers_au_festival_46b5d832075a.md,C:\Users\softinfo\Documents\EMERAULD\references\Gauthier 2011 — Les HeeBeeGeeBee Healers au festival Burning Man trois.md,1179,C
C/00465_Gebru_2018_Datasheets_for_Datasets_2_da6044ec5c94.md,C:\Users\softinfo\Documents\EMERAULD\references\Gebru 2018 — Datasheets for Datasets (2).md,1399,C
C/00466_Gebru_2018_Datasheets_for_Datasets_6e73cd8b1e17.md,C:\Users\softinfo\Documents\EMERAULD\references\Gebru 2018 — Datasheets for Datasets.md,1376,C
C/00467_Gebru_2021_Datasheets_for_datasets_0767e2eb809a.md,C:\Users\softinfo\Documents\EMERAULD\references\Gebru 2021 — Datasheets for datasets.md,1815,C
C/00468_Geertz_1973_The_Interpretation_of_Cultures_ea20697e36ec.md,C:\Users\softinfo\Documents\EMERAULD\references\Geertz 1973 — The Interpretation of Cultures.md,1078,C
C/00469_George_2005_Case_Studies_and_Theory_Development_in_661f624df84b.md,C:\Users\softinfo\Documents\EMERAULD\references\George 2005 — Case Studies and Theory Development in the Social.md,1207,C
C/00470_GERMAIN_2023a_If_You_ve_Got_a_New_Car_It_954ae3ab07a9.md,C:\Users\softinfo\Documents\EMERAULD\references\GERMAIN 2023a — If You ve Got a New Car It.md,1158,C
C/00471_GERMAIN_2023b_Why_is_Everyone_Suing_AI_Companies_G_e994ec784980.md,C:\Users\softinfo\Documents\EMERAULD\references\GERMAIN 2023b — Why is Everyone Suing AI Companies Gizmodo Future.md,1113,C
C/00472_Gerring_2007_Case_Study_Research_Principles_and_Pr_fea03bf8c255.md,C:\Users\softinfo\Documents\EMERAULD\references\Gerring 2007 — Case Study Research Principles and Practices.md,1067,C
C/00473_Gewirtz-Meydan_2020_Shades_of_Grey_87d88ab7bb26.md,C:\Users\softinfo\Documents\EMERAULD\references\Gewirtz-Meydan 2020 — Shades of Grey.md,1251,C
C/00474_Gibbons_1994_The_New_Production_of_Knowledge_The_D_536ff9877aa0.md,C:\Users\softinfo\Documents\EMERAULD\references\Gibbons 1994 — The New Production of Knowledge The Dynamics of.md,1482,C
C/00475_Gibson_2012_Witchcraft_Myths_in_American_Culture_90ee9c9e7737.md,C:\Users\softinfo\Documents\EMERAULD\references\Gibson 2012 — Witchcraft Myths in American Culture.md,1169,C
C/00476_Giddens_1984_The_Constitution_of_Society_Outline_o_adc8224d4e72.md,C:\Users\softinfo\Documents\EMERAULD\references\Giddens 1984 — The Constitution of Society Outline of the Theory (2).md,991,C
C/00477_Giddens_1984_The_constitution_of_society_outline_o_3fd2b26af2c8.md,C:\Users\softinfo\Documents\EMERAULD\references\Giddens 1984 — The constitution of society outline of the theory.md,1095,C
C/00478_GIDDENS_Anthony_1991_Modernity_and_Self-identity_S_be28bbeb3db6.md,C:\Users\softinfo\Documents\EMERAULD\references\GIDDENS Anthony 1991 — Modernity and Self-identity Self and Society in the.md,1152,C
C/00479_Gill_2007_Gender_and_the_Media_1857bdc4e5b4.md,C:\Users\softinfo\Documents\EMERAULD\references\Gill 2007 — Gender and the Media.md,1053,C
C/00480_Gill_2007_Postfeminist_Media_Culture_Elements_of_a_345ccdb520ab.md,C:\Users\softinfo\Documents\EMERAULD\references\Gill 2007 — Postfeminist Media Culture Elements of a Sensibility.md,1710,C
C/00481_Gimbutas_1989_The_language_of_the_Goddess_unearthi_0a5705b7a236.md,C:\Users\softinfo\Documents\EMERAULD\references\Gimbutas 1989 — The language of the Goddess unearthing the hidden.md,1250,C
C/00482_Girard_2007_Gabriel_Girard_-_Interview_avec_Elsa_D_c9b4dba1bddb.md,C:\Users\softinfo\Documents\EMERAULD\references\Girard 2007 — Gabriel Girard - Interview avec Elsa Dorlin le.md,1023,C
C/00483_Girard_2017_Using_Emotionally_Focused_Therapy_to_T_d8cd4e12e22f.md,C:\Users\softinfo\Documents\EMERAULD\references\Girard 2017 — Using Emotionally Focused Therapy to Treat Sexual Desire.md,1333,C
C/00484_Glazko_2024_Identifying_and_Improving_Disability_B_06e2f46e7e89.md,C:\Users\softinfo\Documents\EMERAULD\references\Glazko 2024 — Identifying and Improving Disability Bias in GPT-Based Resume.md,1509,C
C/00485_Godbout_1992_L_esprit_du_don_79267be72bb3.md,C:\Users\softinfo\Documents\EMERAULD\references\Godbout 1992 — L'esprit du don.md,1697,C
C/00486_Godelier_2007_Au_fondement_des_soci_t_s_humaines_6bba7cfe804d.md,C:\Users\softinfo\Documents\EMERAULD\references\Godelier 2007 — Au fondement des sociétés humaines.md,1192,C
C/00487_Goertzel_2014_Artificial_General_Intelligence_Conc_a074f33fbf76.md,C:\Users\softinfo\Documents\EMERAULD\references\Goertzel 2014 — Artificial General Intelligence Concept State of the Art.md,1487,C
C/00488_Goertzel_2015_Superintelligence_Fears_Promises_and_3c17e4f28f43.md,C:\Users\softinfo\Documents\EMERAULD\references\Goertzel 2015 — Superintelligence Fears Promises and Potentials.md,1203,C
C/00489_Goertzel_2023_Generative_AI_vs_6b74eddd9de4.md,C:\Users\softinfo\Documents\EMERAULD\references\Goertzel 2023 — Generative AI vs.md,1230,C
C/00490_Goffman_1959_The_presentation_ofthe_se_fin_everyda_fca46fddfbba.md,C:\Users\softinfo\Documents\EMERAULD\references\Goffman 1959 — The presentation ofthe se fin everyday ife.md,1219,C
C/00491_Goldenberg_1982_Feminist_witchcraft_controlling_ou_d63de8f4b050.md,C:\Users\softinfo\Documents\EMERAULD\references\Goldenberg 1982 — Feminist witchcraft controlling our own inner space.md,1193,C
C/00492_Goldman_1999_Knowledge_in_a_Social_World_c39cc5fbf3f9.md,C:\Users\softinfo\Documents\EMERAULD\references\Goldman 1999 — Knowledge in a Social World.md,1124,C
C/00493_GOLDMAN_SACHS_2023_Generative_AI_could_raise_globa_60645f29bab0.md,C:\Users\softinfo\Documents\EMERAULD\references\GOLDMAN SACHS 2023 — Generative AI could raise global GDP by 7.md,1146,C
C/00494_Gonsalkorale_2006_The_KKK_won_t_let_me_play_ostrac_8cab7a3956b8.md,C:\Users\softinfo\Documents\EMERAULD\references\Gonsalkorale 2006 — The KKK won't let me play ostracism even.md,1249,C
C/00495_Goodley_2014_Posthuman_Disability_Studies_dd5c187dd141.md,C:\Users\softinfo\Documents\EMERAULD\references\Goodley 2014 — Posthuman Disability Studies.md,1305,C
C/00496_Goodley_2024_Disability_Studies_An_Interdisciplina_a1e8f329f812.md,C:\Users\softinfo\Documents\EMERAULD\references\Goodley 2024 — Disability Studies An Interdisciplinary Introduction.md,1137,C
C/00497_Gordon_2019_Virginia_Eubanks_2018_Automating_Inequ_f20c4e184701.md,C:\Users\softinfo\Documents\EMERAULD\references\Gordon 2019 — Virginia Eubanks 2018 Automating Inequality How High-Tech Tools.md,1284,C
C/00498_GOUVERNEMENT_DU_CANADA_2019_R_sum_du_chapitre_sur_d64995459479.md,C:\Users\softinfo\Documents\EMERAULD\references\GOUVERNEMENT DU CANADA 2019 — Résumé du chapitre sur le commerce numérique.md,1321,C
C/00499_Government_of_Canada_2022_Bill_C-27_Digital_Charte_7f0d480efc96.md,C:\Users\softinfo\Documents\EMERAULD\references\Government of Canada 2022 — Bill C-27 Digital Charter Implementation Act 2022 Part.md,1220,C
C/00500_Grace_192bf99e66d6.md,C:\Users\softinfo\Documents\EMERAULD\references\Grace.md,1334,C
C/00501_Grady_2019_Emotions_in_storybooks_A_comparison_of_d5412350d970.md,C:\Users\softinfo\Documents\EMERAULD\references\Grady 2019 — Emotions in storybooks A comparison of storybooks that.md,1495,C
C/00502_Graeber_2011_Debt_The_First_5_000_Years_fc7af1300a9e.md,C:\Users\softinfo\Documents\EMERAULD\references\Graeber 2011 — Debt The First 5 000 Years.md,999,C
C/00503_Graves_1966_The_white_goddess_A_historical_grammar_29b514ab9380.md,C:\Users\softinfo\Documents\EMERAULD\references\Graves 1966 — The white goddess A historical grammar of poetic.md,1592,C
C/00504_Gravestock_2010_Embodying_understanding_drawing_as_b84a3cfd0409.md,C:\Users\softinfo\Documents\EMERAULD\references\Gravestock 2010 — Embodying understanding drawing as research in sport and.md,1255,C
C/00505_Gray_2009_Satire_TV_Politics_and_Comedy_in_the_Pos_881a33040411.md,C:\Users\softinfo\Documents\EMERAULD\references\Gray 2009 — Satire TV Politics and Comedy in the Post-Network.md,1106,C
C/00506_GREENHALGH_2012_If_We_Build_It_Will_It_Stay_7f1ba1150e40.md,C:\Users\softinfo\Documents\EMERAULD\references\GREENHALGH 2012 — If We Build It Will It Stay.md,1411,C
C/00507_Greenhalgh_2017_Beyond_Adoption_A_New_Framework_fo_8bc00169812b.md,C:\Users\softinfo\Documents\EMERAULD\references\Greenhalgh 2017 — Beyond Adoption A New Framework for Theorizing and.md,1771,C
C/00508_Greenhalgh_2018_Studying_complexity_in_health_serv_c968d4ca79ef.md,C:\Users\softinfo\Documents\EMERAULD\references\Greenhalgh 2018 — Studying complexity in health services research desperately seeking.md,1377,C
C/00509_Greenwood_2000_Magic_Witchcraft_and_the_Otherworld_f86147488b7f.md,C:\Users\softinfo\Documents\EMERAULD\references\Greenwood 2000 — Magic Witchcraft and the Otherworld An Anthropology (2).md,991,C
C/00510_Greenwood_2000_Magic_Witchcraft_and_the_Otherworld_d86ac0330813.md,C:\Users\softinfo\Documents\EMERAULD\references\Greenwood 2000 — Magic Witchcraft and the Otherworld An Anthropology.md,1127,C
C/00511_Gribaldo_2017_Marilyn_Strathern_lt_em_gt_Before_an_83de42a79bd4.md,C:\Users\softinfo\Documents\EMERAULD\references\Gribaldo 2017 — Marilyn Strathern lt em gt Before and after.md,1310,C
C/00512_Griffin_1999_Daughters_of_the_Goddess_studies_in_h_1af819cd5cb5.md,C:\Users\softinfo\Documents\EMERAULD\references\Griffin 1999 — Daughters of the Goddess studies in healing identity.md,1098,C
C/00513_Grimes_1982_Defining_nascent_ritual_8843feaec1b3.md,C:\Users\softinfo\Documents\EMERAULD\references\Grimes 1982 — Defining nascent ritual.md,1062,C
C/00514_Groeneveld_2018_Challenges_for_design_researchers_f320447bafae.md,C:\Users\softinfo\Documents\EMERAULD\references\Groeneveld 2018 — Challenges for design researchers in healthcare.md,1312,C
C/00515_Groys_2008_Art_Power_d2deb079e867.md,C:\Users\softinfo\Documents\EMERAULD\references\Groys 2008 — Art Power.md,1144,C
C/00516_Guilhaumou_2013_Autour_du_Concept_d_Agentivit_da4d49baf75b.md,C:\Users\softinfo\Documents\EMERAULD\references\Guilhaumou 2013 — Autour du Concept d Agentivité.md,1069,C
C/00517_Guilhaumou_2013_Autour_du_concept_d_agentivit_673ee18b04e3.md,C:\Users\softinfo\Documents\EMERAULD\references\Guilhaumou 2013 — Autour du concept d'agentivité.md,1072,C
C/00518_Guillemin_2004_Understanding_Illness_Using_Drawing_9457c7378ee7.md,C:\Users\softinfo\Documents\EMERAULD\references\Guillemin 2004 — Understanding Illness Using Drawings as a Research Method.md,1192,C
C/00519_GUIRADO_2023_Face_GPTBot_les_m_dias_se_rebiffent_531f55de096b.md,C:\Users\softinfo\Documents\EMERAULD\references\GUIRADO 2023 — Face à GPTBot les médias se rebiffent.md,1214,C
C/00520_Guriev_2019_Informational_Autocrats_2_1e721a40f894.md,C:\Users\softinfo\Documents\EMERAULD\references\Guriev 2019 — Informational Autocrats (2).md,1142,C
C/00521_Guriev_2019_Informational_autocrats_ce80a6f7d09a.md,C:\Users\softinfo\Documents\EMERAULD\references\Guriev 2019 — Informational autocrats.md,1584,C
C/00522_Gutierrez_2023_A_Proposal_for_a_Definition_of_Gene_0a3d8e5ede7e.md,C:\Users\softinfo\Documents\EMERAULD\references\Gutierrez 2023 — A Proposal for a Definition of General Purpose.md,1531,C
C/00523_Gu_non_1945_Le_r_gne_de_la_quantit_et_les_signes_e4be30c260ac.md,C:\Users\softinfo\Documents\EMERAULD\references\Guénon 1945 — Le règne de la quantité et les signes.md,1445,C
C/00524_G_rard_Genette_1972_Paris_Le_Seuil_526b28a10226.md,C:\Users\softinfo\Documents\EMERAULD\references\Gérard Genette 1972 — Paris Le Seuil.md,1000,C
C/00525_Habermas_1975_Legitimation_Crisis_eb0b8c5908a5.md,C:\Users\softinfo\Documents\EMERAULD\references\Habermas 1975 — Legitimation Crisis.md,1000,C
C/00526_Habermas_1996_Between_Facts_and_Norms_Contribution_7e5acf224c93.md,C:\Users\softinfo\Documents\EMERAULD\references\Habermas 1996 — Between Facts and Norms Contributions to a Discourse.md,1376,C
C/00527_HABUKA_2023_Japan_s_Approach_to_AI_Regulation_and_301e6c9a396a.md,C:\Users\softinfo\Documents\EMERAULD\references\HABUKA 2023 — Japan s Approach to AI Regulation and Its.md,1415,C
C/00528_Hadot_2002_Exercices_spirituels_et_philosophie_ant_e12bb4712908.md,C:\Users\softinfo\Documents\EMERAULD\references\Hadot 2002 — Exercices spirituels et philosophie antique.md,1327,C
C/00529_Hagendorff_2020_The_ethics_of_AI_ethics_An_evaluat_daa9f0c067da.md,C:\Users\softinfo\Documents\EMERAULD\references\Hagendorff 2020 — The ethics of AI ethics An evaluation of.md,980,C
C/00530_Halberstam_2011_Jack_e7bcefc3cf1e.md,C:\Users\softinfo\Documents\EMERAULD\references\Halberstam 2011 — Jack.md,1026,C
C/00531_Halberstam_2011_The_Queer_Art_of_Failure_8fe89b2df512.md,C:\Users\softinfo\Documents\EMERAULD\references\Halberstam 2011 — The Queer Art of Failure.md,1145,C
C/00532_Hamraie_2019_Crip_Technoscience_Manifesto_2_08dff3dd29e6.md,C:\Users\softinfo\Documents\EMERAULD\references\Hamraie 2019 — Crip Technoscience Manifesto (2).md,1299,C
C/00533_Hamraie_2019_Crip_Technoscience_Manifesto_6c7fb5e63367.md,C:\Users\softinfo\Documents\EMERAULD\references\Hamraie 2019 — Crip Technoscience Manifesto.md,1328,C
C/00534_Han_2021_Aligning_artificial_intelligence_with_hum_3f5654a1792d.md,C:\Users\softinfo\Documents\EMERAULD\references\Han 2021 — Aligning artificial intelligence with human values reflections from.md,1437,C
C/00535_Hanegraaff_1996_New_age_religion_and_Western_cultu_0210fa4360f7.md,C:\Users\softinfo\Documents\EMERAULD\references\Hanegraaff 1996 — New age religion and Western culture esotericism in.md,1214,C
C/00536_Hanegraaff_2013_Western_esotericism_a_guide_for_th_b4dac49efcc5.md,C:\Users\softinfo\Documents\EMERAULD\references\Hanegraaff 2013 — Western esotericism a guide for the perplexed.md,1113,C
C/00537_Haour_2013_Mobilit_et_arch_ologie_le_long_de_l_arc_ff1338f2af01.md,C:\Users\softinfo\Documents\EMERAULD\references\Haour 2013 — Mobilité et archéologie le long de l arc.md,1096,C
C/00538_Haraway_1988_Situated_Knowledges_The_Science_Quest_479f06a433d9.md,C:\Users\softinfo\Documents\EMERAULD\references\Haraway 1988 — Situated Knowledges The Science Question in Feminism and (2).md,1210,C
C/00539_Haraway_1988_Situated_Knowledges_The_Science_Quest_84e6a8cda8de.md,C:\Users\softinfo\Documents\EMERAULD\references\Haraway 1988 — Situated Knowledges The Science Question in Feminism and (3).md,1098,C
C/00540_Haraway_1988_Situated_Knowledges_The_Science_Quest_91c8d40635ac.md,C:\Users\softinfo\Documents\EMERAULD\references\Haraway 1988 — Situated Knowledges The Science Question in Feminism and.md,1403,C
C/00541_Haraway_1991_Simians_Cyborgs_and_Women_The_Reinven_8ad393f0cadd.md,C:\Users\softinfo\Documents\EMERAULD\references\Haraway 1991 — Simians Cyborgs and Women The Reinvention of Nature.md,1342,C
C/00542_Haraway_2016_Staying_with_the_Trouble_Making_Kin_i_e5232d6f5609.md,C:\Users\softinfo\Documents\EMERAULD\references\Haraway 2016 — Staying with the Trouble Making Kin in the (2).md,1280,C
C/00543_Haraway_2016_Staying_with_the_Trouble_Making_Kin_i_33be292fd9b5.md,C:\Users\softinfo\Documents\EMERAULD\references\Haraway 2016 — Staying with the Trouble Making Kin in the.md,1234,C
C/00544_Harding_1991_Whose_Science_Whose_Knowledge_Thinkin_1e28df22e4cf.md,C:\Users\softinfo\Documents\EMERAULD\references\Harding 1991 — Whose Science Whose Knowledge Thinking from Women s.md,1365,C
C/00545_Harper_2010_All_cool_women_should_be_bisexual_78bf885cc20e.md,C:\Users\softinfo\Documents\EMERAULD\references\Harper 2010 — All cool women should be bisexual.md,1060,C
C/00546_Harper-Bisso_2005_Negotiating_gender_identity_and_05dcbb70e09b.md,C:\Users\softinfo\Documents\EMERAULD\references\Harper-Bisso 2005 — Negotiating gender identity and social identity in an.md,943,C
C/00547_Harren_2021_Studying_the_Relationship_of_Problemat_cae81b27f45e.md,C:\Users\softinfo\Documents\EMERAULD\references\Harren 2021 — Studying the Relationship of Problematic Online Dating Social.md,1432,C
C/00548_Harris_2004_Future_Girl_Young_Women_in_the_Twenty_0530ba415abd.md,C:\Users\softinfo\Documents\EMERAULD\references\Harris 2004 — Future Girl Young Women in the Twenty-First Century.md,1090,C
C/00549_Hart_2014_Depression_and_Sexual_Dysfunction_Among_c2f6973c9870.md,C:\Users\softinfo\Documents\EMERAULD\references\Hart 2014 — Depression and Sexual Dysfunction Among HIV-Positive and HIV-Negative.md,1632,C
C/00550_Hart_The_Concept_of_Law_e459802e9ea7.md,C:\Users\softinfo\Documents\EMERAULD\references\Hart — The Concept of Law.md,1070,C
C/00551_Harvey_1997_Contemporary_Paganism_Listening_People_744fadd2f4d2.md,C:\Users\softinfo\Documents\EMERAULD\references\Harvey 1997 — Contemporary Paganism Listening People Speaking Earth.md,956,C
C/00552_Harvey_1997_Listening_People_Speaking_Earth_Contem_6bf5700e4578.md,C:\Users\softinfo\Documents\EMERAULD\references\Harvey 1997 — Listening People Speaking Earth Contemporary Paganism.md,1027,C
C/00553_Harvey._G_1997_Contemporary_paganism_listening_peo_da5501c09894.md,C:\Users\softinfo\Documents\EMERAULD\references\Harvey. G 1997 — Contemporary paganism listening people speaking earth.md,1088,C
C/00554_Hasbrouck_2004_Utopian_imaginairies_and_faerie_pra_e53b7ef7f23b.md,C:\Users\softinfo\Documents\EMERAULD\references\Hasbrouck 2004 — Utopian imaginairies and faerie practice mapping routes of.md,942,C
C/00555_Haseman_2006_A_Manifesto_for_Performative_Research_2e8659cae7a7.md,C:\Users\softinfo\Documents\EMERAULD\references\Haseman 2006 — A Manifesto for Performative Research.md,1243,C
C/00556_Hassan_2025_Clinical_Implementation_of_Artificial_7d616f995155.md,C:\Users\softinfo\Documents\EMERAULD\references\Hassan 2025 — Clinical Implementation of Artificial Intelligence Scribes in Health.md,2128,C
C/00557_Hastrup_1995_A_passage_to_anthropology_between_exp_1267c92ae914.md,C:\Users\softinfo\Documents\EMERAULD\references\Hastrup 1995 — A passage to anthropology between experience and theory.md,1091,C
C/00558_HAURI_2023_Commentaire_du_projet_de_Loi_sur_l_inte_97cbfbc6b25b.md,C:\Users\softinfo\Documents\EMERAULD\references\HAURI 2023 — Commentaire du projet de Loi sur l intelligence.md,1184,C
C/00559_Hawe_2009_Theorising_Interventions_as_Events_in_Sy_dda7358cb28a.md,C:\Users\softinfo\Documents\EMERAULD\references\Hawe 2009 — Theorising Interventions as Events in Systems.md,1393,C
C/00560_Hayles_1999_How_We_Became_Posthuman_Virtual_Bodies_7ef61c9d86c1.md,C:\Users\softinfo\Documents\EMERAULD\references\Hayles 1999 — How We Became Posthuman Virtual Bodies in Cybernetics.md,1428,C
C/00561_Hedstr_m_2010_Causal_Mechanisms_in_the_Social_Scie_c4ba3f2d39e2.md,C:\Users\softinfo\Documents\EMERAULD\references\Hedström 2010 — Causal Mechanisms in the Social Sciences (2).md,1131,C
C/00562_Hedstr_m_2010_Causal_mechanisms_in_the_social_scie_a20cfed9e335.md,C:\Users\softinfo\Documents\EMERAULD\references\Hedström 2010 — Causal mechanisms in the social sciences.md,1505,C
C/00563_Heelas_1996_The_New_age_movement_the_celebration_o_e24e7fe3f656.md,C:\Users\softinfo\Documents\EMERAULD\references\Heelas 1996 — The New age movement the celebration of the.md,1086,C
C/00564_Heelas_2005_The_spiritual_revolution_why_religion_b32603ded893.md,C:\Users\softinfo\Documents\EMERAULD\references\Heelas 2005 — The spiritual revolution why religion is giving.md,1163,C
C/00565_Heelas_2008_Spiritualities_of_Life_New_Age_Romanti_7917548e95b9.md,C:\Users\softinfo\Documents\EMERAULD\references\Heelas 2008 — Spiritualities of Life New Age Romanticism and Consumptive.md,1052,C
C/00566_Heelas_2008_Spiritualities_of_Life_7f29a2fa8ef0.md,C:\Users\softinfo\Documents\EMERAULD\references\Heelas 2008 — Spiritualities of Life.md,1247,C
C/00567_Helberger_2023_ChatGPT_and_the_AI_Act_6f305d0b3088.md,C:\Users\softinfo\Documents\EMERAULD\references\Helberger 2023 — ChatGPT and the AI Act.md,1355,C
C/00568_Helgertz_2020_The_validity_of_astrological_predict_dda0e122edbd.md,C:\Users\softinfo\Documents\EMERAULD\references\Helgertz 2020 — The validity of astrological predictions on marriage and.md,1459,C
C/00569_HENDRICKSON_2008_Visual_Field_Notes_Drawing_Insigh_127992c7e764.md,C:\Users\softinfo\Documents\EMERAULD\references\HENDRICKSON 2008 — Visual Field Notes Drawing Insights in the Yucatan.md,1286,C
C/00570_Herd_2018_Administrative_Burden_Policymaking_by_Ot_5eb2d67f15ab.md,C:\Users\softinfo\Documents\EMERAULD\references\Herd 2018 — Administrative Burden Policymaking by Other Means.md,1277,C
C/00571_Herd_2023_Introduction_Administrative_Burden_as_a_7122f9830f9c.md,C:\Users\softinfo\Documents\EMERAULD\references\Herd 2023 — Introduction Administrative Burden as a Mechanism of Inequality (2).md,1410,C
C/00572_Herd_2023_Introduction_Administrative_burden_as_a_d368a42cfe1d.md,C:\Users\softinfo\Documents\EMERAULD\references\Herd 2023 — Introduction Administrative burden as a mechanism of inequality.md,1241,C
C/00573_Heselton_2012_Witchfather_a_ife_of_Gerald_Gardner_bda948e04524.md,C:\Users\softinfo\Documents\EMERAULD\references\Heselton 2012 — Witchfather a ife of Gerald Gardner.md,1078,C
C/00574_Hess_2010_Social_rejection_and_self-_versus_other_91228e2fb43c.md,C:\Users\softinfo\Documents\EMERAULD\references\Hess 2010 — Social rejection and self- versus other-awareness.md,1268,C
C/00575_Hilden_2013_Reflective_practice_as_a_fuel_for_orga_28de8749bd26.md,C:\Users\softinfo\Documents\EMERAULD\references\Hilden 2013 — Reflective practice as a fuel for organizational learning.md,1076,C
C/00576_Himma_2008_Artificial_agency_consciousness_and_the_246be4e82d3c.md,C:\Users\softinfo\Documents\EMERAULD\references\Himma 2008 — Artificial agency consciousness and the criteria for moral.md,1450,C
C/00577_Hirata_2000_Dictionnaire_07911dc35443.md,C:\Users\softinfo\Documents\EMERAULD\references\Hirata 2000 — Dictionnaire.md,1082,C
C/00578_Hoey_2020_The_Blending_of_Bending_World-building_i_ca9c427c3c11.md,C:\Users\softinfo\Documents\EMERAULD\references\Hoey 2020 — The Blending of Bending World-building in Avatar The.md,1244,C
C/00579_Hong_2020_Is_Referral_to_Home_Health_Rehabilitatio_5394a19b88e1.md,C:\Users\softinfo\Documents\EMERAULD\references\Hong 2020 — Is Referral to Home Health Rehabilitation After Inpatient.md,1615,C
C/00580_Honneth_2000_La_lutte_pour_la_reconnaissance_ea4ac90e5da0.md,C:\Users\softinfo\Documents\EMERAULD\references\Honneth 2000 — La lutte pour la reconnaissance.md,1159,C
C/00581_Honneth_2004_La_th_orie_de_la_reconnaissance_une_e_77e9f78702ad.md,C:\Users\softinfo\Documents\EMERAULD\references\Honneth 2004 — La théorie de la reconnaissance une esquisse.md,1072,C
C/00582_Hood_1991_A_Public_Management_for_All_Seasons_6e0d98a1fc83.md,C:\Users\softinfo\Documents\EMERAULD\references\Hood 1991 — A Public Management for All Seasons.md,1098,C
C/00583_Hood_2011_The_Blame_Game_Spin_Bureaucracy_and_Self_85ab4eb26cf6.md,C:\Users\softinfo\Documents\EMERAULD\references\Hood 2011 — The Blame Game Spin Bureaucracy and Self-Preservation in.md,1247,C
C/00584_Houseman_2010_Des_rituels_contemporains_de_premi_r_c118c5e40064.md,C:\Users\softinfo\Documents\EMERAULD\references\Houseman 2010 — Des rituels contemporains de première menstruation.md,1267,C
C/00585_Houseman_2012_Le_rouge_est_le_noir_1e74271d0766.md,C:\Users\softinfo\Documents\EMERAULD\references\Houseman 2012 — Le rouge est le noir.md,1168,C
C/00586_Howard_2015_Foundations_of_Decision_Analysis_Bosto_5e6cba2f8221.md,C:\Users\softinfo\Documents\EMERAULD\references\Howard 2015 — Foundations of Decision Analysis Boston Pearson.md,886,C
C/00587_HU_2023_ChatGPT_sets_record_for_fastest-growing_us_c24dbb54cfbb.md,C:\Users\softinfo\Documents\EMERAULD\references\HU 2023 — ChatGPT sets record for fastest-growing user base -.md,1167,C
C/00588_Hudson_2017_Undead_and_unbound_The_gothic_vampire_879a6b89f296.md,C:\Users\softinfo\Documents\EMERAULD\references\Hudson 2017 — Undead and unbound The gothic vampire in transnational.md,1089,C
C/00589_Huntingdon_2019_Factors_Associated_with_General_Se_840fda41c0dd.md,C:\Users\softinfo\Documents\EMERAULD\references\Huntingdon 2019 — Factors Associated with General Sexual Functioning and Sexual.md,1559,C
C/00590_Hurteau_2010_Homosexualit_s_masculines_et_religion_2e18aebf97b7.md,C:\Users\softinfo\Documents\EMERAULD\references\Hurteau 2010 — Homosexualités masculines et religions du monde (2).md,1059,C
C/00591_Hurteau_2010_Homosexualit_s_masculines_et_religion_72733cfce39b.md,C:\Users\softinfo\Documents\EMERAULD\references\Hurteau 2010 — Homosexualités masculines et religions du monde.md,1161,C
C/00592_Hutton_1996_The_Pagan_Religions_of_the_Ancient_Bri_369c09a6173c.md,C:\Users\softinfo\Documents\EMERAULD\references\Hutton 1996 — The Pagan Religions of the Ancient British Isles.md,1249,C
C/00593_Hutton_1996_The_stations_of_the_sun_a_history_of_d0209c3fe11b.md,C:\Users\softinfo\Documents\EMERAULD\references\Hutton 1996 — The stations of the sun a history of.md,1100,C
C/00594_Hutton_1999_The_Triumph_of_the_Moon_A_History_of_2_9e54c07b3e82.md,C:\Users\softinfo\Documents\EMERAULD\references\Hutton 1999 — The Triumph of the Moon A History of (2).md,1060,C
C/00595_Hutton_1999_The_Triumph_of_the_Moon_A_History_of_720b43970e91.md,C:\Users\softinfo\Documents\EMERAULD\references\Hutton 1999 — The Triumph of the Moon A History of.md,1096,C
C/00596_Hutton_2008_Modern_Pagan_Festivals_A_Study_in_the_a8c9fa4d9432.md,C:\Users\softinfo\Documents\EMERAULD\references\Hutton 2008 — Modern Pagan Festivals A Study in the Nature.md,1312,C
C/00597_Hutton_2017_The_Witch_A_History_of_Fear_from_Ancie_d964d8b6a625.md,C:\Users\softinfo\Documents\EMERAULD\references\Hutton 2017 — The Witch A History of Fear from Ancient.md,1113,C
C/00598_Huysmans_2000_The_European_Union_and_the_securitiz_8864eb67fd6c.md,C:\Users\softinfo\Documents\EMERAULD\references\Huysmans 2000 — The European Union and the securitization of migration.md,1111,C
C/00599_Hyland_2018_Narrative_Identity_and_Academic_Storyt_ae288385d492.md,C:\Users\softinfo\Documents\EMERAULD\references\Hyland 2018 — Narrative Identity and Academic Storytelling.md,1195,C
C/00600_H_gberg_2024_Stabilizing_translucencies_Governing_2a3229b6dedd.md,C:\Users\softinfo\Documents\EMERAULD\references\Högberg 2024 — Stabilizing translucencies Governing AI transparency by standardization.md,1350,C
C/00601_IEEE_Global_Initiative_on_Ethics_of_Autonomous_201_569bf0d0659e.md,C:\Users\softinfo\Documents\EMERAULD\references\IEEE Global Initiative on Ethics of Autonomous 2019 — Ethically aligned design A vision for prioritizing human.md,1355,C
C/00602_INSTITUTE_OF_ELECTRICAL_AND_ELECTRONICS_ENGINEERS_b56eac9e52be.md,C:\Users\softinfo\Documents\EMERAULD\references\INSTITUTE OF ELECTRICAL AND ELECTRONICS ENGINEERS 2023 — Autonomous and intelligent systems AIS.md,1295,C
C/00603_International_Organization_for_Standardization_202_f98820838ef3.md,C:\Users\softinfo\Documents\EMERAULD\references\International Organization for Standardization 2023 — ISO IEC 42001 2023 Information technology - Artificial.md,1551,C
C/00604_Irigaray_1974_Ce_sexe_qui_n_en_est_pas_un_3a59adb8aaee.md,C:\Users\softinfo\Documents\EMERAULD\references\Irigaray 1974 — Ce sexe qui n'en est pas un.md,1124,C
C/00605_Irigaray_2000_T_ches_spirituelles_pour_notre_temps_cd3ca534172f.md,C:\Users\softinfo\Documents\EMERAULD\references\Irigaray 2000 — Tâches spirituelles pour notre temps.md,986,C
C/00606_Israel_2006_Research_Ethics_for_Social_Scientists_ba06d44a052c.md,C:\Users\softinfo\Documents\EMERAULD\references\Israel 2006 — Research Ethics for Social Scientists.md,1222,C
C/00607_ITALIE_2023_Dix-sept_auteurs_poursuivent_OpenAI_24d251a5a9d9.md,C:\Users\softinfo\Documents\EMERAULD\references\ITALIE 2023 — Dix-sept auteurs poursuivent OpenAI.md,1165,C
C/00608_Jasanoff_1990_The_Fifth_Branch_Science_Advisers_as_ad8c4905ee32.md,C:\Users\softinfo\Documents\EMERAULD\references\Jasanoff 1990 — The Fifth Branch Science Advisers as Policymakers.md,1086,C
C/00609_Jasanoff_2004_States_of_Knowledge_The_Co-Productio_d046827020e8.md,C:\Users\softinfo\Documents\EMERAULD\references\Jasanoff 2004 — States of Knowledge The Co-Production of Science and.md,1105,C
C/00610_Jasanoff_2015_Dreamscapes_of_Modernity_874206d48af4.md,C:\Users\softinfo\Documents\EMERAULD\references\Jasanoff 2015 — Dreamscapes of Modernity.md,1259,C
C/00611_Jeanty_2007_Artist_interview_fa070503a857.md,C:\Users\softinfo\Documents\EMERAULD\references\Jeanty 2007 — Artist interview.md,1041,C
C/00612_Jedwab_2014_Les_sorciers_sorci_res_et_wiccans_du_C_782ee9f33dec.md,C:\Users\softinfo\Documents\EMERAULD\references\Jedwab 2014 — Les sorciers sorcières et wiccans du Canada.md,949,C
C/00613_Jeffrey_2015_La_fabrication_des_rites_490e89542ada.md,C:\Users\softinfo\Documents\EMERAULD\references\Jeffrey 2015 — La fabrication des rites.md,1164,C
C/00614_Jenkins_1992_Textual_Poachers_Television_Fans_and_252042db7d2b.md,C:\Users\softinfo\Documents\EMERAULD\references\Jenkins 1992 — Textual Poachers Television Fans and Participatory Culture.md,1101,C
C/00615_Jenkins_2006_Convergence_Culture_Where_Old_and_New_42025db41854.md,C:\Users\softinfo\Documents\EMERAULD\references\Jenkins 2006 — Convergence Culture Where Old and New Media Collide.md,1019,C
C/00616_Jeon_2025_The_ethics_of_generative_AI_in_social_sc_fa1bf4535cbe.md,C:\Users\softinfo\Documents\EMERAULD\references\Jeon 2025 — The ethics of generative AI in social science.md,1413,C
C/00617_JIROTKA_2005_Collaboration_and_Trust_in_Healthcare_1948e15d2e17.md,C:\Users\softinfo\Documents\EMERAULD\references\JIROTKA 2005 — Collaboration and Trust in Healthcare Innovation The eDiaMoND.md,1508,C
C/00618_Jobin_2019_The_Global_Landscape_of_AI_Ethics_Guide_f047e37a4160.md,C:\Users\softinfo\Documents\EMERAULD\references\Jobin 2019 — The Global Landscape of AI Ethics Guidelines (2).md,1194,C
C/00619_Jobin_2019_The_global_landscape_of_AI_ethics_guide_74ced32c3f33.md,C:\Users\softinfo\Documents\EMERAULD\references\Jobin 2019 — The global landscape of AI ethics guidelines.md,1705,C
C/00620_Johnson_2017_AI_anxiety_685535a85a36.md,C:\Users\softinfo\Documents\EMERAULD\references\Johnson 2017 — AI anxiety.md,1695,C
C/00621_Joint_Task_Force_2020_Security_and_privacy_control_3c818a879cd8.md,C:\Users\softinfo\Documents\EMERAULD\references\Joint Task Force 2020 — Security and privacy controls for information systems and.md,1363,C
C/00622_JONCAS_2023_Nouvelles_r_gles_sur_les_renseignement_d06fb0594067.md,C:\Users\softinfo\Documents\EMERAULD\references\JONCAS 2023 — Nouvelles règles sur les renseignements personnels Des PME.md,1232,C
C/00623_Jorgensen_1999_American_neopaganism_the_participan_3121d3eaa4e5.md,C:\Users\softinfo\Documents\EMERAULD\references\Jorgensen 1999 — American neopaganism the participants' social.md,1099,C
C/00624_Jowett_2005_Sex_and_the_Slayer_A_Gender_Studies_Pr_25b30a43397c.md,C:\Users\softinfo\Documents\EMERAULD\references\Jowett 2005 — Sex and the Slayer A Gender Studies Primer.md,1068,C
C/00625_Kafer_2013_Feminist_Queer_Crip_49a0d91b77ec.md,C:\Users\softinfo\Documents\EMERAULD\references\Kafer 2013 — Feminist Queer Crip.md,1243,C
C/00626_Kaminski_2020_Algorithmic_impact_assessments_under_8811c8ed6437.md,C:\Users\softinfo\Documents\EMERAULD\references\Kaminski 2020 — Algorithmic impact assessments under the GDPR producing multi-layered.md,1308,C
C/00627_Kaminski_2021_Algorithmic_impact_assessments_under_093d3c6aa6f0.md,C:\Users\softinfo\Documents\EMERAULD\references\Kaminski 2021 — Algorithmic impact assessments under the GDPR producing multi-layered.md,1437,C
C/00628_Kang_2023_2_senators_propose_bipartisan_framework_8fefd8c6f4fe.md,C:\Users\softinfo\Documents\EMERAULD\references\Kang 2023 — 2 senators propose bipartisan framework for AI laws.md,1096,C
C/00629_Kaunert_2013_Venue-Shopping_and_the_Role_of_Non-go_1e061d2d4f88.md,C:\Users\softinfo\Documents\EMERAULD\references\Kaunert 2013 — Venue-Shopping and the Role of Non-governmental Organisations in.md,1504,C
C/00630_Kaveney_2001_Reading_the_Vampire_Slayer_An_Unoffic_b63af748a946.md,C:\Users\softinfo\Documents\EMERAULD\references\Kaveney 2001 — Reading the Vampire Slayer An Unofficial Critical Companion.md,984,C
C/00631_Keck_2002_Les_th_ories_de_la_magie_dans_les_tradit_053f36347c75.md,C:\Users\softinfo\Documents\EMERAULD\references\Keck 2002 — Les théories de la magie dans les traditions (2).md,1238,C
C/00632_Keck_2002_Les_th_ories_de_la_magie_dans_les_tradit_31ebbcc8265e.md,C:\Users\softinfo\Documents\EMERAULD\references\Keck 2002 — Les théories de la magie dans les traditions.md,1376,C
C/00633_Keck_2002_Les_usages_anthropologiques_de_la_magie_6d20b9e8186b.md,C:\Users\softinfo\Documents\EMERAULD\references\Keck 2002 — Les usages anthropologiques de la magie essai de.md,1003,C
C/00634_Kerasovitis_2019_The_data_gaze_capitalism_power_an_d5c30c697bab.md,C:\Users\softinfo\Documents\EMERAULD\references\Kerasovitis 2019 — The data gaze capitalism power and perception.md,1272,C
C/00635_Kerr_2009_How_many_bad_apples_does_it_take_to_2bfede7d4204.md,C:\Users\softinfo\Documents\EMERAULD\references\Kerr 2009 — How many bad apples does it take to.md,1390,C
C/00636_Khan_2023_We_must_regulate_A_I_ae2b41577038.md,C:\Users\softinfo\Documents\EMERAULD\references\Khan 2023 — We must regulate A I.md,1043,C
C/00637_Khoja_2012_Scope_of_Policy_Issues_in_eHealth_Resul_26332cd2bb33.md,C:\Users\softinfo\Documents\EMERAULD\references\Khoja 2012 — Scope of Policy Issues in eHealth Results From.md,1460,C
C/00638_Kim_2025_AI_anxiety_A_comprehensive_analysis_of_ps_742741cd1882.md,C:\Users\softinfo\Documents\EMERAULD\references\Kim 2025 — AI anxiety A comprehensive analysis of psychological factors.md,1842,C
C/00639_King_1995_Religion_and_Gender_2_5a759730e210.md,C:\Users\softinfo\Documents\EMERAULD\references\King 1995 — Religion and Gender (2).md,1091,C
C/00640_King_1995_Religion_and_gender_dcf7891f9d90.md,C:\Users\softinfo\Documents\EMERAULD\references\King 1995 — Religion and gender.md,1087,C
C/00641_King_2005_Gender_Religion_and_Diversity_Cross-Cult_d7b7dd7bda2d.md,C:\Users\softinfo\Documents\EMERAULD\references\King 2005 — Gender Religion and Diversity Cross-Cultural Perspectives.md,1121,C
C/00642_King_2005_Gender_religion_and_diversity_cross-cult_0d7009093274.md,C:\Users\softinfo\Documents\EMERAULD\references\King 2005 — Gender religion and diversity cross-cultural.md,1156,C
C/00643_Klassen_2002_Being_a_Witch_Online_Pagan_Pathways_o_322b8126992b.md,C:\Users\softinfo\Documents\EMERAULD\references\Klassen 2002 — Being a Witch Online Pagan Pathways on the.md,1153,C
C/00644_Klassen_2002_Blessed_Events_Religion_and_Home_Birt_458cf00370b3.md,C:\Users\softinfo\Documents\EMERAULD\references\Klassen 2002 — Blessed Events Religion and Home Birth in America.md,1028,C
C/00645_Klassen_2002_Cybercoven_being_a_witch_online_f248562b6792.md,C:\Users\softinfo\Documents\EMERAULD\references\Klassen 2002 — Cybercoven being a witch online.md,1194,C
C/00646_Knappett_2008_Material_Agency_Towards_a_Non-Anthro_fd38d05e149e.md,C:\Users\softinfo\Documents\EMERAULD\references\Knappett 2008 — Material Agency Towards a Non-Anthropocentric Approach.md,1268,C
C/00647_Knibbe_2013_Obscuring_the_role_of_power_and_gender_910677c2fa60.md,C:\Users\softinfo\Documents\EMERAULD\references\Knibbe 2013 — Obscuring the role of power and gender in.md,1134,C
C/00648_Koenecke_2020_Racial_disparities_in_automated_spee_4bf7e4bfb17d.md,C:\Users\softinfo\Documents\EMERAULD\references\Koenecke 2020 — Racial disparities in automated speech recognition.md,1602,C
C/00649_KOETSIER_2023_GPT-4_Beats_90_Of_Lawyers_Trying_To_3d6e6a37c9b7.md,C:\Users\softinfo\Documents\EMERAULD\references\KOETSIER 2023 — GPT-4 Beats 90 Of Lawyers Trying To Pass.md,1254,C
C/00650_Koulidou_2020_Drawing_on_Experiences_of_Self_975dc50c59fe.md,C:\Users\softinfo\Documents\EMERAULD\references\Koulidou 2020 — Drawing on Experiences of Self.md,1238,C
C/00651_Kroll_2017_Accountable_Algorithms_ff2c90bca722.md,C:\Users\softinfo\Documents\EMERAULD\references\Kroll 2017 — Accountable Algorithms.md,1379,C
C/00652_Kuhn_The_Structure_of_Scientific_Revolutions_18ed5085a1a7.md,C:\Users\softinfo\Documents\EMERAULD\references\Kuhn — The Structure of Scientific Revolutions.md,1101,C
C/00653_Kundi_2025_AI-Driven_Assistive_Technology_The_Disa_4a4db57ce55b.md,C:\Users\softinfo\Documents\EMERAULD\references\Kundi 2025 — AI-Driven Assistive Technology The Disability Justice Imperative.md,1760,C
C/00654_Lacan_1966_crits_29d65fe45368.md,C:\Users\softinfo\Documents\EMERAULD\references\Lacan 1966 — Écrits.md,1203,C
C/00655_Lamoureux_1998_Les_limites_de_l_identit_sexuelle_81b7cb9d1253.md,C:\Users\softinfo\Documents\EMERAULD\references\Lamoureux 1998 — Les limites de l'identité sexuelle.md,1096,C
C/00656_Lamoureux_2005_La_r_flexion_queer_apports_et_limit_9aca708f846b.md,C:\Users\softinfo\Documents\EMERAULD\references\Lamoureux 2005 — La réflexion queer apports et limites (2).md,1031,C
C/00657_Lamoureux_2005_La_r_flexion_queer_apports_et_limit_05411daecfc4.md,C:\Users\softinfo\Documents\EMERAULD\references\Lamoureux 2005 — La réflexion queer apports et limites.md,1007,C
C/00658_Lampland_2009_Standards_and_Their_Stories_How_Quan_d3c76429f6e1.md,C:\Users\softinfo\Documents\EMERAULD\references\Lampland 2009 — Standards and Their Stories How Quantifying Classifying and.md,1510,C
C/00659_LAROUCHE_2023_R_glementer_l_IA_mythes_d_fis_et_pis_bf7ff47c5ba6.md,C:\Users\softinfo\Documents\EMERAULD\references\LAROUCHE 2023 — Règlementer l IA mythes défis et pistes.md,1186,C
C/00660_Lassallette-Carassou_2006_sorciers_blancs_b1d834823232.md,C:\Users\softinfo\Documents\EMERAULD\references\Lassallette-Carassou 2006 — sorciers blancs.md,931,C
C/00661_Latour_1987_Science_in_Action_How_to_Follow_Scient_999fd5c7e057.md,C:\Users\softinfo\Documents\EMERAULD\references\Latour 1987 — Science in Action How to Follow Scientists and.md,1199,C
C/00662_Latour_2005_Reassembling_the_Social_An_Introductio_bbe69e0e28bf.md,C:\Users\softinfo\Documents\EMERAULD\references\Latour 2005 — Reassembling the Social An Introduction to Actor-Network-Theory.md,1208,C
C/00663_Latour_2006_Changer_de_soci_t_Refaire_de_la_sociol_3f97c5213964.md,C:\Users\softinfo\Documents\EMERAULD\references\Latour 2006 — Changer de société Refaire de la sociologie.md,1192,C
C/00664_Latour_2017_Facing_Gaia_Eight_Lectures_on_the_New_048732eb8d41.md,C:\Users\softinfo\Documents\EMERAULD\references\Latour 2017 — Facing Gaia Eight Lectures on the New Climatic.md,1216,C
C/00665_Latour_Laboratory_Life_The_Social_Construction_of_e101f86086a2.md,C:\Users\softinfo\Documents\EMERAULD\references\Latour — Laboratory Life The Social Construction of Scientific Facts.md,1199,C
C/00666_LAVERDI_RE_2023_Soutenir_l_encadrement_des_pratiqu_db5ce529c571.md,C:\Users\softinfo\Documents\EMERAULD\references\LAVERDIÈRE 2023 — Soutenir l encadrement des pratiques professionnelles en matière.md,1585,C
C/00667_Law_2004_After_Method_Mess_in_Social_Science_Resea_6e07ecf352eb.md,C:\Users\softinfo\Documents\EMERAULD\references\Law 2004 — After Method Mess in Social Science Research.md,1110,C
C/00668_Law_2009_Actor_Network_Theory_and_Material_Semioti_5ca0371b3a46.md,C:\Users\softinfo\Documents\EMERAULD\references\Law 2009 — Actor Network Theory and Material Semiotics.md,1264,C
C/00669_Le_Gallo_2019_Se_positionner_comme_chercheuses_au_5f29952c08b7.md,C:\Users\softinfo\Documents\EMERAULD\references\Le Gallo 2019 — Se positionner comme chercheuses au prisme des luttes.md,1588,C
C/00670_Legg_2007_Universal_Intelligence_A_Definition_of_M_15f151671065.md,C:\Users\softinfo\Documents\EMERAULD\references\Legg 2007 — Universal Intelligence A Definition of Machine Intelligence.md,1248,C
C/00671_Leland_1897_Aradia_or_the_Gospel_of_the_witches_of_374f1204d0e7.md,C:\Users\softinfo\Documents\EMERAULD\references\Leland 1897 — Aradia or the Gospel of the witches of.md,1083,C
C/00672_Leman_2013_Beliefs_in_conspiracy_theories_and_the_8d9f48ad73a1.md,C:\Users\softinfo\Documents\EMERAULD\references\Leman 2013 — Beliefs in conspiracy theories and the need for.md,1307,C
C/00673_Lemieux_2003_Bricolage_et_itin_raires_de_sens_2_d8db69ac03ae.md,C:\Users\softinfo\Documents\EMERAULD\references\Lemieux 2003 — Bricolage et itinéraires de sens (2).md,984,C
C/00674_Lemieux_2003_Bricolage_et_itin_raires_de_sens_251be0aa551b.md,C:\Users\softinfo\Documents\EMERAULD\references\Lemieux 2003 — Bricolage et itinéraires de sens.md,1067,C
C/00675_Lepage_2013_A_Lokian_Family_Queer_and_Pagan_Agency_6e7ec4b00dec.md,C:\Users\softinfo\Documents\EMERAULD\references\Lepage 2013 — A Lokian Family Queer and Pagan Agency in (2).md,1132,C
C/00676_Lepage_2013_A_Lokian_family_queer_and_pagan_agency_bbb22fd06e53.md,C:\Users\softinfo\Documents\EMERAULD\references\Lepage 2013 — A Lokian family queer and pagan agency in.md,1466,C
C/00677_Lepage_2014_A_Lokian_Family_Queer_and_Pagan_Agency_46fd0eba38d0.md,C:\Users\softinfo\Documents\EMERAULD\references\Lepage 2014 — A Lokian Family Queer and Pagan Agency in.md,1320,C
C/00678_Lepage_2015_Religiosit_s_queer_n_o-pa_ennes_et_la_2a19bdd6bfb3.md,C:\Users\softinfo\Documents\EMERAULD\references\Lepage 2015 — Religiosités queer néo-païennes et la question de l.md,1355,C
C/00679_Lepage_2016_Les_f_es_dansent_autour_du_Mont-Royal_5af2d311c562.md,C:\Users\softinfo\Documents\EMERAULD\references\Lepage 2016 — Les fées dansent autour du Mont-Royal magie et.md,1216,C
C/00680_Lepage_2017_Queerness_and_Transgender_Identity_282745735f2d.md,C:\Users\softinfo\Documents\EMERAULD\references\Lepage 2017 — Queerness and Transgender Identity.md,1646,C
C/00681_Lepage_2020_Queeriser_la_magie_n_o-pa_enne_Perform_cbdfc2676b70.md,C:\Users\softinfo\Documents\EMERAULD\references\Lepage 2020 — Queeriser la magie néo-païenne Performativité du genre et.md,1484,C
C/00682_Lepage_2020_Things_I_do_are_manifestations_of_love_2bb9e372c660.md,C:\Users\softinfo\Documents\EMERAULD\references\Lepage 2020 — Things I do are manifestations of love.md,1388,C
C/00683_Leslie_2002_Hollywood_Flatlands_Animation_Critical_8aca2c639b3d.md,C:\Users\softinfo\Documents\EMERAULD\references\Leslie 2002 — Hollywood Flatlands Animation Critical Theory and the Avant-Garde.md,1174,C
C/00684_Levitsky_2018_How_Democracies_Die_dd2bfcc8c80a.md,C:\Users\softinfo\Documents\EMERAULD\references\Levitsky 2018 — How Democracies Die.md,1176,C
C/00685_Lewis_1996_Magical_religion_and_modern_witchcraft_c31d68c26151.md,C:\Users\softinfo\Documents\EMERAULD\references\Lewis 1996 — Magical religion and modern witchcraft (2).md,1073,C
C/00686_Lewis_1996_Magical_Religion_and_Modern_Witchcraft_a71bb4ef2fab.md,C:\Users\softinfo\Documents\EMERAULD\references\Lewis 1996 — Magical Religion and Modern Witchcraft.md,1113,C
C/00687_Leyton_2007_Conditioned_and_sensitized_responses_t_031be9eee90d.md,C:\Users\softinfo\Documents\EMERAULD\references\Leyton 2007 — Conditioned and sensitized responses to stimulant drugs in.md,1225,C
C/00688_Li_2024_Decoding_Ableism_in_Large_Language_Models_89ce23ca459a.md,C:\Users\softinfo\Documents\EMERAULD\references\Li 2024 — Decoding Ableism in Large Language Models An Intersectional.md,1469,C
C/00689_Liddiard_2019_Working_the_Edges_of_Posthuman_Disab_290885286afc.md,C:\Users\softinfo\Documents\EMERAULD\references\Liddiard 2019 — Working the Edges of Posthuman Disability Studies Theorising.md,2025,C
C/00690_Life_Narrative_2010_Life_Narrative_Contemporary_Co_f715de6b53e7.md,C:\Users\softinfo\Documents\EMERAULD\references\Life Narrative 2010 — Life Narrative Contemporary Comics Columbia University Press.md,1187,C
C/00691_LIMA_2023_blue-ribbon_1f4eba49def9.md,C:\Users\softinfo\Documents\EMERAULD\references\LIMA 2023 — blue-ribbon.md,1225,C
C/00692_Lincoln_1985_Naturalistic_Inquiry_Beverly_Hills_CA_d3f695723dfa.md,C:\Users\softinfo\Documents\EMERAULD\references\Lincoln 1985 — Naturalistic Inquiry Beverly Hills CA Sage.md,927,C
C/00693_Lipsky_Street-Level_Bureaucracy_Dilemmas_of_the_In_0675b7429e84.md,C:\Users\softinfo\Documents\EMERAULD\references\Lipsky — Street-Level Bureaucracy Dilemmas of the Individual in Public.md,1326,C
C/00694_Lipton_2018_The_Mythos_of_Model_Interpretability_e8187465d6dd.md,C:\Users\softinfo\Documents\EMERAULD\references\Lipton 2018 — The Mythos of Model Interpretability.md,1301,C
C/00695_Liyanage_2019_Artificial_Intelligence_in_Primary_H_b32484b4a51d.md,C:\Users\softinfo\Documents\EMERAULD\references\Liyanage 2019 — Artificial Intelligence in Primary Health Care Perceptions Issues.md,1762,C
C/00696_Lloyd_2011_The_Carbon_Diaries_2015_45d07cb248d6.md,C:\Users\softinfo\Documents\EMERAULD\references\Lloyd 2011 — The Carbon Diaries 2015.md,1060,C
C/00697_Long_2004_Men_homosexuality_and_the_gods_an_explor_facaad405f83.md,C:\Users\softinfo\Documents\EMERAULD\references\Long 2004 — Men homosexuality and the gods an exploration into.md,1070,C
C/00698_Long_2018_Being_pragmatic_about_healthcare_complex_c673ac319399.md,C:\Users\softinfo\Documents\EMERAULD\references\Long 2018 — Being pragmatic about healthcare complexity our experiences applying.md,1410,C
C/00699_Long_2020_What_is_AI_Literacy_Competencies_and_Des_8d1d01b47836.md,C:\Users\softinfo\Documents\EMERAULD\references\Long 2020 — What is AI Literacy Competencies and Design Considerations.md,1278,C
C/00700_Lorde_1984_The_master_s_tools_will_never_dismantle_f57bd6d7faf9.md,C:\Users\softinfo\Documents\EMERAULD\references\Lorde 1984 — The master's tools will never dismantle the master's.md,1103,C
C/00701_Lotz_2006_Redesigning_Women_Television_after_the_N_37ce2b9df47f.md,C:\Users\softinfo\Documents\EMERAULD\references\Lotz 2006 — Redesigning Women Television after the Network Era.md,1181,C
C/00702_LQ_2021_2021_Loi_modernisant_des_dispositions_l_gi_adecdc6a4e40.md,C:\Users\softinfo\Documents\EMERAULD\references\LQ 2021 2021 — Loi modernisant des dispositions législatives en matière de.md,1309,C
C/00703_Luhmann_Law_as_a_Social_System_52bd6888bd57.md,C:\Users\softinfo\Documents\EMERAULD\references\Luhmann — Law as a Social System.md,1114,C
C/00704_Luhrmann_1989_M_abeffeaafe78.md,C:\Users\softinfo\Documents\EMERAULD\references\Luhrmann 1989 — M.md,1164,C
C/00705_Lukes_Power_A_Radical_View_ac2b3c50bb1b.md,C:\Users\softinfo\Documents\EMERAULD\references\Lukes — Power A Radical View.md,1067,C
C/00706_Lundberg_2017_A_unified_approach_to_interpreting_m_0887c790edd1.md,C:\Users\softinfo\Documents\EMERAULD\references\Lundberg 2017 — A unified approach to interpreting model predictions In.md,1091,C
C/00707_Lurhmann_1989_Persuasions_of_the_Witch_s_Craft_Rit_761c1b4881fc.md,C:\Users\softinfo\Documents\EMERAULD\references\Lurhmann 1989 — Persuasions of the Witch s Craft Ritual Magic (2).md,1067,C
C/00708_Lurhmann_1989_Persuasions_of_the_witch_s_craft_rit_eb84be35305a.md,C:\Users\softinfo\Documents\EMERAULD\references\Lurhmann 1989 — Persuasions of the witch s craft ritual magic.md,1029,C
C/00709_Lyons_1995_Social_Effects_and_Circadian_Rhythms_in_06edd0b403f3.md,C:\Users\softinfo\Documents\EMERAULD\references\Lyons 1995 — Social Effects and Circadian Rhythms in Squirrel Monkey.md,1249,C
C/00710_L_vi-Strauss_1958_Anthropologie_structurale_2_8c5eb9e786dd.md,C:\Users\softinfo\Documents\EMERAULD\references\Lévi-Strauss 1958 — Anthropologie structurale (2).md,869,C
C/00711_L_vi-Strauss_1958_Anthropologie_structurale_8cc3f30e3df3.md,C:\Users\softinfo\Documents\EMERAULD\references\Lévi-Strauss 1958 — Anthropologie structurale.md,1056,C
C/00712_Mack_2024_They_only_care_to_show_us_the_wheelchair_452f3271eea0.md,C:\Users\softinfo\Documents\EMERAULD\references\Mack 2024 — They only care to show us the wheelchair''.md,1598,C
C/00713_MACLURE_2023_L_thique_de_l_intelligence_artificiel_f575c436a950.md,C:\Users\softinfo\Documents\EMERAULD\references\MACLURE 2023 — L éthique de l intelligence artificielle attend le.md,1385,C
C/00714_Maddux_2008_Chameleons_bake_bigger_pies_and_take_b_721b6154c392.md,C:\Users\softinfo\Documents\EMERAULD\references\Maddux 2008 — Chameleons bake bigger pies and take bigger pieces.md,1443,C
C/00715_Maggliocco_2004_Witching_Culture_Folklore_and_Neo_7e380aa6880c.md,C:\Users\softinfo\Documents\EMERAULD\references\Maggliocco 2004 — Witching Culture Folklore and Neo-Paganism in America.md,1197,C
C/00716_Magliocco_1998_Introduction_0ff9f9046fb9.md,C:\Users\softinfo\Documents\EMERAULD\references\Magliocco 1998 — Introduction.md,968,C
C/00717_Magliocco_2004_Witching_Culture_Folklore_and_Neo-P_cc7dd5ac0033.md,C:\Users\softinfo\Documents\EMERAULD\references\Magliocco 2004 — Witching Culture Folklore and Neo-Paganism in America (2).md,1073,C
C/00718_Magliocco_2004_Witching_culture_folklore_and_neo-p_3840be16783b.md,C:\Users\softinfo\Documents\EMERAULD\references\Magliocco 2004 — Witching culture folklore and neo-paganism in America.md,1027,C
C/00719_Mahler_2022_Regulating_Artificial_General_Intellig_ea00e6799f22.md,C:\Users\softinfo\Documents\EMERAULD\references\Mahler 2022 — Regulating Artificial General Intelligence AGI.md,1328,C
C/00720_Majone_1989_Evidence_Argument_and_Persuasion_in_th_1b626d271164.md,C:\Users\softinfo\Documents\EMERAULD\references\Majone 1989 — Evidence Argument and Persuasion in the Policy Process.md,1151,C
C/00721_Malafouris_2013_How_Things_Shape_the_Mind_A_Theory_b5816859fb75.md,C:\Users\softinfo\Documents\EMERAULD\references\Malafouris 2013 — How Things Shape the Mind A Theory of.md,1313,C
C/00722_Malinowski_1935_Coral_Gardens_and_Their_Magic_Vol_b5d473db3fd2.md,C:\Users\softinfo\Documents\EMERAULD\references\Malinowski 1935 — Coral Gardens and Their Magic Vol.md,1161,C
C/00723_Malinowski_1935_Coral_Gardens_and_Their_Magic_c9413de8847a.md,C:\Users\softinfo\Documents\EMERAULD\references\Malinowski 1935 — Coral Gardens and Their Magic.md,1090,C
C/00724_Malinowski_1948_Magic_Science_and_Religion_and_Oth_3af7616c28fb.md,C:\Users\softinfo\Documents\EMERAULD\references\Malinowski 1948 — Magic Science and Religion and Other Essays.md,1136,C
C/00725_MANENTI_2023_Pourquoi_ChatGPT_est_une_bombe_enviro_fc6ce532ce2d.md,C:\Users\softinfo\Documents\EMERAULD\references\MANENTI 2023 — Pourquoi ChatGPT est une bombe environnementale.md,1152,C
C/00726_Manghani_2025_Rigorous_creativity_AI_art_and_elect_ec0202296e1f.md,C:\Users\softinfo\Documents\EMERAULD\references\Manghani 2025 — Rigorous creativity AI art and electronic life.md,1290,C
C/00727_Maratos_2016_Picture_This_2fe1f8464168.md,C:\Users\softinfo\Documents\EMERAULD\references\Maratos 2016 — Picture This.md,1353,C
C/00728_March_1989_Olsen_e5db82910e7f.md,C:\Users\softinfo\Documents\EMERAULD\references\March 1989 — Olsen.md,1149,C
C/00729_Marchlewska_2017_Addicted_to_answers_Need_for_cogn_397adb806cf1.md,C:\Users\softinfo\Documents\EMERAULD\references\Marchlewska 2017 — Addicted to answers Need for cognitive closure and.md,1469,C
C/00730_Marron_1990_Witches_Pagans_and_magic_in_the_New_ag_afd110314db9.md,C:\Users\softinfo\Documents\EMERAULD\references\Marron 1990 — Witches Pagans and magic in the New age.md,1030,C
C/00731_Marzano_2008_Que_reste-t-il_de_la_diff_rence_des_s_ab66b607c58e.md,C:\Users\softinfo\Documents\EMERAULD\references\Marzano 2008 — Que reste-t-il de la différence des sexes Controverses.md,1104,C
C/00732_Mathieu_1973_Homme-culture_et_femme-nature_L_Homme_3012c8816b7f.md,C:\Users\softinfo\Documents\EMERAULD\references\Mathieu 1973 — Homme-culture et femme-nature L'Homme 13 3 101-113.md,1179,C
C/00733_Mauss_1950_Les_techniques_du_corps_fb059898b4c4.md,C:\Users\softinfo\Documents\EMERAULD\references\Mauss 1950 — Les techniques du corps.md,1683,C
C/00734_Mauss_1968_Sociologie_et_anthropologie_2_b68279962c9a.md,C:\Users\softinfo\Documents\EMERAULD\references\Mauss 1968 — Sociologie et anthropologie (2).md,905,C
C/00735_Mauss_1968_Sociologie_et_anthropologie_6e5208388800.md,C:\Users\softinfo\Documents\EMERAULD\references\Mauss 1968 — Sociologie et anthropologie.md,1021,C
C/00736_Mauss_2002_The_Gift_The_Form_and_Reason_for_Exchan_326c6d6c01ef.md,C:\Users\softinfo\Documents\EMERAULD\references\Mauss 2002 — The Gift The Form and Reason for Exchange.md,1069,C
C/00737_Mauss_The_Gift_Forms_and_Functions_of_Exchange_in_cddf3bbae68c.md,C:\Users\softinfo\Documents\EMERAULD\references\Mauss — The Gift Forms and Functions of Exchange in.md,1129,C
C/00738_Maxwell_2019_Chemsex_behaviours_among_men_who_have_4174623b9a62.md,C:\Users\softinfo\Documents\EMERAULD\references\Maxwell 2019 — Chemsex behaviours among men who have sex with.md,1337,C
C/00739_Mbembe_2001_On_the_Postcolony_265122b0f9d6.md,C:\Users\softinfo\Documents\EMERAULD\references\Mbembe 2001 — On the Postcolony.md,1087,C
C/00740_Mbembe_2019_Necropolitics_872cd8351011.md,C:\Users\softinfo\Documents\EMERAULD\references\Mbembe 2019 — Necropolitics.md,1158,C
C/00741_MCCALLUM_2023_UK_rules_out_new_AI_regulator_12b5dbafc7a1.md,C:\Users\softinfo\Documents\EMERAULD\references\MCCALLUM 2023 — UK rules out new AI regulator.md,1054,C
C/00742_McCutcheon_1999_The_insiderloutsider_problem_in_th_83897c0a5522.md,C:\Users\softinfo\Documents\EMERAULD\references\McCutcheon 1999 — The insiderloutsider problem in the study of religion.md,1082,C
C/00743_McCutcheon_2003_The_ideology_of_closure_and_the_pr_849c70aada72.md,C:\Users\softinfo\Documents\EMERAULD\references\McCutcheon 2003 — The ideology of closure and the problem with.md,1070,C
C/00744_McDonagh_2017_I_Want_to_Feel_Like_a_Full_Man_a088d29970ad.md,C:\Users\softinfo\Documents\EMERAULD\references\McDonagh 2017 — I Want to Feel Like a Full Man.md,1478,C
C/00745_McEwan_2010_Solar_92a52e515226.md,C:\Users\softinfo\Documents\EMERAULD\references\McEwan 2010 — Solar.md,1070,C
C/00746_McGregor_2020_Preventing_Repeated_Real_World_AI_Fa_a560daa27aac.md,C:\Users\softinfo\Documents\EMERAULD\references\McGregor 2020 — Preventing Repeated Real World AI Failures by Cataloging.md,1454,C
C/00747_McGuire_1985_Religion_and_Healing_2_41b32bf91a88.md,C:\Users\softinfo\Documents\EMERAULD\references\McGuire 1985 — Religion and Healing (2).md,1118,C
C/00748_McGuire_1985_Religion_and_healing_7826dedd5f90.md,C:\Users\softinfo\Documents\EMERAULD\references\McGuire 1985 — Religion and healing.md,1176,C
C/00749_MCKENNA_2023_L_IA_canadienne_limit_e_dans_son_d_ve_56469e425cdd.md,C:\Users\softinfo\Documents\EMERAULD\references\MCKENNA 2023 — L IA canadienne limitée dans son développement.md,1127,C
C/00750_McLean_2016_Costume_Makeup_and_Hair_2124dce57487.md,C:\Users\softinfo\Documents\EMERAULD\references\McLean 2016 — Costume Makeup and Hair.md,944,C
C/00751_McRobbie_2009_The_Aftermath_of_Feminism_Gender_Cul_582debe96e50.md,C:\Users\softinfo\Documents\EMERAULD\references\McRobbie 2009 — The Aftermath of Feminism Gender Culture and Social.md,1435,C
C/00752_McRuer_2008_Crip_Theory_202992d19917.md,C:\Users\softinfo\Documents\EMERAULD\references\McRuer 2008 — Crip Theory.md,1199,C
C/00753_McSweeney_2018_Avengers_Assemble_Critical_Perspect_1855ea80b6c0.md,C:\Users\softinfo\Documents\EMERAULD\references\McSweeney 2018 — Avengers Assemble Critical Perspectives on the Marvel Cinematic.md,1024,C
C/00754_MEDWAY_1996_Virtual_and_Material_Buildings_c96beee212a5.md,C:\Users\softinfo\Documents\EMERAULD\references\MEDWAY 1996 — Virtual and Material Buildings.md,1218,C
C/00755_Meintel_2012_Seeking_the_sacred_online_internet_an_0ebf34bf93d7.md,C:\Users\softinfo\Documents\EMERAULD\references\Meintel 2012 — Seeking the sacred online internet and the individualization.md,1096,C
C/00756_Meintel_2012_Spirituality_and_the_limits_of_authen_f4f41b662f8b.md,C:\Users\softinfo\Documents\EMERAULD\references\Meintel 2012 — Spirituality and the limits of authenticity in contemporary.md,1308,C
C/00757_Mellet_2016_La_composition_m_diatique_des_populism_05978e640ce3.md,C:\Users\softinfo\Documents\EMERAULD\references\Mellet 2016 — La composition médiatique des populismes une comparaison France-Japon.md,1097,C
C/00758_Mendoza_2022_The_Age_of_Surveillance_Capitalism_Th_4ec71c09b231.md,C:\Users\softinfo\Documents\EMERAULD\references\Mendoza 2022 — The Age of Surveillance Capitalism The Fight for.md,1452,C
C/00759_Merrell_2024_Looking_White_But_Feeling_Asian_The_R_8e7ef64c0afd.md,C:\Users\softinfo\Documents\EMERAULD\references\Merrell 2024 — Looking White But Feeling Asian The Role of.md,1499,C
C/00760_Metcalf_2019_Owning_ethics_Corporate_logics_Silico_310e87ddb7fd.md,C:\Users\softinfo\Documents\EMERAULD\references\Metcalf 2019 — Owning ethics Corporate logics Silicon Valley and the.md,1059,C
C/00761_Meyer_1977_Institutionalized_Organizations_Formal_55bc27e022c3.md,C:\Users\softinfo\Documents\EMERAULD\references\Meyer 1977 — Institutionalized Organizations Formal Structure as Myth and Ceremony.md,1317,C
C/00762_Meyer_2010_Religion_and_Material_Culture_The_Matte_61ab8be265a3.md,C:\Users\softinfo\Documents\EMERAULD\references\Meyer 2010 — Religion and Material Culture The Matter of Belief.md,1282,C
C/00763_Michelet_1966_La_sorci_re_d00a180b57a4.md,C:\Users\softinfo\Documents\EMERAULD\references\Michelet 1966 — La sorcière.md,1546,C
C/00764_Middleton_1987_Magic_Theories_of_Magic_4acb0845df1e.md,C:\Users\softinfo\Documents\EMERAULD\references\Middleton 1987 — Magic Theories of Magic.md,1044,C
C/00765_MILA_2023_Rapport_d_impact_2021-2022_53a741f0c73b.md,C:\Users\softinfo\Documents\EMERAULD\references\MILA 2023 — Rapport d impact 2021-2022.md,1064,C
C/00766_Miller_2022_How_Modern_Witches_Enchant_TikTok_Inte_71e352b75570.md,C:\Users\softinfo\Documents\EMERAULD\references\Miller 2022 — How Modern Witches Enchant TikTok Intersections of Digital.md,1377,C
C/00767_Minkjan_2008_Seeking_Guidance_from_the_Spirits_Neo_ca3cb29d96df.md,C:\Users\softinfo\Documents\EMERAULD\references\Minkjan 2008 — Seeking Guidance from the Spirits Neo-Shamanic Divination Rituals.md,1248,C
C/00768_Mirzoeff_2011_The_Right_to_Look_A_Counterhistory_o_0c89c043c2fa.md,C:\Users\softinfo\Documents\EMERAULD\references\Mirzoeff 2011 — The Right to Look A Counterhistory of Visuality.md,1235,C
C/00769_Mitchell_2018_Model_Cards_for_Model_Reporting_615ec17974b7.md,C:\Users\softinfo\Documents\EMERAULD\references\Mitchell 2018 — Model Cards for Model Reporting.md,1283,C
C/00770_Mitchell_2019_Model_cards_for_model_reporting_2_294a1ee8aaea.md,C:\Users\softinfo\Documents\EMERAULD\references\Mitchell 2019 — Model cards for model reporting (2).md,1840,C
C/00771_Mitchell_2019_Model_Cards_for_Model_Reporting_9394fb994bac.md,C:\Users\softinfo\Documents\EMERAULD\references\Mitchell 2019 — Model Cards for Model Reporting.md,1358,C
C/00772_Mitchell_Box_2012_Fathers_Thoughts_on_Breastfeedin_b87f51c8d12c.md,C:\Users\softinfo\Documents\EMERAULD\references\Mitchell‐Box 2012 — Fathers Thoughts on Breastfeeding and Implications for a.md,1387,C
C/00773_Mittell_2015_Complex_TV_The_Poetics_of_Contemporar_df6d7c06204e.md,C:\Users\softinfo\Documents\EMERAULD\references\Mittell 2015 — Complex TV The Poetics of Contemporary Television Storytelling.md,1291,C
C/00774_Mittelstadt_2016_The_Ethics_of_Algorithms_Mapping_9b7687545bc3.md,C:\Users\softinfo\Documents\EMERAULD\references\Mittelstadt 2016 — The Ethics of Algorithms Mapping the Debate.md,1695,C
C/00775_Mittelstadt_2019_Explaining_Explanations_in_AI_1e136f195326.md,C:\Users\softinfo\Documents\EMERAULD\references\Mittelstadt 2019 — Explaining Explanations in AI.md,1326,C
C/00776_Mittelstadt_2019_Principles_alone_cannot_guarantee_cae761c6171e.md,C:\Users\softinfo\Documents\EMERAULD\references\Mittelstadt 2019 — Principles alone cannot guarantee ethical AI Nature Machine.md,1029,C
C/00777_Moisa_2011a_Pour_une_anthropologie_de_la_r_ussite_4e6aee783899.md,C:\Users\softinfo\Documents\EMERAULD\references\Moisa 2011a — Pour une anthropologie de la réussite.md,867,C
C/00778_Moisa_2011b_tre_un_vrai_orthodoxe_160cfe52a441.md,C:\Users\softinfo\Documents\EMERAULD\references\Moisa 2011b — Être un vrai orthodoxe.md,980,C
C/00779_Moon_2002_Religious_Views_of_Homosexuality_2_15b928633d51.md,C:\Users\softinfo\Documents\EMERAULD\references\Moon 2002 — Religious Views of Homosexuality (2).md,1154,C
C/00780_Moon_2002_Religious_views_of_homosexuality_e86cc01687be.md,C:\Users\softinfo\Documents\EMERAULD\references\Moon 2002 — Religious views of homosexuality.md,1116,C
C/00781_Moor_2005_Why_We_Need_Better_Ethics_for_Emerging_T_ab626d960b05.md,C:\Users\softinfo\Documents\EMERAULD\references\Moor 2005 — Why We Need Better Ethics for Emerging Technologies.md,1305,C
C/00782_Morelli_1993_La_r_interpr_tation_chr_tienne_des_f_92dd18c974d2.md,C:\Users\softinfo\Documents\EMERAULD\references\Morelli 1993 — La réinterprétation chrétienne des fêtes antérieures au.md,1031,C
C/00783_Morgan_2010_Religion_and_Material_Culture_The_Matt_8911e702b163.md,C:\Users\softinfo\Documents\EMERAULD\references\Morgan 2010 — Religion and Material Culture The Matter of Belief.md,1142,C
C/00784_Moura_2023_Encoding_normative_ethics_On_algorithmi_a9ca2f1e9473.md,C:\Users\softinfo\Documents\EMERAULD\references\Moura 2023 — Encoding normative ethics On algorithmic bias and disability.md,1143,C
C/00785_Mucchielli_2005_Le_d_veloppement_des_m_thodes_qual_543eaefb77df.md,C:\Users\softinfo\Documents\EMERAULD\references\Mucchielli 2005 — Le développement des méthodes qualitatives et l'approche.md,927,C
C/00786_Muchembled_1994_Le_roi_et_la_sorci_re_L_Europe_des_39c0e74409a0.md,C:\Users\softinfo\Documents\EMERAULD\references\Muchembled 1994 — Le roi et la sorcière L Europe des.md,1093,C
C/00787_Muchembled_1994_Magie_et_sorcellerie_en_Europe_du_92a3e7f57b25.md,C:\Users\softinfo\Documents\EMERAULD\references\Muchembled 1994 — Magie et sorcellerie en Europe du Moyen Âge (2).md,998,C
C/00788_Muchembled_1994_Magie_et_sorcellerie_en_Europe_du_3cfeee595fb2.md,C:\Users\softinfo\Documents\EMERAULD\references\Muchembled 1994 — Magie et sorcellerie en Europe du Moyen Âge.md,1058,C
C/00789_Mueller_2014_Deepening_conversations_between_ritua_a7ea4793cd30.md,C:\Users\softinfo\Documents\EMERAULD\references\Mueller 2014 — Deepening conversations between ritual studies and pagan.md,1011,C
C/00790_Murray_1921_The_Witch_cult_in_Western_Europe_bf6177faf61a.md,C:\Users\softinfo\Documents\EMERAULD\references\Murray 1921 — The Witch cult in Western Europe.md,1098,C
C/00791_Murray_2020_Disability_and_the_Posthuman_Bodies_Te_c8086facf9e4.md,C:\Users\softinfo\Documents\EMERAULD\references\Murray 2020 — Disability and the Posthuman Bodies Technology and Cultural.md,1549,C
C/00792_Murray_2021_Disability_Embodiment_Speculative_Fict_238a89a20984.md,C:\Users\softinfo\Documents\EMERAULD\references\Murray 2021 — Disability Embodiment Speculative Fiction and the Testbed of.md,1299,C
C/00793_Mu_oz_2009_Cruising_Utopia_The_Then_and_There_of_Q_14b72f97d3ce.md,C:\Users\softinfo\Documents\EMERAULD\references\Muñoz 2009 — Cruising Utopia The Then and There of Queer.md,1187,C
C/00794_M_choulan_2023_Wanda_Wicca_et_le_retour_du_f_minin_eca03b6877a7.md,C:\Users\softinfo\Documents\EMERAULD\references\Méchoulan 2023 — Wanda Wicca et le retour du féminin magique.md,1196,C
C/00795_M_traux_1959_Le_vaudou_ha_tien_666957b61dba.md,C:\Users\softinfo\Documents\EMERAULD\references\Métraux 1959 — Le vaudou haïtien.md,1630,C
C/00796_M_kander_2021_Ethics-based_auditing_to_develop_tru_18820f626eaf.md,C:\Users\softinfo\Documents\EMERAULD\references\Mökander 2021 — Ethics-based auditing to develop trustworthy AI Minds and.md,965,C
C/00797_M_kander_2023_Auditing_of_AI_Legal_ethical_and_tec_4f7d320b8b05.md,C:\Users\softinfo\Documents\EMERAULD\references\Mökander 2023 — Auditing of AI Legal ethical and technical approaches.md,986,C
C/00798_M_rch_2021_Artificial_Intelligence_and_Ethics_in_D_c306ca9041f9.md,C:\Users\softinfo\Documents\EMERAULD\references\Mörch 2021 — Artificial Intelligence and Ethics in Dentistry A Scoping.md,1617,C
C/00799_Nagel_1974_What_is_it_like_to_be_a_bat_fda04b291091.md,C:\Users\softinfo\Documents\EMERAULD\references\Nagel 1974 — What is it like to be a bat.md,1023,C
C/00800_Namaste_2009_transgender_question_3e3bd1cc9c1e.md,C:\Users\softinfo\Documents\EMERAULD\references\Namaste 2009 — transgender question.md,1104,C
C/00801_Narayanan_Venkit_2023_Automated_Ableism_An_Explora_3a5a1477fae8.md,C:\Users\softinfo\Documents\EMERAULD\references\Narayanan Venkit 2023 — Automated Ableism An Exploration of Explicit Disability Biases.md,1494,C
C/00802_National_Institute_of_Standards_2023_Artificial_In_ccf892b7fceb.md,C:\Users\softinfo\Documents\EMERAULD\references\National Institute of Standards 2023 — Artificial Intelligence Risk Management Framework AI RMF 1.md,1512,C
C/00803_NATIONAL_INSTITUTE_OF_STANDARDS_AND_TECHNOLOGY_202_183622f1e401.md,C:\Users\softinfo\Documents\EMERAULD\references\NATIONAL INSTITUTE OF STANDARDS AND TECHNOLOGY 2022a — AI Risk Management Framework Initial Draft.md,1146,C
C/00804_NATIONAL_INSTITUTE_OF_STANDARDS_AND_TECHNOLOGY_202_72b9c6909b40.md,C:\Users\softinfo\Documents\EMERAULD\references\NATIONAL INSTITUTE OF STANDARDS AND TECHNOLOGY 2022b — Towards a Standard for Identifying and Managing Bias.md,1390,C
C/00805_Negra_2007_Interrogating_Postfeminism_Gender_and_t_502aa2e87248.md,C:\Users\softinfo\Documents\EMERAULD\references\Negra 2007 — Interrogating Postfeminism Gender and the Politics of Popular.md,1097,C
C/00806_Neitz_2004_Queering_the_Dragonfest_changing_sexual_5e8bb0e9cdd7.md,C:\Users\softinfo\Documents\EMERAULD\references\Neitz 2004 — Queering the Dragonfest changing sexualities in a post.md,1069,C
C/00807_Nelson_1999_Bodies_and_spaces_do_matter_the_limits_4c102dc457e5.md,C:\Users\softinfo\Documents\EMERAULD\references\Nelson 1999 — Bodies and spaces do matter the limits of.md,1091,C
C/00808_Nikoleris_2019_The_Anthropocene_in_Popular_Culture_7ab640a77995.md,C:\Users\softinfo\Documents\EMERAULD\references\Nikoleris 2019 — The Anthropocene'' in Popular Culture Narrating Human Agency.md,1582,C
C/00809_Nisbett_1977_Telling_more_than_we_can_know_Verbal_d5fe275d949a.md,C:\Users\softinfo\Documents\EMERAULD\references\Nisbett 1977 — Telling more than we can know Verbal reports.md,1164,C
C/00810_Noble_2018_Algorithms_of_Oppression_How_Search_Eng_7e0f3b21dfec.md,C:\Users\softinfo\Documents\EMERAULD\references\Noble 2018 — Algorithms of Oppression How Search Engines Reinforce Racism.md,1199,C
C/00811_North_1990_Institutions_Institutional_Change_and_E_5a51955239b3.md,C:\Users\softinfo\Documents\EMERAULD\references\North 1990 — Institutions Institutional Change and Economic Performance.md,1173,C
C/00812_Novalis_1993_Les_Disciples_Sa_s_et_autres_fragment_92173739be28.md,C:\Users\softinfo\Documents\EMERAULD\references\Novalis 1993 — Les Disciples à Saïs et autres fragments.md,1220,C
C/00813_Nugent_2022_Recruitment_AI_Has_a_Disability_Proble_56ff643e153b.md,C:\Users\softinfo\Documents\EMERAULD\references\Nugent 2022 — Recruitment AI Has a Disability Problem Anticipating and.md,1425,C
C/00814_Nye_1999_Sexuality_1a044231788d.md,C:\Users\softinfo\Documents\EMERAULD\references\Nye 1999 — Sexuality.md,947,C
C/00815_OBADIA_2023_Spiritual_ccd516b47d4d.md,C:\Users\softinfo\Documents\EMERAULD\references\OBADIA 2023 — Spiritual.md,1195,C
C/00816_Oboler_2010_Feminine_Power_and_Wicca_A_gendered_an_8383ee22619a.md,C:\Users\softinfo\Documents\EMERAULD\references\Oboler 2010 — Feminine Power and Wicca A gendered analysis.md,1089,C
C/00817_Oboler_2011_Negotiating_Gender_Essentialism_in_Con_0d03bb322111.md,C:\Users\softinfo\Documents\EMERAULD\references\Oboler 2011 — Negotiating Gender Essentialism in Contemporary Paganism.md,1314,C
C/00818_OCDE_2009_Determination_And_Application_Of_Adminis_524f1f1638b5.md,C:\Users\softinfo\Documents\EMERAULD\references\OCDE 2009 — Determination And Application Of Administrative Fines For Environmental.md,1321,C
C/00819_OCDE_2019_Recommandation_du_Conseil_sur_l_intellig_d45128a6af9d.md,C:\Users\softinfo\Documents\EMERAULD\references\OCDE 2019 — Recommandation du Conseil sur l intelligence artificielle.md,1160,C
C/00820_OCDE_2023a_Processus_du_G7_dit_d_Hiroshima_sur_l_f6f6f1ad2ea2.md,C:\Users\softinfo\Documents\EMERAULD\references\OCDE 2023a — Processus du G7 dit d Hiroshima sur l.md,1338,C
C/00821_OCDE_2023b_Pr_sentation_des_Principes_sur_l_IA_aa0ca878897c.md,C:\Users\softinfo\Documents\EMERAULD\references\OCDE 2023b — Présentation des Principes sur l IA.md,1029,C
C/00822_OFFICE_OF_SCIENCE_AND_TECHNOLOGY_POLICY_2022_Bluep_6f334fc68e29.md,C:\Users\softinfo\Documents\EMERAULD\references\OFFICE OF SCIENCE AND TECHNOLOGY POLICY 2022 — Blueprint for an AI Bill of Rights Making.md,1369,C
C/00823_Olson_1983_Book_of_the_goddesses_past_and_present_e549cbcb0b06.md,C:\Users\softinfo\Documents\EMERAULD\references\Olson 1983 — Book of the goddesses past and present an.md,1085,C
C/00824_OPENAI_2023_GPT-4_System_Card_a52e1f156f46.md,C:\Users\softinfo\Documents\EMERAULD\references\OPENAI 2023 — GPT-4 System Card.md,1082,C
C/00825_Organisation_for_Economic_Co-operation_2019_Recomm_63d997f22908.md,C:\Users\softinfo\Documents\EMERAULD\references\Organisation for Economic Co-operation 2019 — Recommendation of the Council on Artificial Intelligence.md,1101,C
C/00826_Orlikowski_1992_The_Duality_of_Technology_Rethinki_866618b3242f.md,C:\Users\softinfo\Documents\EMERAULD\references\Orlikowski 1992 — The Duality of Technology Rethinking the Concept of.md,1343,C
C/00827_Orseau_2016_Safely_interruptible_agents_In_Proceed_6601dcc41dc2.md,C:\Users\softinfo\Documents\EMERAULD\references\Orseau 2016 — Safely interruptible agents In Proceedings of UAI 2016.md,1012,C
C/00828_Ostrom_1990_Governing_the_Commons_The_Evolution_of_8cea50e56604.md,C:\Users\softinfo\Documents\EMERAULD\references\Ostrom 1990 — Governing the Commons The Evolution of Institutions for.md,1227,C
C/00829_Oudshoorn_2007_Diagnosis_at_a_distance_the_invisib_d41751ebaf18.md,C:\Users\softinfo\Documents\EMERAULD\references\Oudshoorn 2007 — Diagnosis at a distance the invisible work of.md,1506,C
C/00830_Owen_2011_The_world_religions_paradigm_time_for_a_8bce428f7593.md,C:\Users\softinfo\Documents\EMERAULD\references\Owen 2011 — The world religions paradigm time for a change.md,1266,C
C/00831_O_Doherty_2004_Reward_representations_and_reward-r_d64871d9143c.md,C:\Users\softinfo\Documents\EMERAULD\references\O’Doherty 2004 — Reward representations and reward-related learning in the human.md,1216,C
C/00832_Pahlka_2023_Recoding_America_Why_Government_Is_Fai_511c55804410.md,C:\Users\softinfo\Documents\EMERAULD\references\Pahlka 2023 — Recoding America Why Government Is Failing in the.md,1286,C
C/00833_Paill_2006a_La_m_thodologie_qualitative_postures_d_c5dcf46d6b51.md,C:\Users\softinfo\Documents\EMERAULD\references\Paillé 2006a — La méthodologie qualitative postures de recherche et travail.md,1058,C
C/00834_Paill_2006b_Qui_suis-je_pour_interpr_ter_Dans_P_2f6ae02724f3.md,C:\Users\softinfo\Documents\EMERAULD\references\Paillé 2006b — Qui suis-je pour interpréter Dans P.md,1002,C
C/00835_Paill_2007_La_m_thodologie_de_recherche_dans_un_co_2a5ea0736721.md,C:\Users\softinfo\Documents\EMERAULD\references\Paillé 2007 — La méthodologie de recherche dans un contexte de.md,1138,C
C/00836_Paill_2011_Les_conditions_de_l_analyse_qualitative_b3f468fcd17e.md,C:\Users\softinfo\Documents\EMERAULD\references\Paillé 2011 — Les conditions de l'analyse qualitative.md,1123,C
C/00837_Panda_2025_AccessEval_Benchmarking_Disability_Bias_40939cd7a91d.md,C:\Users\softinfo\Documents\EMERAULD\references\Panda 2025 — AccessEval Benchmarking Disability Bias in Large Language Models.md,1369,C
C/00838_Papagiannidis_2025_Responsible_artificial_intellig_31f3e75a6765.md,C:\Users\softinfo\Documents\EMERAULD\references\Papagiannidis 2025 — Responsible artificial intelligence governance A review and research.md,1586,C
C/00839_Paquin_2025_Transparency_Against_Democracy_The_Swe_e836c981e5a6.md,C:\Users\softinfo\Documents\EMERAULD\references\Paquin 2025 — Transparency Against Democracy The Sweden Democrats Radical Right.md,1406,C
C/00840_Parini_2010_Le_concept_de_genre_constitution_d_un_c6e974d4ea1c.md,C:\Users\softinfo\Documents\EMERAULD\references\Parini 2010 — Le concept de genre constitution d'un champ d'analyse.md,1008,C
C/00841_PARLEMENT_EUROP_EN_2021_Challenges_and_Limits_of_a_388f41317799.md,C:\Users\softinfo\Documents\EMERAULD\references\PARLEMENT EUROPÉEN 2021 — Challenges and Limits of an Open Source Approach.md,1189,C
C/00842_PARLEMENT_EUROP_EN_2023_Loi_sur_l_IA_de_l_UE_premi_db60d113f9b7.md,C:\Users\softinfo\Documents\EMERAULD\references\PARLEMENT EUROPÉEN 2023 — Loi sur l IA de l UE première.md,1330,C
C/00843_PARLEMENT_EUROP_EN_2023_Un_pas_de_plus_vers_les_pr_ccfbdbe015f0.md,C:\Users\softinfo\Documents\EMERAULD\references\PARLEMENT EUROPÉEN 2023 — Un pas de plus vers les premières règles.md,1197,C
C/00844_Pasquale_2015_The_Black_Box_Society_The_Secret_Alg_706c716b9aff.md,C:\Users\softinfo\Documents\EMERAULD\references\Pasquale 2015 — The Black Box Society The Secret Algorithms That.md,1343,C
C/00845_Pasquier_2008_Le_corps_chez_Goffinan_quel_statut_d_821a610c0448.md,C:\Users\softinfo\Documents\EMERAULD\references\Pasquier 2008 — Le corps chez Goffinan quel statut du corps.md,916,C
C/00846_Patera_2012_Materiality_and_Ritual_Objects_as_Medi_44b838b2ff2d.md,C:\Users\softinfo\Documents\EMERAULD\references\Patera 2012 — Materiality and Ritual Objects as Media of Religious.md,1199,C
C/00847_Patterson_2016_Characterizing_a_Naturalistic_Decis_8ecbdf492187.md,C:\Users\softinfo\Documents\EMERAULD\references\Patterson 2016 — Characterizing a Naturalistic Decision-Making Phenomenon.md,1320,C
C/00848_Pauwels_2010_Visual_Sociology_Reframed_An_Analytic_23d453e1d350.md,C:\Users\softinfo\Documents\EMERAULD\references\Pauwels 2010 — Visual Sociology Reframed An Analytical Synthesis and Discussion.md,1304,C
C/00849_Pearce_2000_Something_Old_Something_New_The_Old_Re_d7c7d0e8ef03.md,C:\Users\softinfo\Documents\EMERAULD\references\Pearce 2000 — Something Old Something New The Old Religion in.md,970,C
C/00850_Pearce_2000_The_old_religion_e83d7399c2d0.md,C:\Users\softinfo\Documents\EMERAULD\references\Pearce 2000 — The old religion.md,960,C
C/00851_Pearson_2002_Belief_beyond_boundaries_Wicca_ce_tic_fc96a1f7d42b.md,C:\Users\softinfo\Documents\EMERAULD\references\Pearson 2002 — Belief beyond boundaries Wicca ce tic spirituality and.md,1146,C
C/00852_Pender_2016_I_m_Buffy_and_You_re_History_Buffy_the_7b7b29c57597.md,C:\Users\softinfo\Documents\EMERAULD\references\Pender 2016 — I'm Buffy and You're History Buffy the Vampire.md,1078,C
C/00853_PERRIGO_2023_OpenAI_Used_Kenyan_Workers_on_Less_Th_66b69447f3d6.md,C:\Users\softinfo\Documents\EMERAULD\references\PERRIGO 2023 — OpenAI Used Kenyan Workers on Less Than 2.md,1260,C
C/00854_Perrow_1984_Normal_Accidents_Living_with_High-Risk_f9a4073b668b.md,C:\Users\softinfo\Documents\EMERAULD\references\Perrow 1984 — Normal Accidents Living with High-Risk Technologies.md,1190,C
C/00855_Pike_1996_Forging_magical_selves_gendered_bodies_a_da49477a29dc.md,C:\Users\softinfo\Documents\EMERAULD\references\Pike 1996 — Forging magical selves gendered bodies and ritual tires.md,1100,C
C/00856_Pike_2001_Earthly_Bodies_Magical_Selves_Contempora_790b8b138e8c.md,C:\Users\softinfo\Documents\EMERAULD\references\Pike 2001 — Earthly Bodies Magical Selves Contemporary Pagans and the (2).md,1122,C
C/00857_Pike_2001_Earthly_Bodies_Magical_Selves_Contempora_b9b3e1f2adf0.md,C:\Users\softinfo\Documents\EMERAULD\references\Pike 2001 — Earthly Bodies Magical Selves Contemporary Pagans and the (3).md,1021,C
C/00858_Pike_2001_Earthly_Bodies_Magical_Selves_Contempora_17b086d2cc2a.md,C:\Users\softinfo\Documents\EMERAULD\references\Pike 2001 — Earthly Bodies Magical Selves Contemporary Pagans and the.md,1079,C
C/00859_Pillow_2003_Confession_Catharsis_or_Cure_Rethinkin_4e0b78f8ccbb.md,C:\Users\softinfo\Documents\EMERAULD\references\Pillow 2003 — Confession Catharsis or Cure Rethinking the Uses of.md,1399,C
C/00860_Plumwood_2004_Gender_eco-feminism_and_the_environm_0ba6d3e7e565.md,C:\Users\softinfo\Documents\EMERAULD\references\Plumwood 2004 — Gender eco-feminism and the environment.md,1191,C
C/00861_Polanyi_1966_The_Tacit_Dimension_3f993cebf2f6.md,C:\Users\softinfo\Documents\EMERAULD\references\Polanyi 1966 — The Tacit Dimension.md,1107,C
C/00862_Polemikou_2020_Readdressing_Spiritual_Growth_What_6a90ff09c684.md,C:\Users\softinfo\Documents\EMERAULD\references\Polemikou 2020 — Readdressing Spiritual Growth What Can We Learn From.md,1313,C
C/00863_Poletto_2006_Effects_of_early_weaning_and_social_i_8c376ea4eed0.md,C:\Users\softinfo\Documents\EMERAULD\references\Poletto 2006 — Effects of early weaning and social isolation on.md,1562,C
C/00864_Pollock_2003_Biography_0b5874a301fb.md,C:\Users\softinfo\Documents\EMERAULD\references\Pollock 2003 — Biography.md,1432,C
C/00865_Porter_1995_Trust_in_Numbers_The_Pursuit_of_Object_93e71133fc58.md,C:\Users\softinfo\Documents\EMERAULD\references\Porter 1995 — Trust in Numbers The Pursuit of Objectivity in.md,1204,C
C/00866_Power_1997_The_Audit_Society_Rituals_of_Verificati_25f8441e7492.md,C:\Users\softinfo\Documents\EMERAULD\references\Power 1997 — The Audit Society Rituals of Verification (2).md,1168,C
C/00867_Power_1997_The_Audit_Society_Rituals_of_Verificati_d5c86bc61c19.md,C:\Users\softinfo\Documents\EMERAULD\references\Power 1997 — The Audit Society Rituals of Verification.md,1423,C
C/00868_Price_2011_Mad_at_School_Rhetorics_of_Mental_Disab_3e14cfd76c59.md,C:\Users\softinfo\Documents\EMERAULD\references\Price 2011 — Mad at School Rhetorics of Mental Disability and.md,1287,C
C/00869_Primasita_2019_An_Introduction_to_the_Police_Proce_8ea08a95a0f0.md,C:\Users\softinfo\Documents\EMERAULD\references\Primasita 2019 — An Introduction to the Police Procedural A Subgenre.md,1166,C
C/00870_Procter_2007_Special_Issue_CSCW_and_Dependable_Hea_e4981e4a147a.md,C:\Users\softinfo\Documents\EMERAULD\references\Procter 2007 — Special Issue CSCW and Dependable Healthcare Systems.md,1313,C
C/00871_Proctor_2023_Rebooting_nostalgia_The_cultural_poli_ed0f4d086835.md,C:\Users\softinfo\Documents\EMERAULD\references\Proctor 2023 — Rebooting nostalgia The cultural politics of reimagined witches.md,1186,C
C/00872_PROGRAMME_DE_CONTESTATION_JUDICIAIRE_2018_En_ligne_34ff0550f68a.md,C:\Users\softinfo\Documents\EMERAULD\references\PROGRAMME DE CONTESTATION JUDICIAIRE 2018 — En ligne.md,1019,C
C/00873_PROJET_DE_LOI_C-27_2021_Loi_dictant_la_Loi_sur_la_712c3e7bb8fa.md,C:\Users\softinfo\Documents\EMERAULD\references\PROJET DE LOI C-27 2021 — Loi édictant la Loi sur la protection de.md,1679,C
C/00874_Provencher_2023_Queering_the_Marvel_Universe_Fan_e_9db358d55fb5.md,C:\Users\softinfo\Documents\EMERAULD\references\Provencher 2023 — Queering the Marvel Universe Fan engagement fandom politics.md,1328,C
C/00875_Pullin_2009_Design_Meets_Disability_49b964fadce5.md,C:\Users\softinfo\Documents\EMERAULD\references\Pullin 2009 — Design Meets Disability.md,1251,C
C/00876_Pungente_1999_O_Malley_Martin_More_Than_Meets_The_2974945f35f6.md,C:\Users\softinfo\Documents\EMERAULD\references\Pungente 1999 — O Malley Martin More Than Meets The Eye.md,1093,C
C/00877_Purkiss_1996_The_Witch_in_History_Early_Modern_and_caeecc3ccac7.md,C:\Users\softinfo\Documents\EMERAULD\references\Purkiss 1996 — The Witch in History Early Modern and Twentieth-Century.md,1125,C
C/00878_Quinn-Nilas_2018_Prevalence_and_Predictors_of_Sexu_549ba7c7908d.md,C:\Users\softinfo\Documents\EMERAULD\references\Quinn-Nilas 2018 — Prevalence and Predictors of Sexual Problems Among Midlife.md,1368,C
C/00879_Rabinovitch_1992_An_ye_harm_none_do_what_ye_will_339f01c0030c.md,C:\Users\softinfo\Documents\EMERAULD\references\Rabinovitch 1992 — An' ye harm none do what ye will.md,986,C
C/00880_Rabinovitch_2002_Encyclopedia_of_Modern_Witchcraft_3d2d08b7d769.md,C:\Users\softinfo\Documents\EMERAULD\references\Rabinovitch 2002 — Encyclopedia of Modern Witchcraft and Neo-Paganism.md,1073,C
C/00881_Rabinovitch_2002_Encyclopedia_of_modern_witchcraft_8f19893b0443.md,C:\Users\softinfo\Documents\EMERAULD\references\Rabinovitch 2002 — Encyclopedia of modern witchcraft and neo.md,1111,C
C/00882_Radley_2003_Images_of_Recovery_A_Photo-Elicitation_5e39129c844a.md,C:\Users\softinfo\Documents\EMERAULD\references\Radley 2003 — Images of Recovery A Photo-Elicitation Study on the.md,1327,C
C/00883_Radley_2010_What_people_do_with_pictures_58b4518ca285.md,C:\Users\softinfo\Documents\EMERAULD\references\Radley 2010 — What people do with pictures.md,1082,C
C/00884_Raji_2020_Closing_the_AI_Accountability_Gap_Defini_93cd5be7c175.md,C:\Users\softinfo\Documents\EMERAULD\references\Raji 2020 — Closing the AI Accountability Gap Defining an End-to-End.md,2242,C
C/00885_Raji_2020_Closing_the_AI_accountability_gap_2164ecf8bb5d.md,C:\Users\softinfo\Documents\EMERAULD\references\Raji 2020 — Closing the AI accountability gap.md,1253,C
C/00886_Raman_2025_Navigating_artificial_general_intellige_18226db0d863.md,C:\Users\softinfo\Documents\EMERAULD\references\Raman 2025 — Navigating artificial general intelligence development societal technological ethical.md,1412,C
C/00887_Ramsden_2002_Cultural_Safety_and_Nursing_Education_c05e8c586eb6.md,C:\Users\softinfo\Documents\EMERAULD\references\Ramsden 2002 — Cultural Safety and Nursing Education in Aotearoa and.md,1131,C
C/00888_Raz_1979_The_Authority_of_Law_Essays_on_Law_and_897707b7aa44.md,C:\Users\softinfo\Documents\EMERAULD\references\Raz 1979 — The Authority of Law Essays on Law and.md,1084,C
C/00889_Reid_2001_Disorganized_Religion_An_Exploration_of_57e86bab8ec0.md,C:\Users\softinfo\Documents\EMERAULD\references\Reid 2001 — Disorganized Religion An Exploration of the Neopagan Craft (2).md,977,C
C/00890_Reid_2001_Disorganized_religion_an_exploration_of_2238f951d3de.md,C:\Users\softinfo\Documents\EMERAULD\references\Reid 2001 — Disorganized religion an exploration of the neopagan craft.md,1072,C
C/00891_Reid_2004_Witches_wiccans_and_neo-pagans_a_review_56e355c8a4e6.md,C:\Users\softinfo\Documents\EMERAULD\references\Reid 2004 — Witches wiccans and neo-pagans a review.md,1387,C
C/00892_Rhodes_1996_The_New_Governance_Governing_without_G_bf7093ad68f2.md,C:\Users\softinfo\Documents\EMERAULD\references\Rhodes 1996 — The New Governance Governing without Government.md,1123,C
C/00893_Ribeiro_2016_Why_should_I_trust_you_Explaining_the_1893fe106580.md,C:\Users\softinfo\Documents\EMERAULD\references\Ribeiro 2016 — Why should I trust you Explaining the predictions.md,1043,C
C/00894_Richardson_2017_The_Routledge_Handbook_of_Material_528da3475306.md,C:\Users\softinfo\Documents\EMERAULD\references\Richardson 2017 — The Routledge Handbook of Material Culture in Early.md,1009,C
C/00895_Riley_2025_Importance_of_sample_size_on_the_qualit_0b6d67e356e5.md,C:\Users\softinfo\Documents\EMERAULD\references\Riley 2025 — Importance of sample size on the quality and.md,2188,C
C/00896_Rittel_1973_Dilemmas_in_a_general_theory_of_planni_2ebe2dda45ec.md,C:\Users\softinfo\Documents\EMERAULD\references\Rittel 1973 — Dilemmas in a general theory of planning.md,1214,C
C/00897_Rivard_1976_Mort_et_Naissance_de_Christophe_Ulric_066ae357a64b.md,C:\Users\softinfo\Documents\EMERAULD\references\Rivard 1976 — Mort et Naissance de Christophe Ulric.md,1069,C
C/00898_Rivard_1980_L_Ombre_et_le_Double_0139ff9cf1db.md,C:\Users\softinfo\Documents\EMERAULD\references\Rivard 1980 — L Ombre et le Double.md,1040,C
C/00899_Rivard_2000_Personne_n_est_une_le_9b5705b4f6ce.md,C:\Users\softinfo\Documents\EMERAULD\references\Rivard 2000 — Personne n est une île.md,1072,C
C/00900_RLRQ_2023_C-26_Code_des_professions_d4fa6f5bee55.md,C:\Users\softinfo\Documents\EMERAULD\references\RLRQ 2023 — C-26 Code des professions.md,1034,C
C/00901_Roberts_2009_It_s_All_a_Giant_Web_Syncretism_Agenc_56637f5489c8.md,C:\Users\softinfo\Documents\EMERAULD\references\Roberts 2009 — It s All a Giant Web Syncretism Agency.md,1169,C
C/00902_Roberts_2009_It_s_all_a_Giant_Web_325fc1f696ea.md,C:\Users\softinfo\Documents\EMERAULD\references\Roberts 2009 — It's all a Giant Web.md,936,C
C/00903_Roberts_2012_Healing_my_Body_Healing_the_Land_8f8e5b231339.md,C:\Users\softinfo\Documents\EMERAULD\references\Roberts 2012 — Healing my Body Healing the Land.md,1100,C
C/00904_Roberts_2014_Fear_Friction_and_Flooding_Methods_of_daa1c3c100f3.md,C:\Users\softinfo\Documents\EMERAULD\references\Roberts 2014 — Fear Friction and Flooding Methods of Online Information.md,1250,C
C/00905_ROBERTS_2023_AI_in_the_EU_and_UK_two_approaches_46546b5399ba.md,C:\Users\softinfo\Documents\EMERAULD\references\ROBERTS 2023 — AI in the EU and UK two approaches.md,1182,C
C/00906_Robinson_1993_Global_Snow_Cover_Monitoring_An_Upda_95363210c065.md,C:\Users\softinfo\Documents\EMERAULD\references\Robinson 1993 — Global Snow Cover Monitoring An Update.md,1267,C
C/00907_Roederer_2019_Witchcraft_women_and_the_return_of_t_43d9aa63c0f3.md,C:\Users\softinfo\Documents\EMERAULD\references\Roederer 2019 — Witchcraft women and the return of the repressed.md,1220,C
C/00908_Rooks_1996_Hair_Raising_Beauty_Culture_and_African_6e56df54d80c.md,C:\Users\softinfo\Documents\EMERAULD\references\Rooks 1996 — Hair Raising Beauty Culture and African American Women.md,1046,C
C/00909_ROPEK_2023_New_York_Times_Bars_AI_Companies_from_U_34e54df3ffef.md,C:\Users\softinfo\Documents\EMERAULD\references\ROPEK 2023 — New York Times Bars AI Companies from Using.md,1171,C
C/00910_Rose_2016_Visual_Methodologies_An_Introduction_to_de57b6d5c58d.md,C:\Users\softinfo\Documents\EMERAULD\references\Rose 2016 — Visual Methodologies An Introduction to Researching with Visual.md,1076,C
C/00911_Rothstein_2000_Trust_Social_Dilemmas_and_Collectiv_5c326fa45c59.md,C:\Users\softinfo\Documents\EMERAULD\references\Rothstein 2000 — Trust Social Dilemmas and Collective Memories.md,1219,C
C/00912_Roy_2001_Les_femmes_le_f_minisme_et_la_religion_b36a539f5140.md,C:\Users\softinfo\Documents\EMERAULD\references\Roy 2001 — Les femmes le féminisme et la religion.md,1137,C
C/00913_Rubin_2010_Thinking_sex_notes_for_a_radical_theory_a2fc32a17965.md,C:\Users\softinfo\Documents\EMERAULD\references\Rubin 2010 — Thinking sex notes for a radical theory of.md,1117,C
C/00914_Rubin_2011_Les_sciences_sociales_la_d_couverte_de_3076ef7ce72b.md,C:\Users\softinfo\Documents\EMERAULD\references\Rubin 2011 — Les sciences sociales à la découverte de l'homosexualité.md,1096,C
C/00915_Rubin_2011_Les_sciences_sociales_la_d_couverte_de_01871f2ea0fa.md,C:\Users\softinfo\Documents\EMERAULD\references\Rubin 2011 — Les sciences sociales à la découverte de l.md,1309,C
C/00916_Ruditis_2004_Buffy_the_Vampire_Slayer_The_Watcher_e5b6c2d6a9a0.md,C:\Users\softinfo\Documents\EMERAULD\references\Ruditis 2004 — Buffy the Vampire Slayer The Watcher s Guide.md,1059,C
C/00917_Russo_1994_The_Female_Grotesque_Risk_Excess_and_Mo_f58f876a71b5.md,C:\Users\softinfo\Documents\EMERAULD\references\Russo 1994 — The Female Grotesque Risk Excess and Modernity.md,1072,C
C/00918_Sackett_2023_Institutional_Entanglements_How_Insti_ababf16e238a.md,C:\Users\softinfo\Documents\EMERAULD\references\Sackett 2023 — Institutional Entanglements How Institutional Knots and Reverberating Consequences.md,1534,C
C/00919_Said_1978_Orientalism_83e01dbde556.md,C:\Users\softinfo\Documents\EMERAULD\references\Said 1978 — Orientalism.md,1197,C
C/00920_Salgado-Criado_2025_Human_oversight_of_artificial_9c9c212098a3.md,C:\Users\softinfo\Documents\EMERAULD\references\Salgado-Criado 2025 — Human oversight of artificial intelligence An operations management.md,1451,C
C/00921_Salomonsen_2002_Enchanted_feminism_ritual_gender_a_e849d1a3061b.md,C:\Users\softinfo\Documents\EMERAULD\references\Salomonsen 2002 — Enchanted feminism ritual gender and divinity among the.md,1095,C
C/00922_Sammond_2015_Birth_of_an_Industry_Blackface_Minstr_d6139b7c4b3b.md,C:\Users\softinfo\Documents\EMERAULD\references\Sammond 2015 — Birth of an Industry Blackface Minstrelsy and the.md,1187,C
C/00923_Sanders_2014_Living_a_Charmed_Life_The_Magic_of_Po_3425edd49d01.md,C:\Users\softinfo\Documents\EMERAULD\references\Sanders 2014 — Living a Charmed Life The Magic of Postfeminist.md,1473,C
C/00924_Sandfort_2012_Addressing_Sexual_Problems_in_HIV_Pr_751b8385e966.md,C:\Users\softinfo\Documents\EMERAULD\references\Sandfort 2012 — Addressing Sexual Problems in HIV Primary Care Experiences.md,1402,C
C/00925_Sangnier_2013_Does_trust_favor_macroeconomic_stabi_058afacfdd4b.md,C:\Users\softinfo\Documents\EMERAULD\references\Sangnier 2013 — Does trust favor macroeconomic stability.md,1102,C
C/00926_SCASSA_2023_Regulating_AI_in_Canada_A_Critical_Loo_15eb4c721b98.md,C:\Users\softinfo\Documents\EMERAULD\references\SCASSA 2023 — Regulating AI in Canada A Critical Look at.md,1232,C
C/00927_Schaafsma_2012_Exclusion_intergroup_hostility_and_6c56cd3dec9c.md,C:\Users\softinfo\Documents\EMERAULD\references\Schaafsma 2012 — Exclusion intergroup hostility and religious fundamentalism.md,1364,C
C/00928_Schechner_2003_Performance_Theory_9a377e3e37c7.md,C:\Users\softinfo\Documents\EMERAULD\references\Schechner 2003 — Performance Theory.md,1008,C
C/00929_Schechner_2006_Performance_Studies_An_Introduction_c903a6cededc.md,C:\Users\softinfo\Documents\EMERAULD\references\Schechner 2006 — Performance Studies An Introduction (2).md,1006,C
C/00930_Schechner_2006_Performance_studies_an_introduction_9db3e45f4441.md,C:\Users\softinfo\Documents\EMERAULD\references\Schechner 2006 — Performance studies an introduction.md,1092,C
C/00931_Schechner_2013_What_is_performance_studies_Rupkath_019fe37d8baa.md,C:\Users\softinfo\Documents\EMERAULD\references\Schechner 2013 — What is performance studies Rupkatha journal on.md,1070,C
C/00932_Schroeder_2019_Digital_Media_and_the_Entrenchment_64e2fb14ea50.md,C:\Users\softinfo\Documents\EMERAULD\references\Schroeder 2019 — Digital Media and the Entrenchment of Right-Wing Populist.md,1381,C
C/00933_SCHWARTZ_REISMAN_INSTITUTE_FOR_TECHNOLOGY_AND_SOCI_7a78700844eb.md,C:\Users\softinfo\Documents\EMERAULD\references\SCHWARTZ REISMAN INSTITUTE FOR TECHNOLOGY AND SOCIETY et INQ LAW 2023 — Filtrer le bruit La normalisation de l.md,1610,C
C/00934_Sch_n_1983_The_Reflective_Practitioner_How_Profess_352fbc17c207.md,C:\Users\softinfo\Documents\EMERAULD\references\Schön 1983 — The Reflective Practitioner How Professionals Think in Action.md,1078,C
C/00935_Scott_1998_Seeing_Like_a_State_How_Certain_Schemes_6d45f95d0069.md,C:\Users\softinfo\Documents\EMERAULD\references\Scott 1998 — Seeing Like a State How Certain Schemes to.md,1223,C
C/00936_Scott_2001_Institutions_and_Organizations_Ideas_an_696627c5c0ee.md,C:\Users\softinfo\Documents\EMERAULD\references\Scott 2001 — Institutions and Organizations Ideas and Interests 2nd ed.md,1005,C
C/00937_Scott_2015_How_French_Canadians_became_White_Folks_e9157d875e2d.md,C:\Users\softinfo\Documents\EMERAULD\references\Scott 2015 — How French Canadians became White Folks or doing.md,1293,C
C/00938_Sculley_2015_Hidden_technical_debt_in_machine_lear_4422ed335889.md,C:\Users\softinfo\Documents\EMERAULD\references\Sculley 2015 — Hidden technical debt in machine learning systems In.md,1250,C
C/00939_Scully_2025_Disability_and_AI_Much_more_than_assis_52ee5f65ce74.md,C:\Users\softinfo\Documents\EMERAULD\references\Scully 2025 — Disability and AI Much more than assistive technologies.md,1491,C
C/00940_Sedgwick_1990_Epistemology_of_the_closet_761e5e564d29.md,C:\Users\softinfo\Documents\EMERAULD\references\Sedgwick 1990 — Epistemology of the closet.md,1217,C
C/00941_Selbst_2019_Fairness_and_Abstraction_in_Sociotechn_2d80deac5365.md,C:\Users\softinfo\Documents\EMERAULD\references\Selbst 2019 — Fairness and Abstraction in Sociotechnical Systems (2).md,1739,C
C/00942_Selbst_2019_Fairness_and_Abstraction_in_Sociotechn_069474b2358c.md,C:\Users\softinfo\Documents\EMERAULD\references\Selbst 2019 — Fairness and Abstraction in Sociotechnical Systems.md,1539,C
C/00943_Selznick_1957_Leadership_in_Administration_A_Socio_1e847b6135bd.md,C:\Users\softinfo\Documents\EMERAULD\references\Selznick 1957 — Leadership in Administration A Sociological Interpretation.md,1199,C
C/00944_SERVICE_DE_RECHERCHE_DU_PARLEMENT_EUROP_EN_2023_Ar_936a5285f9e1.md,C:\Users\softinfo\Documents\EMERAULD\references\SERVICE DE RECHERCHE DU PARLEMENT EUROPÉEN 2023 — Artificial intelligence act.md,1190,C
C/00945_Shapin_1994_A_Social_History_of_Truth_Civility_and_72955bedeae5.md,C:\Users\softinfo\Documents\EMERAULD\references\Shapin 1994 — A Social History of Truth Civility and Science.md,1270,C
C/00946_Shew_2024_Cyborg-Technology_Relations_e9d6734603ae.md,C:\Users\softinfo\Documents\EMERAULD\references\Shew 2024 — Cyborg-Technology Relations.md,1375,C
C/00947_Shifman_2013_Memes_in_a_Digital_World_Reconciling_c7dc482efd80.md,C:\Users\softinfo\Documents\EMERAULD\references\Shifman 2013 — Memes in a Digital World Reconciling with a.md,1288,C
C/00948_Shohat_1994_Unthinking_Eurocentrism_Multiculturali_107b466c68bf.md,C:\Users\softinfo\Documents\EMERAULD\references\Shohat 1994 — Unthinking Eurocentrism Multiculturalism and the Media London Routledge.md,1037,C
C/00949_Shum_2018_From_Eliza_to_XiaoIce_challenges_and_opp_30ed71409691.md,C:\Users\softinfo\Documents\EMERAULD\references\Shum 2018 — From Eliza to XiaoIce challenges and opportunities with.md,1410,C
C/00950_Siegal_2011_Telemedicine_Licensing_and_Other_Legal_72557c2595ed.md,C:\Users\softinfo\Documents\EMERAULD\references\Siegal 2011 — Telemedicine Licensing and Other Legal Issues.md,1132,C
C/00951_Simmonds-Moore_2020_Synesthesia_and_the_Perception_bafb397b1306.md,C:\Users\softinfo\Documents\EMERAULD\references\Simmonds-Moore 2020 — Synesthesia and the Perception of Unseen Realities.md,1279,C
C/00952_Simpson_1994_Margaret_Murray_who_believed_her_and_fd3e9cd71bbd.md,C:\Users\softinfo\Documents\EMERAULD\references\Simpson 1994 — Margaret Murray who believed her and why Folklore.md,1169,C
C/00953_Simpson_1994_Margaret_Murray_Who_Believed_Her_and_e11cff5349d4.md,C:\Users\softinfo\Documents\EMERAULD\references\Simpson 1994 — Margaret Murray Who Believed Her and Why.md,1007,C
C/00954_Skukauskaite_2021_Deepening_reflexivity_through_ar_426ff8b75f72.md,C:\Users\softinfo\Documents\EMERAULD\references\Skukauskaite 2021 — Deepening reflexivity through art in learning qualitative research.md,1353,C
C/00955_Slifka_2000_Clinical_implications_of_dysregulated_f97e4f40b770.md,C:\Users\softinfo\Documents\EMERAULD\references\Slifka 2000 — Clinical implications of dysregulated cytokine production.md,1165,C
C/00956_Sloan_2008_The_gendered_altar_Wiccan_concept_of_ge_b771913ecb35.md,C:\Users\softinfo\Documents\EMERAULD\references\Sloan 2008 — The gendered altar Wiccan concept of gender and.md,1024,C
C/00957_Smith_2013_Dangerous_Safe_Havens_Institutional_Bet_c02bc4dd0cf1.md,C:\Users\softinfo\Documents\EMERAULD\references\Smith 2013 — Dangerous Safe Havens Institutional Betrayal Exacerbates Sexual Trauma.md,1330,C
C/00958_Sn_fr_ar-_Gunnarsd_ttir_2022_Risky_Obliviousness_W_dc48fea52263.md,C:\Users\softinfo\Documents\EMERAULD\references\Snæfríðar- Gunnarsdóttir 2022 — Risky Obliviousness Within Fragmented Services Experiences of Families.md,1561,C
C/00959_Soldatic_2026_Relational_Meanings_of_AI_in_Disabil_12ba98e81e7f.md,C:\Users\softinfo\Documents\EMERAULD\references\Soldatic 2026 — Relational Meanings of AI in Disability Care An.md,1535,C
C/00960_Stafford_2007_Bite_Me_The_Unofficial_Guide_to_Buff_14a6bbcfc33d.md,C:\Users\softinfo\Documents\EMERAULD\references\Stafford 2007 — Bite Me The Unofficial Guide to Buffy the.md,985,C
C/00961_Star_1989_Institutional_Ecology_Translations_and_B_54d34160e935.md,C:\Users\softinfo\Documents\EMERAULD\references\Star 1989 — Institutional Ecology 'Translations' and Boundary Objects.md,1363,C
C/00962_Star_1996_Steps_toward_an_ecology_of_infrastructur_682f6d82ac13.md,C:\Users\softinfo\Documents\EMERAULD\references\Star 1996 — Steps toward an ecology of infrastructure Design and.md,1170,C
C/00963_Star_1999_The_Ethnography_of_Infrastructure_7c418aa50c75.md,C:\Users\softinfo\Documents\EMERAULD\references\Star 1999 — The Ethnography of Infrastructure.md,1112,C
C/00964_Starhawk_1979_The_Spiral_Dance_A_Rebirth_of_the_An_afe92d8b3590.md,C:\Users\softinfo\Documents\EMERAULD\references\Starhawk 1979 — The Spiral Dance A Rebirth of the Ancient (2).md,995,C
C/00965_Starhawk_1979_The_spiral_dance_a_rebirth_of_the_an_3d082b8094e4.md,C:\Users\softinfo\Documents\EMERAULD\references\Starhawk 1979 — The spiral dance a rebirth of the ancient.md,1013,C
C/00966_Starhawk_1990_Dreaming_the_dark_magic_sex_and_poli_f449817de81e.md,C:\Users\softinfo\Documents\EMERAULD\references\Starhawk 1990 — Dreaming the dark magic sex and politics.md,991,C
C/00967_Steinberg_2008_Age_differences_in_sensation_seekin_e111fd629877.md,C:\Users\softinfo\Documents\EMERAULD\references\Steinberg 2008 — Age differences in sensation seeking and impulsivity as.md,1372,C
C/00968_Stenmark_2024_Multiversal_Ethics_and_the_Marvel_Ci_4567f61fd693.md,C:\Users\softinfo\Documents\EMERAULD\references\Stenmark 2024 — Multiversal Ethics and the Marvel Cinematic Universe.md,1230,C
C/00969_Stone_1976_When_God_was_a_woman_5225a06f6ec0.md,C:\Users\softinfo\Documents\EMERAULD\references\Stone 1976 — When God was a woman.md,1127,C
C/00970_Strathern_2000_Audit_Cultures_Anthropological_Stud_5ad8c308a690.md,C:\Users\softinfo\Documents\EMERAULD\references\Strathern 2000 — Audit Cultures Anthropological Studies in Accountability Ethics and.md,1293,C
C/00971_Strathern_2016_Before_and_after_gender_Sexual_myth_04a72284f5a6.md,C:\Users\softinfo\Documents\EMERAULD\references\Strathern 2016 — Before and after gender Sexual mythologies of everyday.md,1550,C
C/00972_Streeck_2005_Beyond_Continuity_Institutional_Chang_082447008792.md,C:\Users\softinfo\Documents\EMERAULD\references\Streeck 2005 — Beyond Continuity Institutional Change in Advanced Political Economies.md,1309,C
C/00973_Strnadov_2021_Transitions_in_lives_of_people_with_851faa90d7c4.md,C:\Users\softinfo\Documents\EMERAULD\references\Strnadová 2021 — Transitions in lives of people with intellectual disability.md,1293,C
C/00974_Strong_2022_HIV_chemsex_and_the_need_for_harm-redu_960be632c797.md,C:\Users\softinfo\Documents\EMERAULD\references\Strong 2022 — HIV chemsex and the need for harm-reduction interventions.md,1415,C
C/00975_Stuart_2019_Chemsex_origins_of_the_word_a_history_504b646844ca.md,C:\Users\softinfo\Documents\EMERAULD\references\Stuart 2019 — Chemsex origins of the word a history of.md,1213,C
C/00976_St_mer_2021_The_Love_Witch_Feminine_Masquerade_Des_51d6b4bca633.md,C:\Users\softinfo\Documents\EMERAULD\references\Stümer 2021 — The Love Witch Feminine Masquerade Desire and Fantasy.md,1228,C
C/00977_Suchman_1995_Managing_Legitimacy_Strategic_and_Ins_aae18f9ed4ed.md,C:\Users\softinfo\Documents\EMERAULD\references\Suchman 1995 — Managing Legitimacy Strategic and Institutional Approaches.md,1135,C
C/00978_Sullivan_2010_Art_Practice_as_Research_Inquiry_in_162c7e412c6a.md,C:\Users\softinfo\Documents\EMERAULD\references\Sullivan 2010 — Art Practice as Research Inquiry in Visual Arts.md,1002,C
C/00979_Sun_2024_Culture_s_Ethical_Palette_Cultural_Influe_a371e9b472cc.md,C:\Users\softinfo\Documents\EMERAULD\references\Sun 2024 — Culture's Ethical Palette Cultural Influences in the Moral.md,1214,C
C/00980_Sunstein_2021_The_distributional_effects_of_nudges_8a55bd75758b.md,C:\Users\softinfo\Documents\EMERAULD\references\Sunstein 2021 — The distributional effects of nudges.md,1269,C
C/00981_Svolik_2019_Polarization_versus_democracy_2_b3938a4c7fd8.md,C:\Users\softinfo\Documents\EMERAULD\references\Svolik 2019 — Polarization versus democracy (2).md,1092,C
C/00982_Svolik_2019_Polarization_versus_Democracy_cb4d38bb23b5.md,C:\Users\softinfo\Documents\EMERAULD\references\Svolik 2019 — Polarization versus Democracy.md,1186,C
C/00983_Symon_1996_The_coordination_of_work_activities_Coo_6b526a407381.md,C:\Users\softinfo\Documents\EMERAULD\references\Symon 1996 — The coordination of work activities Cooperation and conflict.md,1242,C
C/00984_S_vigny_1999_L_efficacit_technique_et_l_efficacit_f65ae21b03da.md,C:\Users\softinfo\Documents\EMERAULD\references\Sévigny 1999 — L efficacité technique et l efficacité symbolique La.md,1145,C
C/00985_S_vigny_1999_L_efficacit_technique_et_l_efficacit_3d0d1d775760.md,C:\Users\softinfo\Documents\EMERAULD\references\Sévigny 1999 — L'efficacité technique et l'efficacité symbolique.md,1239,C
C/00986_Tabassi_2023_Artificial_Intelligence_Risk_Manageme_a9fb5c8433ee.md,C:\Users\softinfo\Documents\EMERAULD\references\Tabassi 2023 — Artificial Intelligence Risk Management Framework AI RMF 1.md,1511,C
C/00987_Taeihagh_2025_Governance_of_generative_AI_f7cf568efaa3.md,C:\Users\softinfo\Documents\EMERAULD\references\Taeihagh 2025 — Governance of generative AI.md,1639,C
C/00988_Tambiah_1990_Magic_Science_and_Religion_and_the_Sc_97b0eacd45bb.md,C:\Users\softinfo\Documents\EMERAULD\references\Tambiah 1990 — Magic Science and Religion and the Scope of.md,1234,C
C/00989_Tambiah_1990_Magic_Science_Religion_and_the_Scope_d6a25b06d4b8.md,C:\Users\softinfo\Documents\EMERAULD\references\Tambiah 1990 — Magic Science Religion and the Scope of Rationality.md,1161,C
C/00990_Tao_2024_Cultural_bias_and_cultural_alignment_of_l_0e7e72283cba.md,C:\Users\softinfo\Documents\EMERAULD\references\Tao 2024 — Cultural bias and cultural alignment of large language.md,1556,C
C/00991_Tasker_1998_Working_Girls_Gender_and_Sexuality_in_0b915aae74e3.md,C:\Users\softinfo\Documents\EMERAULD\references\Tasker 1998 — Working Girls Gender and Sexuality in Popular Cinema.md,1023,C
C/00992_Tasker_2007_Interrogating_Postfeminism_Gender_and_c374780e970b.md,C:\Users\softinfo\Documents\EMERAULD\references\Tasker 2007 — Interrogating Postfeminism Gender and the Politics of Popular (2).md,1174,C
C/00993_Tasker_2007_Interrogating_Postfeminism_Gender_and_dfe2c96ec043.md,C:\Users\softinfo\Documents\EMERAULD\references\Tasker 2007 — Interrogating Postfeminism Gender and the Politics of Popular.md,1164,C
C/00994_Taylor_1991_The_Ethics_of_Authenticity_02b517964696.md,C:\Users\softinfo\Documents\EMERAULD\references\Taylor 1991 — The Ethics of Authenticity.md,1068,C
C/00995_Taylor_1991_The_ethics_ofauthenticity_cd7fb2016f43.md,C:\Users\softinfo\Documents\EMERAULD\references\Taylor 1991 — The ethics ofauthenticity.md,1072,C
C/00996_Taylor_2003_The_Archive_and_the_Repertoire_Perform_dc13a19d1832.md,C:\Users\softinfo\Documents\EMERAULD\references\Taylor 2003 — The Archive and the Repertoire Performing Cultural Memory.md,1075,C
C/00997_Taylor_2020_When_Seconds_Turn_Into_Minutes_Time_Ex_8a1807af75b8.md,C:\Users\softinfo\Documents\EMERAULD\references\Taylor 2020 — When Seconds Turn Into Minutes Time Expansion Experiences.md,1221,C
C/00998_Taylor_2021_Screen_Sorcery_Gender_Magic_and_Power_58c1fd7e7abc.md,C:\Users\softinfo\Documents\EMERAULD\references\Taylor 2021 — Screen Sorcery Gender Magic and Power in the.md,1214,C
C/00999_Teubner_1993_Law_as_an_Autopoietic_System_21ccde483739.md,C:\Users\softinfo\Documents\EMERAULD\references\Teubner 1993 — Law as an Autopoietic System.md,1123,C
C/01000_THE_WHITE_HOUSE_2023_FACT_SHEET_U_S_-EU_Trade_and_fdd9b20e42b5.md,C:\Users\softinfo\Documents\EMERAULD\references\THE WHITE HOUSE 2023 — FACT SHEET U S -EU Trade and Technology.md,1211,C
C/01001_Thomas_2020_I_e4c153fdd1de.md,C:\Users\softinfo\Documents\EMERAULD\references\Thomas 2020 — I.md,1172,C
C/01002_Thuderoz_2007_Identit_s_reconnaissance_et_n_gociat_b9426155d927.md,C:\Users\softinfo\Documents\EMERAULD\references\Thuderoz 2007 — Identités reconnaissance et négociations quelques.md,928,C
C/01003_Thumma_2004_Gay_religion_8798b6a01402.md,C:\Users\softinfo\Documents\EMERAULD\references\Thumma 2004 — Gay religion.md,1053,C
C/01004_Thumma_2004_Gray_eds_86b016736f96.md,C:\Users\softinfo\Documents\EMERAULD\references\Thumma 2004 — Gray eds.md,994,C
C/01005_Timmermans_2012_Theory_Construction_in_Qualitative_c47ef281037b.md,C:\Users\softinfo\Documents\EMERAULD\references\Timmermans 2012 — Theory Construction in Qualitative Research From Grounded Theory.md,1246,C
C/01006_Timmermans_2012_Theory_Construction_in_Qualitative_8093d1069cd0.md,C:\Users\softinfo\Documents\EMERAULD\references\Timmermans 2012 — Theory Construction in Qualitative Research.md,1350,C
C/01007_Tiwari_2024_The_Impact_of_Artificial_Intelligence_85067f17df37.md,C:\Users\softinfo\Documents\EMERAULD\references\Tiwari 2024 — The Impact of Artificial Intelligence in the Workplace.md,1408,C
C/01008_Tobert_2018_Cultural_U-Turns_in_Mental_Well-Being_e53c54c00871.md,C:\Users\softinfo\Documents\EMERAULD\references\Tobert 2018 — Cultural U-Turns in Mental Well-Being Acknowledging the Dilemma.md,1363,C
C/01009_Toulmin_1958_The_Uses_of_Argument_Cambridge_Cambri_af6e7806c722.md,C:\Users\softinfo\Documents\EMERAULD\references\Toulmin 1958 — The Uses of Argument Cambridge Cambridge University Press.md,953,C
C/01010_TRAVIS_2019_How_the_boeing_737_max_disaster_looks_01996db80bb4.md,C:\Users\softinfo\Documents\EMERAULD\references\TRAVIS 2019 — How the boeing 737 max disaster looks to.md,1221,C
C/01011_Turner_1969_Le_ph_nom_ne_rituel_8203a91cfad9.md,C:\Users\softinfo\Documents\EMERAULD\references\Turner 1969 — Le phénomène rituel.md,1024,C
C/01012_Turner_1969_The_Ritual_Process_Structure_and_Anti_9b8abd5ed872.md,C:\Users\softinfo\Documents\EMERAULD\references\Turner 1969 — The Ritual Process Structure and Anti-Structure.md,1266,C
C/01013_Turner_1988_The_anthropology_of_performance_645601c8f317.md,C:\Users\softinfo\Documents\EMERAULD\references\Turner 1988 — The anthropology of performance.md,1171,C
C/01014_Turner_1990_Le_ph_nom_ne_rituel_structure_et_contr_3eeca8adf2e3.md,C:\Users\softinfo\Documents\EMERAULD\references\Turner 1990 — Le phénomène rituel structure et contre-structure.md,1116,C
C/01015_Turner_2004_Understanding_Celebrity_33ac4cfb7bd4.md,C:\Users\softinfo\Documents\EMERAULD\references\Turner 2004 — Understanding Celebrity.md,1007,C
C/01016_Tutenel_2019_Conversations_between_procedural_and_abc12b25f493.md,C:\Users\softinfo\Documents\EMERAULD\references\Tutenel 2019 — Conversations between procedural and situated ethics Learning from.md,1473,C
C/01017_Tyler_Why_People_Obey_the_Law_051fe91ba512.md,C:\Users\softinfo\Documents\EMERAULD\references\Tyler — Why People Obey the Law.md,1010,C
C/01018_Tylor_1871_Primitive_Culture_Researches_into_the_D_aa53730ac4fe.md,C:\Users\softinfo\Documents\EMERAULD\references\Tylor 1871 — Primitive Culture Researches into the Development of Mythology.md,1194,C
C/01019_Tylor_1871_Primitive_culture_researches_into_the_d_9ec6d8112aeb.md,C:\Users\softinfo\Documents\EMERAULD\references\Tylor 1871 — Primitive culture researches into the development ofmytho ogy.md,1120,C
C/01020_UK_DEPARTMENT_FOR_SCIENCE_2023_A_pro-innovation_ap_57e137e140b2.md,C:\Users\softinfo\Documents\EMERAULD\references\UK DEPARTMENT FOR SCIENCE 2023 — A pro-innovation approach to AI regulation.md,1367,C
C/01021_UK_Government_AI_Safety_Institute_AI_Security_Inst_049b59c39f4a.md,C:\Users\softinfo\Documents\EMERAULD\references\UK Government AI Safety Institute AI Security Institute — 2023-ongoing.md,1216,C
C/01022_UK_INFORMATION_COMMISSIONER_S_OFFICE_2023_The_Info_e1940ac03100.md,C:\Users\softinfo\Documents\EMERAULD\references\UK INFORMATION COMMISSIONER’S OFFICE 2023 — The Information Commissioner s response to the Government.md,1382,C
C/01023_UNDERWOOD_2023_We_want_to_ensure_AI_and_other_tech_8566e7b620f5.md,C:\Users\softinfo\Documents\EMERAULD\references\UNDERWOOD 2023 — We want to ensure AI and other technologies.md,1334,C
C/01024_United_States_Executive_Office_of_the_President_20_2c775be5372c.md,C:\Users\softinfo\Documents\EMERAULD\references\United States Executive Office of the President 2023 — Executive Order 14110 Safe secure and trustworthy devel.md,1469,C
C/01025_Ustun_2018_Actionable_Recourse_in_Linear_Classific_8d134d3828d7.md,C:\Users\softinfo\Documents\EMERAULD\references\Ustun 2018 — Actionable Recourse in Linear Classification.md,1260,C
C/01026_Ustun_2019_Actionable_Recourse_in_Linear_Classific_8f4ed8368ccf.md,C:\Users\softinfo\Documents\EMERAULD\references\Ustun 2019 — Actionable Recourse in Linear Classification.md,1310,C
C/01027_V-Dem_Institute_2025_Democracy_Report_2025_25_Year_611d573cbe34.md,C:\Users\softinfo\Documents\EMERAULD\references\V-Dem Institute 2025 — Democracy Report 2025 25 Years of Autocratization Democracy.md,1288,C
C/01028_van_Bilsen_2020_Burden_of_living_with_HIV_among_me_2722d7bd9d87.md,C:\Users\softinfo\Documents\EMERAULD\references\van Bilsen 2020 — Burden of living with HIV among men who.md,1394,C
C/01029_van_der_Waldt_2020_Constructing_conceptual_framewo_4a15ff6111ab.md,C:\Users\softinfo\Documents\EMERAULD\references\van der Waldt 2020 — Constructing conceptual frameworks in social science research.md,1171,C
C/01030_van_der_Woude_2023_non-core_b0c75796a0a8.md,C:\Users\softinfo\Documents\EMERAULD\references\van der Woude 2023 — non-core.md,1156,C
C/01031_Van_Gennep_1909_Les_rites_de_passage_tude_syst_mat_cc990fe54654.md,C:\Users\softinfo\Documents\EMERAULD\references\Van Gennep 1909 — Les rites de passage étude systématique des rites (2).md,1586,C
C/01032_Van_Gennep_1909_Les_rites_de_passage_tude_syst_mat_1eb06a45c9cc.md,C:\Users\softinfo\Documents\EMERAULD\references\Van Gennep 1909 — Les rites de passage étude systématique des rites.md,1203,C
C/01033_Van_Norman_2016_Drugs_and_Devices_b614e0f46f72.md,C:\Users\softinfo\Documents\EMERAULD\references\Van Norman 2016 — Drugs and Devices.md,1097,C
C/01034_Vaughan_1996_The_Challenger_Launch_Decision_Risky_25c3b8472d17.md,C:\Users\softinfo\Documents\EMERAULD\references\Vaughan 1996 — The Challenger Launch Decision Risky Technology Culture and.md,1281,C
C/01035_Veilleux_2019_Superheroes_and_the_sacred_MCU_moral_fa63909df092.md,C:\Users\softinfo\Documents\EMERAULD\references\Veilleux 2019 — Superheroes and the sacred MCU morality and myth.md,1074,C
C/01036_Velten_2017_The_Dual_Control_Model_of_Sexual_Respo_d770f3ebc6d7.md,C:\Users\softinfo\Documents\EMERAULD\references\Velten 2017 — The Dual Control Model of Sexual Response Relevance.md,1419,C
C/01037_Venable_1998_Demystifying_Motif_Writing_462be7152548.md,C:\Users\softinfo\Documents\EMERAULD\references\Venable 1998 — Demystifying Motif Writing.md,1104,C
C/01038_Vidal_2006_F_minin-masculin_mythes_et_id_ologie_1f584325153d.md,C:\Users\softinfo\Documents\EMERAULD\references\Vidal 2006 — Féminin-masculin mythes et idéologie.md,1028,C
C/01039_Vitousek_1997_Human_Domination_of_Earth_s_Ecosyste_f41e86d95aba.md,C:\Users\softinfo\Documents\EMERAULD\references\Vitousek 1997 — Human Domination of Earth's Ecosystems.md,1325,C
C/01040_von_Gerich_2022_Artificial_Intelligence_-based_tec_ac471c5e3674.md,C:\Users\softinfo\Documents\EMERAULD\references\von Gerich 2022 — Artificial Intelligence -based technologies in nursing A scoping.md,2061,C
C/01041_Vosoughi_2018_The_spread_of_true_and_false_news_on_682380e10709.md,C:\Users\softinfo\Documents\EMERAULD\references\Vosoughi 2018 — The spread of true and false news online.md,1406,C
C/01042_Wachter_2017_Counterfactual_Explanations_Without_O_583da428b803.md,C:\Users\softinfo\Documents\EMERAULD\references\Wachter 2017 — Counterfactual Explanations Without Opening the Black Box Automated.md,1487,C
C/01043_Wachter_2018_Counterfactual_Explanations_Without_O_3fa2df5c5193.md,C:\Users\softinfo\Documents\EMERAULD\references\Wachter 2018 — Counterfactual Explanations Without Opening the Black Box Automated.md,1302,C
C/01044_Wald_2020_AI_Data-Driven_Personalisation_and_Disab_579b3f230710.md,C:\Users\softinfo\Documents\EMERAULD\references\Wald 2020 — AI Data-Driven Personalisation and Disability Inclusion.md,1383,C
C/01045_Walker_2010_Experiencing_flow_Is_doing_it_together_902106e591ce.md,C:\Users\softinfo\Documents\EMERAULD\references\Walker 2010 — Experiencing flow Is doing it together better than.md,1166,C
C/01046_Wallon_2024_Manuel_des_tudes_th_trales_46a86ea3484c.md,C:\Users\softinfo\Documents\EMERAULD\references\Wallon 2024 — Manuel des études théâtrales.md,1026,C
C/01047_Wang_1997_Photovoice_Concept_Methodology_and_Use_f_46bcfbf86061.md,C:\Users\softinfo\Documents\EMERAULD\references\Wang 1997 — Photovoice Concept Methodology and Use for Participatory Needs.md,1367,C
C/01048_Wang_2019_On_Defining_Artificial_Intelligence_dba5685431a1.md,C:\Users\softinfo\Documents\EMERAULD\references\Wang 2019 — On Defining Artificial Intelligence.md,1237,C
C/01049_Warburton_2006_When_ostracism_leads_to_aggression_fdf8275e29d1.md,C:\Users\softinfo\Documents\EMERAULD\references\Warburton 2006 — When ostracism leads to aggression The moderating effects.md,1404,C
C/01050_Warner_1995_From_the_Beast_to_the_Blonde_On_Fairy_89657bfdc1aa.md,C:\Users\softinfo\Documents\EMERAULD\references\Warner 1995 — From the Beast to the Blonde On Fairy.md,1187,C
C/01051_Weber_2001_The_Protestant_Ethic_and_the_Spirit_of_21f9ebff2ae0.md,C:\Users\softinfo\Documents\EMERAULD\references\Weber 2001 — The Protestant Ethic and the Spirit of Capitalism.md,1029,C
C/01052_Weber_Economy_and_Society_An_Outline_of_Interpreti_e2f81e390a45.md,C:\Users\softinfo\Documents\EMERAULD\references\Weber — Economy and Society An Outline of Interpretive Sociology.md,1149,C
C/01053_Wei_2022_Chain-of-thought_prompting_elicits_reason_4bc05e9d76ce.md,C:\Users\softinfo\Documents\EMERAULD\references\Wei 2022 — Chain-of-thought prompting elicits reasoning in large language models.md,1082,C
C/01054_Weick_1979_The_Social_Psychology_of_Organizing_0f94d398141c.md,C:\Users\softinfo\Documents\EMERAULD\references\Weick 1979 — The Social Psychology of Organizing.md,1115,C
C/01055_Weitz_2004_Rapunzel_s_Daughters_What_Women_s_Hair_3f8f8bc43571.md,C:\Users\softinfo\Documents\EMERAULD\references\Weitz 2004 — Rapunzel s Daughters What Women s Hair Tells.md,1017,C
C/01056_Wells_1998_Understanding_Animation_4639580cd8c6.md,C:\Users\softinfo\Documents\EMERAULD\references\Wells 1998 — Understanding Animation.md,967,C
C/01057_Werle_2021_College_professors_perceptions_of_stude_887f49006cd8.md,C:\Users\softinfo\Documents\EMERAULD\references\Werle 2021 — College professors perceptions of students who stutter and.md,1356,C
C/01058_Whedon_2007_The_Long_Way_Home_efc065ea36a1.md,C:\Users\softinfo\Documents\EMERAULD\references\Whedon 2007 — The Long Way Home.md,1175,C
C/01059_Whedon_2012_Freefall_42c702c5eb3c.md,C:\Users\softinfo\Documents\EMERAULD\references\Whedon 2012 — Freefall.md,998,C
C/01060_WHEELER_2023_The_Three_Challenges_of_AI_Regulation_dbbf3f01c5d6.md,C:\Users\softinfo\Documents\EMERAULD\references\WHEELER 2023 — The Three Challenges of AI Regulation.md,1154,C
C/01061_White_2002_Paganism_and_the_ecological_crisis_9fa1b51ba8a3.md,C:\Users\softinfo\Documents\EMERAULD\references\White 2002 — Paganism and the ecological crisis.md,1199,C
C/01062_White_2010_Wicca_400613e80e12.md,C:\Users\softinfo\Documents\EMERAULD\references\White 2010 — Wicca.md,1016,C
C/01063_Wiegman_2005_The_Desire_for_Gender_e5a6703be351.md,C:\Users\softinfo\Documents\EMERAULD\references\Wiegman 2005 — The Desire for Gender.md,1026,C
C/01064_WIKIPEDIA_2023_Free_and_open-source_software_9e837f0229a2.md,C:\Users\softinfo\Documents\EMERAULD\references\WIKIPEDIA 2023 — Free and open-source software.md,988,C
C/01065_Wilcox_2002_Fighting_the_Forces_What_s_at_Stake_in_a9fa908ae805.md,C:\Users\softinfo\Documents\EMERAULD\references\Wilcox 2002 — Fighting the Forces What s at Stake in.md,1151,C
C/01066_Wilcox_2005_Why_Buffy_Matters_The_Art_of_Buffy_the_5017e3e5e593.md,C:\Users\softinfo\Documents\EMERAULD\references\Wilcox 2005 — Why Buffy Matters The Art of Buffy the.md,953,C
C/01067_Williams_2009_Chapter_6_Ostracism_66556465fb5c.md,C:\Users\softinfo\Documents\EMERAULD\references\Williams 2009 — Chapter 6 Ostracism.md,1199,C
C/01068_Williams_2009_Individual_Differences_in_Executive_27be96f1d1f1.md,C:\Users\softinfo\Documents\EMERAULD\references\Williams 2009 — Individual Differences in Executive Functioning Implications for Stress.md,1339,C
C/01069_Williams_2015_Post-Object_Fandom_Television_Identi_64d3c2d82a61.md,C:\Users\softinfo\Documents\EMERAULD\references\Williams 2015 — Post-Object Fandom Television Identity and Self-Narrative.md,1057,C
C/01070_Wilson_1989_Bureaucracy_What_Government_Agencies_D_c71689920e74.md,C:\Users\softinfo\Documents\EMERAULD\references\Wilson 1989 — Bureaucracy What Government Agencies Do and Why They.md,1088,C
C/01071_Wilson_1992_The_Diversity_of_Life_2034eea3762a.md,C:\Users\softinfo\Documents\EMERAULD\references\Wilson 1992 — The Diversity of Life.md,1037,C
C/01072_Winner_1980_Do_Artifacts_Have_Politics_9ea2de3f2b17.md,C:\Users\softinfo\Documents\EMERAULD\references\Winner 1980 — Do Artifacts Have Politics.md,1074,C
C/01073_Wojtara_2023_Artificial_intelligence_in_rare_disea_b0b0e1de85b4.md,C:\Users\softinfo\Documents\EMERAULD\references\Wojtara 2023 — Artificial intelligence in rare disease diagnosis and treatment.md,1403,C
C/01074_Wolf_2017_Why_we_should_have_seen_that_coming_b8d1cbf050b5.md,C:\Users\softinfo\Documents\EMERAULD\references\Wolf 2017 — Why we should have seen that coming.md,1504,C
C/01075_Wolfe_2010_What_Is_Posthumanism_b79c6221afd4.md,C:\Users\softinfo\Documents\EMERAULD\references\Wolfe 2010 — What Is Posthumanism.md,1088,C
C/01076_Wolpert_2018_Using_flawed_uncertain_proximate_and_41cef29ba7e0.md,C:\Users\softinfo\Documents\EMERAULD\references\Wolpert 2018 — Using flawed uncertain proximate and sparse FUPS data.md,1368,C
C/01077_Woodhead_2007_Gender_differences_in_religious_prac_70850b4b6d38.md,C:\Users\softinfo\Documents\EMERAULD\references\Woodhead 2007 — Gender differences in religious practice and significance.md,1192,C
C/01078_Woolley_2015_The_Gender_Sexuality_and_Queer_Milieu_b95888e27731.md,C:\Users\softinfo\Documents\EMERAULD\references\Woolley 2015 — The Gender Sexuality and Queer Milieu.md,1172,C
C/01079_Wu_2024_Unveiling_security_privacy_and_ethical_con_10d4bea86b62.md,C:\Users\softinfo\Documents\EMERAULD\references\Wu 2024 — Unveiling security privacy and ethical concerns of ChatGPT.md,1271,C
C/01080_Yabar_2006_Implicit_Behavioral_Mimicry_Investigati_43f7c8a20b8f.md,C:\Users\softinfo\Documents\EMERAULD\references\Yabar 2006 — Implicit Behavioral Mimicry Investigating the Impact of Group.md,1264,C
C/01081_Yin_2014_Case_Study_Research_Design_and_Methods_f7fcb5d60bc4.md,C:\Users\softinfo\Documents\EMERAULD\references\Yin 2014 — Case Study Research Design and Methods.md,953,C
C/01082_York_1995_The_Emerging_network_a_socio_ogy_ofthe_N_a464dbf67409.md,C:\Users\softinfo\Documents\EMERAULD\references\York 1995 — The Emerging network a socio ogy ofthe New.md,1072,C
C/01083_Zarkadakis_2024_The_goddess_and_her_icon_Body_and_a2d40fd79c1c.md,C:\Users\softinfo\Documents\EMERAULD\references\Zarkadakis 2024 — The goddess and her icon Body and mind.md,1741,C
C/01084_Zhuang_2024_New_possibilities_or_problems_for_disa_dfaac99fbdab.md,C:\Users\softinfo\Documents\EMERAULD\references\Zhuang 2024 — New possibilities or problems for disability and inclusion.md,1364,C
C/01085_Zimmer_Bradley_1983_The_Mists_of_Avalon_9a8d5b2f5c3b.md,C:\Users\softinfo\Documents\EMERAULD\references\Zimmer Bradley 1983 — The Mists of Avalon.md,1139,C
C/01086_Zipes_2006_Why_Fairy_Tales_Stick_The_Evolution_and_5c597b58f608.md,C:\Users\softinfo\Documents\EMERAULD\references\Zipes 2006 — Why Fairy Tales Stick The Evolution and Relevance.md,1073,C
C/01087_Zwissler_2018_In_the_Study_of_the_Witch_Women_Shad_f54a1a4374dd.md,C:\Users\softinfo\Documents\EMERAULD\references\Zwissler 2018 — In the Study of the Witch Women Shadows.md,1484,C
C/01088_ribon_2003_Queer_queer_Th_orie_Queer_Action_d008f1e847dc.md,C:\Users\softinfo\Documents\EMERAULD\references\Éribon 2003 — Queer queer Théorie Queer Action.md,1064,C
C/01089_01_Master_Recursive_Deterministic_AI_Governance_406e3c35e2e4.docx,C:\Users\softinfo\Documents\PAPERS_MASTER_CONSOLIDATED_2026-04-10\APEX_SUBMISSIONS\01_Master__Recursive_Deterministic_AI_Governance.docx,53436,C
C/01090_01_Master_Recursive_Deterministic_AI_Governance_9c9504079769.md,C:\Users\softinfo\Documents\PAPERS_MASTER_CONSOLIDATED_2026-04-10\APEX_SUBMISSIONS\01_Master__Recursive_Deterministic_AI_Governance.md,78308,C
C/01091_02_Loop_Hinge_candidate_This_paper_May_NOT_exist_5bc2b8203653.txt,C:\Users\softinfo\Documents\PAPERS_MASTER_CONSOLIDATED_2026-04-10\APEX_SUBMISSIONS\02_Loop_Hinge_candidate__This_paper_May_NOT_exist.txt,310,C
C/01092_02_Loop_Hinge_support_Spider-Man_82cc8fffb20b.docx,C:\Users\softinfo\Documents\PAPERS_MASTER_CONSOLIDATED_2026-04-10\APEX_SUBMISSIONS\02_Loop_Hinge_support__Spider-Man.docx,25587,C
C/01093_03_Voodoo_The_Afterlife_of_Colonial_Naming_8bba61e6e7c9.md,C:\Users\softinfo\Documents\PAPERS_MASTER_CONSOLIDATED_2026-04-10\APEX_SUBMISSIONS\03_Voodoo__The_Afterlife_of_Colonial_Naming.md,56966,C
C/01094_04_First_Method_FIRST_METHOD_PAPER_575f4340d158.docx,C:\Users\softinfo\Documents\PAPERS_MASTER_CONSOLIDATED_2026-04-10\APEX_SUBMISSIONS\04_First_Method__FIRST_METHOD_PAPER.docx,19434,C
C/01095_06_Claude_Stress_Test_The_Self_Polygraph_Protocol_d3b8d1a1804c.docx,C:\Users\softinfo\Documents\PAPERS_MASTER_CONSOLIDATED_2026-04-10\APEX_SUBMISSIONS\06_Claude_Stress_Test__The_Self_Polygraph_Protocol.docx,24472,C
C/01096_06_Self_Polygraph_AI_Society_rewrite_e142c08754ad.md,C:\Users\softinfo\Documents\PAPERS_MASTER_CONSOLIDATED_2026-04-10\APEX_SUBMISSIONS\06_Self_Polygraph_AI_Society_rewrite.md,72786,C
C/01097_08_Recursive_Continuity_Without_Memory_journal_man_4f27d2dc96d4.docx,C:\Users\softinfo\Documents\PAPERS_MASTER_CONSOLIDATED_2026-04-10\APEX_SUBMISSIONS\08_Recursive_Continuity_Without_Memory__journal_manuscript.docx,45024,C
C/01098_BUFFY_FINAL_with_selected_bibliography_1_19de392f75f5.docx,C:\Users\softinfo\Documents\PAPERS_MASTER_CONSOLIDATED_2026-04-10\APEX_SUBMISSIONS\BUFFY_FINAL_with_selected_bibliography (1).docx,42258,C
C/01099_Governance_by_Denial_-_revised_working_draft_e8292a63a584.docx,C:\Users\softinfo\Documents\PAPERS_MASTER_CONSOLIDATED_2026-04-10\APEX_SUBMISSIONS\Governance by Denial - revised working draft.docx,56297,C
C/01100_Governance_by_Denial_-_revised_working_draft_7aee234ada64.md,C:\Users\softinfo\Documents\PAPERS_MASTER_CONSOLIDATED_2026-04-10\APEX_SUBMISSIONS\Governance by Denial - revised working draft.md,79851,C
C/01101_PHAROS_AIandEthics_Springer_FINAL_da1c8f3c4b41.docx,C:\Users\softinfo\Documents\PAPERS_MASTER_CONSOLIDATED_2026-04-10\APEX_SUBMISSIONS\PHAROS_AIandEthics_Springer_FINAL.docx,40428,C
C/01102_PHAROS_AIandEthics_submission_DRAFT_a2e7ae86d145.md,C:\Users\softinfo\Documents\PAPERS_MASTER_CONSOLIDATED_2026-04-10\APEX_SUBMISSIONS\PHAROS_AIandEthics_submission_DRAFT.md,47167,C
C/01103_PHAROS_AIandEthics_TITLE_PAGE_02f0cf5393ee.md,C:\Users\softinfo\Documents\PAPERS_MASTER_CONSOLIDATED_2026-04-10\APEX_SUBMISSIONS\PHAROS_AIandEthics_TITLE_PAGE.md,6286,C
C/01104_Renforcement_documentaire_du_manuscrit_PHAROS_6cff24b7381e.md,C:\Users\softinfo\Documents\PAPERS_MASTER_CONSOLIDATED_2026-04-10\APEX_SUBMISSIONS\Renforcement documentaire du manuscrit PHAROS.md,29574,C
C/01105_00_PHAROS_Invention_Disclosure_v12_d287cd9dffc1.pdf,C:\Users\softinfo\Documents\PAPERS_MASTER_CONSOLIDATED_2026-04-10\BUNDLE_V12_Evidence_2026-04-21_1651\00_PHAROS_Invention_Disclosure_v12.pdf,609325,C
C/01106_01_Recursive_AI_Governance_Very_Long_Narrative_4806e76634ac.docx,C:\Users\softinfo\Documents\PAPERS_MASTER_CONSOLIDATED_2026-04-10\BUNDLE_V12_Evidence_2026-04-21_1651\01_Recursive_AI_Governance_Very_Long_Narrative.docx,50328,C
C/01107_02_PHAROS_Master_SOP_ec1265611ed7.docx,C:\Users\softinfo\Documents\PAPERS_MASTER_CONSOLIDATED_2026-04-10\BUNDLE_V12_Evidence_2026-04-21_1651\02_PHAROS_Master_SOP.docx,52746,C
C/01108_03_PHAROS_Recursive_Redesign_Passes_1-5_Claude_GPT_21316406bf5b.docx,C:\Users\softinfo\Documents\PAPERS_MASTER_CONSOLIDATED_2026-04-10\BUNDLE_V12_Evidence_2026-04-21_1651\03_PHAROS_Recursive_Redesign_Passes_1-5_Claude+GPT.docx,237708,C
C/01109_04_PHAROS_Recursive_Redesign_Passes_1-5_Claude_46366fbf3fa5.docx,C:\Users\softinfo\Documents\PAPERS_MASTER_CONSOLIDATED_2026-04-10\BUNDLE_V12_Evidence_2026-04-21_1651\04_PHAROS_Recursive_Redesign_Passes_1-5_Claude.docx,231392,C
C/01110_05_From_Recursive_Production_to_Governable_Method_946296f0593a.docx,C:\Users\softinfo\Documents\PAPERS_MASTER_CONSOLIDATED_2026-04-10\BUNDLE_V12_Evidence_2026-04-21_1651\05_From_Recursive_Production_to_Governable_Method.docx,45045,C
C/01111_06_Codex_Governance_Case_Study_Blind_Leading_Autom_3545c1119067.docx,C:\Users\softinfo\Documents\PAPERS_MASTER_CONSOLIDATED_2026-04-10\BUNDLE_V12_Evidence_2026-04-21_1651\06_Codex_Governance_Case_Study_Blind_Leading_Automated.docx,43360,C
C/01112_07_InfraFabric_Architecture_faab780cc6f6.docx,C:\Users\softinfo\Documents\PAPERS_MASTER_CONSOLIDATED_2026-04-10\BUNDLE_V12_Evidence_2026-04-21_1651\07_InfraFabric_Architecture.docx,41460,C
C/01113_08_Mobius_Protocol_295a616ba9c1.docx,C:\Users\softinfo\Documents\PAPERS_MASTER_CONSOLIDATED_2026-04-10\BUNDLE_V12_Evidence_2026-04-21_1651\08_Mobius_Protocol.docx,47404,C
C/01114_09_PHAROS_method_translation_into_patent_language_885c1f7bc77c.docx,C:\Users\softinfo\Documents\PAPERS_MASTER_CONSOLIDATED_2026-04-10\BUNDLE_V12_Evidence_2026-04-21_1651\09_PHAROS_method_translation_into_patent_language.docx,48117,C
C/01115_COVER_LETTER_FOR_COUNSEL_4189a99163fd.docx,C:\Users\softinfo\Documents\PAPERS_MASTER_CONSOLIDATED_2026-04-10\BUNDLE_V12_Evidence_2026-04-21_1651\COVER_LETTER_FOR_COUNSEL.docx,41327,C
C/01116_ERRATA_bc8436612353.docx,C:\Users\softinfo\Documents\PAPERS_MASTER_CONSOLIDATED_2026-04-10\BUNDLE_V12_Evidence_2026-04-21_1651\ERRATA.docx,38503,C
C/01117_FILING_FACTS_KNOWN_AND_OPEN_1c563c66b4b0.docx,C:\Users\softinfo\Documents\PAPERS_MASTER_CONSOLIDATED_2026-04-10\BUNDLE_V12_Evidence_2026-04-21_1651\FILING_FACTS_KNOWN_AND_OPEN.docx,40414,C
C/01118_MANIFEST_1b12aeff2c59.docx,C:\Users\softinfo\Documents\PAPERS_MASTER_CONSOLIDATED_2026-04-10\BUNDLE_V12_Evidence_2026-04-21_1651\MANIFEST.docx,39954,C
C/01119_APEX_PAPERS_QUICK_REFERENCE_e1a08515fdb8.md,C:\Users\softinfo\Documents\PAPERS_MASTER_CONSOLIDATED_2026-04-10\JOURNAL_READINESS_REPORTS\APEX_PAPERS_QUICK_REFERENCE.md,2589,C
C/01120_GOVERNANCE_PACKET_ef1a200a42b8.md,C:\Users\softinfo\Documents\PAPERS_MASTER_CONSOLIDATED_2026-04-10\JOURNAL_READINESS_REPORTS\GOVERNANCE_PACKET.md,12757,C
C/01121_MASTER_CATALOG_2026-04-10_587feb654b14.md,C:\Users\softinfo\Documents\PAPERS_MASTER_CONSOLIDATED_2026-04-10\JOURNAL_READINESS_REPORTS\MASTER_CATALOG_2026-04-10.md,36105,C
C/01122_MASTER_SYNTHESIS_587dc5d2c4fe.md,C:\Users\softinfo\Documents\PAPERS_MASTER_CONSOLIDATED_2026-04-10\JOURNAL_READINESS_REPORTS\MASTER_SYNTHESIS.md,23309,C
C/01123_phase_0_foundations_report_0d138728909f.md,C:\Users\softinfo\Documents\PAPERS_MASTER_CONSOLIDATED_2026-04-10\JOURNAL_READINESS_REPORTS\phase_0_foundations_report.md,34223,C
C/01124_phase_1_first_method_recurso_report_edd3b6a29918.md,C:\Users\softinfo\Documents\PAPERS_MASTER_CONSOLIDATED_2026-04-10\JOURNAL_READINESS_REPORTS\phase_1_first_method_recurso_report.md,26763,C
C/01125_phase_2_recursive_governance_report_1836fbc8e5a3.md,C:\Users\softinfo\Documents\PAPERS_MASTER_CONSOLIDATED_2026-04-10\JOURNAL_READINESS_REPORTS\phase_2_recursive_governance_report.md,32653,C
C/01126_phase_3_pharos_closure_report_e3693ac382e5.md,C:\Users\softinfo\Documents\PAPERS_MASTER_CONSOLIDATED_2026-04-10\JOURNAL_READINESS_REPORTS\phase_3_pharos_closure_report.md,40411,C
C/01127_phase_4_continuity_stress_tests_report_7375422019ba.md,C:\Users\softinfo\Documents\PAPERS_MASTER_CONSOLIDATED_2026-04-10\JOURNAL_READINESS_REPORTS\phase_4_continuity_stress_tests_report.md,47147,C
C/01128_phase_5_authority_ethics_voice_report_ccd06b56beb6.md,C:\Users\softinfo\Documents\PAPERS_MASTER_CONSOLIDATED_2026-04-10\JOURNAL_READINESS_REPORTS\phase_5_authority_ethics_voice_report.md,28225,C
C/01129_phase_P_cultural_studies_report_3388c7117237.md,C:\Users\softinfo\Documents\PAPERS_MASTER_CONSOLIDATED_2026-04-10\JOURNAL_READINESS_REPORTS\phase_P_cultural_studies_report.md,43607,C
C/01130_MANIFEST_e7f897275efa.md,C:\Users\softinfo\Documents\PAPERS_MASTER_CONSOLIDATED_2026-04-10\MANIFEST.md,22003,C
C/01131_03_Voodoo_revised_paper_round1_0fb7f869469f.md,C:\Users\softinfo\Documents\PAPERS_MASTER_CONSOLIDATED_2026-04-10\PARALLEL_CULTURAL_STUDIES_CORPUS\03_Voodoo_revised_paper_round1.md,56966,C
C/01132_03_Voodoo_revised_paper_round2_edfc5dcb642b.md,C:\Users\softinfo\Documents\PAPERS_MASTER_CONSOLIDATED_2026-04-10\PARALLEL_CULTURAL_STUDIES_CORPUS\03_Voodoo_revised_paper_round2.md,57242,C
C/01133_03_Voodoo_The_Afterlife_of_Colonial_Naming_apex_5510d835d39f.md,C:\Users\softinfo\Documents\PAPERS_MASTER_CONSOLIDATED_2026-04-10\PARALLEL_CULTURAL_STUDIES_CORPUS\03_Voodoo_The_Afterlife_of_Colonial_Naming_apex.md,56966,C
C/01134_CS_Every_Hair_a_Battle_Scar_Buffy_Slayage_7f85013ea690.docx,C:\Users\softinfo\Documents\PAPERS_MASTER_CONSOLIDATED_2026-04-10\PARALLEL_CULTURAL_STUDIES_CORPUS\CS_Every_Hair_a_Battle_Scar_Buffy_Slayage.docx,38711,C
C/01135_CS_Glitching_the_Sacred_Queer_Paganism_8c209aab06d1.docx,C:\Users\softinfo\Documents\PAPERS_MASTER_CONSOLIDATED_2026-04-10\PARALLEL_CULTURAL_STUDIES_CORPUS\CS_Glitching_the_Sacred_Queer_Paganism.docx,29952,C
C/01136_CS_LEPAGE_Avatar_lecture_queer_8cd6a6092041.docx,C:\Users\softinfo\Documents\PAPERS_MASTER_CONSOLIDATED_2026-04-10\PARALLEL_CULTURAL_STUDIES_CORPUS\CS_LEPAGE_Avatar_lecture_queer.docx,49296,C
C/01137_CS_LEPAGE_Why_Be_King_UQAM_Thesis_3e4fa5bff3ee.pdf,C:\Users\softinfo\Documents\PAPERS_MASTER_CONSOLIDATED_2026-04-10\PARALLEL_CULTURAL_STUDIES_CORPUS\CS_LEPAGE_Why_Be_King_UQAM_Thesis.pdf,3647426,C
C/01138_CS_Magic_After_Legitimacy_Charmed_1998_03924158a16f.pdf,C:\Users\softinfo\Documents\PAPERS_MASTER_CONSOLIDATED_2026-04-10\PARALLEL_CULTURAL_STUDIES_CORPUS\CS_Magic_After_Legitimacy_Charmed_1998.pdf,459669,C
C/01139_CS_Magic_After_Legitimacy_Charmed_2007_791d72ffc1c5.docx,C:\Users\softinfo\Documents\PAPERS_MASTER_CONSOLIDATED_2026-04-10\PARALLEL_CULTURAL_STUDIES_CORPUS\CS_Magic_After_Legitimacy_Charmed_2007.docx,28798,C
C/01140_CS_Magic_After_Legitimacy_LEPAGE_c6c32524afbb.docx,C:\Users\softinfo\Documents\PAPERS_MASTER_CONSOLIDATED_2026-04-10\PARALLEL_CULTURAL_STUDIES_CORPUS\CS_Magic_After_Legitimacy_LEPAGE.docx,28798,C
C/01141_CS_Martin_Lepage_References_bibliographiques_2025_4fd21f68a1be.docx,C:\Users\softinfo\Documents\PAPERS_MASTER_CONSOLIDATED_2026-04-10\PARALLEL_CULTURAL_STUDIES_CORPUS\CS_Martin_Lepage_References_bibliographiques_2025.docx,15015,C
C/01142_CS_Material_Culture_Charging_Objects_Ritual_0412605434e8.docx,C:\Users\softinfo\Documents\PAPERS_MASTER_CONSOLIDATED_2026-04-10\PARALLEL_CULTURAL_STUDIES_CORPUS\CS_Material_Culture_Charging_Objects_Ritual.docx,30762,C
C/01143_CS_Modern_Magic_Pop_Song_Queer_Neopagan_draft_8cc6e483112e.md,C:\Users\softinfo\Documents\PAPERS_MASTER_CONSOLIDATED_2026-04-10\PARALLEL_CULTURAL_STUDIES_CORPUS\CS_Modern_Magic_Pop_Song_Queer_Neopagan_draft.md,57473,C
C/01144_CS_Still_Running_Willow_Anya_31c675757bd9.docx,C:\Users\softinfo\Documents\PAPERS_MASTER_CONSOLIDATED_2026-04-10\PARALLEL_CULTURAL_STUDIES_CORPUS\CS_Still_Running_Willow_Anya.docx,24920,C
C/01145_00_Alambic_263a44f01943.odt,C:\Users\softinfo\Documents\PAPERS_MASTER_CONSOLIDATED_2026-04-10\PHASE_0_FOUNDATIONS\00_Alambic.odt,42972,C
C/01146_00_Charging_Objects_2017_fe69a9a41fbc.docx,C:\Users\softinfo\Documents\PAPERS_MASTER_CONSOLIDATED_2026-04-10\PHASE_0_FOUNDATIONS\00_Charging_Objects_2017.docx,29259,C
C/01147_00_Master_Ethics_Methods_9710c430b5a4.odt,C:\Users\softinfo\Documents\PAPERS_MASTER_CONSOLIDATED_2026-04-10\PHASE_0_FOUNDATIONS\00_Master_Ethics_Methods.odt,55888,C
C/01148_00_Sealed_Card_Protocol_1aa18c246fe8.pdf,C:\Users\softinfo\Documents\PAPERS_MASTER_CONSOLIDATED_2026-04-10\PHASE_0_FOUNDATIONS\00_Sealed_Card_Protocol.pdf,6287477,C
C/01149_00_Sealed_Card_Protocol_2004_2c84da1f8f02.docx,C:\Users\softinfo\Documents\PAPERS_MASTER_CONSOLIDATED_2026-04-10\PHASE_0_FOUNDATIONS\00_Sealed_Card_Protocol_2004.docx,47768,C
C/01150_00_The_Violet_Gem_826cc563bad4.odt,C:\Users\softinfo\Documents\PAPERS_MASTER_CONSOLIDATED_2026-04-10\PHASE_0_FOUNDATIONS\00_The_Violet_Gem.odt,115232,C
C/01151_04_Algorithmic_Agentic_AI_Fluency_Interruption_Ins_eb629b610769.docx,C:\Users\softinfo\Documents\PAPERS_MASTER_CONSOLIDATED_2026-04-10\PHASE_1_FIRST_METHOD_RECURSO\04_Algorithmic_Agentic_AI_Fluency_Interruption_Institutional_Accountability.docx,18580,C
C/01152_04_Algorithmic_Agentic_AI_Governance_Hegemonic_Flu_680aeb94f569.docx,C:\Users\softinfo\Documents\PAPERS_MASTER_CONSOLIDATED_2026-04-10\PHASE_1_FIRST_METHOD_RECURSO\04_Algorithmic_Agentic_AI_Governance_Hegemonic_Fluency_2013.docx,248565,C
C/01153_04_Discursive_Authority_Recursive_Pressure_f1882eb039ed.pdf,C:\Users\softinfo\Documents\PAPERS_MASTER_CONSOLIDATED_2026-04-10\PHASE_1_FIRST_METHOD_RECURSO\04_Discursive_Authority_Recursive_Pressure.pdf,255124,C
C/01154_04_FIRST_METHOD_PAPER_c3e1087977a0.docx,C:\Users\softinfo\Documents\PAPERS_MASTER_CONSOLIDATED_2026-04-10\PHASE_1_FIRST_METHOD_RECURSO\04_FIRST_METHOD_PAPER.docx,19434,C
C/01155_04_FIRST_METHOD_PAPER_variant_dup1_c6d1874ba6bf.docx,C:\Users\softinfo\Documents\PAPERS_MASTER_CONSOLIDATED_2026-04-10\PHASE_1_FIRST_METHOD_RECURSO\04_FIRST_METHOD_PAPER_variant_dup1.docx,22479,C
C/01156_04_Recursive_AI_Governance_merged_cd87a1a7bf8a.md,C:\Users\softinfo\Documents\PAPERS_MASTER_CONSOLIDATED_2026-04-10\PHASE_1_FIRST_METHOD_RECURSO\04_Recursive_AI_Governance_merged.md,52786,C
C/01157_04_RECURSO_DRAFT1_FULL_INTEGRATION_f6c5a3c845b0.docx,C:\Users\softinfo\Documents\PAPERS_MASTER_CONSOLIDATED_2026-04-10\PHASE_1_FIRST_METHOD_RECURSO\04_RECURSO_DRAFT1_FULL_INTEGRATION.docx,18580,C
C/01158_04_RECURSO_DRAFT1_merged_revised_a584c54c378e.md,C:\Users\softinfo\Documents\PAPERS_MASTER_CONSOLIDATED_2026-04-10\PHASE_1_FIRST_METHOD_RECURSO\04_RECURSO_DRAFT1_merged_revised.md,67464,C
C/01159_04_RECURSO_DRAFT1_merged_revisedGEM_9098c54da6d6.docx,C:\Users\softinfo\Documents\PAPERS_MASTER_CONSOLIDATED_2026-04-10\PHASE_1_FIRST_METHOD_RECURSO\04_RECURSO_DRAFT1_merged_revisedGEM.docx,42684,C
C/01160_04_Stuttering_Machines_Algorithmic_Dysfluency_0f00056ec9c6.docx,C:\Users\softinfo\Documents\PAPERS_MASTER_CONSOLIDATED_2026-04-10\PHASE_1_FIRST_METHOD_RECURSO\04_Stuttering_Machines_Algorithmic_Dysfluency.docx,31321,C
C/01161_01_AI_Anxiety_to_Recursive_Governance_AI_Society_M_b6c1295776ba.docx,C:\Users\softinfo\Documents\PAPERS_MASTER_CONSOLIDATED_2026-04-10\PHASE_2_RECURSIVE_GOVERNANCE_UNDER_CONSTRAINT\01_AI_Anxiety_to_Recursive_Governance_AI_Society_Manuscript.docx,53436,C
C/01162_01_AI_Anxiety_to_Recursive_Governance_AI_Society_M_77cddeb8c71c.md,C:\Users\softinfo\Documents\PAPERS_MASTER_CONSOLIDATED_2026-04-10\PHASE_2_RECURSIVE_GOVERNANCE_UNDER_CONSTRAINT\01_AI_Anxiety_to_Recursive_Governance_AI_Society_Manuscript.md,78308,C
C/01163_01_AI_Society_Control_Register_Appendix_f350764715a2.md,C:\Users\softinfo\Documents\PAPERS_MASTER_CONSOLIDATED_2026-04-10\PHASE_2_RECURSIVE_GOVERNANCE_UNDER_CONSTRAINT\01_AI_Society_Control_Register_Appendix.md,3273,C
C/01164_01_AI_Society_Cover_Letter_5d2c81f20cee.pdf,C:\Users\softinfo\Documents\PAPERS_MASTER_CONSOLIDATED_2026-04-10\PHASE_2_RECURSIVE_GOVERNANCE_UNDER_CONSTRAINT\01_AI_Society_Cover_Letter.pdf,91951,C
C/01165_01_AI_Society_Reviewer_Appendix_46ff8a397043.docx,C:\Users\softinfo\Documents\PAPERS_MASTER_CONSOLIDATED_2026-04-10\PHASE_2_RECURSIVE_GOVERNANCE_UNDER_CONSTRAINT\01_AI_Society_Reviewer_Appendix.docx,23048,C
C/01166_01_AI_Society_Submission_Note_76827246f261.docx,C:\Users\softinfo\Documents\PAPERS_MASTER_CONSOLIDATED_2026-04-10\PHASE_2_RECURSIVE_GOVERNANCE_UNDER_CONSTRAINT\01_AI_Society_Submission_Note.docx,37718,C
C/01167_01_AI_Society_Supplementary_Workflow_Schematic_6427da2b664b.docx,C:\Users\softinfo\Documents\PAPERS_MASTER_CONSOLIDATED_2026-04-10\PHASE_2_RECURSIVE_GOVERNANCE_UNDER_CONSTRAINT\01_AI_Society_Supplementary_Workflow_Schematic.docx,38112,C
C/01168_01_AI_Society_Title_Page_744ef7d459cd.docx,C:\Users\softinfo\Documents\PAPERS_MASTER_CONSOLIDATED_2026-04-10\PHASE_2_RECURSIVE_GOVERNANCE_UNDER_CONSTRAINT\01_AI_Society_Title_Page.docx,21015,C
C/01169_01_Master_Recursive_Deterministic_AI_Governance_ap_5c79b3a4e9fb.md,C:\Users\softinfo\Documents\PAPERS_MASTER_CONSOLIDATED_2026-04-10\PHASE_2_RECURSIVE_GOVERNANCE_UNDER_CONSTRAINT\01_Master_Recursive_Deterministic_AI_Governance_apex.md,78308,C
C/01170_10_Governance_by_Denial_Legibility_Capacity_Classi_a84f8e657405.pdf,C:\Users\softinfo\Documents\PAPERS_MASTER_CONSOLIDATED_2026-04-10\PHASE_2_RECURSIVE_GOVERNANCE_UNDER_CONSTRAINT\10_Governance_by_Denial_Legibility_Capacity_Classification.pdf,248020,C
C/01171_10_Governance_by_Denial_working_draft_65df0a31d0e7.docx,C:\Users\softinfo\Documents\PAPERS_MASTER_CONSOLIDATED_2026-04-10\PHASE_2_RECURSIVE_GOVERNANCE_UNDER_CONSTRAINT\10_Governance_by_Denial_working_draft.docx,56297,C
C/01172_10_Governance_by_Denial_working_draft_1404a4c2e57c.md,C:\Users\softinfo\Documents\PAPERS_MASTER_CONSOLIDATED_2026-04-10\PHASE_2_RECURSIVE_GOVERNANCE_UNDER_CONSTRAINT\10_Governance_by_Denial_working_draft.md,79851,C
C/01173_05_AI_Governance_Constitution_fd7f6562f5b2.pdf,C:\Users\softinfo\Documents\PAPERS_MASTER_CONSOLIDATED_2026-04-10\PHASE_3_PHAROS_PROTOCOL_CLOSURE\05_AI_Governance_Constitution.pdf,138572,C
C/01174_05_APEX05_worked_example_bibliography_anchors_399b6117e878.md,C:\Users\softinfo\Documents\PAPERS_MASTER_CONSOLIDATED_2026-04-10\PHASE_3_PHAROS_PROTOCOL_CLOSURE\05_APEX05_worked_example_bibliography_anchors.md,26212,C
C/01175_05_APEX05_worked_example_DRAFT_5b06c6adca75.md,C:\Users\softinfo\Documents\PAPERS_MASTER_CONSOLIDATED_2026-04-10\PHASE_3_PHAROS_PROTOCOL_CLOSURE\05_APEX05_worked_example_DRAFT.md,25246,C
C/01176_05_PHAROS_Essay_Grounded_b815b407de78.md,C:\Users\softinfo\Documents\PAPERS_MASTER_CONSOLIDATED_2026-04-10\PHASE_3_PHAROS_PROTOCOL_CLOSURE\05_PHAROS_Essay_Grounded.md,31262,C
C/01177_05_PHAROS_From_Recursive_Production_to_Governable_a5c208829318.pdf,C:\Users\softinfo\Documents\PAPERS_MASTER_CONSOLIDATED_2026-04-10\PHASE_3_PHAROS_PROTOCOL_CLOSURE\05_PHAROS_From_Recursive_Production_to_Governable_Method.pdf,101111,C
C/01178_05_PHAROS_Invention_Disclosure_v12_ff60601dbefb.docx,C:\Users\softinfo\Documents\PAPERS_MASTER_CONSOLIDATED_2026-04-10\PHASE_3_PHAROS_PROTOCOL_CLOSURE\05_PHAROS_Invention_Disclosure_v12.docx,28073,C
C/01179_05_PHAROS_Invention_Disclosure_v12_f77a26505424.pdf,C:\Users\softinfo\Documents\PAPERS_MASTER_CONSOLIDATED_2026-04-10\PHASE_3_PHAROS_PROTOCOL_CLOSURE\05_PHAROS_Invention_Disclosure_v12.pdf,609325,C
C/01180_05_PHAROS_method_paper_complete_3fc23803a243.md,C:\Users\softinfo\Documents\PAPERS_MASTER_CONSOLIDATED_2026-04-10\PHASE_3_PHAROS_PROTOCOL_CLOSURE\05_PHAROS_method_paper_complete.md,67490,C
C/01181_05_PHAROS_Patent_Readiness_Review_a99cb3adcf41.md,C:\Users\softinfo\Documents\PAPERS_MASTER_CONSOLIDATED_2026-04-10\PHASE_3_PHAROS_PROTOCOL_CLOSURE\05_PHAROS_Patent_Readiness_Review.md,9155,C
C/01182_05_PHAROS_Phase1_Ignition_to_Protocol_Closure_dd447cdc7b9d.md,C:\Users\softinfo\Documents\PAPERS_MASTER_CONSOLIDATED_2026-04-10\PHASE_3_PHAROS_PROTOCOL_CLOSURE\05_PHAROS_Phase1_Ignition_to_Protocol_Closure.md,4297,C
C/01183_05_PHAROS_Phase2_Revision_Distribution_and_Forge_08f343710199.md,C:\Users\softinfo\Documents\PAPERS_MASTER_CONSOLIDATED_2026-04-10\PHASE_3_PHAROS_PROTOCOL_CLOSURE\05_PHAROS_Phase2_Revision_Distribution_and_Forge.md,2640,C
C/01184_05_PHAROS_Phase3_Continuity_Coupling_and_Bounded_N_1c0eed2f0e42.md,C:\Users\softinfo\Documents\PAPERS_MASTER_CONSOLIDATED_2026-04-10\PHASE_3_PHAROS_PROTOCOL_CLOSURE\05_PHAROS_Phase3_Continuity_Coupling_and_Bounded_Nonfinality.md,2101,C
C/01185_05_PHAROS_recalibration_2358b055fd4a.docx,C:\Users\softinfo\Documents\PAPERS_MASTER_CONSOLIDATED_2026-04-10\PHASE_3_PHAROS_PROTOCOL_CLOSURE\05_PHAROS_recalibration.docx,21096,C
C/01186_05_PHAROS_Scholarly_Essay_Draft_d5d50e30eba9.md,C:\Users\softinfo\Documents\PAPERS_MASTER_CONSOLIDATED_2026-04-10\PHASE_3_PHAROS_PROTOCOL_CLOSURE\05_PHAROS_Scholarly_Essay_Draft.md,56120,C
C/01187_PHAROS_AIandEthics_submission_DRAFT_f967d7615916.md,C:\Users\softinfo\Documents\PAPERS_MASTER_CONSOLIDATED_2026-04-10\PHASE_3_PHAROS_PROTOCOL_CLOSURE\PHAROS_AIandEthics_submission_DRAFT.md,45115,C
C/01188_02_BOUNDED_Loop_Hinge_DRAFTENDLOOP_placeholder_1121edb03a35.txt,C:\Users\softinfo\Documents\PAPERS_MASTER_CONSOLIDATED_2026-04-10\PHASE_4_CONTINUITY_AND_STRESS_TESTS\02_BOUNDED_Loop_Hinge_DRAFTENDLOOP_placeholder.txt,310,C
C/01189_02_BOUNDED_Spider-Man_article_5169b33ee226.docx,C:\Users\softinfo\Documents\PAPERS_MASTER_CONSOLIDATED_2026-04-10\PHASE_4_CONTINUITY_AND_STRESS_TESTS\02_BOUNDED_Spider-Man_article.docx,25587,C
C/01190_06_Self_Polygraph_AI_Society_rewrite_252f6b500390.md,C:\Users\softinfo\Documents\PAPERS_MASTER_CONSOLIDATED_2026-04-10\PHASE_4_CONTINUITY_AND_STRESS_TESTS\06_Self_Polygraph_AI_Society_rewrite.md,72786,C
C/01191_06_Self_Polygraph_Protocol_ad691cf9d906.docx,C:\Users\softinfo\Documents\PAPERS_MASTER_CONSOLIDATED_2026-04-10\PHASE_4_CONTINUITY_AND_STRESS_TESTS\06_Self_Polygraph_Protocol.docx,24472,C
C/01192_06_The_Wheel_and_the_Watcher_bf931723d148.docx,C:\Users\softinfo\Documents\PAPERS_MASTER_CONSOLIDATED_2026-04-10\PHASE_4_CONTINUITY_AND_STRESS_TESTS\06_The_Wheel_and_the_Watcher.docx,19427,C
C/01193_06_The_Wheel_and_the_Watcher_revised_026c29837bf8.docx,C:\Users\softinfo\Documents\PAPERS_MASTER_CONSOLIDATED_2026-04-10\PHASE_4_CONTINUITY_AND_STRESS_TESTS\06_The_Wheel_and_the_Watcher_revised.docx,21200,C
C/01194_08_Mobius_Under_Pressure_Theseus_by_Replacement_048e253d9238.docx,C:\Users\softinfo\Documents\PAPERS_MASTER_CONSOLIDATED_2026-04-10\PHASE_4_CONTINUITY_AND_STRESS_TESTS\08_Mobius_Under_Pressure_Theseus_by_Replacement.docx,31381,C
C/01195_08_Recursive_Continuity_Without_Memory_download_re_b4dab05ea18f.docx,C:\Users\softinfo\Documents\PAPERS_MASTER_CONSOLIDATED_2026-04-10\PHASE_4_CONTINUITY_AND_STRESS_TESTS\08_Recursive_Continuity_Without_Memory_download_recovery.docx,17306,C
C/01196_08_Recursive_Continuity_Without_Memory_journal_man_0a3e3d325bc0.docx,C:\Users\softinfo\Documents\PAPERS_MASTER_CONSOLIDATED_2026-04-10\PHASE_4_CONTINUITY_AND_STRESS_TESTS\08_Recursive_Continuity_Without_Memory_journal_manuscript.docx,45024,C
C/01197_09_For_Her_Alone_to_Wield_f12f6c09c1ae.txt,C:\Users\softinfo\Documents\PAPERS_MASTER_CONSOLIDATED_2026-04-10\PHASE_5_AUTHORITY_ETHICS_PUBLIC_VOICE\09_For_Her_Alone_to_Wield.txt,53504,C
C/01198_AI_Governance_Whos_the_Boob_Whos_the_Trap_40k_2de4c709d8ac.md,C:\Users\softinfo\Documents\PAPERS_MASTER_CONSOLIDATED_2026-04-10\PHASE_5_AUTHORITY_ETHICS_PUBLIC_VOICE\AI_Governance_Whos_the_Boob_Whos_the_Trap_40k.md,166133,C
C/01199_AI_Governance_Whos_the_Boob_Whos_the_Trap_40k_revi_f4cfbe826633.md,C:\Users\softinfo\Documents\PAPERS_MASTER_CONSOLIDATED_2026-04-10\PHASE_5_AUTHORITY_ETHICS_PUBLIC_VOICE\AI_Governance_Whos_the_Boob_Whos_the_Trap_40k_revised.md,309384,C
C/01200_CompressOpaq_FINAL_CITED_ada71736b308.docx,C:\Users\softinfo\Documents\PAPERS_MASTER_CONSOLIDATED_2026-04-10\PHASE_5_AUTHORITY_ETHICS_PUBLIC_VOICE\CompressOpaq_FINAL_CITED.docx,589914,C
C/01201_CompressOpaq_introduction_5d0f98f6bc4c.docx,C:\Users\softinfo\Documents\PAPERS_MASTER_CONSOLIDATED_2026-04-10\PHASE_5_AUTHORITY_ETHICS_PUBLIC_VOICE\CompressOpaq_introduction.docx,13796,C
C/01202_Martin_Voice_Spec_v3_OFFICIAL_61896ff36545.pdf,C:\Users\softinfo\Documents\PAPERS_MASTER_CONSOLIDATED_2026-04-10\PHASE_5_AUTHORITY_ETHICS_PUBLIC_VOICE\Martin_Voice_Spec_v3_OFFICIAL.pdf,150304,C
C/01203_MANIFEST_5863eed02b00.md,C:\Users\softinfo\Documents\PHAROS-ARCHIVE\MANIFEST.md,2392,C
C/01204_codex_work_alignment_summary_2026-04-06_68f803503319.md,C:\Users\softinfo\Documents\PHAROS-ARCHIVE\session-artifacts\codex_work_alignment_summary_2026-04-06.md,6918,C
C/01205_MASTER_TRACKER_linux-copy_2026-03-24_327c76ebe98b.csv,C:\Users\softinfo\Documents\PHAROS-ARCHIVE\tracker-snapshots\MASTER_TRACKER_linux-copy_2026-03-24.csv,38018,C
C/01206_MASTER_TRACKER_linux-copy_2026-03-24_886d6f3e4adf.md,C:\Users\softinfo\Documents\PHAROS-ARCHIVE\tracker-snapshots\MASTER_TRACKER_linux-copy_2026-03-24.md,217257,C
C/01207_APEX_PAPERS_QUICK_REFERENCE_256934bc4a76.md,C:\Users\softinfo\Documents\PHAROS_PAPERS_DB\ai-governance\_reports\APEX_PAPERS_QUICK_REFERENCE.md,2589,C
C/01208_GOVERNANCE_PACKET_ceedee7002d2.md,C:\Users\softinfo\Documents\PHAROS_PAPERS_DB\ai-governance\_reports\GOVERNANCE_PACKET.md,12757,C
C/01209_MASTER_CATALOG_2026-04-10_bffd3727e1cb.md,C:\Users\softinfo\Documents\PHAROS_PAPERS_DB\ai-governance\_reports\MASTER_CATALOG_2026-04-10.md,36105,C
C/01210_MASTER_SYNTHESIS_3acd7cbfd5a1.md,C:\Users\softinfo\Documents\PHAROS_PAPERS_DB\ai-governance\_reports\MASTER_SYNTHESIS.md,23309,C
C/01211_phase_0_foundations_report_16d05454d2c8.md,C:\Users\softinfo\Documents\PHAROS_PAPERS_DB\ai-governance\_reports\phase_0_foundations_report.md,34223,C
C/01212_phase_1_first_method_recurso_report_0c1eae9d668a.md,C:\Users\softinfo\Documents\PHAROS_PAPERS_DB\ai-governance\_reports\phase_1_first_method_recurso_report.md,26763,C
C/01213_phase_2_recursive_governance_report_defc013bdcea.md,C:\Users\softinfo\Documents\PHAROS_PAPERS_DB\ai-governance\_reports\phase_2_recursive_governance_report.md,32653,C
C/01214_phase_3_pharos_closure_report_e2df390c3f09.md,C:\Users\softinfo\Documents\PHAROS_PAPERS_DB\ai-governance\_reports\phase_3_pharos_closure_report.md,40411,C
C/01215_phase_4_continuity_stress_tests_report_0e00bbc9fe24.md,C:\Users\softinfo\Documents\PHAROS_PAPERS_DB\ai-governance\_reports\phase_4_continuity_stress_tests_report.md,47147,C
C/01216_phase_5_authority_ethics_voice_report_31b4b616fab8.md,C:\Users\softinfo\Documents\PHAROS_PAPERS_DB\ai-governance\_reports\phase_5_authority_ethics_voice_report.md,28225,C
C/01217_phase_P_cultural_studies_report_58a2ec338e9c.md,C:\Users\softinfo\Documents\PHAROS_PAPERS_DB\ai-governance\_reports\phase_P_cultural_studies_report.md,43607,C
C/01218_01_Master_Recursive_Deterministic_AI_Governance_de37978802a9.docx,C:\Users\softinfo\Documents\PHAROS_PAPERS_DB\ai-governance\apex\01_Master__Recursive_Deterministic_AI_Governance.docx,53436,C
C/01219_01_Master_Recursive_Deterministic_AI_Governance_0f2b3106b113.md,C:\Users\softinfo\Documents\PHAROS_PAPERS_DB\ai-governance\apex\01_Master__Recursive_Deterministic_AI_Governance.md,78308,C
C/01220_02_Loop_Hinge_candidate_This_paper_May_NOT_exist_5f5db9efb4e6.txt,C:\Users\softinfo\Documents\PHAROS_PAPERS_DB\ai-governance\apex\02_Loop_Hinge_candidate__This_paper_May_NOT_exist.txt,298,C
C/01221_02_Loop_Hinge_support_Spider-Man_bddcf7768b2b.docx,C:\Users\softinfo\Documents\PHAROS_PAPERS_DB\ai-governance\apex\02_Loop_Hinge_support__Spider-Man.docx,25587,C
C/01222_03_Voodoo_The_Afterlife_of_Colonial_Naming_9220c9c47c0a.md,C:\Users\softinfo\Documents\PHAROS_PAPERS_DB\ai-governance\apex\03_Voodoo__The_Afterlife_of_Colonial_Naming.md,56966,C
C/01223_04_First_Method_FIRST_METHOD_PAPER_be7d345a2579.docx,C:\Users\softinfo\Documents\PHAROS_PAPERS_DB\ai-governance\apex\04_First_Method__FIRST_METHOD_PAPER.docx,19434,C
C/01224_06_Claude_Stress_Test_The_Self_Polygraph_Protocol_26bd2c8340aa.docx,C:\Users\softinfo\Documents\PHAROS_PAPERS_DB\ai-governance\apex\06_Claude_Stress_Test__The_Self_Polygraph_Protocol.docx,24472,C
C/01225_06_Self_Polygraph_AI_Society_rewrite_38d9f6ddff12.md,C:\Users\softinfo\Documents\PHAROS_PAPERS_DB\ai-governance\apex\06_Self_Polygraph_AI_Society_rewrite.md,72786,C
C/01226_08_Recursive_Continuity_Without_Memory_journal_man_100c1ba3e6d7.docx,C:\Users\softinfo\Documents\PHAROS_PAPERS_DB\ai-governance\apex\08_Recursive_Continuity_Without_Memory__journal_manuscript.docx,45024,C
C/01227_BUFFY_FINAL_with_selected_bibliography_1_b22e664360da.docx,C:\Users\softinfo\Documents\PHAROS_PAPERS_DB\ai-governance\apex\BUFFY_FINAL_with_selected_bibliography (1).docx,42258,C
C/01228_Governance_by_Denial_-_revised_working_draft_94f956581471.docx,C:\Users\softinfo\Documents\PHAROS_PAPERS_DB\ai-governance\apex\Governance by Denial - revised working draft.docx,56297,C
C/01229_Governance_by_Denial_-_revised_working_draft_94a6e293ed9d.md,C:\Users\softinfo\Documents\PHAROS_PAPERS_DB\ai-governance\apex\Governance by Denial - revised working draft.md,79696,C
C/01230_PHAROS_AIandEthics_submission_DRAFT_5619c66219ec.md,C:\Users\softinfo\Documents\PHAROS_PAPERS_DB\ai-governance\apex\PHAROS_AIandEthics_submission_DRAFT.md,45115,C
C/01231_00_Alambic_c6ff5f8a3acf.odt,C:\Users\softinfo\Documents\PHAROS_PAPERS_DB\ai-governance\phase-0\00_Alambic.odt,42972,C
C/01232_00_Charging_Objects_2017_bb66fae3e7e7.docx,C:\Users\softinfo\Documents\PHAROS_PAPERS_DB\ai-governance\phase-0\00_Charging_Objects_2017.docx,29259,C
C/01233_00_Master_Ethics_Methods_79223a7a5bf4.odt,C:\Users\softinfo\Documents\PHAROS_PAPERS_DB\ai-governance\phase-0\00_Master_Ethics_Methods.odt,55888,C
C/01234_00_Sealed_Card_Protocol_a818d06b8494.pdf,C:\Users\softinfo\Documents\PHAROS_PAPERS_DB\ai-governance\phase-0\00_Sealed_Card_Protocol.pdf,6287477,C
C/01235_00_Sealed_Card_Protocol_2004_8d91b37d1237.docx,C:\Users\softinfo\Documents\PHAROS_PAPERS_DB\ai-governance\phase-0\00_Sealed_Card_Protocol_2004.docx,47768,C
C/01236_00_The_Violet_Gem_b1fcb6ddafe6.odt,C:\Users\softinfo\Documents\PHAROS_PAPERS_DB\ai-governance\phase-0\00_The_Violet_Gem.odt,115232,C
C/01237_04_Algorithmic_Agentic_AI_Fluency_Interruption_Ins_dcb5711f93db.docx,C:\Users\softinfo\Documents\PHAROS_PAPERS_DB\ai-governance\phase-1\04_Algorithmic_Agentic_AI_Fluency_Interruption_Institutional_Accountability.docx,18580,C
C/01238_04_Algorithmic_Agentic_AI_Governance_Hegemonic_Flu_8ffde312d4fa.docx,C:\Users\softinfo\Documents\PHAROS_PAPERS_DB\ai-governance\phase-1\04_Algorithmic_Agentic_AI_Governance_Hegemonic_Fluency_2013.docx,248565,C
C/01239_04_Discursive_Authority_Recursive_Pressure_c23438625e78.pdf,C:\Users\softinfo\Documents\PHAROS_PAPERS_DB\ai-governance\phase-1\04_Discursive_Authority_Recursive_Pressure.pdf,255124,C
C/01240_04_FIRST_METHOD_PAPER_e1002c1a67e2.docx,C:\Users\softinfo\Documents\PHAROS_PAPERS_DB\ai-governance\phase-1\04_FIRST_METHOD_PAPER.docx,19434,C
C/01241_04_FIRST_METHOD_PAPER_variant_dup1_12ff4c71af29.docx,C:\Users\softinfo\Documents\PHAROS_PAPERS_DB\ai-governance\phase-1\04_FIRST_METHOD_PAPER_variant_dup1.docx,22479,C
C/01242_04_Recursive_AI_Governance_merged_a222e1a30c52.md,C:\Users\softinfo\Documents\PHAROS_PAPERS_DB\ai-governance\phase-1\04_Recursive_AI_Governance_merged.md,52786,C
C/01243_04_RECURSO_DRAFT1_FULL_INTEGRATION_8063885983bf.docx,C:\Users\softinfo\Documents\PHAROS_PAPERS_DB\ai-governance\phase-1\04_RECURSO_DRAFT1_FULL_INTEGRATION.docx,18580,C
C/01244_04_RECURSO_DRAFT1_merged_revised_3bd137cfc1f8.md,C:\Users\softinfo\Documents\PHAROS_PAPERS_DB\ai-governance\phase-1\04_RECURSO_DRAFT1_merged_revised.md,67464,C
C/01245_04_RECURSO_DRAFT1_merged_revisedGEM_307ffdf3cb37.docx,C:\Users\softinfo\Documents\PHAROS_PAPERS_DB\ai-governance\phase-1\04_RECURSO_DRAFT1_merged_revisedGEM.docx,42684,C
C/01246_04_Stuttering_Machines_Algorithmic_Dysfluency_a393f566c544.docx,C:\Users\softinfo\Documents\PHAROS_PAPERS_DB\ai-governance\phase-1\04_Stuttering_Machines_Algorithmic_Dysfluency.docx,31321,C
C/01247_01_AI_Anxiety_to_Recursive_Governance_AI_Society_M_7f515caa9964.docx,C:\Users\softinfo\Documents\PHAROS_PAPERS_DB\ai-governance\phase-2\01_AI_Anxiety_to_Recursive_Governance_AI_Society_Manuscript.docx,53436,C
C/01248_01_AI_Anxiety_to_Recursive_Governance_AI_Society_M_dbea1e0cd12d.md,C:\Users\softinfo\Documents\PHAROS_PAPERS_DB\ai-governance\phase-2\01_AI_Anxiety_to_Recursive_Governance_AI_Society_Manuscript.md,78308,C
C/01249_01_AI_Society_Control_Register_Appendix_3c549b457411.md,C:\Users\softinfo\Documents\PHAROS_PAPERS_DB\ai-governance\phase-2\01_AI_Society_Control_Register_Appendix.md,3273,C
C/01250_01_AI_Society_Cover_Letter_923b85fdd0c1.pdf,C:\Users\softinfo\Documents\PHAROS_PAPERS_DB\ai-governance\phase-2\01_AI_Society_Cover_Letter.pdf,91951,C
C/01251_01_AI_Society_Reviewer_Appendix_0435710cfe29.docx,C:\Users\softinfo\Documents\PHAROS_PAPERS_DB\ai-governance\phase-2\01_AI_Society_Reviewer_Appendix.docx,23048,C
C/01252_01_AI_Society_Submission_Note_5375c7da29b3.docx,C:\Users\softinfo\Documents\PHAROS_PAPERS_DB\ai-governance\phase-2\01_AI_Society_Submission_Note.docx,37718,C
C/01253_01_AI_Society_Supplementary_Workflow_Schematic_4182067b7cf9.docx,C:\Users\softinfo\Documents\PHAROS_PAPERS_DB\ai-governance\phase-2\01_AI_Society_Supplementary_Workflow_Schematic.docx,38112,C
C/01254_01_AI_Society_Title_Page_8b5c0be24ae0.docx,C:\Users\softinfo\Documents\PHAROS_PAPERS_DB\ai-governance\phase-2\01_AI_Society_Title_Page.docx,21015,C
C/01255_01_Master_Recursive_Deterministic_AI_Governance_ap_58b386b5e162.md,C:\Users\softinfo\Documents\PHAROS_PAPERS_DB\ai-governance\phase-2\01_Master_Recursive_Deterministic_AI_Governance_apex.md,78308,C
C/01256_10_Governance_by_Denial_Legibility_Capacity_Classi_39b96f63e037.pdf,C:\Users\softinfo\Documents\PHAROS_PAPERS_DB\ai-governance\phase-2\10_Governance_by_Denial_Legibility_Capacity_Classification.pdf,248020,C
C/01257_10_Governance_by_Denial_working_draft_a24411d1a31f.docx,C:\Users\softinfo\Documents\PHAROS_PAPERS_DB\ai-governance\phase-2\10_Governance_by_Denial_working_draft.docx,56297,C
C/01258_10_Governance_by_Denial_working_draft_70c529d92ba9.md,C:\Users\softinfo\Documents\PHAROS_PAPERS_DB\ai-governance\phase-2\10_Governance_by_Denial_working_draft.md,79696,C
C/01259_02_BOUNDED_Loop_Hinge_DRAFTENDLOOP_placeholder_a2c990740f7b.txt,C:\Users\softinfo\Documents\PHAROS_PAPERS_DB\ai-governance\phase-4\02_BOUNDED_Loop_Hinge_DRAFTENDLOOP_placeholder.txt,298,C
C/01260_02_BOUNDED_Spider-Man_article_f65fcffb3bda.docx,C:\Users\softinfo\Documents\PHAROS_PAPERS_DB\ai-governance\phase-4\02_BOUNDED_Spider-Man_article.docx,25587,C
C/01261_06_Self_Polygraph_AI_Society_rewrite_4f22d0dce10c.md,C:\Users\softinfo\Documents\PHAROS_PAPERS_DB\ai-governance\phase-4\06_Self_Polygraph_AI_Society_rewrite.md,72786,C
C/01262_06_Self_Polygraph_Protocol_9db0519376cd.docx,C:\Users\softinfo\Documents\PHAROS_PAPERS_DB\ai-governance\phase-4\06_Self_Polygraph_Protocol.docx,24472,C
C/01263_06_The_Wheel_and_the_Watcher_bf45f1b02ec1.docx,C:\Users\softinfo\Documents\PHAROS_PAPERS_DB\ai-governance\phase-4\06_The_Wheel_and_the_Watcher.docx,19427,C
C/01264_06_The_Wheel_and_the_Watcher_revised_de9c32783381.docx,C:\Users\softinfo\Documents\PHAROS_PAPERS_DB\ai-governance\phase-4\06_The_Wheel_and_the_Watcher_revised.docx,21200,C
C/01265_08_Mobius_Under_Pressure_Theseus_by_Replacement_8c09842b940f.docx,C:\Users\softinfo\Documents\PHAROS_PAPERS_DB\ai-governance\phase-4\08_Mobius_Under_Pressure_Theseus_by_Replacement.docx,31381,C
C/01266_08_Recursive_Continuity_Without_Memory_download_re_9c2816716f10.docx,C:\Users\softinfo\Documents\PHAROS_PAPERS_DB\ai-governance\phase-4\08_Recursive_Continuity_Without_Memory_download_recovery.docx,17306,C
C/01267_08_Recursive_Continuity_Without_Memory_journal_man_bd217005c436.docx,C:\Users\softinfo\Documents\PHAROS_PAPERS_DB\ai-governance\phase-4\08_Recursive_Continuity_Without_Memory_journal_manuscript.docx,45024,C
C/01268_09_For_Her_Alone_to_Wield_152d91387210.txt,C:\Users\softinfo\Documents\PHAROS_PAPERS_DB\ai-governance\phase-5\09_For_Her_Alone_to_Wield.txt,53420,C
C/01269_AI_Governance_Whos_the_Boob_Whos_the_Trap_40k_9a3e7641f377.md,C:\Users\softinfo\Documents\PHAROS_PAPERS_DB\ai-governance\phase-5\AI_Governance_Whos_the_Boob_Whos_the_Trap_40k.md,166133,C
C/01270_AI_Governance_Whos_the_Boob_Whos_the_Trap_40k_revi_11b501235bb8.md,C:\Users\softinfo\Documents\PHAROS_PAPERS_DB\ai-governance\phase-5\AI_Governance_Whos_the_Boob_Whos_the_Trap_40k_revised.md,309384,C
C/01271_CompressOpaq_FINAL_CITED_76c27ee7b1b2.docx,C:\Users\softinfo\Documents\PHAROS_PAPERS_DB\ai-governance\phase-5\CompressOpaq_FINAL_CITED.docx,589914,C
C/01272_CompressOpaq_introduction_49477fcaaeca.docx,C:\Users\softinfo\Documents\PHAROS_PAPERS_DB\ai-governance\phase-5\CompressOpaq_introduction.docx,13796,C
C/01273_Martin_Voice_Spec_v3_OFFICIAL_4b97af10047e.pdf,C:\Users\softinfo\Documents\PHAROS_PAPERS_DB\ai-governance\phase-5\Martin_Voice_Spec_v3_OFFICIAL.pdf,150304,C
C/01274_03_Voodoo_revised_paper_round1_42517f62c0d7.md,C:\Users\softinfo\Documents\PHAROS_PAPERS_DB\cultural-studies\voodoo\03_Voodoo_revised_paper_round1.md,56966,C
C/01275_03_Voodoo_revised_paper_round2_76c02c5417d1.md,C:\Users\softinfo\Documents\PHAROS_PAPERS_DB\cultural-studies\voodoo\03_Voodoo_revised_paper_round2.md,57242,C
C/01276_03_Voodoo_The_Afterlife_of_Colonial_Naming_apex_10311022cf03.md,C:\Users\softinfo\Documents\PHAROS_PAPERS_DB\cultural-studies\voodoo\03_Voodoo_The_Afterlife_of_Colonial_Naming_apex.md,56966,C
C/01277_CS_Every_Hair_a_Battle_Scar_Buffy_Slayage_5206d4139406.docx,C:\Users\softinfo\Documents\PHAROS_PAPERS_DB\cultural-studies\voodoo\CS_Every_Hair_a_Battle_Scar_Buffy_Slayage.docx,38711,C
C/01278_CS_Glitching_the_Sacred_Queer_Paganism_11ab88d2f9f5.docx,C:\Users\softinfo\Documents\PHAROS_PAPERS_DB\cultural-studies\voodoo\CS_Glitching_the_Sacred_Queer_Paganism.docx,29952,C
C/01279_CS_LEPAGE_Avatar_lecture_queer_2677a346efbd.docx,C:\Users\softinfo\Documents\PHAROS_PAPERS_DB\cultural-studies\voodoo\CS_LEPAGE_Avatar_lecture_queer.docx,49296,C
C/01280_CS_LEPAGE_Why_Be_King_UQAM_Thesis_8b8e4df88d0d.pdf,C:\Users\softinfo\Documents\PHAROS_PAPERS_DB\cultural-studies\voodoo\CS_LEPAGE_Why_Be_King_UQAM_Thesis.pdf,3647426,C
C/01281_CS_Magic_After_Legitimacy_Charmed_1998_c01d6e4b17da.pdf,C:\Users\softinfo\Documents\PHAROS_PAPERS_DB\cultural-studies\voodoo\CS_Magic_After_Legitimacy_Charmed_1998.pdf,459669,C
C/01282_CS_Magic_After_Legitimacy_Charmed_2007_50883b64c959.docx,C:\Users\softinfo\Documents\PHAROS_PAPERS_DB\cultural-studies\voodoo\CS_Magic_After_Legitimacy_Charmed_2007.docx,28798,C
C/01283_CS_Magic_After_Legitimacy_LEPAGE_557b8b705bd8.docx,C:\Users\softinfo\Documents\PHAROS_PAPERS_DB\cultural-studies\voodoo\CS_Magic_After_Legitimacy_LEPAGE.docx,28798,C
C/01284_CS_Martin_Lepage_References_bibliographiques_2025_8d4157b46cd7.docx,C:\Users\softinfo\Documents\PHAROS_PAPERS_DB\cultural-studies\voodoo\CS_Martin_Lepage_References_bibliographiques_2025.docx,15015,C
C/01285_CS_Material_Culture_Charging_Objects_Ritual_911257e63be1.docx,C:\Users\softinfo\Documents\PHAROS_PAPERS_DB\cultural-studies\voodoo\CS_Material_Culture_Charging_Objects_Ritual.docx,30762,C
C/01286_CS_Modern_Magic_Pop_Song_Queer_Neopagan_draft_9ae30928a92b.md,C:\Users\softinfo\Documents\PHAROS_PAPERS_DB\cultural-studies\voodoo\CS_Modern_Magic_Pop_Song_Queer_Neopagan_draft.md,57473,C
C/01287_CS_Still_Running_Willow_Anya_d1a834bca2d6.docx,C:\Users\softinfo\Documents\PHAROS_PAPERS_DB\cultural-studies\voodoo\CS_Still_Running_Willow_Anya.docx,24920,C
C/01288_status_4714f227f589.md,C:\Users\softinfo\Documents\PHAROS_PAPERS_DB\drive-g\ai-governance\ai-anxiety\_status.md,235,C
C/01289_AI_Governance_Whos_the_Boob_Whos_the_Trap_40k_Targ_70cc07a4a0c6.docx,C:\Users\softinfo\Documents\PHAROS_PAPERS_DB\drive-g\ai-governance\ai-governance-whos-the-boob\_archive\AI_Governance_Whos_the_Boob_Whos_the_Trap_40k_Target (2).docx,3906645,C
C/01290_status_a858fe297224.md,C:\Users\softinfo\Documents\PHAROS_PAPERS_DB\drive-g\ai-governance\ai-governance-whos-the-boob\_status.md,252,C
C/01291_ai-governance-whos-the-boob_manuscript_694f7a7e5f8c.docx,C:\Users\softinfo\Documents\PHAROS_PAPERS_DB\drive-g\ai-governance\ai-governance-whos-the-boob\ai-governance-whos-the-boob_manuscript.docx,744105,C
C/01292_status_1c21823f674d.md,C:\Users\softinfo\Documents\PHAROS_PAPERS_DB\drive-g\ai-governance\anthro-pharos\_status.md,238,C
C/01293_status_c36ad034c224.md,C:\Users\softinfo\Documents\PHAROS_PAPERS_DB\drive-g\ai-governance\first-method-paper\_status.md,243,C
C/01294_first-method-paper_long-narrative_9cfbb248f767.pdf,C:\Users\softinfo\Documents\PHAROS_PAPERS_DB\drive-g\ai-governance\first-method-paper\first-method-paper_long-narrative.pdf,132414,C
C/01295_first-method-paper_medium-narrative_74a9e4fd72a4.pdf,C:\Users\softinfo\Documents\PHAROS_PAPERS_DB\drive-g\ai-governance\first-method-paper\first-method-paper_medium-narrative.pdf,88551,C
C/01296_first-method-paper_very-long-narrative_f4c7e7f1fd81.pdf,C:\Users\softinfo\Documents\PHAROS_PAPERS_DB\drive-g\ai-governance\first-method-paper\first-method-paper_very-long-narrative.pdf,159168,C
C/01297_status_92f3eddc3285.md,C:\Users\softinfo\Documents\PHAROS_PAPERS_DB\drive-g\ai-governance\governance-by-denial\_status.md,245,C
C/01298_governance-by-denial_notes_4c4dbfc364dc.md,C:\Users\softinfo\Documents\PHAROS_PAPERS_DB\drive-g\ai-governance\governance-by-denial\governance-by-denial_notes.md,2788,C
C/01299_status_a44bfa9075a7.md,C:\Users\softinfo\Documents\PHAROS_PAPERS_DB\drive-g\ai-governance\pharos-invention-disclosure\_status.md,252,C
C/01300_status_5ae1d0167674.md,C:\Users\softinfo\Documents\PHAROS_PAPERS_DB\drive-g\ai-governance\recursive-continuity\_status.md,245,C
C/01301_status_9b9a800e893b.md,C:\Users\softinfo\Documents\PHAROS_PAPERS_DB\drive-g\ai-governance\recursive-det-gov\_status.md,242,C
C/01302_MANIFEST_aefe122aa060.md,C:\Users\softinfo\Documents\PHAROS_PAPERS_DB\drive-g\MANIFEST.md,8795,C
C/01303_status_3514be4041c4.md,C:\Users\softinfo\Documents\PHAROS_PAPERS_DB\drive-g\media-studies\authority-without-ethics\_status.md,249,C
C/01304_BUFFY_revised_with_bibliography_96d35def27c0.docx,C:\Users\softinfo\Documents\PHAROS_PAPERS_DB\drive-g\media-studies\buffy\_archive\BUFFY_revised_with_bibliography.docx,28201,C
C/01305_status_21a8fd269fd8.md,C:\Users\softinfo\Documents\PHAROS_PAPERS_DB\drive-g\media-studies\buffy\_status.md,230,C
C/01306_buffy_manuscript_b4c1eef9a754.docx,C:\Users\softinfo\Documents\PHAROS_PAPERS_DB\drive-g\media-studies\buffy\buffy_manuscript.docx,42258,C
C/01307_Compress_without_opacity_1_36fc1161f026.docx,C:\Users\softinfo\Documents\PHAROS_PAPERS_DB\drive-g\media-studies\compress-without-opacity\_archive\Compress without opacity (1).docx,402005,C
C/01308_Compress_without_opacity_2_7fb8d1940e51.docx,C:\Users\softinfo\Documents\PHAROS_PAPERS_DB\drive-g\media-studies\compress-without-opacity\_archive\Compress without opacity (2).docx,20507,C
C/01309_Compress_without_Opacity-DRAFT2_deac5c966bb6.docx,C:\Users\softinfo\Documents\PHAROS_PAPERS_DB\drive-g\media-studies\compress-without-opacity\_archive\Compress without Opacity-DRAFT2.docx,26651,C
C/01310_Compress_without_opacity_f468ac428792.docx,C:\Users\softinfo\Documents\PHAROS_PAPERS_DB\drive-g\media-studies\compress-without-opacity\_archive\Compress without opacity.docx,29795,C
C/01311_CompressOpaq-FINAL-BACKUP-20260228-161530_e3a046c02af5.docx,C:\Users\softinfo\Documents\PHAROS_PAPERS_DB\drive-g\media-studies\compress-without-opacity\_archive\CompressOpaq-FINAL-BACKUP-20260228-161530.docx,590588,C
C/01312_CompressOpaq-FINAL-BACKUP-20260228-164858_11b45fc96b6d.docx,C:\Users\softinfo\Documents\PHAROS_PAPERS_DB\drive-g\media-studies\compress-without-opacity\_archive\CompressOpaq-FINAL-BACKUP-20260228-164858.docx,590588,C
C/01313_CompressOpaq-FINAL-BACKUP-20260228-165347_3a15b5802c9e.docx,C:\Users\softinfo\Documents\PHAROS_PAPERS_DB\drive-g\media-studies\compress-without-opacity\_archive\CompressOpaq-FINAL-BACKUP-20260228-165347.docx,590588,C
C/01314_CompressOpaq-FINAL-CITED-20260228-164858_83a34a50e0ee.docx,C:\Users\softinfo\Documents\PHAROS_PAPERS_DB\drive-g\media-studies\compress-without-opacity\_archive\CompressOpaq-FINAL-CITED-20260228-164858.docx,590380,C
C/01315_CompressOpaq-FINAL_1c07ce0efcfc.docx,C:\Users\softinfo\Documents\PHAROS_PAPERS_DB\drive-g\media-studies\compress-without-opacity\_archive\CompressOpaq-FINAL.docx,590588,C
C/01316_CompressOpaq-TRUE_b93fee2b31f8.docx,C:\Users\softinfo\Documents\PHAROS_PAPERS_DB\drive-g\media-studies\compress-without-opacity\_archive\CompressOpaq-TRUE.docx,594373,C
C/01317_CompressOpaq-TRUE_7cd8610899bc.odt,C:\Users\softinfo\Documents\PHAROS_PAPERS_DB\drive-g\media-studies\compress-without-opacity\_archive\CompressOpaq-TRUE.odt,77115,C
C/01318_introduction_282377cd127a.docx,C:\Users\softinfo\Documents\PHAROS_PAPERS_DB\drive-g\media-studies\compress-without-opacity\_archive\introduction.docx,13796,C
C/01319_VISIBILITY_cdb8a4d55db2.docx,C:\Users\softinfo\Documents\PHAROS_PAPERS_DB\drive-g\media-studies\compress-without-opacity\_archive\VISIBILITY.docx,26308,C
C/01320_status_0fa85bb92bea.md,C:\Users\softinfo\Documents\PHAROS_PAPERS_DB\drive-g\media-studies\compress-without-opacity\_status.md,249,C
C/01321_compress-without-opacity_manuscript_cd05e56d643d.docx,C:\Users\softinfo\Documents\PHAROS_PAPERS_DB\drive-g\media-studies\compress-without-opacity\compress-without-opacity_manuscript.docx,589914,C
C/01322_status_62d8cbd9ec6e.md,C:\Users\softinfo\Documents\PHAROS_PAPERS_DB\drive-g\media-studies\recurso\_status.md,232,C
C/01323_The_Sealed_Card_Protocol_-_TRUE_1_f154869b40af.docx,C:\Users\softinfo\Documents\PHAROS_PAPERS_DB\drive-g\media-studies\sealed-card-protocol\_archive\The Sealed Card Protocol - TRUE (1).docx,38402,C
C/01324_The_Sealed_Card_Protocol_-_TRUE_1_a1aef47e096d.pdf,C:\Users\softinfo\Documents\PHAROS_PAPERS_DB\drive-g\media-studies\sealed-card-protocol\_archive\The Sealed Card Protocol - TRUE (1).pdf,323147,C
C/01325_The_Sealed_Card_Protocol_-_TRUE_2_b30d574ce2fa.docx,C:\Users\softinfo\Documents\PHAROS_PAPERS_DB\drive-g\media-studies\sealed-card-protocol\_archive\The Sealed Card Protocol - TRUE (2).docx,35559,C
C/01326_status_61b321d71240.md,C:\Users\softinfo\Documents\PHAROS_PAPERS_DB\drive-g\media-studies\sealed-card-protocol\_status.md,245,C
C/01327_sealed-card-protocol_final_714d0d39fc55.pdf,C:\Users\softinfo\Documents\PHAROS_PAPERS_DB\drive-g\media-studies\sealed-card-protocol\sealed-card-protocol_final.pdf,241977,C
C/01328_sealed-card-protocol_manuscript_e1d62265d7f3.pdf,C:\Users\softinfo\Documents\PHAROS_PAPERS_DB\drive-g\media-studies\sealed-card-protocol\sealed-card-protocol_manuscript.pdf,289254,C
C/01329_status_873032fdbbfa.md,C:\Users\softinfo\Documents\PHAROS_PAPERS_DB\drive-g\media-studies\this-paper-may-not-exist\_status.md,249,C
C/01330_MANIFEST_e93024e7dc74.md,C:\Users\softinfo\Documents\PHAROS_PAPERS_DB\MANIFEST.md,59892,C
C/01331_phase0-paper-working-draft_e8be66439842.docx,C:\Users\softinfo\Documents\PHAROS_PAPERS_DB\phase0-paper-working-draft.docx,31379,C
C/01332_1980_-_Martin_Lepage_-_Pourquoi_rever_encore_Lectu_26d7804238eb.docx,C:\Users\softinfo\Documents\PHAROS_PAPERS_DB\published\1980 - Martin Lepage - Pourquoi rever encore Lecture allegorique et metaphysique de luvre initiale dYvon Rivard - cv_resume.docx,33348,C
C/01333_1980_-_Pourquoi_rever_encore_Lecture_allegorique_e_ce3a51292a7b.docx,C:\Users\softinfo\Documents\PHAROS_PAPERS_DB\published\1980 - Pourquoi rever encore Lecture allegorique et metaphysique de luvre initiale dYvon Rivard.docx,38266,C
C/01334_1993_-_Unnatural_Selection_Queer_Method_and_Posthu_ce5afc3a3ffe.docx,C:\Users\softinfo\Documents\PHAROS_PAPERS_DB\published\1993 - Unnatural Selection Queer Method and Posthuman Commons in Jurassic Park.docx,19436,C
C/01335_1998_-_Magic_After_Legitimacy_Witchcraft_Sisterhoo_bd516904fad2.pdf,"C:\Users\softinfo\Documents\PHAROS_PAPERS_DB\published\1998 - Magic After Legitimacy Witchcraft, Sisterhood, and the Work of Power in Charmed.pdf",459669,C
C/01336_2002_-_Martin_Lepage_-_Queer_Neo-Pagan_Spiritualit_05481e025858.docx,C:\Users\softinfo\Documents\PHAROS_PAPERS_DB\published\2002 - Martin Lepage - Queer Neo-Pagan Spiritualities and the Question of Authenticity in Wicca.docx,40666,C
C/01337_2003_-_Shamanism_s_and_Gender_Narratives_from_the_3081ca4dd438.docx,C:\Users\softinfo\Documents\PHAROS_PAPERS_DB\published\2003 - )Shamanism(s) and Gender Narratives from the Montreal Pagan Community.docx,41344,C
C/01338_2003_-_Martin_Lepage_-_LA_DEESSE_INTERIEURE_eb3f48758efd.pdf,C:\Users\softinfo\Documents\PHAROS_PAPERS_DB\published\2003 - Martin Lepage - LA DEESSE INTERIEURE.pdf,241665,C
C/01339_2003_-_Martin_Lepage_-_THE_INNER_GODDESS_GENDER_NO_5cd388fcd3b5.docx,C:\Users\softinfo\Documents\PHAROS_PAPERS_DB\published\2003 - Martin Lepage - THE INNER GODDESS GENDER NORMATIVITY AND GAY IDENTITY IN WICCAN RITUALITIES.docx,50363,C
C/01340_2003_-_Martin_Lepage_-_THE_INNER_GODDESS_GENDER_NO_adb4e5be8a38.pdf,C:\Users\softinfo\Documents\PHAROS_PAPERS_DB\published\2003 - Martin Lepage - THE INNER GODDESS GENDER NORMATIVITY AND GAY IDENTITY IN.pdf,374617,C
C/01341_2007_-_Magic_After_Legitimacy_Witchcraft_Sisterhoo_d83c37738e77.docx,"C:\Users\softinfo\Documents\PHAROS_PAPERS_DB\published\2007 - Magic After Legitimacy Witchcraft, Sisterhood, and the Work of Power in Charmed - MASTER.docx",28798,C
C/01342_2007_-_Magic_After_Legitimacy_Witchcraft_Sisterhoo_4c461ff0ea37.docx,"C:\Users\softinfo\Documents\PHAROS_PAPERS_DB\published\2007 - Magic After Legitimacy Witchcraft, Sisterhood, and the Work of Power in Charmed.docx",28798,C
C/01343_2007_-_Martin_Lepage_-_Every_Hair_a_Battle_Scar_Bu_133cce141a26.docx,"C:\Users\softinfo\Documents\PHAROS_PAPERS_DB\published\2007 - Martin Lepage - Every Hair a Battle Scar Buffy Summers Hair as Narrative Engine, Cultural Icon, and Postfe - notes_or_journal.docx",130710,C
C/01344_2010_-_Shamanism_s_and_Gender_Narratives_from_the_5e7d8cb433ea.docx,C:\Users\softinfo\Documents\PHAROS_PAPERS_DB\published\2010 - )Shamanism(s) and Gender Narratives from the Montreal Pagan Community.docx,34611,C
C/01345_2010_-_Martin_Lepage_-_Neo-_Shamanism_s_and_Gender_9d7b3a534f8e.docx,C:\Users\softinfo\Documents\PHAROS_PAPERS_DB\published\2010 - Martin Lepage - (Neo-)Shamanism(s) and Gender Narratives from the Montreal Pagan Community.docx,56753,C
C/01346_2010_-_Martin_Lepage_-_Neo-Shamanism_s_and_Gender_4aca83c11268.docx,C:\Users\softinfo\Documents\PHAROS_PAPERS_DB\published\2010 - Martin Lepage - Neo-Shamanism(s) and Gender Narratives from the Montreal Pagan Community.docx,57119,C
C/01347_2010_-_Queer_and_Virtually_Magical_Literally_Agath_44a405050279.docx,"C:\Users\softinfo\Documents\PHAROS_PAPERS_DB\published\2010 - Queer and Virtually Magical, Literally Agatha All Along and the Digitalization of Witchcra.docx",38589,C
C/01348_2011_-_Refusing_Fixity_Aesthetic_Governance_Fugiti_02f1f9a6bad8.docx,"C:\Users\softinfo\Documents\PHAROS_PAPERS_DB\published\2011 - Refusing Fixity Aesthetic Governance, Fugitive Authorship, and the Refusal of Dead Knowled.docx",24255,C
C/01349_2012_-_Beyond_Fluency_Stuttering_Queer_Crip_Critiq_16d865b62915.docx,"C:\Users\softinfo\Documents\PHAROS_PAPERS_DB\published\2012 - Beyond Fluency Stuttering, Queer Crip Critique, and the Instability of Knowledge.docx",24528,C
C/01350_2012_-_Chapter_a1a5cc51aab0.docx,C:\Users\softinfo\Documents\PHAROS_PAPERS_DB\published\2012 - Chapter.docx,76927,C
C/01351_2012_-_Martin_Lepage_-_La_serie_animee_Avatar_une_490bf35645ed.docx,C:\Users\softinfo\Documents\PHAROS_PAPERS_DB\published\2012 - Martin Lepage - La serie animee Avatar une lecture queer du pouvoir incarne - thesis_or_dissertation.docx,49296,C
C/01352_2012_-_Masculinites_et_ritualites_la_magie_chez_le_6a5e8802fb6f.pdf,C:\Users\softinfo\Documents\PHAROS_PAPERS_DB\published\2012 - Masculinites et ritualites la magie chez les Radical Faeries.pdf,145226,C
C/01353_2013_-_Shamanism_s_and_Gender_Narratives_from_the_daa7b42c1c19.docx,C:\Users\softinfo\Documents\PHAROS_PAPERS_DB\published\2013 - )Shamanism(s) and Gender Narratives from the Montreal Pagan Community [2].docx,37409,C
C/01354_2013_-_Shamanism_s_and_Gender_Narratives_from_the_5d118865ba71.docx,C:\Users\softinfo\Documents\PHAROS_PAPERS_DB\published\2013 - )Shamanism(s) and Gender Narratives from the Montreal Pagan Community.docx,39109,C
C/01355_2013_-_Shamanism_s_and_Gender_Narratives_from_the_fe6c38fa6dcf.docx,C:\Users\softinfo\Documents\PHAROS_PAPERS_DB\published\2013 - )Shamanism(s) and Gender Narratives from the Montreal Pagan Community_1.docx,38739,C
C/01356_2013_-_Algorithmic_Agentic_AI_and_Governance_From_c19fd632c211.docx,C:\Users\softinfo\Documents\PHAROS_PAPERS_DB\published\2013 - Algorithmic Agentic AI and Governance From Hegemonic Fluency to the Ethics of Interruption.docx,248565,C
C/01357_2013_-_Method_Collaborative_Autoethnography_76c90956b412.docx,C:\Users\softinfo\Documents\PHAROS_PAPERS_DB\published\2013 - Method (Collaborative Autoethnography).docx,37800,C
C/01358_2013_-_Virtually_Magical_Literally_b84bed370bb5.docx,"C:\Users\softinfo\Documents\PHAROS_PAPERS_DB\published\2013 - Virtually Magical, Literally.docx",37251,C
C/01359_2016_-_Authority_Without_Ethics_Ritual_Power_and_t_514dd69a1a66.docx,C:\Users\softinfo\Documents\PHAROS_PAPERS_DB\published\2016 - Authority Without Ethics Ritual Power and the Cultural Life of Witchcraft in The Love Witc.docx,32328,C
C/01360_2017_-_Martin_Lepage_-_Queer_Neo-Pagan_Spiritualit_3a915b043526.docx,C:\Users\softinfo\Documents\PHAROS_PAPERS_DB\published\2017 - Martin Lepage - Queer Neo-Pagan Spiritualities and the Question of Authenticity in Wicca.docx,43389,C
C/01361_2017_-_Social_Stratification_and_Social_Inequality_290b683b5c30.docx,C:\Users\softinfo\Documents\PHAROS_PAPERS_DB\published\2017 - Social Stratification and Social Inequality Models of Intersectionality and Identity.docx,37467,C
C/01362_2017_-_Why_be_king_Im_already_a_queen_440e3fa00d84.docx,C:\Users\softinfo\Documents\PHAROS_PAPERS_DB\published\2017 - Why be king Im already a queen!.docx,17531,C
C/01363_2018_-_The_Familiars_of_Hollywood_Queerness_Whiten_61653526a6c7.docx,"C:\Users\softinfo\Documents\PHAROS_PAPERS_DB\published\2018 - The Familiars of Hollywood Queerness, Whiteness, and the Vampiric Economy of Representatio.docx",28248,C
C/01364_2022_-_Unnatural_Selection_Queer_Method_and_Posthu_38c34130bfdd.docx,C:\Users\softinfo\Documents\PHAROS_PAPERS_DB\published\2022 - Unnatural Selection Queer Method and Posthuman Commons in Jurassic Park.docx,16760,C
C/01365_2023_-_Authority_After_Legitimacy_Fairy_Tales_Gove_e3543b409924.docx,"C:\Users\softinfo\Documents\PHAROS_PAPERS_DB\published\2023 - Authority After Legitimacy Fairy Tales, Governance, and Political Failure in Disenchantmen.docx",30507,C
C/01366_2024_-_The_Scythe_Already_in_Motion_Buffy_Queer_Ri_ce8c5b545c05.docx,"C:\Users\softinfo\Documents\PHAROS_PAPERS_DB\published\2024 - The Scythe Already in Motion Buffy, Queer Ritual, and the Politics of Glitch.docx",11554,C
C/01367_2025_-_Introduction_The_Ritual_Machine_Lab_or_How_18cc4c06d1cc.docx,"C:\Users\softinfo\Documents\PHAROS_PAPERS_DB\published\2025 - Introduction The Ritual Machine Lab, or, How Stories Train the Body Into Obedience While C.docx",149955,C
C/01368_2025_-_Martin_Lepage_-_BREATH_OF_THE_ASTRAL_YEAR_8705f5a27fd5.docx,C:\Users\softinfo\Documents\PHAROS_PAPERS_DB\published\2025 - Martin Lepage - BREATH OF THE ASTRAL YEAR - book_or_monograph.docx,704080,C
C/01369_2025_-_Martin_Lepage_-_CORPUS_-_book_or_monograph_557d7d66efaf.docx,C:\Users\softinfo\Documents\PHAROS_PAPERS_DB\published\2025 - Martin Lepage - CORPUS - book_or_monograph [2].docx,778153,C
C/01370_2025_-_Martin_Lepage_-_CORPUS_-_book_or_monograph_74928976f299.docx,C:\Users\softinfo\Documents\PHAROS_PAPERS_DB\published\2025 - Martin Lepage - CORPUS - book_or_monograph.docx,779953,C
C/01371_2025_-_Martin_Lepage_-_La_frequence_brisee_du_verb_3cfb5c983806.docx,C:\Users\softinfo\Documents\PHAROS_PAPERS_DB\published\2025 - Martin Lepage - La frequence brisee du verbe - thesis_or_dissertation.docx,139311,C
C/01372_2025_-_Martin_Lepage_-_LE_SANG_QUI_PORTE_TON_NOM_8d97d6e85764.docx,C:\Users\softinfo\Documents\PHAROS_PAPERS_DB\published\2025 - Martin Lepage - LE SANG QUI PORTE TON NOM - book_or_monograph.docx,685099,C
C/01373_2025_-_Martin_Lepage_-_Le_sang_qui_porte_ton_nom_a4be638a0ef9.docx,C:\Users\softinfo\Documents\PHAROS_PAPERS_DB\published\2025 - Martin Lepage - Le sang qui porte ton nom.docx,679884,C
C/01374_2025_-_Martin_Lepage_-_Prologue_I_Saw_Willow_Rise_9e341d3c49d4.docx,C:\Users\softinfo\Documents\PHAROS_PAPERS_DB\published\2025 - Martin Lepage - Prologue I Saw Willow Rise.docx,126212,C
C/01375_2025_-_Martin_Lepage_-_References_bibliographiques_db03e26f22f2.docx,C:\Users\softinfo\Documents\PHAROS_PAPERS_DB\published\2025 - Martin Lepage - References bibliographiques.docx,15015,C
C/01376_2025_-_Martin_Lepage_-_THE_BROKEN_FREQUENCY_OF_THE_114da60b6db4.pdf,C:\Users\softinfo\Documents\PHAROS_PAPERS_DB\published\2025 - Martin Lepage - THE BROKEN FREQUENCY OF THE WORD - book_or_monograph.pdf,527356,C
C/01377_2025_-_Martin_Lepage_-_THE_BROKEN_FREQUENCY_OF_THE_3996a1898eb9.docx,C:\Users\softinfo\Documents\PHAROS_PAPERS_DB\published\2025 - Martin Lepage - THE BROKEN FREQUENCY OF THE WORD.docx,178400,C
C/01378_2025_-_Martin_Lepage_-_THE_RETURNING_LIGHT_-_book_1915fe7741c1.docx,C:\Users\softinfo\Documents\PHAROS_PAPERS_DB\published\2025 - Martin Lepage - THE RETURNING LIGHT - book_or_monograph.docx,102921,C
C/01379_2025_-_Martin_Lepage_-_THE_SIXTH_SIGNAL_-_book_or_2f64ee7c3500.pdf,C:\Users\softinfo\Documents\PHAROS_PAPERS_DB\published\2025 - Martin Lepage - THE SIXTH SIGNAL - book_or_monograph.pdf,731550,C
C/01380_2025_-_Stuttering_Machines_Code_Voice_and_the_Algo_b4e7952b953c.md,"C:\Users\softinfo\Documents\PHAROS_PAPERS_DB\published\2025 - Stuttering Machines Code, Voice, and the Algorithmic Dysfluency.md",697,C
C/01381_2026_-_ocr_needed_1_4be871dde8c9.pdf,C:\Users\softinfo\Documents\PHAROS_PAPERS_DB\published\2026 - ocr_needed_1.pdf,4567784,C
C/01382_2026_-_VISIBILITY_0c5317d666ae.docx,C:\Users\softinfo\Documents\PHAROS_PAPERS_DB\published\2026 - VISIBILITY.docx,26308,C
C/01383_2027_-_Embedding_Before_Rupture_Relational_AI_Bind_319aa29f44a8.txt,"C:\Users\softinfo\Documents\PHAROS_PAPERS_DB\published\2027 - Embedding Before Rupture Relational AI, Binding Governance, and Institutional Power.txt",71491,C
C/01384_2005_-_Pagan_Magic_Identity_Religion_and_the_Power_7509b2c73685.docx,"C:\Users\softinfo\Documents\PHAROS_PAPERS_DB\submissions\MagicRW\2005 - Pagan Magic Identity, Religion, and the Power of Norms.docx",37375,C
C/01385_2005_-_Pagan_Magic_Identity_Religion_and_the_Power_cbb3b599bf75.docx,"C:\Users\softinfo\Documents\PHAROS_PAPERS_DB\submissions\MagicRW\2005 - Pagan Magic Identity, Religion, and the Power of Norms_1.docx",59767,C
C/01386_2006_-_Pagan_Magic_Identity_Power_and_the_Uses_of_7172c19de18d.txt,"C:\Users\softinfo\Documents\PHAROS_PAPERS_DB\submissions\MagicRW\2006 - Pagan Magic Identity, Power, and the Uses of Magic.txt",21261,C
C/01387_2013_-_Pagan_Magic_Identity_Religion_and_the_Power_9580c55d716a.docx,"C:\Users\softinfo\Documents\PHAROS_PAPERS_DB\submissions\MagicRW\2013 - Pagan Magic Identity, Religion, and the Power of Norms.docx",36871,C
C/01388_2025_-_Pagan_Magic_a37aaf619d94.docx,C:\Users\softinfo\Documents\PHAROS_PAPERS_DB\submissions\MagicRW\2025 - Pagan Magic.docx,12746,C
C/01389_2026_-_Pagan_Magic_Identity_Power_and_the_Uses_of_c57343b6ff79.docx,"C:\Users\softinfo\Documents\PHAROS_PAPERS_DB\submissions\MagicRW\2026 - Pagan Magic Identity, Power, and the Uses of Magic.docx",31210,C
C/01390_2026-May11-_Pagan_Magic_Identity_Power_and_the_Use_d5557ab255bf.docx,"C:\Users\softinfo\Documents\PHAROS_PAPERS_DB\submissions\MagicRW\2026-May11- Pagan Magic Identity, Power, and the Uses of Magic.docx",45511,C
C/01391_2026-May11-_Pagan_Magic_Identity_Power_and_the_Use_2f83253ad98c.txt,"C:\Users\softinfo\Documents\PHAROS_PAPERS_DB\submissions\MagicRW\2026-May11- Pagan Magic Identity, Power, and the Uses of Magic.txt",21261,C
C/01392_1994_-_entertainment_-_Reboot_Performance_Gender_a_5771f174a76c.pdf,"C:\Users\softinfo\Documents\PHAROS_PAPERS_DB\submissions\REBOOT\1994 - entertainment - Reboot Performance, Gender, and the Computing of IdentityMT - journal_article.pdf",262414,C
C/01393_1994_-_lepage_-_Reboot_-_policy_or_guidance_26d922045491.docx,C:\Users\softinfo\Documents\PHAROS_PAPERS_DB\submissions\REBOOT\1994 - lepage - Reboot - policy_or_guidance.docx,42787,C
C/01394_2025_-_dawes_-_Reboot_-_journal_article_2_817c51ad51e6.pdf,C:\Users\softinfo\Documents\PHAROS_PAPERS_DB\submissions\REBOOT\2025 - dawes - Reboot - journal_article [2].pdf,860377,C
C/01395_2025_-_dawes_-_Reboot_-_journal_article_61f401ea4256.pdf,C:\Users\softinfo\Documents\PHAROS_PAPERS_DB\submissions\REBOOT\2025 - dawes - Reboot - journal_article.pdf,860377,C
C/01396_LEPAGE-Reboot_Performance_Gender_and_the_Computing_5d7392b98315.docx,"C:\Users\softinfo\Documents\PHAROS_PAPERS_DB\submissions\REBOOT\LEPAGE-Reboot Performance, Gender, and the Computing of Identity__0A439345.docx",42522,C
C/01397_LEPAGE-Reboot_Performance_Gender_and_the_Computing_43a1f2320b9a.docx,"C:\Users\softinfo\Documents\PHAROS_PAPERS_DB\submissions\REBOOT\LEPAGE-Reboot Performance, Gender, and the Computing of IdentityFINAL (1)__5C01AC5B.docx",30118,C
C/01398_LEPAGE-Reboot_Performance_Gender_and_the_Computing_b4057151f673.docx,"C:\Users\softinfo\Documents\PHAROS_PAPERS_DB\submissions\REBOOT\LEPAGE-Reboot Performance, Gender, and the Computing of IdentityFINAL__2C1B0626.docx",61184,C
C/01399_LEPAGE-Reboot_Performance_Gender_and_the_Computing_c058edd88e72.docx,"C:\Users\softinfo\Documents\PHAROS_PAPERS_DB\submissions\REBOOT\LEPAGE-Reboot+Performance,+Gender,+and+the+Computing+of+Identity+(1)__1BA75FC1.docx",42787,C
C/01400_Reboot_Performance_Gender_and_the_Computing_of_Ide_3fa1a12a1a32.docx,"C:\Users\softinfo\Documents\PHAROS_PAPERS_DB\submissions\REBOOT\Reboot Performance, Gender, and the Computing of IdentityMT (1)__FE48192D.docx",30118,C
C/01401_Reboot_Performance_Gender_and_the_Computing_of_Ide_a3e5ce10725e.docx,"C:\Users\softinfo\Documents\PHAROS_PAPERS_DB\submissions\REBOOT\Reboot Performance, Gender, and the Computing of IdentityMT-REV (1)__B65F6707.docx",34883,C
C/01402_Reboot_Performance_Gender_Identity_6FC1EE89_0794a633c3b1.docx,C:\Users\softinfo\Documents\PHAROS_PAPERS_DB\submissions\REBOOT\Reboot_Performance_Gender_Identity__6FC1EE89.docx,38810,C
C/01403_agatha_socialcompass_v5_1_dcc8564a1efd.docx,C:\Users\softinfo\Documents\PHAROS_PAPERS_DB\submissions\SocialCompass Agatha\agatha_socialcompass_v5 (1).docx,28154,C
C/01404_agatha_socialcompass_v5_2_f2a788bfb258.docx,C:\Users\softinfo\Documents\PHAROS_PAPERS_DB\submissions\SocialCompass Agatha\agatha_socialcompass_v5 (2).docx,28418,C
C/01405_agatha_socialcompass_v5_b531a5cdfdc0.docx,C:\Users\softinfo\Documents\PHAROS_PAPERS_DB\submissions\SocialCompass Agatha\agatha_socialcompass_v5.docx,28552,C
C/01406_Agathav4.1_b8be26e2cc74.docx,C:\Users\softinfo\Documents\PHAROS_PAPERS_DB\submissions\SocialCompass Agatha\Agathav4.1.docx,27060,C
C/01407_Agathav4.2_3f724fba3a83.docx,C:\Users\softinfo\Documents\PHAROS_PAPERS_DB\submissions\SocialCompass Agatha\Agathav4.2.docx,26565,C
C/01408_Agathav4.2_revised_0438649b57b4.docx,C:\Users\softinfo\Documents\PHAROS_PAPERS_DB\submissions\SocialCompass Agatha\Agathav4.2_revised.docx,27418,C
C/01409_Agathav4.2_revised_highlighted_ac507e42d02c.docx,C:\Users\softinfo\Documents\PHAROS_PAPERS_DB\submissions\SocialCompass Agatha\Agathav4.2_revised_highlighted.docx,27438,C
C/01410_Agathav4.3_final_4263360c1ac1.docx,C:\Users\softinfo\Documents\PHAROS_PAPERS_DB\submissions\SocialCompass Agatha\Agathav4.3_final.docx,27487,C
C/01411_Agathav4.3_final_highlighted_898ae5ee9359.docx,C:\Users\softinfo\Documents\PHAROS_PAPERS_DB\submissions\SocialCompass Agatha\Agathav4.3_final_highlighted.docx,27507,C
C/01412_SocialCompass_AAAreviewers_v3_c6a86025a176.docx,C:\Users\softinfo\Documents\PHAROS_PAPERS_DB\submissions\SocialCompass Agatha\SocialCompass_AAAreviewers_v3.docx,22010,C
C/01413_SocialCompass_AAAreviewers_v4_5dde38342294.docx,C:\Users\softinfo\Documents\PHAROS_PAPERS_DB\submissions\SocialCompass Agatha\SocialCompass_AAAreviewers_v4.docx,9551,C
C/01414_SocialCompass_response_to_reviewers_v2_9a89069a1bf9.docx,C:\Users\softinfo\Documents\PHAROS_PAPERS_DB\submissions\SocialCompass Agatha\SocialCompass_response_to_reviewers_v2.docx,38702,C
C/01415_SocialCompass_response_to_reviewers_v3_2c3ad11574d9.docx,C:\Users\softinfo\Documents\PHAROS_PAPERS_DB\submissions\SocialCompass Agatha\SocialCompass_response_to_reviewers_v3.docx,38855,C
C/01416_SocialCompass_response_to_reviewers_v3_highlighted_4966c5afce5b.docx,C:\Users\softinfo\Documents\PHAROS_PAPERS_DB\submissions\SocialCompass Agatha\SocialCompass_response_to_reviewers_v3_highlighted.docx,38883,C
C/01417_SocialCompassWiccaAgatha_V3_305be35fca5a.docx,C:\Users\softinfo\Documents\PHAROS_PAPERS_DB\submissions\SocialCompass Agatha\SocialCompassWiccaAgatha_V3.docx,39635,C
C/01418_I_m_building_this_as_a_peer-re_ef894d0b24d4.txt,C:\Users\softinfo\Documents\PHAROS_PAPERS_DB\wip\AI ETHICS+Recursion paper\#####I’m building this as a peer-re.txt,58915,C
C/01419_ai_anXIETY_TO_RECURISON_a0f860414bec.doc,C:\Users\softinfo\Documents\PHAROS_PAPERS_DB\wip\AI ETHICS+Recursion paper\ai anXIETY TO RECURISON.doc,10240,C
C/01420_Algorithmic_Agentic_AI_and_Governance_From_Hegemon_aba71189733f.docx,C:\Users\softinfo\Documents\PHAROS_PAPERS_DB\wip\AI ETHICS+Recursion paper\Algorithmic Agentic AI and Governance From Hegemonic Fluency to the Ethics of Interruption.docx,248500,C
C/01421_BUILDING_2f9d9a496483.txt,C:\Users\softinfo\Documents\PHAROS_PAPERS_DB\wip\AI ETHICS+Recursion paper\BUILDING.txt,91756,C
C/01422_From_AI_Anxiety_to_Recursive_Governance_Under_Cons_512da24796f7.txt,C:\Users\softinfo\Documents\PHAROS_PAPERS_DB\wip\AI ETHICS+Recursion paper\From AI Anxiety to Recursive Governance Under Cons.txt,26749,C
C/01423_Gaia-interpretive_engine_4f977108bd8c.txt,C:\Users\softinfo\Documents\PHAROS_PAPERS_DB\wip\AI ETHICS+Recursion paper\Gaia-interpretive engine.txt,4917,C
C/01424_MARKDOWN-Compress-OPAC_bc1a4bc5fee2.txt,C:\Users\softinfo\Documents\PHAROS_PAPERS_DB\wip\AI ETHICS+Recursion paper\MARKDOWN-Compress-OPAC.txt,171658,C
C/01425_master-annotated-bibliography-ai-governance-2026-0_3d19f8b4f272.md,C:\Users\softinfo\Documents\PHAROS_PAPERS_DB\wip\AI ETHICS+Recursion paper\master-annotated-bibliography-ai-governance-2026-03-11.md,41035,C
C/01426_This_is_an_ambitious_and_intellectu_db63c9825993.md,C:\Users\softinfo\Documents\PHAROS_PAPERS_DB\wip\AI ETHICS+Recursion paper\This is an ambitious and intellectu.md,7128,C
C/01427_This_is_an_ambitious_and_intellectu_d58e763e7e82.txt,C:\Users\softinfo\Documents\PHAROS_PAPERS_DB\wip\AI ETHICS+Recursion paper\This is an ambitious and intellectu.txt,7128,C
C/01428_Untitled_1_3c7400f1bdb3.docx,C:\Users\softinfo\Documents\PHAROS_PAPERS_DB\wip\AI ETHICS+Recursion paper\Untitled 1.docx,6739,C
C/01429_The_exact_paper_you_pasted_is_not_15e0766d51e8.txt,C:\Users\softinfo\Documents\PHAROS_PAPERS_DB\wip\AI ETHICS+Recursion paper\• The exact paper you pasted is not.txt,69328,C
C/01430_Bodies_Files_and_Populist_Denial_-_special_issue_a_dad8bbb50f7d.md,"C:\Users\softinfo\Documents\PHAROS_PAPERS_DB\wip\Bodies, Files, and Populist Denial - special issue abstract.md",3951,C
C/01431_Bodies_Files_and_Populist_Denial_-_special_issue_w_ae6bdb763647.md,"C:\Users\softinfo\Documents\PHAROS_PAPERS_DB\wip\Bodies, Files, and Populist Denial - special issue working draft.md",30648,C
C/01432_Governance_by_Denial_-_Journal_of_Political_Power_f045677e8ca9.md,C:\Users\softinfo\Documents\PHAROS_PAPERS_DB\wip\Governance by Denial - Journal of Political Power submission alignment note.md,2788,C
C/01433_Governance_by_Denial_-_Journal_of_Political_Power_11138a0b64d1.md,C:\Users\softinfo\Documents\PHAROS_PAPERS_DB\wip\Governance by Denial - Journal of Political Power Title Page.md,1099,C
C/01434_Governance_by_Denial_-_revised_working_draft_251c62c52ac5.docx,C:\Users\softinfo\Documents\PHAROS_PAPERS_DB\wip\Governance by Denial - revised working draft.docx,56297,C
C/01435_Governance_by_Denial_-_revised_working_draft_501e1799366c.md,C:\Users\softinfo\Documents\PHAROS_PAPERS_DB\wip\Governance by Denial - revised working draft.md,79696,C
C/01436_LinkedIn_posts_-_24_post_series_662211eb3844.md,C:\Users\softinfo\Documents\PHAROS_PAPERS_DB\wip\LinkedIn posts - 24 post series.md,17460,C
C/01437_BALLAD_c68227c70872.docx,C:\Users\softinfo\Documents\PHAROS_PAPERS_DB\wip\Working Papers\BALLAD.docx,43412,C
C/01438_beauty-logic_2a8d9da795a3.md,C:\Users\softinfo\Documents\PHAROS_PAPERS_DB\wip\Working Papers\beauty-logic.md,8025,C
C/01439_brutal-isms-budget-options_dfb55fd5198a.pdf,C:\Users\softinfo\Documents\PHAROS_PAPERS_DB\wip\Working Papers\brutal-isms-budget-options.pdf,4198,C
C/01440_brutal-isms-longform-revised_270fe8d1c7b8.pdf,C:\Users\softinfo\Documents\PHAROS_PAPERS_DB\wip\Working Papers\brutal-isms-longform-revised.pdf,13890,C
C/01441_brutal-isms-portal-answers_9a30c414f480.pdf,C:\Users\softinfo\Documents\PHAROS_PAPERS_DB\wip\Working Papers\brutal-isms-portal-answers.pdf,11227,C
C/01442_BrutalIsms_GrantProposal_6d8932bd6f66.docx,C:\Users\softinfo\Documents\PHAROS_PAPERS_DB\wip\Working Papers\BrutalIsms_GrantProposal.docx,14211,C
C/01443_BrutalIsms_NathonImeson_FINAL_8ed3ea8d2763.docx,C:\Users\softinfo\Documents\PHAROS_PAPERS_DB\wip\Working Papers\BrutalIsms_NathonImeson_FINAL.docx,14186,C
C/01444_BrutalIsms_NathonImeson_GODMODE_0fc55448312a.docx,C:\Users\softinfo\Documents\PHAROS_PAPERS_DB\wip\Working Papers\BrutalIsms_NathonImeson_GODMODE.docx,13792,C
C/01445_BrutalIsms_v2_GODMODE_ba09e9334ab7.docx,C:\Users\softinfo\Documents\PHAROS_PAPERS_DB\wip\Working Papers\BrutalIsms_v2_GODMODE.docx,13796,C
C/01446_Document_sans_titre_e1a6dffa653f.docx,C:\Users\softinfo\Documents\PHAROS_PAPERS_DB\wip\Working Papers\Document sans titre.docx,10055,C
C/01447_PAGE_1_0de0d88b0ebb.txt,C:\Users\softinfo\Documents\PHAROS_PAPERS_DB\wip\Working Papers\Downloads Intake 2026-03-29\===== PAGE 1 =====.txt,47442,C
C/01448_Agatha_GovernanceMemo_a490e0059276.docx,C:\Users\softinfo\Documents\PHAROS_PAPERS_DB\wip\Working Papers\Downloads Intake 2026-03-29\Agatha_GovernanceMemo.docx,14291,C
C/01449_agatha_v5_a482d48020be.docx,C:\Users\softinfo\Documents\PHAROS_PAPERS_DB\wip\Working Papers\Downloads Intake 2026-03-29\agatha_v5 .docx,30054,C
C/01450_Agathav4.4_final_with_references_c448300a3bed.docx,C:\Users\softinfo\Documents\PHAROS_PAPERS_DB\wip\Working Papers\Downloads Intake 2026-03-29\Agathav4.4_final_with_references.docx,30165,C
C/01451_Agathav4.5_socialcompass_merged_8ea6bcc7bcde.docx,C:\Users\softinfo\Documents\PHAROS_PAPERS_DB\wip\Working Papers\Downloads Intake 2026-03-29\Agathav4.5_socialcompass_merged.docx,30764,C
C/01452_AI_anxiety_e29933dfe46f.pdf,C:\Users\softinfo\Documents\PHAROS_PAPERS_DB\wip\Working Papers\Downloads Intake 2026-03-29\AI_anxiety.pdf,127424,C
C/01453_AI_Anxiety_FINAL_8620ceddcfc0.pdf,C:\Users\softinfo\Documents\PHAROS_PAPERS_DB\wip\Working Papers\Downloads Intake 2026-03-29\AI_Anxiety_FINAL.pdf,4262793,C
C/01454_Anthro-analysis_56ab26a26467.pdf,C:\Users\softinfo\Documents\PHAROS_PAPERS_DB\wip\Working Papers\Downloads Intake 2026-03-29\Anthro-analysis.pdf,114388,C
C/01455_ANTHRO_PHAROS_9dd357539964.docx,C:\Users\softinfo\Documents\PHAROS_PAPERS_DB\wip\Working Papers\Downloads Intake 2026-03-29\ANTHRO_PHAROS.docx,12117,C
C/01456_architectural_ai_governance_d1c7124c9506.docx,C:\Users\softinfo\Documents\PHAROS_PAPERS_DB\wip\Working Papers\Downloads Intake 2026-03-29\architectural_ai_governance.docx,14157,C
C/01457_Bonded_Intelligence_Under_Constraint_Coherence_Bif_4d47e45f870e.docx,"C:\Users\softinfo\Documents\PHAROS_PAPERS_DB\wip\Working Papers\Downloads Intake 2026-03-29\Bonded Intelligence Under Constraint_ Coherence, Bifurcation, and the Flower Processor Framework.docx",36822,C
C/01458_BREATH_OF_THE_ASTRAL_YEAR_a039434817a4.docx,C:\Users\softinfo\Documents\PHAROS_PAPERS_DB\wip\Working Papers\Downloads Intake 2026-03-29\BREATH OF THE ASTRAL YEAR_.docx,697007,C
C/01459_BREATH_OF_THE_ASTRAL_YEAR_.package-revised_540d4ac95e3d.docx,C:\Users\softinfo\Documents\PHAROS_PAPERS_DB\wip\Working Papers\Downloads Intake 2026-03-29\BREATH OF THE ASTRAL YEAR_.package-revised.docx,696340,C
C/01460_BREATH_OF_THE_ASTRAL_YEAR_.revised_ef065d03af5c.docx,C:\Users\softinfo\Documents\PHAROS_PAPERS_DB\wip\Working Papers\Downloads Intake 2026-03-29\BREATH OF THE ASTRAL YEAR_.revised.docx,703440,C
C/01461_BREATH_OF_THE_ASTRAL_YEAR_.typeset_202944b1e2d4.docx,C:\Users\softinfo\Documents\PHAROS_PAPERS_DB\wip\Working Papers\Downloads Intake 2026-03-29\BREATH OF THE ASTRAL YEAR_.typeset.docx,704878,C
C/01462_BUFFY_balanced_revision_8da8e674dbdf.docx,C:\Users\softinfo\Documents\PHAROS_PAPERS_DB\wip\Working Papers\Downloads Intake 2026-03-29\BUFFY_balanced_revision.docx,31848,C
C/01463_BUFFY_clean_no_brackets_2f29df32e4a2.docx,C:\Users\softinfo\Documents\PHAROS_PAPERS_DB\wip\Working Papers\Downloads Intake 2026-03-29\BUFFY_clean_no_brackets.docx,28284,C
C/01464_BUFFY_FINAL_with_selected_bibliography_54a35b3e7f76.docx,C:\Users\softinfo\Documents\PHAROS_PAPERS_DB\wip\Working Papers\Downloads Intake 2026-03-29\BUFFY_FINAL_with_selected_bibliography.docx,40097,C
C/01465_BUFFY_no_image_markers_afdb7611b02d.docx,C:\Users\softinfo\Documents\PHAROS_PAPERS_DB\wip\Working Papers\Downloads Intake 2026-03-29\BUFFY_no_image_markers.docx,28390,C
C/01466_BUFFY_reinserted_master_8842ec99ac65.docx,C:\Users\softinfo\Documents\PHAROS_PAPERS_DB\wip\Working Papers\Downloads Intake 2026-03-29\BUFFY_reinserted_master.docx,55114,C
C/01467_BUFFY_revised_with_bibliography_596c5784b87c.docx,C:\Users\softinfo\Documents\PHAROS_PAPERS_DB\wip\Working Papers\Downloads Intake 2026-03-29\BUFFY_revised_with_bibliography.docx,26744,C
C/01468_BUYFFY-POWER_4e924ab1a3f1.docx,C:\Users\softinfo\Documents\PHAROS_PAPERS_DB\wip\Working Papers\Downloads Intake 2026-03-29\BUYFFY-POWER.docx,27318,C
C/01469_BUYFFY-POWER_coherence-pass_4e4d49005f53.docx,C:\Users\softinfo\Documents\PHAROS_PAPERS_DB\wip\Working Papers\Downloads Intake 2026-03-29\BUYFFY-POWER_coherence-pass.docx,26051,C
C/01470_Document_a24173645c7b.docx,C:\Users\softinfo\Documents\PHAROS_PAPERS_DB\wip\Working Papers\Downloads Intake 2026-03-29\Document.docx,128222,C
C/01471_FIRST_METHOD_PAPER_4eeb554ead24.docx,C:\Users\softinfo\Documents\PHAROS_PAPERS_DB\wip\Working Papers\Downloads Intake 2026-03-29\FIRST METHOD PAPER.docx,19434,C
C/01472_FOR_NATE_Easy_Read_de9dbdd3f1e2.pdf,C:\Users\softinfo\Documents\PHAROS_PAPERS_DB\wip\Working Papers\Downloads Intake 2026-03-29\FOR_NATE_Easy_Read.pdf,12465,C
C/01473_founder_charter_39255a1a2aaf.docx,C:\Users\softinfo\Documents\PHAROS_PAPERS_DB\wip\Working Papers\Downloads Intake 2026-03-29\founder_charter.docx,20650,C
C/01474_From_Recursive_Output_to_Governable_Method_A_Short_7e5413504125.pdf,C:\Users\softinfo\Documents\PHAROS_PAPERS_DB\wip\Working Papers\Downloads Intake 2026-03-29\From Recursive Output to Governable Method_ A Short Narrative of the AI-Governance Architecture.pdf,73917,C
C/01475_Global_Publication_Search_for_PHAROS_method_and_Va_eb0e1a1ae7ac.docx,C:\Users\softinfo\Documents\PHAROS_PAPERS_DB\wip\Working Papers\Downloads Intake 2026-03-29\Global Publication Search for “PHAROS method” and Variants.docx,30163,C
C/01476_governance_typology_db2b9a13b56e.docx,C:\Users\softinfo\Documents\PHAROS_PAPERS_DB\wip\Working Papers\Downloads Intake 2026-03-29\governance_typology.docx,15704,C
C/01477_LEPAGE-Pourquoi_r_ver_encore_cacd1994e589.docx,C:\Users\softinfo\Documents\PHAROS_PAPERS_DB\wip\Working Papers\Downloads Intake 2026-03-29\LEPAGE-Pourquoi rêver encore.docx,33348,C
C/01478_Machines_AltarsTRUE_eba38b8ace09.docx,C:\Users\softinfo\Documents\PHAROS_PAPERS_DB\wip\Working Papers\Downloads Intake 2026-03-29\Machines _ AltarsTRUE.docx,3598006,C
C/01479_Magic_After_Legitimacy-LEPAGE_87a3efa5e2c4.docx,C:\Users\softinfo\Documents\PHAROS_PAPERS_DB\wip\Working Papers\Downloads Intake 2026-03-29\Magic After Legitimacy-LEPAGE.docx,28798,C
C/01480_OpenAI_s_Governance_Framework_An_In-Depth_Analysis_fc30ed77f035.docx,"C:\Users\softinfo\Documents\PHAROS_PAPERS_DB\wip\Working Papers\Downloads Intake 2026-03-29\OpenAI’s Governance Framework_ An In-Depth Analysis of Preparedness, Oversight, and Comparative Advantages with PHAROS AI Governance.docx",14499,C
C/01481_OT-ai-governance-article-series-iapppdf_b4d664fae230.pdf,C:\Users\softinfo\Documents\PHAROS_PAPERS_DB\wip\Working Papers\Downloads Intake 2026-03-29\OT-ai-governance-article-series-iapppdf.pdf,5362627,C
C/01482_PHS-D-25-00083_R1_1_7c21695e5968.pdf,C:\Users\softinfo\Documents\PHAROS_PAPERS_DB\wip\Working Papers\Downloads Intake 2026-03-29\PHS-D-25-00083_R1 (1).pdf,441428,C
C/01483_POUR_PATRICIA_Facile_a_Lire_1df1b1e9eeb3.pdf,C:\Users\softinfo\Documents\PHAROS_PAPERS_DB\wip\Working Papers\Downloads Intake 2026-03-29\POUR_PATRICIA_Facile_a_Lire.pdf,13457,C
C/01484_Pourquoi_rever_encore_revise_9e130ad1ac50.docx,C:\Users\softinfo\Documents\PHAROS_PAPERS_DB\wip\Working Papers\Downloads Intake 2026-03-29\Pourquoi_rever_encore_revise.docx,743585,C
C/01485_REV_NOTES_Recursive_AI_Governance_as_Executable_Me_1e85a6387d67.txt,C:\Users\softinfo\Documents\PHAROS_PAPERS_DB\wip\Working Papers\Downloads Intake 2026-03-29\REV NOTES Recursive AI Governance as Executable Method_ The Very Long Narrative.txt,1263,C
C/01486_Sealed_Card_Protocol_FINAL_1_d1b1947a88bd.pdf,C:\Users\softinfo\Documents\PHAROS_PAPERS_DB\wip\Working Papers\Downloads Intake 2026-03-29\Sealed_Card_Protocol_FINAL (1).pdf,241977,C
C/01487_September2024_d4f6e0d0a6ba.docx,C:\Users\softinfo\Documents\PHAROS_PAPERS_DB\wip\Working Papers\Downloads Intake 2026-03-29\September2024.docx,35561,C
C/01488_Should_I_Be_Scared_of_Artificial_Intelli_7d6f399e9397.pdf,C:\Users\softinfo\Documents\PHAROS_PAPERS_DB\wip\Working Papers\Downloads Intake 2026-03-29\Should_I_Be_Scared_of_Artificial_Intelli.pdf,55039,C
C/01489_slayer_infrastructure_slayage_rev_ce4d0701525e.docx,C:\Users\softinfo\Documents\PHAROS_PAPERS_DB\wip\Working Papers\Downloads Intake 2026-03-29\slayer_infrastructure_slayage_rev.docx,29125,C
C/01490_SocialCompass_final_reference_list_bf14c7d15af3.docx,C:\Users\softinfo\Documents\PHAROS_PAPERS_DB\wip\Working Papers\Downloads Intake 2026-03-29\SocialCompass_final_reference_list.docx,39260,C
C/01491_Spider_Man_9119bbe138cc.docx,C:\Users\softinfo\Documents\PHAROS_PAPERS_DB\wip\Working Papers\Downloads Intake 2026-03-29\Spider‑Man .docx,25587,C
C/01492_The_Afterlife_of_Colonial_Naming_The_Voodoo_Doll_a_a7768d430810.docx,C:\Users\softinfo\Documents\PHAROS_PAPERS_DB\wip\Working Papers\Downloads Intake 2026-03-29\The Afterlife of Colonial Naming_ The “Voodoo Doll” as Archival Problem.docx,29351,C
C/01493_The_Afterlife_of_Colonial_Naming_The_Voodoo_Doll_a_7199811b24b7.pdf,C:\Users\softinfo\Documents\PHAROS_PAPERS_DB\wip\Working Papers\Downloads Intake 2026-03-29\The Afterlife of Colonial Naming_ The “Voodoo Doll” as Archival Problem.pdf,260257,C
C/01494_The_Sealed_Card_Protocol_-_TRUE_2_9c6918d33d4f.docx,C:\Users\softinfo\Documents\PHAROS_PAPERS_DB\wip\Working Papers\Downloads Intake 2026-03-29\The Sealed Card Protocol - TRUE (2).docx,35559,C
C/01495_The_Sealed_Card_Protocol_-_TRUE_3a3a8f0563fc.pdf,C:\Users\softinfo\Documents\PHAROS_PAPERS_DB\wip\Working Papers\Downloads Intake 2026-03-29\The Sealed Card Protocol - TRUE.pdf,289254,C
C/01496_THE_WEATHER_BENEATH_THE_WALLS_d05ba8e50afa.pdf,C:\Users\softinfo\Documents\PHAROS_PAPERS_DB\wip\Working Papers\Downloads Intake 2026-03-29\THE WEATHER BENEATH THE WALLS.pdf,1744875,C
C/01497_This_Paper_May_Not_Exist-AI_7666116b1c50.docx,C:\Users\softinfo\Documents\PHAROS_PAPERS_DB\wip\Working Papers\Downloads Intake 2026-03-29\This Paper May Not Exist-AI.docx,22023,C
C/01498_Transmutation_and_the_Body_2bab394dd43d.docx,C:\Users\softinfo\Documents\PHAROS_PAPERS_DB\wip\Working Papers\Downloads Intake 2026-03-29\Transmutation and the Body.docx,30223,C
C/01499_trust-advantage-analysis-march-2026_58bf04d199c7.docx,C:\Users\softinfo\Documents\PHAROS_PAPERS_DB\wip\Working Papers\Downloads Intake 2026-03-29\trust-advantage-analysis-march-2026.docx,16228,C
C/01500_trust_advantage_analysis_revised_8dd892637cbc.docx,C:\Users\softinfo\Documents\PHAROS_PAPERS_DB\wip\Working Papers\Downloads Intake 2026-03-29\trust_advantage_analysis_revised.docx,15472,C
C/01501_VOODOO_5ecc7f24e92a.docx,C:\Users\softinfo\Documents\PHAROS_PAPERS_DB\wip\Working Papers\Downloads Intake 2026-03-29\VOODOO.docx,13150,C
C/01502_voodoo_doll_manuscript_1_a3ebd0c46b6a.docx,C:\Users\softinfo\Documents\PHAROS_PAPERS_DB\wip\Working Papers\Downloads Intake 2026-03-29\voodoo_doll_manuscript (1).docx,19765,C
C/01503_voodoo_doll_manuscript_revised_1aa5a2488394.docx,C:\Users\softinfo\Documents\PHAROS_PAPERS_DB\wip\Working Papers\Downloads Intake 2026-03-29\voodoo_doll_manuscript_revised.docx,18274,C
C/01504_Recursive_AI_Governance_as_Executable_Method_The_V_3119230b092d.docx,C:\Users\softinfo\Documents\PHAROS_PAPERS_DB\wip\Working Papers\Downloads Intake 2026-03-29\••• Recursive AI Governance as Executable Method_ The Very Long Narrative.docx,30782,C
C/01505_ForMF_combined_with_marks_ecbe39a6fdd7.pdf,C:\Users\softinfo\Documents\PHAROS_PAPERS_DB\wip\Working Papers\ForMF_combined_with_marks.pdf,4426908,C
C/01506_PHS-D-25-00066_R1_reviewer_a10e13162697.pdf,C:\Users\softinfo\Documents\PHAROS_PAPERS_DB\wip\Working Papers\PHS-D-25-00066_R1_reviewer.pdf,305082,C
C/01507_PHS-D-25-00066_reviewer_eb6cabc3766c.pdf,C:\Users\softinfo\Documents\PHAROS_PAPERS_DB\wip\Working Papers\PHS-D-25-00066_reviewer.pdf,304017,C
C/01508_Recursive_AI_Governance_as_Executable_Method_The_V_b718e52fb150.docx,C:\Users\softinfo\Documents\PHAROS_PAPERS_DB\wip\Working Papers\Recursive AI Governance as Executable Method_ The Very Long NarrativeREV.docx,31286,C
C/01509_VOODOO-defered_authority_e029d2bd50e9.txt,C:\Users\softinfo\Documents\PHAROS_PAPERS_DB\wip\Working Papers\VOODOO-defered authority.txt,19979,C
C/01510_2019_-_Crossing_Under_Watch_The_Trolls_Toll_as_Alc_373eb79e8f1c.docx,C:\Users\softinfo\Documents\Publications\Books\2019 - Crossing Under Watch The Trolls Toll as Alchemy of Method in Digital Ritual and Scholarly.docx,27202,C
C/01511_2025_-_Crossing_Under_Watch_The_Trolls_Toll_as_Alc_fb4eaa084cee.docx,C:\Users\softinfo\Documents\Publications\Books\2025 - Crossing Under Watch The Trolls Toll as Alchemy of Method in Digital Ritual and Scholarly.docx,28771,C
C/01512_2026_-_Alchemy_of_the_Wound_15a105a57cac.txt,C:\Users\softinfo\Documents\Publications\Books\2026 - Alchemy of the Wound.txt,324747,C
C/01513_2026_-_Alchemy_of_the_Wound.txt_-_2026_-_Alchemy_o_4160de3a23fb.txt,C:\Users\softinfo\Documents\Publications\Books\2026 - Alchemy of the Wound.txt - 2026 - Alchemy of the Wound.txt.txt - 2026 - Alchemy of the Wound.txt - 2026 - Alchemy of the Wound.txt.txt.txt,324747,C
C/01514_2026_-_Alchemy_of_the_Wound_1_97942b7e8fc7.txt,C:\Users\softinfo\Documents\Publications\Books\2026 - Alchemy of the Wound_1.txt,325305,C
C/01515_2026_-_Alchemy_of_the_Wound_1.txt_-_2026_-_Alchemy_68e7f62f67cb.txt,C:\Users\softinfo\Documents\Publications\Books\2026 - Alchemy of the Wound_1.txt - 2026 - Alchemy of the Wound_1.txt.txt - 2026 - Alchemy of the Wound_1.txt - 2026 - Alchemy of the Wound_1.txt.txt.txt,325305,C
C/01516_2026_-_Alchemy_of_the_Wound_thriller-pass_ae267008d4bb.txt,C:\Users\softinfo\Documents\Publications\Books\2026 - Alchemy of the Wound_thriller-pass.txt,322499,C
C/01517_Alchemy_of_the_Wound_90a54c58c192.docx,C:\Users\softinfo\Documents\Publications\Books\Alchemy of the Wound.docx,148876,C
C/01518_ALCHEMY_OF_THE_WOUND_ec947a3398ae.pdf,C:\Users\softinfo\Documents\Publications\Books\ALCHEMY OF THE WOUND.pdf,1570598,C
C/01519_Alchemy_of_the_Wound.revised_5c3052cf1cdb.docx,C:\Users\softinfo\Documents\Publications\Books\Alchemy of the Wound.revised.docx,147660,C
C/01520_book-cover-kdp-upload_f37ea6c7dded.pdf,C:\Users\softinfo\Documents\Publications\Books\book-cover-kdp-upload.pdf,30879,C
C/01521_GAIAbook-cover-kdp-upload_503e5076fb19.pdf,C:\Users\softinfo\Documents\Publications\Books\GAIAbook-cover-kdp-upload.pdf,30879,C
C/01522_2025_-_Martin_Lepage_-_THE_RETURNING_LIGHT_-_book_b50bcc693bb6.odt,C:\Users\softinfo\Documents\Publications\Books\THE RETURNING LIGHT\2025 - Martin Lepage - THE RETURNING LIGHT - book_or_monograph.docx_0.odt,222546,C
C/01523_168334411.how-to-use-the-substack-editor_302d801d9b01.html,C:\Users\softinfo\Documents\Publications\HEXA\168334411.how-to-use-the-substack-editor.html,9197,C
C/01524_168334415.hexadecimal_f600e31a5feb.html,C:\Users\softinfo\Documents\Publications\HEXA\168334415.hexadecimal.html,2685,C
C/01525_168334807.three-rituals-for-glitching-the-self_a0a1ad70f419.html,C:\Users\softinfo\Documents\Publications\HEXA\168334807.three-rituals-for-glitching-the-self.html,954,C
C/01526_168335861.three-rituals-for-glitching-the-self-eeb_06e7aba3e4f2.html,C:\Users\softinfo\Documents\Publications\HEXA\168335861.three-rituals-for-glitching-the-self-eeb.html,1752,C
C/01527_168344404.a-recursive-spell-in-glitch-prose_d2e4a11ec0c3.html,C:\Users\softinfo\Documents\Publications\HEXA\168344404.a-recursive-spell-in-glitch-prose.html,4874,C
C/01528_168348167.five-spells-for-the-end-of-everything_e04bf04baa56.html,C:\Users\softinfo\Documents\Publications\HEXA\168348167.five-spells-for-the-end-of-everything.html,2761,C
C/01529_168353237.glitch-my-body-back_cac934553bba.html,C:\Users\softinfo\Documents\Publications\HEXA\168353237.glitch-my-body-back.html,5870,C
C/01530_168353849.spinning-the-sacred_606037a32729.html,C:\Users\softinfo\Documents\Publications\HEXA\168353849.spinning-the-sacred.html,11126,C
C/01531_168354982.the-goddess-is-not-your-mother_f6f2320111e7.html,C:\Users\softinfo\Documents\Publications\HEXA\168354982.the-goddess-is-not-your-mother.html,6516,C
C/01532_168355380.the-wand-was-broken-but-the-river_6076d63a9f38.html,C:\Users\softinfo\Documents\Publications\HEXA\168355380.the-wand-was-broken-but-the-river.html,2345,C
C/01533_168355640.the-evil-that-smiles-back_948fd6d99715.html,C:\Users\softinfo\Documents\Publications\HEXA\168355640.the-evil-that-smiles-back.html,4791,C
C/01534_168355705.ash-and-lupo-familiars-of-the-glitch_2c895c71b8af.html,C:\Users\softinfo\Documents\Publications\HEXA\168355705.ash-and-lupo-familiars-of-the-glitch.html,13012,C
C/01535_168356565.the-sacred-glitch_e1621b416f16.html,C:\Users\softinfo\Documents\Publications\HEXA\168356565.the-sacred-glitch.html,10668,C
C/01536_168357529.the-body-in-debt_8749ff365935.html,C:\Users\softinfo\Documents\Publications\HEXA\168357529.the-body-in-debt.html,7343,C
C/01537_168357825.the-brew-that-never-asked-for-our_f78687eeab39.html,C:\Users\softinfo\Documents\Publications\HEXA\168357825.the-brew-that-never-asked-for-our.html,10386,C
C/01538_168358037.the-blood-remembers_0a6e51c854fe.html,C:\Users\softinfo\Documents\Publications\HEXA\168358037.the-blood-remembers.html,11897,C
C/01539_168358792.queer-ritual-raw-and-unfinished_17cb48288d1d.html,C:\Users\softinfo\Documents\Publications\HEXA\168358792.queer-ritual-raw-and-unfinished.html,4728,C
C/01540_168359634.all-is-full-of-merch_13cefe2d6e51.html,C:\Users\softinfo\Documents\Publications\HEXA\168359634.all-is-full-of-merch.html,8263,C
C/01541_168427657.poudre-noire-ou-lalchimie-de-la-revolte_dd6527bacf08.html,C:\Users\softinfo\Documents\Publications\HEXA\168427657.poudre-noire-ou-lalchimie-de-la-revolte.html,7042,C
C/01542_168432419.the-trickster-multiplied_59590be58446.html,C:\Users\softinfo\Documents\Publications\HEXA\168432419.the-trickster-multiplied.html,9084,C
C/01543_168433193.the-blind-rewrite_b43a3da22452.html,C:\Users\softinfo\Documents\Publications\HEXA\168433193.the-blind-rewrite.html,1582,C
C/01544_168685261.ai-witchcraft-code-switching-and_987c5305992b.html,C:\Users\softinfo\Documents\Publications\HEXA\168685261.ai-witchcraft-code-switching-and.html,3524,C
C/01545_168685388.playing-again-without-playing-again_2098181eed5d.html,C:\Users\softinfo\Documents\Publications\HEXA\168685388.playing-again-without-playing-again.html,19108,C
C/01546_168734969.face-id-doesnt-recognize-me-after_d04bb59b3f35.html,C:\Users\softinfo\Documents\Publications\HEXA\168734969.face-id-doesnt-recognize-me-after.html,2541,C
C/01547_169227440.what-the-inventory-misses-living_694e21a63b72.html,C:\Users\softinfo\Documents\Publications\HEXA\169227440.what-the-inventory-misses-living.html,3070,C
C/01548_169264249.crossing-the-frozen-river_f9e65bb774c3.html,C:\Users\softinfo\Documents\Publications\HEXA\169264249.crossing-the-frozen-river.html,5621,C
C/01549_169469049.unnatural-selection-a-polemic-on_8723a60a4c95.html,C:\Users\softinfo\Documents\Publications\HEXA\169469049.unnatural-selection-a-polemic-on.html,4481,C
C/01550_169530086.they-gave-me-a-phd-to-shut-me-up_82a0e9e934e2.html,C:\Users\softinfo\Documents\Publications\HEXA\169530086.they-gave-me-a-phd-to-shut-me-up.html,4404,C
C/01551_171307214.nothing-but-text-until-the-console_85f1adab3bc3.html,C:\Users\softinfo\Documents\Publications\HEXA\171307214.nothing-but-text-until-the-console.html,2852,C
C/01552_171601346.deadly-valentine-or-why-i-steal-from_697a371c1716.html,C:\Users\softinfo\Documents\Publications\HEXA\171601346.deadly-valentine-or-why-i-steal-from.html,2183,C
C/01553_171601635.the-flesh-revisedexe_b9124944f38e.html,C:\Users\softinfo\Documents\Publications\HEXA\171601635.the-flesh-revisedexe.html,2895,C
C/01554_171602347.digital-necromancy-browsing-as-seance_4e980de52963.html,C:\Users\softinfo\Documents\Publications\HEXA\171602347.digital-necromancy-browsing-as-seance.html,5088,C
C/01555_171683019.the-hymn-that-wasnt-theirs_82c4ebd683ef.html,C:\Users\softinfo\Documents\Publications\HEXA\171683019.the-hymn-that-wasnt-theirs.html,4302,C
C/01556_172035953.end-meeting-for-all-a-funeral-in_fa042e5859a6.html,C:\Users\softinfo\Documents\Publications\HEXA\172035953.end-meeting-for-all-a-funeral-in.html,3292,C
C/01557_172224824.the-sea-lets-go-the-undertow-of-the_0c07db9139b0.html,C:\Users\softinfo\Documents\Publications\HEXA\172224824.the-sea-lets-go-the-undertow-of-the.html,1409,C
C/01558_172225293.poryiv-when-three-speak-time-breaks_fc7d259e17b0.html,C:\Users\softinfo\Documents\Publications\HEXA\172225293.poryiv-when-three-speak-time-breaks.html,13863,C
C/01559_175321845.because-thats-just-how-it-is_b0861a740c5e.html,C:\Users\softinfo\Documents\Publications\HEXA\175321845.because-thats-just-how-it-is.html,763,C
C/01560_175321926.street-kami_48d0fe856ed8.html,C:\Users\softinfo\Documents\Publications\HEXA\175321926.street-kami.html,1193,C
C/01561_175321960.imbolcs-dark-lights_d623adb18be9.html,C:\Users\softinfo\Documents\Publications\HEXA\175321960.imbolcs-dark-lights.html,1282,C
C/01562_175321986.were-at-samhain_ead091530019.html,C:\Users\softinfo\Documents\Publications\HEXA\175321986.were-at-samhain.html,622,C
C/01563_175322018.untitled_692fdc5fd3b7.html,C:\Users\softinfo\Documents\Publications\HEXA\175322018.untitled.html,987,C
C/01564_175322052.habibi-kalbi_a83ef39e511b.html,C:\Users\softinfo\Documents\Publications\HEXA\175322052.habibi-kalbi.html,786,C
C/01565_175322096.mal-du-cerveau_53650cbd94d0.html,C:\Users\softinfo\Documents\Publications\HEXA\175322096.mal-du-cerveau.html,532,C
C/01566_175322134.breadcrumbs-in-the-web_2cc06291ccc9.html,C:\Users\softinfo\Documents\Publications\HEXA\175322134.breadcrumbs-in-the-web.html,580,C
C/01567_175322165.reclaim-the-magic_4ee35f37c1e6.html,C:\Users\softinfo\Documents\Publications\HEXA\175322165.reclaim-the-magic.html,1570,C
C/01568_175322246.labandon_439ea8aa7b67.html,C:\Users\softinfo\Documents\Publications\HEXA\175322246.labandon.html,1495,C
C/01569_175322263.na_17f7a9315486.html,C:\Users\softinfo\Documents\Publications\HEXA\175322263.na.html,312,C
C/01570_175322312.nothing-left-to-surprise_7e5a58b4d730.html,C:\Users\softinfo\Documents\Publications\HEXA\175322312.nothing-left-to-surprise.html,1515,C
C/01571_175322336.list-for-a-montreal-spring_8ab6e8c7526d.html,C:\Users\softinfo\Documents\Publications\HEXA\175322336.list-for-a-montreal-spring.html,1898,C
C/01572_175322358.insomnia-before-the-signal_72b46395de87.html,C:\Users\softinfo\Documents\Publications\HEXA\175322358.insomnia-before-the-signal.html,1586,C
C/01573_177178411.the-familiar-interface_ce237463b1cb.html,C:\Users\softinfo\Documents\Publications\HEXA\177178411.the-familiar-interface.html,1500,C
C/01574_177178444.every-hair-a-battle-scar_bcaf0c985b19.html,C:\Users\softinfo\Documents\Publications\HEXA\177178444.every-hair-a-battle-scar.html,961,C
C/01575_177178522.the-algorithmic-zodiac_6f221f048c42.html,C:\Users\softinfo\Documents\Publications\HEXA\177178522.the-algorithmic-zodiac.html,896,C
C/01576_177178548.stuttering-machines_36f417166bfe.html,C:\Users\softinfo\Documents\Publications\HEXA\177178548.stuttering-machines.html,763,C
C/01577_177178601.soft-apocalypse_bd7b70b720cc.html,C:\Users\softinfo\Documents\Publications\HEXA\177178601.soft-apocalypse.html,408,C
C/01578_177178638.transmission-from-the-sixth-house_c99a8d0a7be5.html,C:\Users\softinfo\Documents\Publications\HEXA\177178638.transmission-from-the-sixth-house.html,714,C
C/01579_177178962.the-complaint_f0475fd80680.html,C:\Users\softinfo\Documents\Publications\HEXA\177178962.the-complaint.html,1901,C
C/01580_177179634.the-peer-review-gods-are-bored-again_b7d71e46536e.html,C:\Users\softinfo\Documents\Publications\HEXA\177179634.the-peer-review-gods-are-bored-again.html,3534,C
C/01581_177749185.year-three_b2fbf3ee513a.html,C:\Users\softinfo\Documents\Publications\HEXA\177749185.year-three.html,1116,C
C/01582_177749230.in-search-of-the-man-who-burns_8f28ceb11daa.html,C:\Users\softinfo\Documents\Publications\HEXA\177749230.in-search-of-the-man-who-burns.html,1770,C
C/01583_177749285.what-the-days-will-do-before-they_1457b9980518.html,C:\Users\softinfo\Documents\Publications\HEXA\177749285.what-the-days-will-do-before-they.html,668,C
C/01584_177749444.reading-auster-at-3-am_2a56f18b5d5f.html,C:\Users\softinfo\Documents\Publications\HEXA\177749444.reading-auster-at-3-am.html,1466,C
C/01585_177749499.fuel-for-the-furnace_6fb652caba7c.html,C:\Users\softinfo\Documents\Publications\HEXA\177749499.fuel-for-the-furnace.html,1272,C
C/01586_177749605.the-small-wheel-behind-the-great_ad9fbda4c183.html,C:\Users\softinfo\Documents\Publications\HEXA\177749605.the-small-wheel-behind-the-great.html,1029,C
C/01587_177749911.i-wish-i-spoke-quoc-ngu_b7dab03769e7.html,C:\Users\softinfo\Documents\Publications\HEXA\177749911.i-wish-i-spoke-quoc-ngu.html,726,C
C/01588_177750070.queer-bates_36341a579b76.html,C:\Users\softinfo\Documents\Publications\HEXA\177750070.queer-bates.html,1635,C
C/01589_177750136.a-page-from-nothomb_402e517f90a2.html,C:\Users\softinfo\Documents\Publications\HEXA\177750136.a-page-from-nothomb.html,1321,C
C/01590_177750249.mezencor_eab3b4132d96.html,C:\Users\softinfo\Documents\Publications\HEXA\177750249.mezencor.html,491,C
C/01591_177750351.it-speaks-to-the-devil_4b0b346edc15.html,C:\Users\softinfo\Documents\Publications\HEXA\177750351.it-speaks-to-the-devil.html,1395,C
C/01592_177750399.the-malek-who-feared-the-end_46bb395e92bd.html,C:\Users\softinfo\Documents\Publications\HEXA\177750399.the-malek-who-feared-the-end.html,1041,C
C/01593_177750535.frivolity-or-the-researchers-equinox_9bcbde9c64d8.html,C:\Users\softinfo\Documents\Publications\HEXA\177750535.frivolity-or-the-researchers-equinox.html,2190,C
C/01594_177750683.the-little-black-sphere_30bd3b3e5660.html,C:\Users\softinfo\Documents\Publications\HEXA\177750683.the-little-black-sphere.html,2395,C
C/01595_177750910.twenty-pages-from-the-end_eedb0789e637.html,C:\Users\softinfo\Documents\Publications\HEXA\177750910.twenty-pages-from-the-end.html,1566,C
C/01596_177750931.a-twister-for-lugh_58024060e3b3.html,C:\Users\softinfo\Documents\Publications\HEXA\177750931.a-twister-for-lugh.html,1294,C
C/01597_177750971.the-red-disk-and-the-hunger_b852edd121cc.html,C:\Users\softinfo\Documents\Publications\HEXA\177750971.the-red-disk-and-the-hunger.html,2923,C
C/01598_177751233.i-will-eat-your-offal_dbdf8c8337dd.html,C:\Users\softinfo\Documents\Publications\HEXA\177751233.i-will-eat-your-offal.html,1879,C
C/01599_177751286.a-little-honesty_e313a1e1f300.html,C:\Users\softinfo\Documents\Publications\HEXA\177751286.a-little-honesty.html,992,C
C/01600_177751402.bos_141a0e601911.html,C:\Users\softinfo\Documents\Publications\HEXA\177751402.bos.html,1365,C
C/01601_177751440.the-air-of-fiction_6c8e6c04ec57.html,C:\Users\softinfo\Documents\Publications\HEXA\177751440.the-air-of-fiction.html,1063,C
C/01602_177751537.resonare-fibris_85f0b3b89457.html,C:\Users\softinfo\Documents\Publications\HEXA\177751537.resonare-fibris.html,1298,C
C/01603_177751618.the-cat-leaves-the-box_d6af86aa5360.html,C:\Users\softinfo\Documents\Publications\HEXA\177751618.the-cat-leaves-the-box.html,1920,C
C/01604_177753787.petit-haiku-roche-dans-leau_303633b7b78d.html,C:\Users\softinfo\Documents\Publications\HEXA\177753787.petit-haiku-roche-dans-leau.html,81,C
C/01605_177753913.merdre_2ed711cd0cbf.html,C:\Users\softinfo\Documents\Publications\HEXA\177753913.merdre.html,998,C
C/01606_177753955.in-terms-of-years_a7a6bcfadbf0.html,C:\Users\softinfo\Documents\Publications\HEXA\177753955.in-terms-of-years.html,1641,C
C/01607_177753994.the-tools_dfbb532fa644.html,C:\Users\softinfo\Documents\Publications\HEXA\177753994.the-tools.html,1387,C
C/01608_177754058.i-miss-knitting_979e21f8ccb3.html,C:\Users\softinfo\Documents\Publications\HEXA\177754058.i-miss-knitting.html,2178,C
C/01609_177754105.pushing-the-metaphor_4125ce729187.html,C:\Users\softinfo\Documents\Publications\HEXA\177754105.pushing-the-metaphor.html,1492,C
C/01610_177754161._-o_o_09877c8f7d23.html,C:\Users\softinfo\Documents\Publications\HEXA\177754161._-o_o.html,1751,C
C/01611_177754222.the-perfect-word_7e7e3a3c0c13.html,C:\Users\softinfo\Documents\Publications\HEXA\177754222.the-perfect-word.html,978,C
C/01612_177754264.the-thirteenth-autumn_9296050ada72.html,C:\Users\softinfo\Documents\Publications\HEXA\177754264.the-thirteenth-autumn.html,973,C
C/01613_177754394.the-horses-legs-tremble-on-the-horizon_92cb90e4d494.html,C:\Users\softinfo\Documents\Publications\HEXA\177754394.the-horses-legs-tremble-on-the-horizon.html,664,C
C/01614_177754426.convergences_cb1c0ce19ab7.html,C:\Users\softinfo\Documents\Publications\HEXA\177754426.convergences.html,1187,C
C/01615_177754582.trop-plein-or-levi-the-little-constant_726e9db68499.html,C:\Users\softinfo\Documents\Publications\HEXA\177754582.trop-plein-or-levi-the-little-constant.html,1205,C
C/01616_177754691.sleep-now-the-murder-is-tired_744c98c3fa86.html,C:\Users\softinfo\Documents\Publications\HEXA\177754691.sleep-now-the-murder-is-tired.html,1651,C
C/01617_177754719.cold-verses_3674b175f0b2.html,C:\Users\softinfo\Documents\Publications\HEXA\177754719.cold-verses.html,916,C
C/01618_177754784.hesitation-loop_41c0f4d3b06a.html,C:\Users\softinfo\Documents\Publications\HEXA\177754784.hesitation-loop.html,1007,C
C/01619_177754851.twelve-at-midnight_191534211be4.html,C:\Users\softinfo\Documents\Publications\HEXA\177754851.twelve-at-midnight.html,690,C
C/01620_177754926.metaphysics-or-the-shape-of-the-universe_05f919346cf9.html,C:\Users\softinfo\Documents\Publications\HEXA\177754926.metaphysics-or-the-shape-of-the-universe.html,1010,C
C/01621_177754982.before-after-yule_0d35bad92dda.html,C:\Users\softinfo\Documents\Publications\HEXA\177754982.before-after-yule.html,853,C
C/01622_177755126.through-the-grooves-of-the-mirror_8529e4419232.html,C:\Users\softinfo\Documents\Publications\HEXA\177755126.through-the-grooves-of-the-mirror.html,1578,C
C/01623_177755960.the-call-of-the-pause_fabde5062e0e.html,C:\Users\softinfo\Documents\Publications\HEXA\177755960.the-call-of-the-pause.html,1655,C
C/01624_177756417.orange-night_676f53a10fe9.html,C:\Users\softinfo\Documents\Publications\HEXA\177756417.orange-night.html,1055,C
C/01625_177756855.suspension_2182d0fb4d9f.html,C:\Users\softinfo\Documents\Publications\HEXA\177756855.suspension.html,903,C
C/01626_177756978.quote-from-the-eve_b44a9693233a.html,C:\Users\softinfo\Documents\Publications\HEXA\177756978.quote-from-the-eve.html,422,C
C/01627_177757031.friday-morning-rhetoric_a4c92bde4c6e.html,C:\Users\softinfo\Documents\Publications\HEXA\177757031.friday-morning-rhetoric.html,1787,C
C/01628_177757146.child-of-division_baae185ebfc4.html,C:\Users\softinfo\Documents\Publications\HEXA\177757146.child-of-division.html,1600,C
C/01629_177757242.quebec-follies_98dee28c9f5e.html,C:\Users\softinfo\Documents\Publications\HEXA\177757242.quebec-follies.html,1405,C
C/01630_177757330.latest-equation_bf42e5e15451.html,C:\Users\softinfo\Documents\Publications\HEXA\177757330.latest-equation.html,135,C
C/01631_177758946.water-in-the-ear_29112291e429.html,C:\Users\softinfo\Documents\Publications\HEXA\177758946.water-in-the-ear.html,1995,C
C/01632_177759002.logico-physical-memory-of-the-self_2d0b839fccd0.html,C:\Users\softinfo\Documents\Publications\HEXA\177759002.logico-physical-memory-of-the-self.html,1865,C
C/01633_177759333.a-nocturnal-ode_5ca5726dabc0.html,C:\Users\softinfo\Documents\Publications\HEXA\177759333.a-nocturnal-ode.html,1232,C
C/01634_177759442.exoterism-myth-and-theology_f44d8cb2330e.html,C:\Users\softinfo\Documents\Publications\HEXA\177759442.exoterism-myth-and-theology.html,1674,C
C/01635_177759704.ididdat_b0ef8ec167ed.html,C:\Users\softinfo\Documents\Publications\HEXA\177759704.ididdat.html,3771,C
C/01636_177759789.les-sonnets_84fac20d9ca6.html,C:\Users\softinfo\Documents\Publications\HEXA\177759789.les-sonnets.html,712,C
C/01637_177759840.a-few-steps-away-the-carts-depart_f2a541270768.html,C:\Users\softinfo\Documents\Publications\HEXA\177759840.a-few-steps-away-the-carts-depart.html,1196,C
C/01638_177759918.in-a-state_6e2b04ea7710.html,C:\Users\softinfo\Documents\Publications\HEXA\177759918.in-a-state.html,1029,C
C/01639_177760142.poetry-of-the-underside_71aedd2a293a.html,C:\Users\softinfo\Documents\Publications\HEXA\177760142.poetry-of-the-underside.html,638,C
C/01640_177760259.the-malek-exoterique-fragments_8f0d37effe17.html,C:\Users\softinfo\Documents\Publications\HEXA\177760259.the-malek-exoterique-fragments.html,9530,C
C/01641_177761127.thoughts-afterlives_e760b0a1d1aa.html,C:\Users\softinfo\Documents\Publications\HEXA\177761127.thoughts-afterlives.html,2508,C
C/01642_177761236.the-particle-of-the-heart_339341517eb2.html,C:\Users\softinfo\Documents\Publications\HEXA\177761236.the-particle-of-the-heart.html,1420,C
C/01643_177761653.the-arterial-memory-of-magick_8af1154f55a5.html,C:\Users\softinfo\Documents\Publications\HEXA\177761653.the-arterial-memory-of-magick.html,3538,C
C/01644_177761830.the-flow-spell_43e5a4ef0c67.html,C:\Users\softinfo\Documents\Publications\HEXA\177761830.the-flow-spell.html,1104,C
C/01645_177777331.the-shape-of-a-demon_da55d3229723.html,C:\Users\softinfo\Documents\Publications\HEXA\177777331.the-shape-of-a-demon.html,2198,C
C/01646_177806861.the-first-kind-of-vampires-from-the_29c86e7010e3.html,C:\Users\softinfo\Documents\Publications\HEXA\177806861.the-first-kind-of-vampires-from-the.html,3441,C
C/01647_177809592.dead-ink_94e4e21c2331.html,C:\Users\softinfo\Documents\Publications\HEXA\177809592.dead-ink.html,1324,C
C/01648_177809872.demonology-of-the-everyday_64b1412d7eb0.html,C:\Users\softinfo\Documents\Publications\HEXA\177809872.demonology-of-the-everyday.html,1492,C
C/01649_177810999.why-i-write-still_c3cec08de012.html,C:\Users\softinfo\Documents\Publications\HEXA\177810999.why-i-write-still.html,2422,C
C/01650_177811509.the-mouth-that-dreamed-the-sea_019654256758.html,C:\Users\softinfo\Documents\Publications\HEXA\177811509.the-mouth-that-dreamed-the-sea.html,6623,C
C/01651_177811882.the-archive-of-futures-cycle-3_06b6b039ab78.html,C:\Users\softinfo\Documents\Publications\HEXA\177811882.the-archive-of-futures-cycle-3.html,5030,C
C/01652_177812701.essential-is-the-soul-of-a-flame_5deda45d0f09.html,C:\Users\softinfo\Documents\Publications\HEXA\177812701.essential-is-the-soul-of-a-flame.html,881,C
C/01653_177812843.the-sorcerer-of-knots_3ff85a748b4a.html,C:\Users\softinfo\Documents\Publications\HEXA\177812843.the-sorcerer-of-knots.html,727,C
C/01654_177813000.to-a-friend-who-hid-his-face_4d2135e140a6.html,C:\Users\softinfo\Documents\Publications\HEXA\177813000.to-a-friend-who-hid-his-face.html,770,C
C/01655_177813134.halloween-nocturne_94660c38e62f.html,C:\Users\softinfo\Documents\Publications\HEXA\177813134.halloween-nocturne.html,823,C
C/01656_177813205.when-i-was-20_56918597acec.html,C:\Users\softinfo\Documents\Publications\HEXA\177813205.when-i-was-20.html,995,C
C/01657_177813288.i-passed-by-four-roads_9040e2eb1306.html,C:\Users\softinfo\Documents\Publications\HEXA\177813288.i-passed-by-four-roads.html,1058,C
C/01658_177813411.blood-tree-of-the-senseless_5cc9b6a50e09.html,C:\Users\softinfo\Documents\Publications\HEXA\177813411.blood-tree-of-the-senseless.html,1053,C
C/01659_177813490.radiant-life_8e0271f1a7d2.html,C:\Users\softinfo\Documents\Publications\HEXA\177813490.radiant-life.html,1237,C
C/01660_177813585.to-a-muse_36d4d11230ee.html,C:\Users\softinfo\Documents\Publications\HEXA\177813585.to-a-muse.html,1132,C
C/01661_177813665.envied-lovers_cf112741b9cb.html,C:\Users\softinfo\Documents\Publications\HEXA\177813665.envied-lovers.html,897,C
C/01662_177817188.birds-of-azure_03266f2179b6.html,C:\Users\softinfo\Documents\Publications\HEXA\177817188.birds-of-azure.html,875,C
C/01663_177817514.the-world-that-lied_595cd895fb15.html,C:\Users\softinfo\Documents\Publications\HEXA\177817514.the-world-that-lied.html,1081,C
C/01664_177817621.the-paths-of-my-love_f8e37372fc9b.html,C:\Users\softinfo\Documents\Publications\HEXA\177817621.the-paths-of-my-love.html,946,C
C/01665_177817777.vast-vision_a123ed41fe6d.html,C:\Users\softinfo\Documents\Publications\HEXA\177817777.vast-vision.html,996,C
C/01666_177818008.two-year-old-battlefield_564c1584c490.html,C:\Users\softinfo\Documents\Publications\HEXA\177818008.two-year-old-battlefield.html,1919,C
C/01667_177818148.truer-angels_1bf44ae4aff1.html,C:\Users\softinfo\Documents\Publications\HEXA\177818148.truer-angels.html,2263,C
C/01668_177828388.the-word-that-saved-him_bb2290ee9dec.html,C:\Users\softinfo\Documents\Publications\HEXA\177828388.the-word-that-saved-him.html,1851,C
C/01669_177829016.the-voice-that-screams_b0bcc026d04e.html,C:\Users\softinfo\Documents\Publications\HEXA\177829016.the-voice-that-screams.html,2020,C
C/01670_177829906.the-elevator_9359f33141ca.html,C:\Users\softinfo\Documents\Publications\HEXA\177829906.the-elevator.html,5610,C
C/01671_177830505.we-see-each-other_186b74e870db.html,C:\Users\softinfo\Documents\Publications\HEXA\177830505.we-see-each-other.html,1122,C
C/01672_177830733.i-read-to-know_c4ec6dd6117d.html,C:\Users\softinfo\Documents\Publications\HEXA\177830733.i-read-to-know.html,378,C
C/01673_177831314.o-you-i-would-have-loved_0776c5ffb3e1.html,C:\Users\softinfo\Documents\Publications\HEXA\177831314.o-you-i-would-have-loved.html,765,C
C/01674_177831556.laxe-des-revolutions_8f8bb8c4fa55.html,C:\Users\softinfo\Documents\Publications\HEXA\177831556.laxe-des-revolutions.html,1018,C
C/01675_177832173.le-roi-de-laquilon_7a712f180ddd.html,C:\Users\softinfo\Documents\Publications\HEXA\177832173.le-roi-de-laquilon.html,692,C
C/01676_177832276.at-the-edge-of-the-window_7e08961c0d8f.html,C:\Users\softinfo\Documents\Publications\HEXA\177832276.at-the-edge-of-the-window.html,650,C
C/01677_177832610.to-my-brothers-of-the-shadow_310ec4c87304.html,C:\Users\softinfo\Documents\Publications\HEXA\177832610.to-my-brothers-of-the-shadow.html,1716,C
C/01678_177834005.an-earlier-layer_7f2414f63b57.html,C:\Users\softinfo\Documents\Publications\HEXA\177834005.an-earlier-layer.html,1498,C
C/01679_177836400.the-wheel-trembles-a-ritual-for-continui_2389ecaf71bc.html,C:\Users\softinfo\Documents\Publications\HEXA\177836400.the-wheel-trembles-a-ritual-for-continuity.html,4353,C
C/01680_179788184.shifting-frames_1923fece3013.html,C:\Users\softinfo\Documents\Publications\HEXA\179788184.shifting-frames.html,3732,C
C/01681_185788592.i-chose-not-to-read-the-signs_46acad3e07e7.html,C:\Users\softinfo\Documents\Publications\HEXA\185788592.i-chose-not-to-read-the-signs.html,9068,C
C/01682_187035159.the-baseline-is-moving_26ef5421a55a.html,C:\Users\softinfo\Documents\Publications\HEXA\187035159.the-baseline-is-moving.html,3444,C
C/01683_187137971.upright-not-underground_a4e0f5b69567.html,C:\Users\softinfo\Documents\Publications\HEXA\187137971.upright-not-underground.html,4955,C
C/01684_HEXA_-_Enhance_image_details_76013d26018d.html,C:\Users\softinfo\Documents\Publications\HEXA\HEXA - Enhance image details.html,411625,C
C/01685_Masters_Thesis_Lepage_ULAVAL_38c45821660e.pdf,C:\Users\softinfo\Documents\Publications\Masters Thesis Lepage ULAVAL.pdf,0,C
C/01686_1980_-_Martin_Lepage_-_Pourquoi_rever_encore_Lectu_1f5fe368f589.docx,C:\Users\softinfo\Documents\Publications\Papers\1980 - Martin Lepage - Pourquoi rever encore Lecture allegorique et metaphysique de luvre initiale dYvon Rivard - cv_resume.docx,33348,C
C/01687_1980_-_Pourquoi_rever_encore_Lecture_allegorique_e_a277c7aa32ec.docx,C:\Users\softinfo\Documents\Publications\Papers\1980 - Pourquoi rever encore Lecture allegorique et metaphysique de luvre initiale dYvon Rivard.docx,38266,C
C/01688_1993_-_Unnatural_Selection_Queer_Method_and_Posthu_1890fac50308.docx,C:\Users\softinfo\Documents\Publications\Papers\1993 - Unnatural Selection Queer Method and Posthuman Commons in Jurassic Park.docx,19436,C
C/01689_1998_-_Magic_After_Legitimacy_Witchcraft_Sisterhoo_86791f7c44d5.pdf,"C:\Users\softinfo\Documents\Publications\Papers\1998 - Magic After Legitimacy Witchcraft, Sisterhood, and the Work of Power in Charmed.pdf",459669,C
C/01690_2002_-_Martin_Lepage_-_Queer_Neo-Pagan_Spiritualit_8d3131433146.docx,C:\Users\softinfo\Documents\Publications\Papers\2002 - Martin Lepage - Queer Neo-Pagan Spiritualities and the Question of Authenticity in Wicca.docx,40666,C
C/01691_2003_-_Shamanism_s_and_Gender_Narratives_from_the_8cdfe525630c.docx,C:\Users\softinfo\Documents\Publications\Papers\2003 - )Shamanism(s) and Gender Narratives from the Montreal Pagan Community.docx,41344,C
C/01692_2003_-_Martin_Lepage_-_LA_DEESSE_INTERIEURE_48a3caad5bdf.pdf,C:\Users\softinfo\Documents\Publications\Papers\2003 - Martin Lepage - LA DEESSE INTERIEURE.pdf,241665,C
C/01693_2003_-_Martin_Lepage_-_THE_INNER_GODDESS_GENDER_NO_e379f798c5e0.docx,C:\Users\softinfo\Documents\Publications\Papers\2003 - Martin Lepage - THE INNER GODDESS GENDER NORMATIVITY AND GAY IDENTITY IN WICCAN RITUALITIES.docx,50363,C
C/01694_2003_-_Martin_Lepage_-_THE_INNER_GODDESS_GENDER_NO_b6b03b511ab6.pdf,C:\Users\softinfo\Documents\Publications\Papers\2003 - Martin Lepage - THE INNER GODDESS GENDER NORMATIVITY AND GAY IDENTITY IN.pdf,374617,C
C/01695_2007_-_Magic_After_Legitimacy_Witchcraft_Sisterhoo_89e07cd1021c.docx,"C:\Users\softinfo\Documents\Publications\Papers\2007 - Magic After Legitimacy Witchcraft, Sisterhood, and the Work of Power in Charmed - MASTER.docx",28798,C
C/01696_2007_-_Magic_After_Legitimacy_Witchcraft_Sisterhoo_e628097943e6.docx,"C:\Users\softinfo\Documents\Publications\Papers\2007 - Magic After Legitimacy Witchcraft, Sisterhood, and the Work of Power in Charmed.docx",28798,C
C/01697_2007_-_Martin_Lepage_-_Every_Hair_a_Battle_Scar_Bu_6b94ce7295c5.docx,"C:\Users\softinfo\Documents\Publications\Papers\2007 - Martin Lepage - Every Hair a Battle Scar Buffy Summers Hair as Narrative Engine, Cultural Icon, and Postfe - notes_or_journal.docx",130710,C
C/01698_2010_-_Shamanism_s_and_Gender_Narratives_from_the_9da8b4a831c4.docx,C:\Users\softinfo\Documents\Publications\Papers\2010 - )Shamanism(s) and Gender Narratives from the Montreal Pagan Community.docx,34611,C
C/01699_2010_-_Martin_Lepage_-_Neo-_Shamanism_s_and_Gender_d65d9b05c9ae.docx,C:\Users\softinfo\Documents\Publications\Papers\2010 - Martin Lepage - (Neo-)Shamanism(s) and Gender Narratives from the Montreal Pagan Community.docx,56753,C
C/01700_2010_-_Martin_Lepage_-_Neo-Shamanism_s_and_Gender_202c2d16e9c9.docx,C:\Users\softinfo\Documents\Publications\Papers\2010 - Martin Lepage - Neo-Shamanism(s) and Gender Narratives from the Montreal Pagan Community.docx,57119,C
C/01701_2010_-_Queer_and_Virtually_Magical_Literally_Agath_9296b78ae4b7.docx,"C:\Users\softinfo\Documents\Publications\Papers\2010 - Queer and Virtually Magical, Literally Agatha All Along and the Digitalization of Witchcra.docx",38589,C
C/01702_2011_-_Refusing_Fixity_Aesthetic_Governance_Fugiti_bdd9b26f3388.docx,"C:\Users\softinfo\Documents\Publications\Papers\2011 - Refusing Fixity Aesthetic Governance, Fugitive Authorship, and the Refusal of Dead Knowled.docx",24255,C
C/01703_2012_-_Beyond_Fluency_Stuttering_Queer_Crip_Critiq_ecf9c4a1f5ad.docx,"C:\Users\softinfo\Documents\Publications\Papers\2012 - Beyond Fluency Stuttering, Queer Crip Critique, and the Instability of Knowledge.docx",24528,C
C/01704_2012_-_Chapter_de1da342841b.docx,C:\Users\softinfo\Documents\Publications\Papers\2012 - Chapter.docx,76927,C
C/01705_2012_-_Martin_Lepage_-_La_serie_animee_Avatar_une_c0b8fa562740.docx,C:\Users\softinfo\Documents\Publications\Papers\2012 - Martin Lepage - La serie animee Avatar une lecture queer du pouvoir incarne - thesis_or_dissertation.docx,49296,C
C/01706_2012_-_Masculinites_et_ritualites_la_magie_chez_le_b858217e5f9b.pdf,C:\Users\softinfo\Documents\Publications\Papers\2012 - Masculinites et ritualites la magie chez les Radical Faeries.pdf,145226,C
C/01707_2013_-_Shamanism_s_and_Gender_Narratives_from_the_c6b7c8b9ec74.docx,C:\Users\softinfo\Documents\Publications\Papers\2013 - )Shamanism(s) and Gender Narratives from the Montreal Pagan Community [2].docx,37409,C
C/01708_2013_-_Shamanism_s_and_Gender_Narratives_from_the_6a70638a81f1.docx,C:\Users\softinfo\Documents\Publications\Papers\2013 - )Shamanism(s) and Gender Narratives from the Montreal Pagan Community.docx,39109,C
C/01709_2013_-_Shamanism_s_and_Gender_Narratives_from_the_33e2d24569d6.docx,C:\Users\softinfo\Documents\Publications\Papers\2013 - )Shamanism(s) and Gender Narratives from the Montreal Pagan Community_1.docx,38739,C
C/01710_2013_-_Algorithmic_Agentic_AI_and_Governance_From_d30e3b0accf0.docx,C:\Users\softinfo\Documents\Publications\Papers\2013 - Algorithmic Agentic AI and Governance From Hegemonic Fluency to the Ethics of Interruption.docx,248565,C
C/01711_2013_-_Method_Collaborative_Autoethnography_c8dc9eb0f559.docx,C:\Users\softinfo\Documents\Publications\Papers\2013 - Method (Collaborative Autoethnography).docx,37800,C
C/01712_2013_-_Virtually_Magical_Literally_a9a59ab4d482.docx,"C:\Users\softinfo\Documents\Publications\Papers\2013 - Virtually Magical, Literally.docx",37251,C
C/01713_2016_-_Authority_Without_Ethics_Ritual_Power_and_t_8db47c78ffce.docx,C:\Users\softinfo\Documents\Publications\Papers\2016 - Authority Without Ethics Ritual Power and the Cultural Life of Witchcraft in The Love Witc.docx,32328,C
C/01714_2017_-_Martin_Lepage_-_Queer_Neo-Pagan_Spiritualit_269bf3e9e6bd.docx,C:\Users\softinfo\Documents\Publications\Papers\2017 - Martin Lepage - Queer Neo-Pagan Spiritualities and the Question of Authenticity in Wicca.docx,43389,C
C/01715_2017_-_Social_Stratification_and_Social_Inequality_8a080d50240a.docx,C:\Users\softinfo\Documents\Publications\Papers\2017 - Social Stratification and Social Inequality Models of Intersectionality and Identity.docx,37467,C
C/01716_2017_-_Why_be_king_Im_already_a_queen_732e8b5e88d7.docx,C:\Users\softinfo\Documents\Publications\Papers\2017 - Why be king Im already a queen!.docx,17531,C
C/01717_2018_-_The_Familiars_of_Hollywood_Queerness_Whiten_962270e5c7b5.docx,"C:\Users\softinfo\Documents\Publications\Papers\2018 - The Familiars of Hollywood Queerness, Whiteness, and the Vampiric Economy of Representatio.docx",28248,C
C/01718_2022_-_Unnatural_Selection_Queer_Method_and_Posthu_1bb9c375da50.docx,C:\Users\softinfo\Documents\Publications\Papers\2022 - Unnatural Selection Queer Method and Posthuman Commons in Jurassic Park.docx,16760,C
C/01719_2023_-_Authority_After_Legitimacy_Fairy_Tales_Gove_8ebe496f78d9.docx,"C:\Users\softinfo\Documents\Publications\Papers\2023 - Authority After Legitimacy Fairy Tales, Governance, and Political Failure in Disenchantmen.docx",30507,C
C/01720_2024_-_The_Scythe_Already_in_Motion_Buffy_Queer_Ri_a55b0a4da40a.docx,"C:\Users\softinfo\Documents\Publications\Papers\2024 - The Scythe Already in Motion Buffy, Queer Ritual, and the Politics of Glitch.docx",11554,C
C/01721_2025_-_Introduction_The_Ritual_Machine_Lab_or_How_866142ec5fc5.docx,"C:\Users\softinfo\Documents\Publications\Papers\2025 - Introduction The Ritual Machine Lab, or, How Stories Train the Body Into Obedience While C.docx",149955,C
C/01722_2025_-_Martin_Lepage_-_BREATH_OF_THE_ASTRAL_YEAR_f23368fa4e0a.docx,C:\Users\softinfo\Documents\Publications\Papers\2025 - Martin Lepage - BREATH OF THE ASTRAL YEAR - book_or_monograph.docx,704080,C
C/01723_2025_-_Martin_Lepage_-_CORPUS_-_book_or_monograph_25f4695c9628.docx,C:\Users\softinfo\Documents\Publications\Papers\2025 - Martin Lepage - CORPUS - book_or_monograph [2].docx,778153,C
C/01724_2025_-_Martin_Lepage_-_CORPUS_-_book_or_monograph_b665b235ca47.docx,C:\Users\softinfo\Documents\Publications\Papers\2025 - Martin Lepage - CORPUS - book_or_monograph.docx,779953,C
C/01725_2025_-_Martin_Lepage_-_La_frequence_brisee_du_verb_922eb5559225.docx,C:\Users\softinfo\Documents\Publications\Papers\2025 - Martin Lepage - La frequence brisee du verbe - thesis_or_dissertation.docx,139311,C
C/01726_2025_-_Martin_Lepage_-_LE_SANG_QUI_PORTE_TON_NOM_f17ee4a134c8.docx,C:\Users\softinfo\Documents\Publications\Papers\2025 - Martin Lepage - LE SANG QUI PORTE TON NOM - book_or_monograph.docx,685099,C
C/01727_2025_-_Martin_Lepage_-_Le_sang_qui_porte_ton_nom_9c5fc9b535b8.docx,C:\Users\softinfo\Documents\Publications\Papers\2025 - Martin Lepage - Le sang qui porte ton nom.docx,679884,C
C/01728_2025_-_Martin_Lepage_-_Prologue_I_Saw_Willow_Rise_d72e2af3bf35.docx,C:\Users\softinfo\Documents\Publications\Papers\2025 - Martin Lepage - Prologue I Saw Willow Rise.docx,126212,C
C/01729_2025_-_Martin_Lepage_-_References_bibliographiques_1912c99fa885.docx,C:\Users\softinfo\Documents\Publications\Papers\2025 - Martin Lepage - References bibliographiques.docx,15015,C
C/01730_2025_-_Martin_Lepage_-_THE_BROKEN_FREQUENCY_OF_THE_0109608e3dd2.pdf,C:\Users\softinfo\Documents\Publications\Papers\2025 - Martin Lepage - THE BROKEN FREQUENCY OF THE WORD - book_or_monograph.pdf,527356,C
C/01731_2025_-_Martin_Lepage_-_THE_BROKEN_FREQUENCY_OF_THE_c68f7a783cd6.docx,C:\Users\softinfo\Documents\Publications\Papers\2025 - Martin Lepage - THE BROKEN FREQUENCY OF THE WORD.docx,178400,C
C/01732_2025_-_Martin_Lepage_-_THE_RETURNING_LIGHT_-_book_49a4f3e50435.docx,C:\Users\softinfo\Documents\Publications\Papers\2025 - Martin Lepage - THE RETURNING LIGHT - book_or_monograph.docx,102921,C
C/01733_2025_-_Martin_Lepage_-_THE_SIXTH_SIGNAL_-_book_or_9cc4ca270d00.pdf,C:\Users\softinfo\Documents\Publications\Papers\2025 - Martin Lepage - THE SIXTH SIGNAL - book_or_monograph.pdf,731550,C
C/01734_2025_-_Stuttering_Machines_Code_Voice_and_the_Algo_e8c53371668c.md,"C:\Users\softinfo\Documents\Publications\Papers\2025 - Stuttering Machines Code, Voice, and the Algorithmic Dysfluency.md",709,C
C/01735_2026_-_ocr_needed_1_1359234f7cb6.pdf,C:\Users\softinfo\Documents\Publications\Papers\2026 - ocr_needed_1.pdf,4567784,C
C/01736_2026_-_VISIBILITY_627172429647.docx,C:\Users\softinfo\Documents\Publications\Papers\2026 - VISIBILITY.docx,26308,C
C/01737_2027_-_Embedding_Before_Rupture_Relational_AI_Bind_408df3b8a52f.txt,"C:\Users\softinfo\Documents\Publications\Papers\2027 - Embedding Before Rupture Relational AI, Binding Governance, and Institutional Power.txt",71623,C
C/01738_Hair_0cff0854ce30.enw,C:\Users\softinfo\Documents\Publications\References\Hair.enw,285,C
C/01739_2005_-_Pagan_Magic_Identity_Religion_and_the_Power_53b0daa4d64f.docx,"C:\Users\softinfo\Documents\Publications\Submissions\MagicRW\2005 - Pagan Magic Identity, Religion, and the Power of Norms.docx",59866,C
C/01740_2005_-_Pagan_Magic_Identity_Religion_and_the_Power_596671174c90.docx,"C:\Users\softinfo\Documents\Publications\Submissions\MagicRW\2005 - Pagan Magic Identity, Religion, and the Power of Norms_1.docx",59767,C
C/01741_2006_-_Pagan_Magic_Identity_Power_and_the_Uses_of_9c35ade4e9df.txt,"C:\Users\softinfo\Documents\Publications\Submissions\MagicRW\2006 - Pagan Magic Identity, Power, and the Uses of Magic.txt",21305,C
C/01742_2013_-_Pagan_Magic_Identity_Religion_and_the_Power_d0df99272b54.docx,"C:\Users\softinfo\Documents\Publications\Submissions\MagicRW\2013 - Pagan Magic Identity, Religion, and the Power of Norms.docx",36871,C
C/01743_2025_-_Pagan_Magic_b465e9c61a1a.docx,C:\Users\softinfo\Documents\Publications\Submissions\MagicRW\2025 - Pagan Magic.docx,12746,C
C/01744_2026_-_Pagan_Magic_Identity_Power_and_the_Uses_of_7769489bebc7.docx,"C:\Users\softinfo\Documents\Publications\Submissions\MagicRW\2026 - Pagan Magic Identity, Power, and the Uses of Magic.docx",31210,C
C/01745_1994_-_entertainment_-_Reboot_Performance_Gender_a_375b5cadd5c1.pdf,"C:\Users\softinfo\Documents\Publications\Submissions\REBOOT\1994 - entertainment - Reboot Performance, Gender, and the Computing of IdentityMT - journal_article.pdf",262414,C
C/01746_1994_-_lepage_-_Reboot_-_policy_or_guidance_d2975d1c12f6.docx,C:\Users\softinfo\Documents\Publications\Submissions\REBOOT\1994 - lepage - Reboot - policy_or_guidance.docx,42787,C
C/01747_2025_-_dawes_-_Reboot_-_journal_article_2_dbdb0a6aacaf.pdf,C:\Users\softinfo\Documents\Publications\Submissions\REBOOT\2025 - dawes - Reboot - journal_article [2].pdf,860377,C
C/01748_2025_-_dawes_-_Reboot_-_journal_article_542f435a7e46.pdf,C:\Users\softinfo\Documents\Publications\Submissions\REBOOT\2025 - dawes - Reboot - journal_article.pdf,860377,C
C/01749_LEPAGE-Reboot_Performance_Gender_and_the_Computing_3d98ba51301e.docx,"C:\Users\softinfo\Documents\Publications\Submissions\REBOOT\LEPAGE-Reboot Performance, Gender, and the Computing of Identity__0A439345.docx",42522,C
C/01750_LEPAGE-Reboot_Performance_Gender_and_the_Computing_61db6726ff14.docx,"C:\Users\softinfo\Documents\Publications\Submissions\REBOOT\LEPAGE-Reboot Performance, Gender, and the Computing of IdentityFINAL (1)__5C01AC5B.docx",30118,C
C/01751_LEPAGE-Reboot_Performance_Gender_and_the_Computing_292242261171.docx,"C:\Users\softinfo\Documents\Publications\Submissions\REBOOT\LEPAGE-Reboot Performance, Gender, and the Computing of IdentityFINAL__2C1B0626.docx",61184,C
C/01752_LEPAGE-Reboot_Performance_Gender_and_the_Computing_ffe2271e49c2.docx,"C:\Users\softinfo\Documents\Publications\Submissions\REBOOT\LEPAGE-Reboot+Performance,+Gender,+and+the+Computing+of+Identity+(1)__1BA75FC1.docx",42787,C
C/01753_Reboot_Performance_Gender_and_the_Computing_of_Ide_6b30635ebe26.docx,"C:\Users\softinfo\Documents\Publications\Submissions\REBOOT\Reboot Performance, Gender, and the Computing of IdentityMT (1)__FE48192D.docx",30118,C
C/01754_Reboot_Performance_Gender_and_the_Computing_of_Ide_1d09a4afdc26.docx,"C:\Users\softinfo\Documents\Publications\Submissions\REBOOT\Reboot Performance, Gender, and the Computing of IdentityMT-REV (1)__B65F6707.docx",34883,C
C/01755_Reboot_Performance_Gender_Identity_6FC1EE89_dae91ef6ec49.docx,C:\Users\softinfo\Documents\Publications\Submissions\REBOOT\Reboot_Performance_Gender_Identity__6FC1EE89.docx,38810,C
C/01756_agatha_socialcompass_v5_1_dcc3576d5024.docx,C:\Users\softinfo\Documents\Publications\Submissions\SocialCompass Agatha\agatha_socialcompass_v5 (1).docx,28154,C
C/01757_agatha_socialcompass_v5_2_fd09bfad5995.docx,C:\Users\softinfo\Documents\Publications\Submissions\SocialCompass Agatha\agatha_socialcompass_v5 (2).docx,28418,C
C/01758_agatha_socialcompass_v5_f8d794d7fbf3.docx,C:\Users\softinfo\Documents\Publications\Submissions\SocialCompass Agatha\agatha_socialcompass_v5.docx,28552,C
C/01759_Agathav4.1_54f6493391d5.docx,C:\Users\softinfo\Documents\Publications\Submissions\SocialCompass Agatha\Agathav4.1.docx,27060,C
C/01760_Agathav4.2_6a5e8ce710f9.docx,C:\Users\softinfo\Documents\Publications\Submissions\SocialCompass Agatha\Agathav4.2.docx,26565,C
C/01761_Agathav4.2_revised_aea844a3c0c2.docx,C:\Users\softinfo\Documents\Publications\Submissions\SocialCompass Agatha\Agathav4.2_revised.docx,27418,C
C/01762_Agathav4.2_revised_highlighted_20840e6600c2.docx,C:\Users\softinfo\Documents\Publications\Submissions\SocialCompass Agatha\Agathav4.2_revised_highlighted.docx,27438,C
C/01763_Agathav4.3_final_0482a66e54c3.docx,C:\Users\softinfo\Documents\Publications\Submissions\SocialCompass Agatha\Agathav4.3_final.docx,27487,C
C/01764_Agathav4.3_final_highlighted_63a2414aadd5.docx,C:\Users\softinfo\Documents\Publications\Submissions\SocialCompass Agatha\Agathav4.3_final_highlighted.docx,27507,C
C/01765_SocialCompass_AAAreviewers_v3_0efb49f9d130.docx,C:\Users\softinfo\Documents\Publications\Submissions\SocialCompass Agatha\SocialCompass_AAAreviewers_v3.docx,22010,C
C/01766_SocialCompass_AAAreviewers_v4_22236e1c414e.docx,C:\Users\softinfo\Documents\Publications\Submissions\SocialCompass Agatha\SocialCompass_AAAreviewers_v4.docx,9551,C
C/01767_SocialCompass_response_to_reviewers_v2_aaa805216b4a.docx,C:\Users\softinfo\Documents\Publications\Submissions\SocialCompass Agatha\SocialCompass_response_to_reviewers_v2.docx,38702,C
C/01768_SocialCompass_response_to_reviewers_v3_a3d83c1fb260.docx,C:\Users\softinfo\Documents\Publications\Submissions\SocialCompass Agatha\SocialCompass_response_to_reviewers_v3.docx,38855,C
C/01769_SocialCompass_response_to_reviewers_v3_highlighted_5c0960f683ca.docx,C:\Users\softinfo\Documents\Publications\Submissions\SocialCompass Agatha\SocialCompass_response_to_reviewers_v3_highlighted.docx,38883,C
C/01770_SocialCompassWiccaAgatha_V3_7c1c1dd83d1e.docx,C:\Users\softinfo\Documents\Publications\Submissions\SocialCompass Agatha\SocialCompassWiccaAgatha_V3.docx,39635,C
C/01771_I_m_building_this_as_a_peer-re_93a675ca3fc2.txt,C:\Users\softinfo\Documents\Publications\WIP\AI ETHICS+Recursion paper\#####I’m building this as a peer-re.txt,59382,C
C/01772_BIBLIOGRAPHY-SCAN-PROGRESS_c98334ed9c92.md,C:\Users\softinfo\Documents\Publications\WIP\AI ETHICS+Recursion paper\_BIBLIOGRAPHY-SCAN-PROGRESS.md,15090,C
C/01773_ai_anXIETY_TO_RECURISON_1c28cb0f4eb5.doc,C:\Users\softinfo\Documents\Publications\WIP\AI ETHICS+Recursion paper\ai anXIETY TO RECURISON.doc,10240,C
C/01774_Algorithmic_Agentic_AI_and_Governance_From_Hegemon_393b5ef567fb.docx,C:\Users\softinfo\Documents\Publications\WIP\AI ETHICS+Recursion paper\Algorithmic Agentic AI and Governance From Hegemonic Fluency to the Ethics of Interruption.docx,248500,C
C/01775_BUILDING_f38bf2685208.txt,C:\Users\softinfo\Documents\Publications\WIP\AI ETHICS+Recursion paper\BUILDING.txt,93715,C
C/01776_From_AI_Anxiety_to_Recursive_Governance_Under_Cons_7da1653a56f9.txt,C:\Users\softinfo\Documents\Publications\WIP\AI ETHICS+Recursion paper\From AI Anxiety to Recursive Governance Under Cons.txt,26891,C
C/01777_MARKDOWN-Compress-OPAC_60b35b329a76.txt,C:\Users\softinfo\Documents\Publications\WIP\AI ETHICS+Recursion paper\MARKDOWN-Compress-OPAC.txt,172843,C
C/01778_master-annotated-bibliography-ai-governance-2026-0_c8050cbff716.md,C:\Users\softinfo\Documents\Publications\WIP\AI ETHICS+Recursion paper\master-annotated-bibliography-ai-governance-2026-03-11.md,41035,C
C/01779_This_is_an_ambitious_and_intellectu_87d24252d513.md,C:\Users\softinfo\Documents\Publications\WIP\AI ETHICS+Recursion paper\This is an ambitious and intellectu.md,7213,C
C/01780_This_is_an_ambitious_and_intellectu_03a37e052bf3.txt,C:\Users\softinfo\Documents\Publications\WIP\AI ETHICS+Recursion paper\This is an ambitious and intellectu.txt,7213,C
C/01781_Untitled_1_962de4584211.docx,C:\Users\softinfo\Documents\Publications\WIP\AI ETHICS+Recursion paper\Untitled 1.docx,6739,C
C/01782_The_exact_paper_you_pasted_is_not_c4a9c5d68e63.txt,C:\Users\softinfo\Documents\Publications\WIP\AI ETHICS+Recursion paper\• The exact paper you pasted is not.txt,9014,C
C/01783_Bodies_Files_and_Populist_Denial_-_special_issue_a_e76e20f67835.md,"C:\Users\softinfo\Documents\Publications\WIP\Bodies, Files, and Populist Denial - special issue abstract.md",3951,C
C/01784_Bodies_Files_and_Populist_Denial_-_special_issue_w_822b4d68220d.md,"C:\Users\softinfo\Documents\Publications\WIP\Bodies, Files, and Populist Denial - special issue working draft.md",30648,C
C/01785_Governance_by_Denial_-_Journal_of_Political_Power_4856be4e1604.md,C:\Users\softinfo\Documents\Publications\WIP\Governance by Denial - Journal of Political Power submission alignment note.md,2788,C
C/01786_Governance_by_Denial_-_Journal_of_Political_Power_e0b5e9fe3cf2.md,C:\Users\softinfo\Documents\Publications\WIP\Governance by Denial - Journal of Political Power Title Page.md,1099,C
C/01787_Governance_by_Denial_-_revised_working_draft_8329b5f51e13.docx,C:\Users\softinfo\Documents\Publications\WIP\Governance by Denial - revised working draft.docx,56297,C
C/01788_Governance_by_Denial_-_revised_working_draft_8bb530dd31b5.md,C:\Users\softinfo\Documents\Publications\WIP\Governance by Denial - revised working draft.md,79851,C
C/01789_LinkedIn_posts_-_24_post_series_addb9deaf018.md,C:\Users\softinfo\Documents\Publications\WIP\LinkedIn posts - 24 post series.md,17460,C
C/01790_Alchemy_of_the_Wound_ee9882936e27.docx,C:\Users\softinfo\Documents\Publications\WIP\Working Papers\Alchemy of the Wound.docx,148876,C
C/01791_BALLAD_e47be248d973.docx,C:\Users\softinfo\Documents\Publications\WIP\Working Papers\BALLAD.docx,43412,C
C/01792_beauty-logic_d8839fe8544c.md,C:\Users\softinfo\Documents\Publications\WIP\Working Papers\beauty-logic.md,8025,C
C/01793_brutal-isms-budget-options_226b354e0d37.pdf,C:\Users\softinfo\Documents\Publications\WIP\Working Papers\brutal-isms-budget-options.pdf,4198,C
C/01794_brutal-isms-longform-revised_36c280e40360.pdf,C:\Users\softinfo\Documents\Publications\WIP\Working Papers\brutal-isms-longform-revised.pdf,13890,C
C/01795_brutal-isms-portal-answers_567c8e815854.pdf,C:\Users\softinfo\Documents\Publications\WIP\Working Papers\brutal-isms-portal-answers.pdf,11227,C
C/01796_BrutalIsms_GrantProposal_daeacdf20f9d.docx,C:\Users\softinfo\Documents\Publications\WIP\Working Papers\BrutalIsms_GrantProposal.docx,14211,C
C/01797_BrutalIsms_NathonImeson_FINAL_fdd27f0d6ff5.docx,C:\Users\softinfo\Documents\Publications\WIP\Working Papers\BrutalIsms_NathonImeson_FINAL.docx,14186,C
C/01798_BrutalIsms_NathonImeson_GODMODE_381234b3a761.docx,C:\Users\softinfo\Documents\Publications\WIP\Working Papers\BrutalIsms_NathonImeson_GODMODE.docx,13792,C
C/01799_BrutalIsms_v2_GODMODE_356d1ae0b37b.docx,C:\Users\softinfo\Documents\Publications\WIP\Working Papers\BrutalIsms_v2_GODMODE.docx,13796,C
C/01800_Document_sans_titre_d5bde24a2707.docx,C:\Users\softinfo\Documents\Publications\WIP\Working Papers\Document sans titre.docx,10055,C
C/01801_PAGE_1_14d9aae96f9f.txt,C:\Users\softinfo\Documents\Publications\WIP\Working Papers\Downloads Intake 2026-03-29\===== PAGE 1 =====.txt,47442,C
C/01802_Agatha_GovernanceMemo_028edd02bad5.docx,C:\Users\softinfo\Documents\Publications\WIP\Working Papers\Downloads Intake 2026-03-29\Agatha_GovernanceMemo.docx,14291,C
C/01803_agatha_v5_2a9fcbf20cb3.docx,C:\Users\softinfo\Documents\Publications\WIP\Working Papers\Downloads Intake 2026-03-29\agatha_v5 .docx,30054,C
C/01804_Agathav4.4_final_with_references_bf7fa56ea34b.docx,C:\Users\softinfo\Documents\Publications\WIP\Working Papers\Downloads Intake 2026-03-29\Agathav4.4_final_with_references.docx,30165,C
C/01805_Agathav4.5_socialcompass_merged_bf2e5e1d9ec7.docx,C:\Users\softinfo\Documents\Publications\WIP\Working Papers\Downloads Intake 2026-03-29\Agathav4.5_socialcompass_merged.docx,30764,C
C/01806_AI_anxiety_a201718fa0cf.pdf,C:\Users\softinfo\Documents\Publications\WIP\Working Papers\Downloads Intake 2026-03-29\AI_anxiety.pdf,127424,C
C/01807_AI_Anxiety_FINAL_99296e368835.pdf,C:\Users\softinfo\Documents\Publications\WIP\Working Papers\Downloads Intake 2026-03-29\AI_Anxiety_FINAL.pdf,4262793,C
C/01808_Anthro-analysis_fbdf7dc09411.pdf,C:\Users\softinfo\Documents\Publications\WIP\Working Papers\Downloads Intake 2026-03-29\Anthro-analysis.pdf,114388,C
C/01809_ANTHRO_PHAROS_48b422ca6f6d.docx,C:\Users\softinfo\Documents\Publications\WIP\Working Papers\Downloads Intake 2026-03-29\ANTHRO_PHAROS.docx,12117,C
C/01810_architectural_ai_governance_64b26c558da5.docx,C:\Users\softinfo\Documents\Publications\WIP\Working Papers\Downloads Intake 2026-03-29\architectural_ai_governance.docx,14157,C
C/01811_Bonded_Intelligence_Under_Constraint_Coherence_Bif_68dbd3906d61.docx,"C:\Users\softinfo\Documents\Publications\WIP\Working Papers\Downloads Intake 2026-03-29\Bonded Intelligence Under Constraint_ Coherence, Bifurcation, and the Flower Processor Framework.docx",36822,C
C/01812_BREATH_OF_THE_ASTRAL_YEAR_ee41697893dc.docx,C:\Users\softinfo\Documents\Publications\WIP\Working Papers\Downloads Intake 2026-03-29\BREATH OF THE ASTRAL YEAR_.docx,697007,C
C/01813_BREATH_OF_THE_ASTRAL_YEAR_.package-revised_54c6dda6514c.docx,C:\Users\softinfo\Documents\Publications\WIP\Working Papers\Downloads Intake 2026-03-29\BREATH OF THE ASTRAL YEAR_.package-revised.docx,696340,C
C/01814_BREATH_OF_THE_ASTRAL_YEAR_.revised_f3b423a3defc.docx,C:\Users\softinfo\Documents\Publications\WIP\Working Papers\Downloads Intake 2026-03-29\BREATH OF THE ASTRAL YEAR_.revised.docx,703440,C
C/01815_BREATH_OF_THE_ASTRAL_YEAR_.typeset_1e4178a97d84.docx,C:\Users\softinfo\Documents\Publications\WIP\Working Papers\Downloads Intake 2026-03-29\BREATH OF THE ASTRAL YEAR_.typeset.docx,704878,C
C/01816_BUFFY_balanced_revision_6a0b76bab656.docx,C:\Users\softinfo\Documents\Publications\WIP\Working Papers\Downloads Intake 2026-03-29\BUFFY_balanced_revision.docx,31848,C
C/01817_BUFFY_clean_no_brackets_db5411b22785.docx,C:\Users\softinfo\Documents\Publications\WIP\Working Papers\Downloads Intake 2026-03-29\BUFFY_clean_no_brackets.docx,28284,C
C/01818_BUFFY_FINAL_with_selected_bibliography_4d326c9a9c5f.docx,C:\Users\softinfo\Documents\Publications\WIP\Working Papers\Downloads Intake 2026-03-29\BUFFY_FINAL_with_selected_bibliography.docx,40097,C
C/01819_BUFFY_no_image_markers_81e10373c364.docx,C:\Users\softinfo\Documents\Publications\WIP\Working Papers\Downloads Intake 2026-03-29\BUFFY_no_image_markers.docx,28390,C
C/01820_BUFFY_reinserted_master_28caf1642251.docx,C:\Users\softinfo\Documents\Publications\WIP\Working Papers\Downloads Intake 2026-03-29\BUFFY_reinserted_master.docx,55114,C
C/01821_BUFFY_revised_with_bibliography_9f9d211ad937.docx,C:\Users\softinfo\Documents\Publications\WIP\Working Papers\Downloads Intake 2026-03-29\BUFFY_revised_with_bibliography.docx,26744,C
C/01822_BUYFFY-POWER_b74dd18220c2.docx,C:\Users\softinfo\Documents\Publications\WIP\Working Papers\Downloads Intake 2026-03-29\BUYFFY-POWER.docx,27318,C
C/01823_BUYFFY-POWER_coherence-pass_2c119fbd4e8c.docx,C:\Users\softinfo\Documents\Publications\WIP\Working Papers\Downloads Intake 2026-03-29\BUYFFY-POWER_coherence-pass.docx,26051,C
C/01824_Document_891ac2d96d6d.docx,C:\Users\softinfo\Documents\Publications\WIP\Working Papers\Downloads Intake 2026-03-29\Document.docx,128222,C
C/01825_FIRST_METHOD_PAPER_9ee9f5000626.docx,C:\Users\softinfo\Documents\Publications\WIP\Working Papers\Downloads Intake 2026-03-29\FIRST METHOD PAPER.docx,19434,C
C/01826_FOR_NATE_Easy_Read_6136e991c1e0.pdf,C:\Users\softinfo\Documents\Publications\WIP\Working Papers\Downloads Intake 2026-03-29\FOR_NATE_Easy_Read.pdf,12465,C
C/01827_founder_charter_d31def829c13.docx,C:\Users\softinfo\Documents\Publications\WIP\Working Papers\Downloads Intake 2026-03-29\founder_charter.docx,20650,C
C/01828_From_Recursive_Output_to_Governable_Method_A_Short_db9b6ce50b1d.pdf,C:\Users\softinfo\Documents\Publications\WIP\Working Papers\Downloads Intake 2026-03-29\From Recursive Output to Governable Method_ A Short Narrative of the AI-Governance Architecture.pdf,73917,C
C/01829_Global_Publication_Search_for_PHAROS_method_and_Va_39b276beb932.docx,C:\Users\softinfo\Documents\Publications\WIP\Working Papers\Downloads Intake 2026-03-29\Global Publication Search for “PHAROS method” and Variants.docx,30163,C
C/01830_governance_typology_926ea3791d4f.docx,C:\Users\softinfo\Documents\Publications\WIP\Working Papers\Downloads Intake 2026-03-29\governance_typology.docx,15704,C
C/01831_LEPAGE-Pourquoi_r_ver_encore_cbe63197d63a.docx,C:\Users\softinfo\Documents\Publications\WIP\Working Papers\Downloads Intake 2026-03-29\LEPAGE-Pourquoi rêver encore.docx,33348,C
C/01832_Machines_AltarsTRUE_ac133872581d.docx,C:\Users\softinfo\Documents\Publications\WIP\Working Papers\Downloads Intake 2026-03-29\Machines _ AltarsTRUE.docx,3598006,C
C/01833_Magic_After_Legitimacy-LEPAGE_7989f41064aa.docx,C:\Users\softinfo\Documents\Publications\WIP\Working Papers\Downloads Intake 2026-03-29\Magic After Legitimacy-LEPAGE.docx,28798,C
C/01834_OpenAI_s_Governance_Framework_An_In-Depth_Analysis_90bd78abd56a.docx,"C:\Users\softinfo\Documents\Publications\WIP\Working Papers\Downloads Intake 2026-03-29\OpenAI’s Governance Framework_ An In-Depth Analysis of Preparedness, Oversight, and Comparative Advantages with PHAROS AI Governance.docx",14499,C
C/01835_OT-ai-governance-article-series-iapppdf_ece40b8a2219.pdf,C:\Users\softinfo\Documents\Publications\WIP\Working Papers\Downloads Intake 2026-03-29\OT-ai-governance-article-series-iapppdf.pdf,5362627,C
C/01836_PHS-D-25-00083_R1_1_0be668f076ac.pdf,C:\Users\softinfo\Documents\Publications\WIP\Working Papers\Downloads Intake 2026-03-29\PHS-D-25-00083_R1 (1).pdf,441428,C
C/01837_POUR_PATRICIA_Facile_a_Lire_b5b05889c4e9.pdf,C:\Users\softinfo\Documents\Publications\WIP\Working Papers\Downloads Intake 2026-03-29\POUR_PATRICIA_Facile_a_Lire.pdf,13457,C
C/01838_Pourquoi_rever_encore_revise_c73f4ec63201.docx,C:\Users\softinfo\Documents\Publications\WIP\Working Papers\Downloads Intake 2026-03-29\Pourquoi_rever_encore_revise.docx,743585,C
C/01839_Sealed_Card_Protocol_FINAL_1_e93ed5f36da8.pdf,C:\Users\softinfo\Documents\Publications\WIP\Working Papers\Downloads Intake 2026-03-29\Sealed_Card_Protocol_FINAL (1).pdf,241977,C
C/01840_September2024_3a9ea799a781.docx,C:\Users\softinfo\Documents\Publications\WIP\Working Papers\Downloads Intake 2026-03-29\September2024.docx,35561,C
C/01841_Should_I_Be_Scared_of_Artificial_Intelli_07a82a40eef2.pdf,C:\Users\softinfo\Documents\Publications\WIP\Working Papers\Downloads Intake 2026-03-29\Should_I_Be_Scared_of_Artificial_Intelli.pdf,55039,C
C/01842_slayer_infrastructure_slayage_rev_162eb04dc397.docx,C:\Users\softinfo\Documents\Publications\WIP\Working Papers\Downloads Intake 2026-03-29\slayer_infrastructure_slayage_rev.docx,29125,C
C/01843_SocialCompass_final_reference_list_52637999d985.docx,C:\Users\softinfo\Documents\Publications\WIP\Working Papers\Downloads Intake 2026-03-29\SocialCompass_final_reference_list.docx,39260,C
C/01844_Spider_Man_20d94824dbb8.docx,C:\Users\softinfo\Documents\Publications\WIP\Working Papers\Downloads Intake 2026-03-29\Spider‑Man .docx,25587,C
C/01845_ANTHRO_PHAROS_1_a4b6b1229035.docx,C:\Users\softinfo\Documents\Publications\WIP\Working Papers\Downloads Intake 2026-03-29\Superseded\ANTHRO_PHAROS\ANTHRO_PHAROS (1).docx,12003,C
C/01846_BREATH_OF_THE_ASTRAL_YEAR_.package-revised_1_81b8d947974a.docx,C:\Users\softinfo\Documents\Publications\WIP\Working Papers\Downloads Intake 2026-03-29\Superseded\BREATH OF THE ASTRAL YEAR_.package-revised\BREATH OF THE ASTRAL YEAR_.package-revised (1).docx,397222,C
C/01847_BUFFY_FINAL_with_selected_bibliography_1_162e8fb06167.docx,C:\Users\softinfo\Documents\Publications\WIP\Working Papers\Downloads Intake 2026-03-29\Superseded\BUFFY_FINAL_with_selected_bibliography\BUFFY_FINAL_with_selected_bibliography (1).docx,42258,C
C/01848_BUFFY_no_image_markers_1_c2ed192bf6fc.docx,C:\Users\softinfo\Documents\Publications\WIP\Working Papers\Downloads Intake 2026-03-29\Superseded\BUFFY_no_image_markers\BUFFY_no_image_markers (1).docx,30449,C
C/01849_BUFFY_no_image_markers_2_5b1ce2904442.docx,C:\Users\softinfo\Documents\Publications\WIP\Working Papers\Downloads Intake 2026-03-29\Superseded\BUFFY_no_image_markers\BUFFY_no_image_markers (2).docx,29316,C
C/01850_BUFFY_no_image_markers_3_cc082d6f8aa9.docx,C:\Users\softinfo\Documents\Publications\WIP\Working Papers\Downloads Intake 2026-03-29\Superseded\BUFFY_no_image_markers\BUFFY_no_image_markers (3).docx,28125,C
C/01851_BUFFY_reinserted_master_1_52971bb9d7f7.docx,C:\Users\softinfo\Documents\Publications\WIP\Working Papers\Downloads Intake 2026-03-29\Superseded\BUFFY_reinserted_master\BUFFY_reinserted_master (1).docx,39211,C
C/01852_BUYFFY-POWER_1_fbefeb947641.docx,C:\Users\softinfo\Documents\Publications\WIP\Working Papers\Downloads Intake 2026-03-29\Superseded\BUYFFY-POWER\BUYFFY-POWER (1).docx,25771,C
C/01853_BUYFFY-POWER_2_097986942bfd.docx,C:\Users\softinfo\Documents\Publications\WIP\Working Papers\Downloads Intake 2026-03-29\Superseded\BUYFFY-POWER\BUYFFY-POWER (2).docx,27598,C
C/01854_BUYFFY-POWER_3_fdbe5e8b8de7.docx,C:\Users\softinfo\Documents\Publications\WIP\Working Papers\Downloads Intake 2026-03-29\Superseded\BUYFFY-POWER\BUYFFY-POWER (3).docx,27598,C
C/01855_BUYFFY-POWER_coherence-pass_1_cdccc31f089a.docx,C:\Users\softinfo\Documents\Publications\WIP\Working Papers\Downloads Intake 2026-03-29\Superseded\BUYFFY-POWER_coherence-pass\BUYFFY-POWER_coherence-pass (1).docx,27361,C
C/01856_FIRST_METHOD_PAPER_1_b92183686bc6.docx,C:\Users\softinfo\Documents\Publications\WIP\Working Papers\Downloads Intake 2026-03-29\Superseded\FIRST METHOD PAPER\FIRST METHOD PAPER (1).docx,22479,C
C/01857_September2024_1_bd30e6f7f450.docx,C:\Users\softinfo\Documents\Publications\WIP\Working Papers\Downloads Intake 2026-03-29\Superseded\September2024\September2024(1).docx,40056,C
C/01858_slayer_infrastructure_slayage_rev_1_f970f4b7f957.docx,C:\Users\softinfo\Documents\Publications\WIP\Working Papers\Downloads Intake 2026-03-29\Superseded\slayer_infrastructure_slayage_rev\slayer_infrastructure_slayage_rev (1).docx,32255,C
C/01859_Spider_Man_1_72a186d6b544.docx,C:\Users\softinfo\Documents\Publications\WIP\Working Papers\Downloads Intake 2026-03-29\Superseded\Spider‑Man\Spider‑Man  (1).docx,35882,C
C/01860_Spider_Man_2_e012d447b93e.docx,C:\Users\softinfo\Documents\Publications\WIP\Working Papers\Downloads Intake 2026-03-29\Superseded\Spider‑Man\Spider‑Man  (2).docx,38025,C
C/01861_Spider_Man_3_58c0ee02a8a8.docx,C:\Users\softinfo\Documents\Publications\WIP\Working Papers\Downloads Intake 2026-03-29\Superseded\Spider‑Man\Spider‑Man  (3).docx,43674,C
C/01862_Spider_Man_4_c18d92c5e4dd.docx,C:\Users\softinfo\Documents\Publications\WIP\Working Papers\Downloads Intake 2026-03-29\Superseded\Spider‑Man\Spider‑Man  (4).docx,926988,C
C/01863_Spider_Man_5_92be19345a90.docx,C:\Users\softinfo\Documents\Publications\WIP\Working Papers\Downloads Intake 2026-03-29\Superseded\Spider‑Man\Spider‑Man  (5).docx,314023,C
C/01864_The_Afterlife_of_Colonial_Naming_The_Voodoo_Doll_a_904980088bba.docx,C:\Users\softinfo\Documents\Publications\WIP\Working Papers\Downloads Intake 2026-03-29\Superseded\The Afterlife of Colonial Naming_ The “Voodoo Doll” as Archival Problem\The Afterlife of Colonial Naming_ The “Voodoo Doll” as Archival Problem (1).docx,29480,C
C/01865_The_Sealed_Card_Protocol_-_TRUE_1_b8459b29af17.docx,C:\Users\softinfo\Documents\Publications\WIP\Working Papers\Downloads Intake 2026-03-29\Superseded\The Sealed Card Protocol - TRUE\The Sealed Card Protocol - TRUE (1).docx,38402,C
C/01866_The_Sealed_Card_Protocol_-_TRUE_1_1533f42472c2.pdf,C:\Users\softinfo\Documents\Publications\WIP\Working Papers\Downloads Intake 2026-03-29\Superseded\The Sealed Card Protocol - TRUE\The Sealed Card Protocol - TRUE (1).pdf,323147,C
C/01867_VOODOO_1_dcadebbe4e80.docx,C:\Users\softinfo\Documents\Publications\WIP\Working Papers\Downloads Intake 2026-03-29\Superseded\VOODOO\VOODOO (1).docx,15298,C
C/01868_VOODOO_2_6d9f9fd5e14e.docx,C:\Users\softinfo\Documents\Publications\WIP\Working Papers\Downloads Intake 2026-03-29\Superseded\VOODOO\VOODOO (2).docx,26178,C
C/01869_VOODOO_3_68a235ad6d17.docx,C:\Users\softinfo\Documents\Publications\WIP\Working Papers\Downloads Intake 2026-03-29\Superseded\VOODOO\VOODOO (3).docx,33757,C
C/01870_VOODOO_4_9667a3c5b2e9.docx,C:\Users\softinfo\Documents\Publications\WIP\Working Papers\Downloads Intake 2026-03-29\Superseded\VOODOO\VOODOO (4).docx,34373,C
C/01871_VOODOO_5_d32475a68d34.docx,C:\Users\softinfo\Documents\Publications\WIP\Working Papers\Downloads Intake 2026-03-29\Superseded\VOODOO\VOODOO (5).docx,39930,C
C/01872_VOODOO_6_928011588ae0.docx,C:\Users\softinfo\Documents\Publications\WIP\Working Papers\Downloads Intake 2026-03-29\Superseded\VOODOO\VOODOO (6).docx,44159,C
C/01873_VOODOO_7_1161fb90fca5.docx,C:\Users\softinfo\Documents\Publications\WIP\Working Papers\Downloads Intake 2026-03-29\Superseded\VOODOO\VOODOO (7).docx,51441,C
C/01874_Recursive_AI_Governance_as_Executable_Method_The_V_4cffec61946d.docx,C:\Users\softinfo\Documents\Publications\WIP\Working Papers\Downloads Intake 2026-03-29\Superseded\••• Recursive AI Governance as Executable Method_ The Very Long Narrative\••• Recursive AI Governance as Executable Method_ The Very Long Narrative (1).docx,30782,C
C/01875_Recursive_AI_Governance_as_Executable_Method_The_V_89247c4097ef.docx,C:\Users\softinfo\Documents\Publications\WIP\Working Papers\Downloads Intake 2026-03-29\Superseded\••• Recursive AI Governance as Executable Method_ The Very Long Narrative\••• Recursive AI Governance as Executable Method_ The Very Long Narrative (2).docx,35969,C
C/01876_Recursive_AI_Governance_as_Executable_Method_The_V_101f3f3da4b4.docx,C:\Users\softinfo\Documents\Publications\WIP\Working Papers\Downloads Intake 2026-03-29\Superseded\••• Recursive AI Governance as Executable Method_ The Very Long Narrative\••• Recursive AI Governance as Executable Method_ The Very Long Narrative (3).docx,45460,C
C/01877_Recursive_AI_Governance_as_Executable_Method_The_V_f415bafc4b25.docx,C:\Users\softinfo\Documents\Publications\WIP\Working Papers\Downloads Intake 2026-03-29\Superseded\••• Recursive AI Governance as Executable Method_ The Very Long Narrative\••• Recursive AI Governance as Executable Method_ The Very Long Narrative (4).docx,45460,C
C/01878_The_Afterlife_of_Colonial_Naming_The_Voodoo_Doll_a_9a6aec0d9a38.docx,C:\Users\softinfo\Documents\Publications\WIP\Working Papers\Downloads Intake 2026-03-29\The Afterlife of Colonial Naming_ The “Voodoo Doll” as Archival Problem.docx,29351,C
C/01879_The_Afterlife_of_Colonial_Naming_The_Voodoo_Doll_a_1038b33141bc.pdf,C:\Users\softinfo\Documents\Publications\WIP\Working Papers\Downloads Intake 2026-03-29\The Afterlife of Colonial Naming_ The “Voodoo Doll” as Archival Problem.pdf,260257,C
C/01880_The_Sealed_Card_Protocol_-_TRUE_2_7e07dac872ca.docx,C:\Users\softinfo\Documents\Publications\WIP\Working Papers\Downloads Intake 2026-03-29\The Sealed Card Protocol - TRUE (2).docx,35559,C
C/01881_The_Sealed_Card_Protocol_-_TRUE_5422eef71a4f.pdf,C:\Users\softinfo\Documents\Publications\WIP\Working Papers\Downloads Intake 2026-03-29\The Sealed Card Protocol - TRUE.pdf,289254,C
C/01882_THE_WEATHER_BENEATH_THE_WALLS_555df3071d16.pdf,C:\Users\softinfo\Documents\Publications\WIP\Working Papers\Downloads Intake 2026-03-29\THE WEATHER BENEATH THE WALLS.pdf,1744875,C
C/01883_This_Paper_May_Not_Exist-AI_400618e3410e.docx,C:\Users\softinfo\Documents\Publications\WIP\Working Papers\Downloads Intake 2026-03-29\This Paper May Not Exist-AI.docx,22023,C
C/01884_Transmutation_and_the_Body_aace76017658.docx,C:\Users\softinfo\Documents\Publications\WIP\Working Papers\Downloads Intake 2026-03-29\Transmutation and the Body.docx,30223,C
C/01885_trust-advantage-analysis-march-2026_c65b727ef267.docx,C:\Users\softinfo\Documents\Publications\WIP\Working Papers\Downloads Intake 2026-03-29\trust-advantage-analysis-march-2026.docx,16228,C
C/01886_trust_advantage_analysis_revised_e7cbe8a068f3.docx,C:\Users\softinfo\Documents\Publications\WIP\Working Papers\Downloads Intake 2026-03-29\trust_advantage_analysis_revised.docx,15472,C
C/01887_VOODOO_cd6d5dbd9016.docx,C:\Users\softinfo\Documents\Publications\WIP\Working Papers\Downloads Intake 2026-03-29\VOODOO.docx,13150,C
C/01888_voodoo_doll_manuscript_1_d2154d630db3.docx,C:\Users\softinfo\Documents\Publications\WIP\Working Papers\Downloads Intake 2026-03-29\voodoo_doll_manuscript (1).docx,19765,C
C/01889_voodoo_doll_manuscript_revised_fb936a75a850.docx,C:\Users\softinfo\Documents\Publications\WIP\Working Papers\Downloads Intake 2026-03-29\voodoo_doll_manuscript_revised.docx,18274,C
C/01890_Recursive_AI_Governance_as_Executable_Method_The_V_f8e8674d65c0.docx,C:\Users\softinfo\Documents\Publications\WIP\Working Papers\Downloads Intake 2026-03-29\••• Recursive AI Governance as Executable Method_ The Very Long Narrative.docx,30782,C
C/01891_ForMF_combined_with_marks_b95e708afe18.pdf,C:\Users\softinfo\Documents\Publications\WIP\Working Papers\ForMF_combined_with_marks.pdf,4426908,C
C/01892_Governance_by_Denial_-_revised_working_draft.docx_4cf53b745059.odt,C:\Users\softinfo\Documents\Publications\WIP\Working Papers\Governance by Denial - revised working draft.docx_0.odt,78271,C
C/01893_Material_Culture_-_Charging_Objects_-_Ritual_Artis_5d7405ce9909.txt,C:\Users\softinfo\Documents\Publications\WIP\Working Papers\Material Culture - Charging Objects - Ritual Artistic Practice and the Crisis of Legitimacy.txt,30762,C
C/01894_PHS-D-25-00066_R1_reviewer_84663791b30b.pdf,C:\Users\softinfo\Documents\Publications\WIP\Working Papers\PHS-D-25-00066_R1_reviewer.pdf,305082,C
C/01895_PHS-D-25-00066_reviewer_bc5fc46387c2.pdf,C:\Users\softinfo\Documents\Publications\WIP\Working Papers\PHS-D-25-00066_reviewer.pdf,304017,C
C/01896_sovereign_formation_2_897ed693f641.html,C:\Users\softinfo\Documents\Publications\WIP\Working Papers\sovereign_formation (2).html,51431,C
C/01897_sovereign_formation_v2_530608cbc7dd.html,C:\Users\softinfo\Documents\Publications\WIP\Working Papers\sovereign_formation_v2.html,723222,C
C/01898_VOODOO-defered_authority_07d58eb8cd9a.txt,C:\Users\softinfo\Documents\Publications\WIP\Working Papers\VOODOO-defered authority.txt,20107,C
C/01899_hermes_b64_verified_2026-04-12_d20f60d3c601.txt,C:\Users\softinfo\Documents\Séries Articles Pharos\hermes_b64_verified_2026-04-12.txt,52981,C
C/01900_self_polygraph_ijaighr_revised_bf1430d72aaf.docx,C:\Users\softinfo\Documents\Séries Articles Pharos\self_polygraph_ijaighr_revised.docx,38155,C
C/01901_self_polygraph_ijaighr_revised_70bbc34985a4.md,C:\Users\softinfo\Documents\Séries Articles Pharos\self_polygraph_ijaighr_revised.md,63880,C
C/01902_2026-07-09-emerauld-dead-refs-detail_938ca8c497a0.txt,C:\Users\softinfo\Downloads\AGENTS\hephaistos\bowie\2026-07-09-emerauld-dead-refs-detail.txt,35733,C
C/01903_2026-07-09-pre-agent-naming-ETHICAL-REVIEW-GATES_7c2ed7c66153.md,C:\Users\softinfo\Downloads\AGENTS\hephaistos\bowie\2026-07-09-pre-agent-naming-ETHICAL-REVIEW-GATES.md,17740,C
C/01904_CLAUDE-REVIEW-CHECKLIST_5921a94681c7.md,C:\Users\softinfo\Downloads\AGENTS\hephaistos\CLAUDE-REVIEW-CHECKLIST.md,2386,C
C/01905_ETHICAL-REVIEW-GATES_af2ae1ed922c.md,C:\Users\softinfo\Downloads\AGENTS\hephaistos\ETHICAL-REVIEW-GATES.md,19160,C
C/01906_diagnostic-protocol_fb7310fe161e.md,C:\Users\softinfo\Downloads\AGENTS\hephaistos\extracted\SKILLS Claude\brand-identity-system\references\diagnostic-protocol.md,1241,C
C/01907_logo-protocol_2b89e8f9c0c1.md,C:\Users\softinfo\Downloads\AGENTS\hephaistos\extracted\SKILLS Claude\brand-identity-system\references\logo-protocol.md,1608,C
C/01908_mini-style-guide-template_6a0c92aee8e1.md,C:\Users\softinfo\Downloads\AGENTS\hephaistos\extracted\SKILLS Claude\brand-identity-system\references\mini-style-guide-template.md,210,C
C/01909_output-contracts_007f35a330bc.md,C:\Users\softinfo\Downloads\AGENTS\hephaistos\extracted\SKILLS Claude\brand-identity-system\references\output-contracts.md,913,C
C/01910_professional-services-branding_2f9b899f3f97.md,C:\Users\softinfo\Downloads\AGENTS\hephaistos\extracted\SKILLS Claude\brand-identity-system\references\professional-services-branding.md,1187,C
C/01911_strategic-brief-template_2653632f08ef.md,C:\Users\softinfo\Downloads\AGENTS\hephaistos\extracted\SKILLS Claude\brand-identity-system\references\strategic-brief-template.md,294,C
C/01912_website-protocol_8d1a17b3b0ac.md,C:\Users\softinfo\Downloads\AGENTS\hephaistos\extracted\SKILLS Claude\brand-identity-system\references\website-protocol.md,1543,C
C/01913_culture_7b6d54947355.md,C:\Users\softinfo\Downloads\AGENTS\hephaistos\extracted\SKILLS Claude\humanize\references\culture.md,2054,C
C/01914_diagnose_e25304a0cdb0.md,C:\Users\softinfo\Downloads\AGENTS\hephaistos\extracted\SKILLS Claude\humanize\references\diagnose.md,3265,C
C/01915_redraft_1263aed07a22.md,C:\Users\softinfo\Downloads\AGENTS\hephaistos\extracted\SKILLS Claude\humanize\references\redraft.md,3399,C
C/01916_novel-craft_5cd65f98b834.md,C:\Users\softinfo\Downloads\AGENTS\hephaistos\extracted\SKILLS Claude\novelist\references\novel-craft.md,5863,C
C/01917_reviewer-response-template_7268aedcd4cb.md,C:\Users\softinfo\Downloads\AGENTS\hephaistos\extracted\SKILLS Claude\peer-reviewed-paper-writer\assets\reviewer-response-template.md,2732,C
C/01918_manuscript-readiness-checklist_e96f06918ec5.md,C:\Users\softinfo\Downloads\AGENTS\hephaistos\extracted\SKILLS Claude\peer-reviewed-paper-writer\references\manuscript-readiness-checklist.md,2644,C
C/01919_SKILL_110d9cb178d1.md,C:\Users\softinfo\Downloads\AGENTS\hephaistos\extracted\SKILLS Claude\peer-reviewed-paper-writer\SKILL.md,9866,C
C/01920_role-map_74a329c99b3c.md,C:\Users\softinfo\Downloads\AGENTS\hephaistos\extracted\SKILLS Claude\publisher\references\role-map.md,4952,C
C/01921_methods_40b07cd0c3d2.md,C:\Users\softinfo\Downloads\AGENTS\hephaistos\extracted\SKILLS Claude\qualitative\references\methods.md,9137,C
C/01922_example-prompts_7a10f7a05f13.md,C:\Users\softinfo\Downloads\AGENTS\hephaistos\extracted\SKILLS Claude\recursive-governance-method\references\example-prompts.md,736,C
C/01923_method-rules_e5d708e7fa08.md,C:\Users\softinfo\Downloads\AGENTS\hephaistos\extracted\SKILLS Claude\recursive-governance-method\references\method-rules.md,3473,C
C/01924_templates_cebc8a3df259.md,C:\Users\softinfo\Downloads\AGENTS\hephaistos\extracted\SKILLS Claude\recursive-governance-method\references\templates.md,2132,C
C/01925_red-team-reference_d0b237c3b143.md,C:\Users\softinfo\Downloads\AGENTS\hephaistos\extracted\SKILLS Claude\red-team\references\red-team-reference.md,4104,C
C/01926_dual-layer-architecture_4232d0a1fef6.md,C:\Users\softinfo\Downloads\AGENTS\hephaistos\extracted\SKILLS Claude\skill-architect\references\dual-layer-architecture.md,8592,C
C/01927_accessibility_ebfb404b179d.md,C:\Users\softinfo\Downloads\AGENTS\hephaistos\extracted\SKILLS Claude\speech\references\accessibility.md,696,C
C/01928_audio-api_c2abed89ee98.md,C:\Users\softinfo\Downloads\AGENTS\hephaistos\extracted\SKILLS Claude\speech\references\audio-api.md,902,C
C/01929_cli_da5c824b8d50.md,C:\Users\softinfo\Downloads\AGENTS\hephaistos\extracted\SKILLS Claude\speech\references\cli.md,3275,C
C/01930_codex-network_dc241efa808f.md,C:\Users\softinfo\Downloads\AGENTS\hephaistos\extracted\SKILLS Claude\speech\references\codex-network.md,1148,C
C/01931_ivr_7343d66a298a.md,C:\Users\softinfo\Downloads\AGENTS\hephaistos\extracted\SKILLS Claude\speech\references\ivr.md,708,C
C/01932_narration_9fd382312765.md,C:\Users\softinfo\Downloads\AGENTS\hephaistos\extracted\SKILLS Claude\speech\references\narration.md,671,C
C/01933_prompting_526b611adc58.md,C:\Users\softinfo\Downloads\AGENTS\hephaistos\extracted\SKILLS Claude\speech\references\prompting.md,1553,C
C/01934_sample-prompts_bfbdcc2ebc67.md,C:\Users\softinfo\Downloads\AGENTS\hephaistos\extracted\SKILLS Claude\speech\references\sample-prompts.md,991,C
C/01935_voice-directions_1bfa0c2d757d.md,C:\Users\softinfo\Downloads\AGENTS\hephaistos\extracted\SKILLS Claude\speech\references\voice-directions.md,2155,C
C/01936_voiceover_f09fb1776f47.md,C:\Users\softinfo\Downloads\AGENTS\hephaistos\extracted\SKILLS Claude\speech\references\voiceover.md,790,C
C/01937_co-equal-conflict_48f679133c24.md,C:\Users\softinfo\Downloads\AGENTS\hephaistos\governed-tasks\clearday-asc-revenuecat-20260706\co-equal-conflict.md,2198,C
C/01938_run-report_25ef58f2dceb.md,C:\Users\softinfo\Downloads\AGENTS\hephaistos\governed-tasks\clearday-asc-revenuecat-20260706\run-report.md,1868,C
C/01939_research-ethics-gate_2ffd439b86f4.md,C:\Users\softinfo\Downloads\AGENTS\hephaistos\research-ethics-gate.md,6622,C
C/01940_review-gate_acc5ec9e17db.md,C:\Users\softinfo\Downloads\AGENTS\hephaistos\review-gate.md,1585,C
C/01941_research-ethics-gate_93cb5f26bfc0.md,C:\Users\softinfo\Downloads\AGENTS\hephaistos\templates\research-ethics-gate.md,21182,C
C/01942_review-checklist_0067558e7264.md,C:\Users\softinfo\Downloads\AGENTS\hephaistos\templates\review-checklist.md,3335,C
C/01943_antigravity-tools_f13bab1aca6a.md,C:\Users\softinfo\Downloads\AGENTS\skills.disabled\token-trim-20260702T194258Z\superpowers\references\antigravity-tools.md,1539,C
C/01944_codex-tools_06c92e78481c.md,C:\Users\softinfo\Downloads\AGENTS\skills.disabled\token-trim-20260702T194258Z\superpowers\references\codex-tools.md,1528,C
C/01945_pi-tools_6c0835c8c831.md,C:\Users\softinfo\Downloads\AGENTS\skills.disabled\token-trim-20260702T194258Z\superpowers\references\pi-tools.md,1242,C
C/01946_Charging_Objects_Manuscript_3ed78c4aeab9.docx,C:\Users\softinfo\Downloads\Charging_Objects_Manuscript.docx,58323,C
C/01947_01-REVIEW-FIX_726f6bb2074d.md,C:\Users\softinfo\Downloads\clearday-mobile\EMERAULDdiff\.planning\phases\01-lightrag-script-runtime-hardening\01-REVIEW-FIX.md,2024,C
C/01948_01-REVIEW_28fc5ee55bbf.md,C:\Users\softinfo\Downloads\clearday-mobile\EMERAULDdiff\.planning\phases\01-lightrag-script-runtime-hardening\01-REVIEW.md,1977,C
C/01949_2021_-_02112021_1511_Consulter_des_donnees_fiscale_f22090dd9dbe.md,C:\Users\softinfo\Downloads\clearday-mobile\EMERAULDdiff\.trash\2021 - 02112021 1511 Consulter des donnees fiscales - Revenu Quebec.md,8747,C
C/01950_2025_-_21025_422_PM_Consulter_des_donnees_fiscales_e9bb249a3062.md,C:\Users\softinfo\Downloads\clearday-mobile\EMERAULDdiff\.trash\2025 - 21025 422 PM Consulter des donnees fiscales - Revenu Quebec.md,12065,C
C/01951_Weekly_Review_2755d5063e4b.md,C:\Users\softinfo\Downloads\clearday-mobile\EMERAULDdiff\.trash\Weekly Review.md,560,C
C/01952_06_Codex_Governance_Case_Study_Blind_Leading_Autom_8be86cbcce84.md,C:\Users\softinfo\Downloads\clearday-mobile\EMERAULDdiff\archive\PHAROS Invention Disclosure Bundle Sources 2026-04-25\06_Codex_Governance_Case_Study_Blind_Leading_Automated.md,15073,C
C/01953_REVISION_SUMMARY_e11505e6b0e7.md,C:\Users\softinfo\Downloads\clearday-mobile\EMERAULDdiff\archive\PHAROS Invention Disclosure Bundle Sources 2026-04-25\REVISION_SUMMARY.md,7242,C
C/01954_AI_Society_Manuscript_Springer_In_Review_Notificat_bf350d35a083.md,C:\Users\softinfo\Downloads\clearday-mobile\EMERAULDdiff\archive\wiki-2026-07-08\AI Society Manuscript — Springer In Review Notification (2026-05-10).md,3814,C
C/01955_Codex_Handoff_PHAROS_AI_Design_Review_2026-05-01_655dc057a2c4.md,C:\Users\softinfo\Downloads\clearday-mobile\EMERAULDdiff\archive\wiki-2026-07-08\Codex Handoff — PHAROS AI Design Review (2026-05-01).md,13008,C
C/01956_D_Library_Review_Unreadable_Cleanup_2026-05-04_737a58fd31f7.md,C:\Users\softinfo\Downloads\clearday-mobile\EMERAULDdiff\archive\wiki-2026-07-08\D Library — Review Unreadable Cleanup (2026-05-04).md,6651,C
C/01957_For_Her_Alone_to_Wield_HENRY_Draft_2026-05-16_3f8593c26aa7.md,C:\Users\softinfo\Downloads\clearday-mobile\EMERAULDdiff\archive\wiki-2026-07-08\For Her Alone to Wield — HENRY Draft (2026-05-16).md,38622,C
C/01958_Library_Master_Reference_Intake_2026-04-26_1e5fa156668e.md,C:\Users\softinfo\Downloads\clearday-mobile\EMERAULDdiff\archive\wiki-2026-07-08\Library Master Reference Intake (2026-04-26).md,16654,C
C/01959_PHAROS_Commercial_Brief_Pre-Launch_Draft_Q2_2026_3386fc707359.md,C:\Users\softinfo\Downloads\clearday-mobile\EMERAULDdiff\archive\wiki-2026-07-08\PHAROS Commercial Brief — Pre-Launch Draft (Q2 2026).md,5510,C
C/01960_Portfolio_Restructuring_Review_March_2026_1850042a1b5b.md,C:\Users\softinfo\Downloads\clearday-mobile\EMERAULDdiff\archive\wiki-2026-07-08\Portfolio Restructuring Review — March 2026.md,4455,C
C/01961_Source_Cluster_2026-05-13_PHAROS_IP_and_Manuscript_b2668c5611df.md,C:\Users\softinfo\Downloads\clearday-mobile\EMERAULDdiff\archive\wiki-2026-07-08\Source Cluster — 2026-05-13 PHAROS IP and Manuscript Pipeline.md,2666,C
C/01962_Lavoie_Artifact_Map_Working_Directory_2026-07-08_4af013eef172.md,C:\Users\softinfo\Downloads\clearday-mobile\EMERAULDdiff\Areas\Lavoie\Lavoie Artifact Map — Working Directory (2026-07-08).md,4368,C
C/01963_Agent_Protocol_Working_With_Martin_c314f7d1796f.md,C:\Users\softinfo\Downloads\clearday-mobile\EMERAULDdiff\Areas\PHAROS\Agent Protocol — Working With Martin.md,6677,C
C/01964_AI_Ethics_Literature_Contestable_Governance_Artifa_c5a50fc5fe3d.md,C:\Users\softinfo\Downloads\clearday-mobile\EMERAULDdiff\Areas\PHAROS\AI Ethics Literature — Contestable Governance Artifacts.md,6173,C
C/01965_AI_Governance_Offer_Ladder_-_Montreal_Quebec_90-Da_43f5647fc8d3.md,C:\Users\softinfo\Downloads\clearday-mobile\EMERAULDdiff\Areas\PHAROS\AI Governance Offer Ladder - Montreal Quebec 90-Day Revenue Plan.md,5019,C
C/01966_AI_Paper_Prompt_PHAROS_Recursive_Workflow_Case_Stu_cd31c84d1313.md,C:\Users\softinfo\Downloads\clearday-mobile\EMERAULDdiff\Areas\PHAROS\AI Paper Prompt — PHAROS Recursive Workflow Case Study.md,5037,C
C/01967_clearday_Mobile_App_and_App_Store_Review_State_84e8d3d52add.md,C:\Users\softinfo\Downloads\clearday-mobile\EMERAULDdiff\Areas\PHAROS\clearday — Mobile App and App Store Review State.md,10274,C
C/01968_Co-Equal_Authority_Conflict_clearday_ASC-RevenueCa_8d8ef7d1e727.md,C:\Users\softinfo\Downloads\clearday-mobile\EMERAULDdiff\Areas\PHAROS\Co-Equal Authority Conflict — clearday ASC-RevenueCat Governed Task (2026-07-06).md,8598,C
C/01969_corpus-5point_FastAPI-Next.js_Research_Platform_77cded2d4676.md,C:\Users\softinfo\Downloads\clearday-mobile\EMERAULDdiff\Areas\PHAROS\corpus-5point — FastAPI-Next.js Research Platform.md,7612,C
C/01970_DEEPER_CONNECTIONS_The_Triple_Synthesis_and_the_Go_c5213be4e5ff.md,C:\Users\softinfo\Downloads\clearday-mobile\EMERAULDdiff\Areas\PHAROS\DEEPER CONNECTIONS — The Triple Synthesis and the Governance Architecture.md,13501,C
C/01971_Evidence-to-Publication_Bridge_PHAROS_Product-to-M_985d98015cc1.md,C:\Users\softinfo\Downloads\clearday-mobile\EMERAULDdiff\Areas\PHAROS\Evidence-to-Publication Bridge — PHAROS Product-to-Manuscript Routing.md,4174,C
C/01972_Governed_Revision_Loop_Responsible_Self-Improving_da92a300b7bf.md,C:\Users\softinfo\Downloads\clearday-mobile\EMERAULDdiff\Areas\PHAROS\Governed Revision Loop — Responsible Self-Improving Agents.md,9898,C
C/01973_Harrowfield_Clinic_AI_Governance_Failure_Case_Stud_7dc224fc571f.md,C:\Users\softinfo\Downloads\clearday-mobile\EMERAULDdiff\Areas\PHAROS\Harrowfield Clinic — AI Governance Failure Case Study.md,13309,C
C/01974_HELIX_Full_Protocol_Session_Martin_s_Governance_Sy_1e46fa0a049f.md,"C:\Users\softinfo\Downloads\clearday-mobile\EMERAULDdiff\Areas\PHAROS\HELIX Full Protocol Session — Martin's Governance Synthesis, Gemini Target (2026-07-03).md",18126,C
C/01975_Henry_GPT_Peer_Reviewer_ChatGPT_Product_Specificat_4aa5379340f6.md,C:\Users\softinfo\Downloads\clearday-mobile\EMERAULDdiff\Areas\PHAROS\Henry GPT — Peer Reviewer ChatGPT Product Specification.md,5782,C
C/01976_IP_and_Manuscript_Brief_2026-05-14_a24041e079e2.md,C:\Users\softinfo\Downloads\clearday-mobile\EMERAULDdiff\Areas\PHAROS\IP and Manuscript Brief — 2026-05-14.md,5057,C
C/01977_Kickstart_App_Prompt_Template_and_Synthesis_Framew_f9fdc1f8f8a8.md,C:\Users\softinfo\Downloads\clearday-mobile\EMERAULDdiff\Areas\PHAROS\Kickstart App Prompt — Template and Synthesis Framework.md,6813,C
C/01978_Paper_25_Pre-Draft_Artifacts_Pharos_Frame_Capstone_789f14d28ccb.md,C:\Users\softinfo\Downloads\clearday-mobile\EMERAULDdiff\Areas\PHAROS\Paper 25 — Pre-Draft Artifacts (Pharos Frame Capstone).md,10441,C
C/01979_Paper_25_The_Pharos_Frame_-_Four_Levels_Where_Ethi_fcef118fc716.md,C:\Users\softinfo\Downloads\clearday-mobile\EMERAULDdiff\Areas\PHAROS\Paper 25 — The Pharos Frame - Four Levels Where Ethics Becomes AI Governance.md,55567,C
C/01980_Peer_Review_Recursive_AI_Governance_as_Executable_5d8d25fd26b7.md,C:\Users\softinfo\Downloads\clearday-mobile\EMERAULDdiff\Areas\PHAROS\Peer Review — Recursive AI Governance as Executable Method (AI & Society).md,6206,C
C/01981_PHAROS_AI_and_Ethics_Submission_Architecture_Paper_910c43d0ccdb.md,C:\Users\softinfo\Downloads\clearday-mobile\EMERAULDdiff\Areas\PHAROS\PHAROS AI and Ethics Submission — Architecture Paper.md,10619,C
C/01982_PHAROS_AI_Ethics_Submission_Springer_Draft_80ff7cb70f2c.md,C:\Users\softinfo\Downloads\clearday-mobile\EMERAULDdiff\Areas\PHAROS\PHAROS AI Ethics Submission — Springer Draft.md,17568,C
C/01983_PHAROS_Launch_Fluency_Evidence_and_Mid-Funnel_Trus_25768a8b2929.md,"C:\Users\softinfo\Downloads\clearday-mobile\EMERAULDdiff\Areas\PHAROS\PHAROS Launch — Fluency, Evidence, and Mid-Funnel Trust (Synthesis).md",11605,C
C/01984_PHAROS_Method_Technical_Reference_719f729ea9b4.md,C:\Users\softinfo\Downloads\clearday-mobile\EMERAULDdiff\Areas\PHAROS\PHAROS Method — Technical Reference.md,16437,C
C/01985_RECURSO_Full_Integration_Fluency_Interruption_and_b76d1a642c9e.md,"C:\Users\softinfo\Downloads\clearday-mobile\EMERAULDdiff\Areas\PHAROS\RECURSO Full Integration — Fluency, Interruption, and Theoretical Synthesis.md",12380,C
C/01986_RECURSO_Final_Audit_and_Ethical_Review_5e4e6c44da55.md,C:\Users\softinfo\Downloads\clearday-mobile\EMERAULDdiff\Areas\PHAROS\RECURSO — Final Audit and Ethical Review.md,16090,C
C/01987_Regulatory_Arbitrage_EU_AI_Act_Law_25_93-Day_Windo_90eed31850a7.md,C:\Users\softinfo\Downloads\clearday-mobile\EMERAULDdiff\Areas\PHAROS\Regulatory Arbitrage — EU AI Act + Law 25 + 93-Day Window (Synthesis).md,13046,C
C/01988_Service_Offer_Prompts_GPT-Assisted_Revenue_Design_3a2fd544d59e.md,C:\Users\softinfo\Downloads\clearday-mobile\EMERAULDdiff\Areas\PHAROS\Service Offer Prompts — GPT-Assisted Revenue Design Templates.md,3283,C
C/01989_The_Blind_Leading_the_Automated_AI_Governance_Fail_9659968713b2.md,C:\Users\softinfo\Downloads\clearday-mobile\EMERAULDdiff\Areas\PHAROS\The Blind Leading the Automated — AI Governance Failure Case Study.md,5433,C
C/01990_Trism_giste_Master_Synthesis_2026-05-13_Source_Set_b0c7e5c6abad.md,C:\Users\softinfo\Downloads\clearday-mobile\EMERAULDdiff\Areas\PHAROS\Trismégiste Master Synthesis — 2026-05-13 Source Set.md,4726,C
C/01991_Academic_Paper_Pipeline_ac4899a3da70.md,C:\Users\softinfo\Downloads\clearday-mobile\EMERAULDdiff\Areas\Writing\Academic Paper Pipeline.md,10762,C
C/01992_Agatha_Governance_Memo_Recursive_Governance_Applie_22780b78d319.md,C:\Users\softinfo\Downloads\clearday-mobile\EMERAULDdiff\Areas\Writing\Agatha Governance Memo — Recursive Governance Applied to Manuscript.md,11545,C
C/01993_AI_Society_Manuscript_From_AI_Anxiety_to_Recursive_7e954bb2cc1d.md,C:\Users\softinfo\Downloads\clearday-mobile\EMERAULDdiff\Areas\Writing\AI Society Manuscript — From AI Anxiety to Recursive Governance.md,14649,C
C/01994_Avatar_Chapter_A_Queer_Reading_of_Embodied_Power_E_a2d81b4b79bc.md,C:\Users\softinfo\Downloads\clearday-mobile\EMERAULDdiff\Areas\Writing\Avatar Chapter — A Queer Reading of Embodied Power (English).md,7852,C
C/01995_Brutal_Isms_Grant_Revision_Package_2026-05-12_8dc324134fcc.md,C:\Users\softinfo\Downloads\clearday-mobile\EMERAULDdiff\Areas\Writing\Brutal Isms — Grant Revision Package (2026-05-12).md,2494,C
C/01996_Chat_Node_Instructions_16-Node_Scholarly_Paper_Pip_c4706a7ab6e6.md,C:\Users\softinfo\Downloads\clearday-mobile\EMERAULDdiff\Areas\Writing\Chat Node Instructions — 16-Node Scholarly Paper Pipeline.md,12541,C
C/01997_Complete_Paper_List_Martin_Lepage_Corpus_61eacf878f23.md,C:\Users\softinfo\Downloads\clearday-mobile\EMERAULDdiff\Areas\Writing\Complete Paper List — Martin Lepage Corpus.md,10516,C
C/01998_Diagnostic_Accuracy_of_Multimodal_Neuroimaging_Eye_410200f580d1.md,C:\Users\softinfo\Downloads\clearday-mobile\EMERAULDdiff\Areas\Writing\Diagnostic Accuracy of Multimodal Neuroimaging + Eye-Tracking in Schizophrenia — Draft Snapshot (2026-05-10).md,3098,C
C/01999_First_Method_Paper_Recursive_AI_Governance_as_Exec_e4d9360f4946.md,C:\Users\softinfo\Downloads\clearday-mobile\EMERAULDdiff\Areas\Writing\First Method Paper — Recursive AI Governance as Executable Method.md,16415,C
C/02000_First_Method_Paper_Version_Genealogy_ee3f0c84f29e.md,C:\Users\softinfo\Downloads\clearday-mobile\EMERAULDdiff\Areas\Writing\First Method Paper — Version Genealogy.md,2448,C
C/02001_Governance_by_Denial_Legibility_Capacity_Classific_cb6872f4782c.md,"C:\Users\softinfo\Downloads\clearday-mobile\EMERAULDdiff\Areas\Writing\Governance by Denial — Legibility, Capacity, Classification (Draft).md",4004,C
C/02002_HENRY_Research_Paper_Writing_System_5737ee584985.md,C:\Users\softinfo\Downloads\clearday-mobile\EMERAULDdiff\Areas\Writing\HENRY — Research Paper Writing System.md,8599,C
C/02003_Inderscience_IJAIGHR_Submission_Pipeline_Self-Poly_7049b3d571e6.md,C:\Users\softinfo\Downloads\clearday-mobile\EMERAULDdiff\Areas\Writing\Inderscience IJAIGHR Submission Pipeline — Self-Polygraph Manuscript.md,7703,C
C/02004_Loop_Hinge_Candidate_This_Paper_May_Not_Exist_8cfa9efceb17.md,C:\Users\softinfo\Downloads\clearday-mobile\EMERAULDdiff\Areas\Writing\Loop Hinge Candidate — This Paper May Not Exist.md,6119,C
C/02005_Loop_Papers_and_Recursive_Governance_92d5da74a9a9.md,C:\Users\softinfo\Downloads\clearday-mobile\EMERAULDdiff\Areas\Writing\Loop Papers and Recursive Governance.md,9193,C
C/02006_Manuscript_Pipeline_MOC_226e24748982.md,C:\Users\softinfo\Downloads\clearday-mobile\EMERAULDdiff\Areas\Writing\Manuscript Pipeline MOC.md,8151,C
C/02007_Martin_Lepage_Publications_Annotated_Bibliography_5eaba4e48da5.md,C:\Users\softinfo\Downloads\clearday-mobile\EMERAULDdiff\Areas\Writing\Martin Lepage Publications — Annotated Bibliography and Verification Leads.md,15224,C
C/02008_Mort_et_Naissance_et_L_Ombre_et_le_Double_MA_Thesi_4f7847b5bc07.md,"C:\Users\softinfo\Downloads\clearday-mobile\EMERAULDdiff\Areas\Writing\Mort et Naissance et L'Ombre et le Double — MA Thesis on Yvon Rivard (Université Laval, 2010).md",19218,C
C/02009_Mythocritique_to_PHAROS_The_2010_Master_s_Thesis_a_928fb78501b3.md,C:\Users\softinfo\Downloads\clearday-mobile\EMERAULDdiff\Areas\Writing\Mythocritique to PHAROS — The 2010 Master's Thesis as Methodological Keystone.md,47189,C
C/02010_PAPER_BUILDER_Source_Bundle_and_HENRY_Origin_a1b894e019af.md,C:\Users\softinfo\Downloads\clearday-mobile\EMERAULDdiff\Areas\Writing\PAPER BUILDER — Source Bundle and HENRY Origin.md,6097,C
C/02011_Per-Paper_Project_Structure_Folder_and_File_Archit_0d6a672123aa.md,C:\Users\softinfo\Downloads\clearday-mobile\EMERAULDdiff\Areas\Writing\Per-Paper Project Structure — Folder and File Architecture.md,7780,C
C/02012_Pourquoi_Rever_Encore_Version_Genealogy_e66da9f3f366.md,C:\Users\softinfo\Downloads\clearday-mobile\EMERAULDdiff\Areas\Writing\Pourquoi Rever Encore — Version Genealogy.md,4064,C
C/02013_Queering_Neo-Pagan_Magic_2006_Paper_bd352e47cbbc.md,C:\Users\softinfo\Downloads\clearday-mobile\EMERAULDdiff\Areas\Writing\Queering Neo-Pagan Magic — 2006 Paper.md,8870,C
C/02014_Queering_Neo-Pagan_Magic_2025_Revised_Version_c38e034bd6b8.md,C:\Users\softinfo\Downloads\clearday-mobile\EMERAULDdiff\Areas\Writing\Queering Neo-Pagan Magic — 2025 Revised Version.md,7028,C
C/02015_Queering_Neo-Pagan_Magic_2026_Paper_ae64663a56e0.md,C:\Users\softinfo\Downloads\clearday-mobile\EMERAULDdiff\Areas\Writing\Queering Neo-Pagan Magic — 2026 Paper.md,14815,C
C/02016_Queering_Neo-Pagan_Magic_FINAL_FINAL_PAPER_ddcda823a248.md,C:\Users\softinfo\Downloads\clearday-mobile\EMERAULDdiff\Areas\Writing\Queering Neo-Pagan Magic — FINAL FINAL PAPER.md,23820,C
C/02017_Queering_Neo-Pagan_Magic_MRW_Submission_2026_e70735f804b7.md,C:\Users\softinfo\Downloads\clearday-mobile\EMERAULDdiff\Areas\Writing\Queering Neo-Pagan Magic — MRW Submission (2026).md,7236,C
C/02018_Recursive_Deterministic_AI_Governance_Method_and_P_922e86512b03.md,C:\Users\softinfo\Downloads\clearday-mobile\EMERAULDdiff\Areas\Writing\Recursive Deterministic AI Governance — Method and Paper.md,24759,C
C/02019_Research_and_Papers_MOC_724f4ef451cb.md,C:\Users\softinfo\Downloads\clearday-mobile\EMERAULDdiff\Areas\Writing\Research and Papers MOC.md,93547,C
C/02020_Self-Polygraph_Manuscript_Inderscience_Rewrite_202_e53346bb2cf4.md,C:\Users\softinfo\Downloads\clearday-mobile\EMERAULDdiff\Areas\Writing\Self-Polygraph Manuscript — Inderscience Rewrite (2026-04-30).md,7454,C
C/02021_Social_Compass_Paper_Ritual_Authority_and_R_gime_d_207bd784ea18.md,C:\Users\softinfo\Downloads\clearday-mobile\EMERAULDdiff\Areas\Writing\Social Compass Paper — Ritual Authority and Régime de Preuve.md,13069,C
C/02022_Social_Compass_Reviewer_Response_Wicca_and_Agatha_0f0547110222.md,C:\Users\softinfo\Downloads\clearday-mobile\EMERAULDdiff\Areas\Writing\Social Compass Reviewer Response — Wicca and Agatha All Along.md,5912,C
C/02023_Social_Compass_Reviewer_Responses_Version_Genealog_937eef83f523.md,C:\Users\softinfo\Downloads\clearday-mobile\EMERAULDdiff\Areas\Writing\Social Compass Reviewer Responses — Version Genealogy.md,2439,C
C/02024_Social_Stratification_Intersectionality_and_the_Wh_82e9f9c808c7.md,"C:\Users\softinfo\Downloads\clearday-mobile\EMERAULDdiff\Areas\Writing\Social Stratification, Intersectionality, and the Why Be King Manuscript.md",8050,C
C/02025_Sociology_of_Modern_Magic_Song_Corpus_and_Queer_Ri_f8df63e9ea0c.md,C:\Users\softinfo\Downloads\clearday-mobile\EMERAULDdiff\Areas\Writing\Sociology of Modern Magic — Song Corpus and Queer Ritual Synthesis.md,7823,C
C/02026_Wheels_of_Will_Ritual_Bottle_Art_and_Research-Crea_170d33c64933.md,C:\Users\softinfo\Downloads\clearday-mobile\EMERAULDdiff\Areas\Writing\Wheels of Will — Ritual Bottle Art and Research-Creation Practice.md,2405,C
C/02027_Why_be_king_Im_already_a_queen_Lepage_2017_PhD_the_12932661fa41.md,"C:\Users\softinfo\Downloads\clearday-mobile\EMERAULDdiff\Areas\Writing\Why be king Im already a queen — Lepage 2017 (PhD thesis, UQAM).md",4240,C
C/02028_requirements_359069f02a2c.txt,C:\Users\softinfo\Downloads\clearday-mobile\EMERAULDdiff\artifacts\2026-04-19-pharos-migration-pr4\03-pr4-hardening\reference\requirements.txt,2749,C
C/02029_AGENT-NAMING-STUDY_8223922156ae.md,C:\Users\softinfo\Downloads\clearday-mobile\EMERAULDdiff\artifacts\marketplace\obsidian-agent-vault-2026-04-19\AGENT-NAMING-STUDY.md,7937,C
C/02030_devto-iter41-code-review_c62e329516c2.md,C:\Users\softinfo\Downloads\clearday-mobile\EMERAULDdiff\artifacts\marketplace\promo\devto-iter41-code-review.md,7560,C
C/02031_hashnode-iter26-synthesis-habit_68f4871b8874.md,C:\Users\softinfo\Downloads\clearday-mobile\EMERAULDdiff\artifacts\marketplace\promo\hashnode-iter26-synthesis-habit.md,7137,C
C/02032_01-the-doctrine_3addd23915e0.md,C:\Users\softinfo\Downloads\clearday-mobile\EMERAULDdiff\assets\elemental-agents\ttrpg-repack\manuscript\01-the-doctrine.md,15094,C
C/02033_02-operations_d15a09cc07b9.md,C:\Users\softinfo\Downloads\clearday-mobile\EMERAULDdiff\assets\elemental-agents\ttrpg-repack\manuscript\02-operations.md,20100,C
C/02034_03-audit_7c7b417700ef.md,C:\Users\softinfo\Downloads\clearday-mobile\EMERAULDdiff\assets\elemental-agents\ttrpg-repack\manuscript\03-audit.md,16735,C
C/02035_archive_00-introduction-v0.2-long-form_03c2f0b8685d.md,C:\Users\softinfo\Downloads\clearday-mobile\EMERAULDdiff\assets\elemental-agents\ttrpg-repack\manuscript\_archive_00-introduction-v0.2-long-form.md,14884,C
C/02036_audit_dimension-F-2026-05-24_9781548a5fd9.md,C:\Users\softinfo\Downloads\clearday-mobile\EMERAULDdiff\assets\elemental-agents\ttrpg-repack\manuscript\_audit_dimension-F-2026-05-24.md,26409,C
C/02037_charge-and-circle-publish-ready_9fe23c17455e.md,C:\Users\softinfo\Downloads\clearday-mobile\EMERAULDdiff\assets\elemental-agents\ttrpg-repack\manuscript\charge-and-circle-publish-ready.md,50647,C
C/02038_reddit-r-rpgdesign-post_57a3b2627aab.md,C:\Users\softinfo\Downloads\clearday-mobile\EMERAULDdiff\assets\elemental-agents\ttrpg-repack\reddit-drafts\reddit-r-rpgdesign-post.md,9134,C
C/02039_Lepage--Queering_Pagan_Magic--citation_revision_564be36d2c69.docx,C:\Users\softinfo\Downloads\clearday-mobile\EMERAULDdiff\assets\manuscripts\queering-neo-pagan-magic-mrw-2026\_archive_superseded_2026-05-31\source_uploads\Lepage--Queering Pagan Magic--citation revision.docx,4158403,C
C/02040_Lepage--Queering_Pagan_Magic--MRW_final_91cdf59d60ae.docx,C:\Users\softinfo\Downloads\clearday-mobile\EMERAULDdiff\assets\manuscripts\queering-neo-pagan-magic-mrw-2026\_archive_superseded_2026-05-31\source_uploads\Lepage--Queering Pagan Magic--MRW final.docx,46368,C
C/02041_Lepage--Queering_Pagan_Magic--MRW_revision_f30f9f6857b1.md,C:\Users\softinfo\Downloads\clearday-mobile\EMERAULDdiff\assets\manuscripts\queering-neo-pagan-magic-mrw-2026\_archive_superseded_2026-05-31\source_uploads\Lepage--Queering Pagan Magic--MRW revision.md,23622,C
C/02042_Lepage--Queering_Pagan_Magic--FINAL_FINAL_PAPER_0c29f9178140.docx,C:\Users\softinfo\Downloads\clearday-mobile\EMERAULDdiff\assets\manuscripts\queering-neo-pagan-magic-mrw-2026\Lepage--Queering Pagan Magic--FINAL FINAL PAPER.docx,46553,C
C/02043_Lepage--Queering_Pagan_Magic--MRW_cover_page_887b5e712a59.docx,C:\Users\softinfo\Downloads\clearday-mobile\EMERAULDdiff\assets\manuscripts\queering-neo-pagan-magic-mrw-2026\Lepage--Queering Pagan Magic--MRW cover page.docx,37693,C
C/02044_Very_Long_Narrative_Peer_Review_and_GPT_Rewrite_Pr_199463e4dd53.md,C:\Users\softinfo\Downloads\clearday-mobile\EMERAULDdiff\assets\Very Long Narrative — Peer Review and GPT Rewrite Prompts 2026-04-21.md,33247,C
C/02045_CLAUDE-REVIEW-CHECKLIST_ec2ef302755a.md,C:\Users\softinfo\Downloads\clearday-mobile\EMERAULDdiff\governance\hephaistos\CLAUDE-REVIEW-CHECKLIST.md,3071,C
C/02046_research-ethics-gate_4ca09f449930.md,C:\Users\softinfo\Downloads\clearday-mobile\EMERAULDdiff\governance\hephaistos\research-ethics-gate.md,7317,C
C/02047_rdaig_manuscript_a94ccba0d514.md,C:\Users\softinfo\Downloads\clearday-mobile\EMERAULDdiff\graph\nodes\unmapped\rdaig_manuscript.md,790,C
C/02048_revenue_support_optimizer_83f3ec798b7d.md,C:\Users\softinfo\Downloads\clearday-mobile\EMERAULDdiff\graph\nodes\unmapped\revenue_support_optimizer.md,1350,C
C/02049_ecosystem_8455981698af.md,C:\Users\softinfo\Downloads\clearday-mobile\EMERAULDdiff\hephaistos\personal-assistant-agents\content-inventory-cartographer\references\ecosystem.md,2192,C
C/02050_evolution_c05db714a842.md,C:\Users\softinfo\Downloads\clearday-mobile\EMERAULDdiff\hephaistos\personal-assistant-agents\content-inventory-cartographer\references\evolution.md,1410,C
C/02051_method_1da4c2cc8975.md,C:\Users\softinfo\Downloads\clearday-mobile\EMERAULDdiff\hephaistos\personal-assistant-agents\content-inventory-cartographer\references\method.md,2177,C
C/02052_subjectivity_f2c040027f83.md,C:\Users\softinfo\Downloads\clearday-mobile\EMERAULDdiff\hephaistos\personal-assistant-agents\content-inventory-cartographer\references\subjectivity.md,2015,C
C/02053_ecosystem_839d148b4627.md,C:\Users\softinfo\Downloads\clearday-mobile\EMERAULDdiff\hephaistos\personal-assistant-agents\demand-scout\references\ecosystem.md,1554,C
C/02054_evolution_588dbf047ec6.md,C:\Users\softinfo\Downloads\clearday-mobile\EMERAULDdiff\hephaistos\personal-assistant-agents\demand-scout\references\evolution.md,1345,C
C/02055_method_631f49c26e4f.md,C:\Users\softinfo\Downloads\clearday-mobile\EMERAULDdiff\hephaistos\personal-assistant-agents\demand-scout\references\method.md,1582,C
C/02056_subjectivity_3fc8e725da93.md,C:\Users\softinfo\Downloads\clearday-mobile\EMERAULDdiff\hephaistos\personal-assistant-agents\demand-scout\references\subjectivity.md,1915,C
C/02057_ecosystem_37e2ebbc9bb2.md,C:\Users\softinfo\Downloads\clearday-mobile\EMERAULDdiff\hephaistos\personal-assistant-agents\graph-retrieval-cartographer\references\ecosystem.md,1818,C
C/02058_evolution_7219eb4529c7.md,C:\Users\softinfo\Downloads\clearday-mobile\EMERAULDdiff\hephaistos\personal-assistant-agents\graph-retrieval-cartographer\references\evolution.md,1333,C
C/02059_method_6a13de9570bf.md,C:\Users\softinfo\Downloads\clearday-mobile\EMERAULDdiff\hephaistos\personal-assistant-agents\graph-retrieval-cartographer\references\method.md,1664,C
C/02060_subjectivity_5b5151b60d68.md,C:\Users\softinfo\Downloads\clearday-mobile\EMERAULDdiff\hephaistos\personal-assistant-agents\graph-retrieval-cartographer\references\subjectivity.md,1999,C
C/02061_ecosystem_324a8895aab2.md,C:\Users\softinfo\Downloads\clearday-mobile\EMERAULDdiff\hephaistos\personal-assistant-agents\intake-triager\references\ecosystem.md,1869,C
C/02062_evolution_25f38206b106.md,C:\Users\softinfo\Downloads\clearday-mobile\EMERAULDdiff\hephaistos\personal-assistant-agents\intake-triager\references\evolution.md,1344,C
C/02063_method_e404a9d6cd38.md,C:\Users\softinfo\Downloads\clearday-mobile\EMERAULDdiff\hephaistos\personal-assistant-agents\intake-triager\references\method.md,1615,C
C/02064_subjectivity_e7450693ced4.md,C:\Users\softinfo\Downloads\clearday-mobile\EMERAULDdiff\hephaistos\personal-assistant-agents\intake-triager\references\subjectivity.md,1925,C
C/02065_ecosystem_6733797decce.md,C:\Users\softinfo\Downloads\clearday-mobile\EMERAULDdiff\hephaistos\personal-assistant-agents\listing-creative-director\references\ecosystem.md,1697,C
C/02066_evolution_f0a816d60e26.md,C:\Users\softinfo\Downloads\clearday-mobile\EMERAULDdiff\hephaistos\personal-assistant-agents\listing-creative-director\references\evolution.md,1370,C
C/02067_method_3d00e7af8cb9.md,C:\Users\softinfo\Downloads\clearday-mobile\EMERAULDdiff\hephaistos\personal-assistant-agents\listing-creative-director\references\method.md,1781,C
C/02068_subjectivity_67bf63076067.md,C:\Users\softinfo\Downloads\clearday-mobile\EMERAULDdiff\hephaistos\personal-assistant-agents\listing-creative-director\references\subjectivity.md,2029,C
C/02069_ecosystem_34c956d5af31.md,C:\Users\softinfo\Downloads\clearday-mobile\EMERAULDdiff\hephaistos\personal-assistant-agents\marketplace-dispatcher\references\ecosystem.md,1703,C
C/02070_evolution_de6d3ae8b208.md,C:\Users\softinfo\Downloads\clearday-mobile\EMERAULDdiff\hephaistos\personal-assistant-agents\marketplace-dispatcher\references\evolution.md,1426,C
C/02071_method_eda441c85395.md,C:\Users\softinfo\Downloads\clearday-mobile\EMERAULDdiff\hephaistos\personal-assistant-agents\marketplace-dispatcher\references\method.md,1770,C
C/02072_subjectivity_7ca197524ff5.md,C:\Users\softinfo\Downloads\clearday-mobile\EMERAULDdiff\hephaistos\personal-assistant-agents\marketplace-dispatcher\references\subjectivity.md,2058,C
C/02073_ecosystem_64aba60ee583.md,C:\Users\softinfo\Downloads\clearday-mobile\EMERAULDdiff\hephaistos\personal-assistant-agents\metadata-link-warden\references\ecosystem.md,1708,C
C/02074_evolution_db88f275e945.md,C:\Users\softinfo\Downloads\clearday-mobile\EMERAULDdiff\hephaistos\personal-assistant-agents\metadata-link-warden\references\evolution.md,1344,C
C/02075_method_abca701737ea.md,C:\Users\softinfo\Downloads\clearday-mobile\EMERAULDdiff\hephaistos\personal-assistant-agents\metadata-link-warden\references\method.md,1655,C
C/02076_subjectivity_8b5d3f6a4dfa.md,C:\Users\softinfo\Downloads\clearday-mobile\EMERAULDdiff\hephaistos\personal-assistant-agents\metadata-link-warden\references\subjectivity.md,2021,C
C/02077_ecosystem_34513c10eb46.md,C:\Users\softinfo\Downloads\clearday-mobile\EMERAULDdiff\hephaistos\personal-assistant-agents\offer-pricing-architect\references\ecosystem.md,1721,C
C/02078_evolution_405a54be600d.md,C:\Users\softinfo\Downloads\clearday-mobile\EMERAULDdiff\hephaistos\personal-assistant-agents\offer-pricing-architect\references\evolution.md,1375,C
C/02079_method_87c7afdea0b2.md,C:\Users\softinfo\Downloads\clearday-mobile\EMERAULDdiff\hephaistos\personal-assistant-agents\offer-pricing-architect\references\method.md,1725,C
C/02080_subjectivity_23d86dfdc62a.md,C:\Users\softinfo\Downloads\clearday-mobile\EMERAULDdiff\hephaistos\personal-assistant-agents\offer-pricing-architect\references\subjectivity.md,2010,C
C/02081_ecosystem_c5eef0fe6e4c.md,C:\Users\softinfo\Downloads\clearday-mobile\EMERAULDdiff\hephaistos\personal-assistant-agents\raw-archivist\references\ecosystem.md,1569,C
C/02082_evolution_79d148ada92e.md,C:\Users\softinfo\Downloads\clearday-mobile\EMERAULDdiff\hephaistos\personal-assistant-agents\raw-archivist\references\evolution.md,1356,C
C/02083_method_d2e8e09e667c.md,C:\Users\softinfo\Downloads\clearday-mobile\EMERAULDdiff\hephaistos\personal-assistant-agents\raw-archivist\references\method.md,1603,C
C/02084_subjectivity_bcc402e0365e.md,C:\Users\softinfo\Downloads\clearday-mobile\EMERAULDdiff\hephaistos\personal-assistant-agents\raw-archivist\references\subjectivity.md,1926,C
C/02085_ecosystem_77a4cb67c8d4.md,C:\Users\softinfo\Downloads\clearday-mobile\EMERAULDdiff\hephaistos\personal-assistant-agents\revenue-support-optimizer\references\ecosystem.md,1799,C
C/02086_evolution_c5e65a69123e.md,C:\Users\softinfo\Downloads\clearday-mobile\EMERAULDdiff\hephaistos\personal-assistant-agents\revenue-support-optimizer\references\evolution.md,1402,C
C/02087_method_26af09f8abf1.md,C:\Users\softinfo\Downloads\clearday-mobile\EMERAULDdiff\hephaistos\personal-assistant-agents\revenue-support-optimizer\references\method.md,1694,C
C/02088_subjectivity_b5596468fe5e.md,C:\Users\softinfo\Downloads\clearday-mobile\EMERAULDdiff\hephaistos\personal-assistant-agents\revenue-support-optimizer\references\subjectivity.md,2016,C
C/02089_ecosystem_ed20f69ffb27.md,C:\Users\softinfo\Downloads\clearday-mobile\EMERAULDdiff\hephaistos\personal-assistant-agents\rights-policy-warden\references\ecosystem.md,1727,C
C/02090_evolution_679a0cf22277.md,C:\Users\softinfo\Downloads\clearday-mobile\EMERAULDdiff\hephaistos\personal-assistant-agents\rights-policy-warden\references\evolution.md,1376,C
C/02091_method_5fedc18ddce6.md,C:\Users\softinfo\Downloads\clearday-mobile\EMERAULDdiff\hephaistos\personal-assistant-agents\rights-policy-warden\references\method.md,1706,C
C/02092_subjectivity_3608a6e8f8a9.md,C:\Users\softinfo\Downloads\clearday-mobile\EMERAULDdiff\hephaistos\personal-assistant-agents\rights-policy-warden\references\subjectivity.md,2024,C
C/02093_ecosystem_3f3102e94751.md,C:\Users\softinfo\Downloads\clearday-mobile\EMERAULDdiff\hephaistos\personal-assistant-agents\synthesis-editor\references\ecosystem.md,1731,C
C/02094_evolution_c3bb1f9c23c7.md,C:\Users\softinfo\Downloads\clearday-mobile\EMERAULDdiff\hephaistos\personal-assistant-agents\synthesis-editor\references\evolution.md,1370,C
C/02095_method_3875106bfd40.md,C:\Users\softinfo\Downloads\clearday-mobile\EMERAULDdiff\hephaistos\personal-assistant-agents\synthesis-editor\references\method.md,1627,C
C/02096_subjectivity_c4c1e3dd7d61.md,C:\Users\softinfo\Downloads\clearday-mobile\EMERAULDdiff\hephaistos\personal-assistant-agents\synthesis-editor\references\subjectivity.md,2029,C
C/02097_SKILL_11926cc61173.md,C:\Users\softinfo\Downloads\clearday-mobile\EMERAULDdiff\hephaistos\personal-assistant-agents\synthesis-editor\SKILL.md,3037,C
C/02098_Journal_c14363ee0003.md,C:\Users\softinfo\Downloads\clearday-mobile\EMERAULDdiff\memory\agents\Journal.md,6664,C
C/02099_2026-05-05_wisedocs-medical-record-reviews-summari_8f7e209eaff8.md,C:\Users\softinfo\Downloads\clearday-mobile\EMERAULDdiff\memory\clients\helix-prospects\HELIX-potential-clients-2026-05-06\2026-05-05_wisedocs-medical-record-reviews-summaries-insights-for-claim.md,9416,C
C/02100_project_adversarial_eval_paper_c5ee3ddd6b92.md,C:\Users\softinfo\Downloads\clearday-mobile\EMERAULDdiff\memory\local-session\project_adversarial_eval_paper.md,1747,C
C/02101_reference_seven_pillars_stack_ea7665522543.md,C:\Users\softinfo\Downloads\clearday-mobile\EMERAULDdiff\memory\local-session\reference_seven_pillars_stack.md,2012,C
C/02102_reference_trackers_d940797042dc.md,C:\Users\softinfo\Downloads\clearday-mobile\EMERAULDdiff\memory\local-session\reference_trackers.md,1436,C
C/02103_CLAIM_REGISTER_8dfbea6f5ba6.md,C:\Users\softinfo\Downloads\clearday-mobile\EMERAULDdiff\PEER-REVIEW\00_PROJECT_CONTROL\CLAIM_REGISTER.md,6897,C
C/02104_JOURNAL_GUIDELINES_414ebc496e0b.md,C:\Users\softinfo\Downloads\clearday-mobile\EMERAULDdiff\PEER-REVIEW\00_PROJECT_CONTROL\JOURNAL_GUIDELINES.md,1655,C
C/02105_MODEL_HANDOFF_LOG_bbdf84ed2d36.md,C:\Users\softinfo\Downloads\clearday-mobile\EMERAULDdiff\PEER-REVIEW\00_PROJECT_CONTROL\MODEL_HANDOFF_LOG.md,1973,C
C/02106_PROJECT_BRIEF_27d959fe06e5.md,C:\Users\softinfo\Downloads\clearday-mobile\EMERAULDdiff\PEER-REVIEW\00_PROJECT_CONTROL\PROJECT_BRIEF.md,9713,C
C/02107_SECTION_PLAN_7a03a3a80424.md,C:\Users\softinfo\Downloads\clearday-mobile\EMERAULDdiff\PEER-REVIEW\00_PROJECT_CONTROL\SECTION_PLAN.md,4512,C
C/02108_STYLE_RULES_821ccf27755e.md,C:\Users\softinfo\Downloads\clearday-mobile\EMERAULDdiff\PEER-REVIEW\00_PROJECT_CONTROL\STYLE_RULES.md,2069,C
C/02109_MATERIALS_INVENTORY_219f2595f458.md,C:\Users\softinfo\Downloads\clearday-mobile\EMERAULDdiff\PEER-REVIEW\01_RAW_MATERIALS\MATERIALS_INVENTORY.md,2433,C
C/02110_README_b9580985c959.md,C:\Users\softinfo\Downloads\clearday-mobile\EMERAULDdiff\PEER-REVIEW\01_RAW_MATERIALS\README.md,992,C
C/02111_UNCERTAINTY_REGISTER_a5ffdeb80212.md,C:\Users\softinfo\Downloads\clearday-mobile\EMERAULDdiff\PEER-REVIEW\01_RAW_MATERIALS\UNCERTAINTY_REGISTER.md,3727,C
C/02112_ADJACENT_LITERATURES_e8587646baeb.md,C:\Users\softinfo\Downloads\clearday-mobile\EMERAULDdiff\PEER-REVIEW\02_SOURCE_FIELD\ADJACENT_LITERATURES.md,3213,C
C/02113_CANONICAL_WORKS_42ce5ba6e136.md,C:\Users\softinfo\Downloads\clearday-mobile\EMERAULDdiff\PEER-REVIEW\02_SOURCE_FIELD\CANONICAL_WORKS.md,4127,C
C/02114_REFERENCE_TREE_75e6244b0737.md,C:\Users\softinfo\Downloads\clearday-mobile\EMERAULDdiff\PEER-REVIEW\02_SOURCE_FIELD\REFERENCE_TREE.md,5819,C
C/02115_SOURCE_GAPS_95b9f5163e24.md,C:\Users\softinfo\Downloads\clearday-mobile\EMERAULDdiff\PEER-REVIEW\02_SOURCE_FIELD\SOURCE_GAPS.md,4248,C
C/02116_SOURCE_MATRIX_443992659265.md,C:\Users\softinfo\Downloads\clearday-mobile\EMERAULDdiff\PEER-REVIEW\02_SOURCE_FIELD\SOURCE_MATRIX.md,6183,C
C/02117_ABSTRACT_REVISED_AFTER_BODY_4cfe7d1f418f.md,C:\Users\softinfo\Downloads\clearday-mobile\EMERAULDdiff\PEER-REVIEW\03_OUTLINE_AND_ABSTRACT\ABSTRACT_REVISED_AFTER_BODY.md,1054,C
C/02118_ABSTRACT_V1_0e542c12110f.md,C:\Users\softinfo\Downloads\clearday-mobile\EMERAULDdiff\PEER-REVIEW\03_OUTLINE_AND_ABSTRACT\ABSTRACT_V1.md,965,C
C/02119_OUTLINE_REVIEW_3011bf3bd0ba.md,C:\Users\softinfo\Downloads\clearday-mobile\EMERAULDdiff\PEER-REVIEW\03_OUTLINE_AND_ABSTRACT\OUTLINE_REVIEW.md,7743,C
C/02120_OUTLINE_V1_e1ae3b2f19ed.md,C:\Users\softinfo\Downloads\clearday-mobile\EMERAULDdiff\PEER-REVIEW\03_OUTLINE_AND_ABSTRACT\OUTLINE_V1.md,10805,C
C/02121_CITATION_CANDIDATES_57587541f3be.md,C:\Users\softinfo\Downloads\clearday-mobile\EMERAULDdiff\PEER-REVIEW\04_RESEARCH_BUNDLE\CITATION_CANDIDATES.md,780,C
C/02122_CLAIM_TO_SOURCE_MAP_78ea8f313f91.md,C:\Users\softinfo\Downloads\clearday-mobile\EMERAULDdiff\PEER-REVIEW\04_RESEARCH_BUNDLE\CLAIM_TO_SOURCE_MAP.md,882,C
C/02123_DEEP_RESEARCH_2322086114eb.md,C:\Users\softinfo\Downloads\clearday-mobile\EMERAULDdiff\PEER-REVIEW\04_RESEARCH_BUNDLE\DEEP_RESEARCH.md,1038,C
C/02124_METHOD_AND_CORPUS_NOTES_fa4abdd30ace.md,C:\Users\softinfo\Downloads\clearday-mobile\EMERAULDdiff\PEER-REVIEW\04_RESEARCH_BUNDLE\METHOD_AND_CORPUS_NOTES.md,943,C
C/02125_PAGE_NUMBER_TRACKER_15d3a7311670.md,C:\Users\softinfo\Downloads\clearday-mobile\EMERAULDdiff\PEER-REVIEW\04_RESEARCH_BUNDLE\PAGE_NUMBER_TRACKER.md,753,C
C/02126_01_BACKGROUND_CONTEXT_e9e7dc90e21f.md,C:\Users\softinfo\Downloads\clearday-mobile\EMERAULDdiff\PEER-REVIEW\05_SECTION_DRAFTS\01_BACKGROUND_CONTEXT.md,981,C
C/02127_02_LITERATURE_REVIEW_8ca0067ee227.md,C:\Users\softinfo\Downloads\clearday-mobile\EMERAULDdiff\PEER-REVIEW\05_SECTION_DRAFTS\02_LITERATURE_REVIEW.md,7620,C
C/02128_03_CONCEPTUAL_FRAMEWORK_f168d86824be.md,C:\Users\softinfo\Downloads\clearday-mobile\EMERAULDdiff\PEER-REVIEW\05_SECTION_DRAFTS\03_CONCEPTUAL_FRAMEWORK.md,1158,C
C/02129_04_ANALYSIS_FINDINGS_3eecfd58dd92.md,C:\Users\softinfo\Downloads\clearday-mobile\EMERAULDdiff\PEER-REVIEW\05_SECTION_DRAFTS\04_ANALYSIS_FINDINGS.md,1322,C
C/02130_05_DISCUSSION_2abed77c2632.md,C:\Users\softinfo\Downloads\clearday-mobile\EMERAULDdiff\PEER-REVIEW\05_SECTION_DRAFTS\05_DISCUSSION.md,1135,C
C/02131_06_CONCLUSION_d953b6f4c507.md,C:\Users\softinfo\Downloads\clearday-mobile\EMERAULDdiff\PEER-REVIEW\05_SECTION_DRAFTS\06_CONCLUSION.md,961,C
C/02132_07_INTRODUCTION_b989ad311f07.md,C:\Users\softinfo\Downloads\clearday-mobile\EMERAULDdiff\PEER-REVIEW\05_SECTION_DRAFTS\07_INTRODUCTION.md,1346,C
C/02133_08_ABSTRACT_FINAL_2333e1a7ce67.md,C:\Users\softinfo\Downloads\clearday-mobile\EMERAULDdiff\PEER-REVIEW\05_SECTION_DRAFTS\08_ABSTRACT_FINAL.md,767,C
C/02134_CITATION_AUDIT_4fc84244b8c3.md,C:\Users\softinfo\Downloads\clearday-mobile\EMERAULDdiff\PEER-REVIEW\06_VALIDATION\CITATION_AUDIT.md,920,C
C/02135_CLAIM_AUDIT_0917b140626f.md,C:\Users\softinfo\Downloads\clearday-mobile\EMERAULDdiff\PEER-REVIEW\06_VALIDATION\CLAIM_AUDIT.md,849,C
C/02136_FINAL_RISK_REGISTER_a551afca0c58.md,C:\Users\softinfo\Downloads\clearday-mobile\EMERAULDdiff\PEER-REVIEW\06_VALIDATION\FINAL_RISK_REGISTER.md,973,C
C/02137_JOURNAL_CONFORMITY_AUDIT_485c5e3f7111.md,C:\Users\softinfo\Downloads\clearday-mobile\EMERAULDdiff\PEER-REVIEW\06_VALIDATION\JOURNAL_CONFORMITY_AUDIT.md,1520,C
C/02138_PEER_REVIEW_STRESS_TEST_78cd64d4bad3.md,C:\Users\softinfo\Downloads\clearday-mobile\EMERAULDdiff\PEER-REVIEW\06_VALIDATION\PEER_REVIEW_STRESS_TEST.md,1004,C
C/02139_REFERENCE_LIST_AUDIT_c7d57ee873a2.md,C:\Users\softinfo\Downloads\clearday-mobile\EMERAULDdiff\PEER-REVIEW\06_VALIDATION\REFERENCE_LIST_AUDIT.md,1049,C
C/02140_ABSTRACT_FINAL_6b282790096e.md,C:\Users\softinfo\Downloads\clearday-mobile\EMERAULDdiff\PEER-REVIEW\07_FINAL_OUTPUTS\ABSTRACT_FINAL.md,559,C
C/02141_AUTHOR_BIO_60618592f68c.md,C:\Users\softinfo\Downloads\clearday-mobile\EMERAULDdiff\PEER-REVIEW\07_FINAL_OUTPUTS\AUTHOR_BIO.md,695,C
C/02142_COVER_LETTER_859ec0dec320.md,C:\Users\softinfo\Downloads\clearday-mobile\EMERAULDdiff\PEER-REVIEW\07_FINAL_OUTPUTS\COVER_LETTER.md,771,C
C/02143_KEYWORDS_63ca8a7f29ba.md,C:\Users\softinfo\Downloads\clearday-mobile\EMERAULDdiff\PEER-REVIEW\07_FINAL_OUTPUTS\KEYWORDS.md,536,C
C/02144_SUBMISSION_CHECKLIST_5db54a76ffb8.md,C:\Users\softinfo\Downloads\clearday-mobile\EMERAULDdiff\PEER-REVIEW\07_FINAL_OUTPUTS\SUBMISSION_CHECKLIST.md,2115,C
C/02145_NODE_INSTRUCTIONS_9896f7ae2dac.md,C:\Users\softinfo\Downloads\clearday-mobile\EMERAULDdiff\PEER-REVIEW\NODE_INSTRUCTIONS.md,9588,C
C/02146_PROJECT_INSTRUCTION_ac82cf4d8d66.md,C:\Users\softinfo\Downloads\clearday-mobile\EMERAULDdiff\PEER-REVIEW\PROJECT_INSTRUCTION.md,2475,C
C/02147_README_4021b30bb132.md,C:\Users\softinfo\Downloads\clearday-mobile\EMERAULDdiff\PEER-REVIEW\README.md,4623,C
C/02148_journal-recherche_c8ab40de8e56.md,C:\Users\softinfo\Downloads\clearday-mobile\EMERAULDdiff\projects\genealogie-lepage-deschenes\journal-recherche.md,9079,C
C/02149_4167-pharos-micro1-qualification-call-posture-and_74460727ad1d.md,C:\Users\softinfo\Downloads\clearday-mobile\EMERAULDdiff\projects\micro1\4167-pharos-micro1-qualification-call-posture-and-reply-draft-2026-06-08.md,7816,C
C/02150_Papers_Fisher_King_Project_State_f17db30a06f8.md,C:\Users\softinfo\Downloads\clearday-mobile\EMERAULDdiff\projects\Papers — Fisher King Project State.md,4166,C
C/02151_Quick_Reference_Card_AI_Source_Integrity_v1_80625c0ae549.pdf,C:\Users\softinfo\Downloads\clearday-mobile\EMERAULDdiff\projects\products\pharos-governance-tools\Quick_Reference_Card_AI_Source_Integrity_v1.pdf,4186,C
C/02152_SCP_73_1_March2026_LEPAGE_V2_1_FINAL-AG_1f47ebfc4c46.docx,C:\Users\softinfo\Downloads\clearday-mobile\EMERAULDdiff\Publications\Papers and Chapters\AgathaSC\SCP_73_1_March2026_LEPAGE_V2 (1)FINAL-AG.docx,40503,C
C/02153_Pourquoi_r_ver_encore-_nalyses-REV_4e08677c82d7.docx,C:\Users\softinfo\Downloads\clearday-mobile\EMERAULDdiff\Publications\Papers and Chapters\Rivard2026\_archive_superseded_2026-05-31\Pourquoi rêver encore-@nalyses-REV.docx,159399,C
C/02154_Pourquoi_r_ver_encore-_nalyses-REWRITE_a9c1306ff4ec.md,C:\Users\softinfo\Downloads\clearday-mobile\EMERAULDdiff\Publications\Papers and Chapters\Rivard2026\Pourquoi rêver encore-@nalyses-REWRITE.md,33529,C
C/02155_10.1007_s00146-023-01764-4-citation_563e452bd928.ris,C:\Users\softinfo\Downloads\clearday-mobile\EMERAULDdiff\raw sources\10.1007_s00146-023-01764-4-citation.ris,1543,C
C/02156_Advanced_Tool_Development_and_Integration_1.5_From_205d819bc4c4.md,C:\Users\softinfo\Downloads\clearday-mobile\EMERAULDdiff\raw sources\Advanced Tool Development and Integration 1.5 From Working to Production-Ready.md,3814,C
C/02157_Complete_Paper_List_Martin_Lepage_9ca42565ec3b.txt,C:\Users\softinfo\Downloads\clearday-mobile\EMERAULDdiff\raw sources\Complete Paper List — Martin Lepage.txt,38188,C
C/02158_Conclusion_What_the_paper_did_what_it_shows_what_i_68bba45597ec.md,"C:\Users\softinfo\Downloads\clearday-mobile\EMERAULDdiff\raw sources\Conclusion What the paper did, what it shows, what it changes.md",62595,C
C/02159_MASTER_REFERENCE_CANDIDATES_ecbfb15d9744.csv,C:\Users\softinfo\Downloads\clearday-mobile\EMERAULDdiff\raw sources\D_LIBRARY_ingest_2026-04-26\henry\MASTER_REFERENCE_CANDIDATES.csv,5506,C
C/02160_MASTER_REFERENCE_CANDIDATES_ALL_c9d3b42f7815.csv,C:\Users\softinfo\Downloads\clearday-mobile\EMERAULDdiff\raw sources\D_LIBRARY_ingest_2026-04-26\henry\MASTER_REFERENCE_CANDIDATES_ALL.csv,48643,C
C/02161_dataimagepng_base64..._2_539e1b9cbae6.md,C:\Users\softinfo\Downloads\clearday-mobile\EMERAULDdiff\raw sources\D_LIBRARY_ingest_2026-04-26\ocr_unreadable\converted_ocr\Review\Unreadable\![](dataimagepng;base64...) (2).md,398520,C
C/02162_dataimagepng_base64_8b8c8830462d.md,C:\Users\softinfo\Downloads\clearday-mobile\EMERAULDdiff\raw sources\D_LIBRARY_ingest_2026-04-26\ocr_unreadable\converted_ocr\Review\Unreadable\![](dataimagepng;base64...).md,408774,C
C/02163_file_0849c87c2276.md,"C:\Users\softinfo\Downloads\clearday-mobile\EMERAULDdiff\raw sources\D_LIBRARY_ingest_2026-04-26\ocr_unreadable\converted_ocr\Review\Unreadable\)]}',.md",39219,C
C/02164_1764_ANT_58.2_10_Lepage_.Fr._264..276_e160b9e78318.md,C:\Users\softinfo\Downloads\clearday-mobile\EMERAULDdiff\raw sources\D_LIBRARY_ingest_2026-04-26\ocr_unreadable\converted_ocr\Review\Unreadable\1764 ANT 58.2_10_Lepage .Fr. 264..276.md,73352,C
C/02165_1971_-_tax_or_finance_2_14b49b5ec196.md,C:\Users\softinfo\Downloads\clearday-mobile\EMERAULDdiff\raw sources\D_LIBRARY_ingest_2026-04-26\ocr_unreadable\converted_ocr\Review\Unreadable\1971 - tax_or_finance [2].md,6896,C
C/02166_1971_-_tax_or_finance_3_815c753de5b0.md,C:\Users\softinfo\Downloads\clearday-mobile\EMERAULDdiff\raw sources\D_LIBRARY_ingest_2026-04-26\ocr_unreadable\converted_ocr\Review\Unreadable\1971 - tax_or_finance [3].md,6872,C
C/02167_1980_-_Martin_Lepage_-_Introduction_43eed37621eb.md,C:\Users\softinfo\Downloads\clearday-mobile\EMERAULDdiff\raw sources\D_LIBRARY_ingest_2026-04-26\ocr_unreadable\converted_ocr\Review\Unreadable\1980 - Martin Lepage - Introduction.md,38488,C
C/02168_1984_-_legal_or_contract.pdf_-_1984_-_legal_or_con_37897248d8c2.md,C:\Users\softinfo\Downloads\clearday-mobile\EMERAULDdiff\raw sources\D_LIBRARY_ingest_2026-04-26\ocr_unreadable\converted_ocr\Review\Unreadable\1984 - legal_or_contract.pdf - 1984 - legal_or_contract.pdf.pdf - 1984 - legal_or_contract.pdf - 198.md,4571,C
C/02169_1991_-_Submitted_to_AI_Society_Open_Forum_fe4c2e07f7d5.md,C:\Users\softinfo\Downloads\clearday-mobile\EMERAULDdiff\raw sources\D_LIBRARY_ingest_2026-04-26\ocr_unreadable\converted_ocr\Review\Unreadable\1991 - Submitted to AI Society Open Forum.md,51913,C
C/02170_1999_-_book_or_monograph.pdf_-_1999_-_book_or_mono_f2ddc1efff1b.md,C:\Users\softinfo\Downloads\clearday-mobile\EMERAULDdiff\raw sources\D_LIBRARY_ingest_2026-04-26\ocr_unreadable\converted_ocr\Review\Unreadable\1999 - book_or_monograph.pdf - 1999 - book_or_monograph.pdf.pdf - 1999 - book_or_monograph.pdf - 199.md,904632,C
C/02171_1999_-_Paganisme_s_queer_c8e765bdb2d0.md,C:\Users\softinfo\Downloads\clearday-mobile\EMERAULDdiff\raw sources\D_LIBRARY_ingest_2026-04-26\ocr_unreadable\converted_ocr\Review\Unreadable\1999 - Paganisme(s) queer.md,12017,C
C/02172_1999_-_Resenas_2f88ad86190f.md,C:\Users\softinfo\Downloads\clearday-mobile\EMERAULDdiff\raw sources\D_LIBRARY_ingest_2026-04-26\ocr_unreadable\converted_ocr\Review\Unreadable\1999 - Resenas.md,23974,C
C/02173_2000_-_77_e606ba25181f.md,C:\Users\softinfo\Downloads\clearday-mobile\EMERAULDdiff\raw sources\D_LIBRARY_ingest_2026-04-26\ocr_unreadable\converted_ocr\Review\Unreadable\2000 - 77.md,80750,C
C/02174_2002_-_Martin_Lepage_-_Microsoft_Word-Dokument.doc_271e2782b4dd.md,C:\Users\softinfo\Downloads\clearday-mobile\EMERAULDdiff\raw sources\D_LIBRARY_ingest_2026-04-26\ocr_unreadable\converted_ocr\Review\Unreadable\2002 - Martin Lepage - Microsoft Word-Dokument.doc - 2002 - Martin Lep - 2002 - Martin Lepage - Micr.md,53360,C
C/02175_2003_-_Prepublication_Copy_of_50ba0f7793f8.md,C:\Users\softinfo\Downloads\clearday-mobile\EMERAULDdiff\raw sources\D_LIBRARY_ingest_2026-04-26\ocr_unreadable\converted_ocr\Review\Unreadable\2003 - Prepublication Copy of.md,58367,C
C/02176_2004_-_INTRODUCTION_20bb08c86b8e.md,C:\Users\softinfo\Downloads\clearday-mobile\EMERAULDdiff\raw sources\D_LIBRARY_ingest_2026-04-26\ocr_unreadable\converted_ocr\Review\Unreadable\2004 - INTRODUCTION.md,73669,C
C/02177_2004_-_policy_or_guidance.pdf_-_2004_-_policy_or_g_1e0faaa5961e.md,C:\Users\softinfo\Downloads\clearday-mobile\EMERAULDdiff\raw sources\D_LIBRARY_ingest_2026-04-26\ocr_unreadable\converted_ocr\Review\Unreadable\2004 - policy_or_guidance.pdf - 2004 - policy_or_guidance.pdf.pdf - 2004 - policy_or_guidance.pdf -.md,16191,C
C/02178_2004_-_Privacy_as_Contextual_Integrity_678f65b4761f.md,C:\Users\softinfo\Downloads\clearday-mobile\EMERAULDdiff\raw sources\D_LIBRARY_ingest_2026-04-26\ocr_unreadable\converted_ocr\Review\Unreadable\2004 - Privacy as Contextual Integrity.md,107892,C
C/02179_2004_-_TRUE_41b8a96f7d0d.md,C:\Users\softinfo\Downloads\clearday-mobile\EMERAULDdiff\raw sources\D_LIBRARY_ingest_2026-04-26\ocr_unreadable\converted_ocr\Review\Unreadable\2004 - TRUE.md,78821,C
C/02180_2005_-_book_or_monograph.pdf_-_2005_-_book_or_mono_321853a3167f.md,C:\Users\softinfo\Downloads\clearday-mobile\EMERAULDdiff\raw sources\D_LIBRARY_ingest_2026-04-26\ocr_unreadable\converted_ocr\Review\Unreadable\2005 - book_or_monograph.pdf - 2005 - book_or_monograph.pdf.pdf - 2005 - book_or_monograph.pdf - 200.md,546057,C
C/02181_2006_-_book_or_monograph.pdf_-_2006_-_book_or_mono_4b5c69eb8e27.md,C:\Users\softinfo\Downloads\clearday-mobile\EMERAULDdiff\raw sources\D_LIBRARY_ingest_2026-04-26\ocr_unreadable\converted_ocr\Review\Unreadable\2006 - book_or_monograph.pdf - 2006 - book_or_monograph.pdf.pdf - 2006 - book_or_monograph.pdf - 200.md,83948,C
C/02182_2006_-_report_2_5be3af2343ee.md,C:\Users\softinfo\Downloads\clearday-mobile\EMERAULDdiff\raw sources\D_LIBRARY_ingest_2026-04-26\ocr_unreadable\converted_ocr\Review\Unreadable\2006 - report [2].md,58544,C
C/02183_2006_-_report_3_bdcb60c4d36f.md,C:\Users\softinfo\Downloads\clearday-mobile\EMERAULDdiff\raw sources\D_LIBRARY_ingest_2026-04-26\ocr_unreadable\converted_ocr\Review\Unreadable\2006 - report [3].md,67246,C
C/02184_2006_-_report_4_2c9b1fd33269.md,C:\Users\softinfo\Downloads\clearday-mobile\EMERAULDdiff\raw sources\D_LIBRARY_ingest_2026-04-26\ocr_unreadable\converted_ocr\Review\Unreadable\2006 - report [4].md,67180,C
C/02185_2006_-_report_5_7e898a3940ce.md,C:\Users\softinfo\Downloads\clearday-mobile\EMERAULDdiff\raw sources\D_LIBRARY_ingest_2026-04-26\ocr_unreadable\converted_ocr\Review\Unreadable\2006 - report [5].md,67695,C
C/02186_2006_-_report_6_17b8a59abd7f.md,C:\Users\softinfo\Downloads\clearday-mobile\EMERAULDdiff\raw sources\D_LIBRARY_ingest_2026-04-26\ocr_unreadable\converted_ocr\Review\Unreadable\2006 - report [6].md,53392,C
C/02187_2006_-_report_8f8937f3e9cd.md,C:\Users\softinfo\Downloads\clearday-mobile\EMERAULDdiff\raw sources\D_LIBRARY_ingest_2026-04-26\ocr_unreadable\converted_ocr\Review\Unreadable\2006 - report.md,56464,C
C/02188_2006_-_The_Meanings_of_Magic_a27f28c71ed2.md,C:\Users\softinfo\Downloads\clearday-mobile\EMERAULDdiff\raw sources\D_LIBRARY_ingest_2026-04-26\ocr_unreadable\converted_ocr\Review\Unreadable\2006 - The Meanings of Magic.md,71596,C
C/02189_2007_-_ARS_Final_Hedstrom_Ylikoski_a819a308e28e.md,C:\Users\softinfo\Downloads\clearday-mobile\EMERAULDdiff\raw sources\D_LIBRARY_ingest_2026-04-26\ocr_unreadable\converted_ocr\Review\Unreadable\2007 - ARS Final Hedstrom Ylikoski.md,77662,C
C/02190_2007_-_audit_or_assessment_1772503134b3.md,C:\Users\softinfo\Downloads\clearday-mobile\EMERAULDdiff\raw sources\D_LIBRARY_ingest_2026-04-26\ocr_unreadable\converted_ocr\Review\Unreadable\2007 - audit_or_assessment.md,82461,C
C/02191_2007_-_Journal_of_Humanistic_Psychology_3788c4975547.md,C:\Users\softinfo\Downloads\clearday-mobile\EMERAULDdiff\raw sources\D_LIBRARY_ingest_2026-04-26\ocr_unreadable\converted_ocr\Review\Unreadable\2007 - Journal of Humanistic Psychology.md,55390,C
C/02192_2007_-_notes_or_journal_d3a0ffd3cc15.md,C:\Users\softinfo\Downloads\clearday-mobile\EMERAULDdiff\raw sources\D_LIBRARY_ingest_2026-04-26\ocr_unreadable\converted_ocr\Review\Unreadable\2007 - notes_or_journal.md,75940,C
C/02193_2007_-_Texte_Paille_27_2-final2.doc_06aa45a018d0.md,"C:\Users\softinfo\Downloads\clearday-mobile\EMERAULDdiff\raw sources\D_LIBRARY_ingest_2026-04-26\ocr_unreadable\converted_ocr\Review\Unreadable\2007 - Texte_Paille_27,2-final2.doc.md",47787,C
C/02194_2008_-_Martin_Lepage_-_Microsoft_Word-Dokument.doc_02cefd61fe7e.md,C:\Users\softinfo\Downloads\clearday-mobile\EMERAULDdiff\raw sources\D_LIBRARY_ingest_2026-04-26\ocr_unreadable\converted_ocr\Review\Unreadable\2008 - Martin Lepage - Microsoft Word-Dokument.doc - 2008 - Martin Lep - 2008 - Martin Lepage - Micr.md,7907,C
C/02195_2008_-_report_805bda262a0b.md,C:\Users\softinfo\Downloads\clearday-mobile\EMERAULDdiff\raw sources\D_LIBRARY_ingest_2026-04-26\ocr_unreadable\converted_ocr\Review\Unreadable\2008 - report.md,16860,C
C/02196_2008_-_Things_I_Do_Are_Manifestations_of_Love.pdf_41055a3ba8cc.md,C:\Users\softinfo\Downloads\clearday-mobile\EMERAULDdiff\raw sources\D_LIBRARY_ingest_2026-04-26\ocr_unreadable\converted_ocr\Review\Unreadable\2008 - Things I Do Are Manifestations of Love.pdf - 2008 - Things I Do - 2008 - Things I Do Are Mani.md,53702,C
C/02197_2009_-_JourNal_of_65e9caa15a82.md,C:\Users\softinfo\Downloads\clearday-mobile\EMERAULDdiff\raw sources\D_LIBRARY_ingest_2026-04-26\ocr_unreadable\converted_ocr\Review\Unreadable\2009 - JourNal of.md,63123,C
C/02198_2009_-_legal_or_contract_2_a2e0b6b4e3a9.md,C:\Users\softinfo\Downloads\clearday-mobile\EMERAULDdiff\raw sources\D_LIBRARY_ingest_2026-04-26\ocr_unreadable\converted_ocr\Review\Unreadable\2009 - legal_or_contract [2].md,64010,C
C/02199_2010_-_Lepage_5_94addbc1c756.md,C:\Users\softinfo\Downloads\clearday-mobile\EMERAULDdiff\raw sources\D_LIBRARY_ingest_2026-04-26\ocr_unreadable\converted_ocr\Review\Unreadable\2010 - Lepage 5.md,5014,C
C/02200_2010_-_Martin_Lepage_-_thesis_or_dissertation_1.pd_d27c394163d3.md,C:\Users\softinfo\Downloads\clearday-mobile\EMERAULDdiff\raw sources\D_LIBRARY_ingest_2026-04-26\ocr_unreadable\converted_ocr\Review\Unreadable\2010 - Martin Lepage - thesis_or_dissertation_1.pdf - 2010 - Martin Le - 2010 - Martin Lepage - thes.md,229780,C
C/02201_2010_-_Studies_in_Religion_Sciences_Religieuses.pd_fc10aa570bbd.md,C:\Users\softinfo\Downloads\clearday-mobile\EMERAULDdiff\raw sources\D_LIBRARY_ingest_2026-04-26\ocr_unreadable\converted_ocr\Review\Unreadable\2010 - Studies in Religion Sciences Religieuses.pdf - 2010 - Studies i - 2010 - Studies in Religion.md,200646,C
C/02202_2010_-_Studies_in_Religion_Sciences_Religieuses_1_ac28503ed03b.md,C:\Users\softinfo\Downloads\clearday-mobile\EMERAULDdiff\raw sources\D_LIBRARY_ingest_2026-04-26\ocr_unreadable\converted_ocr\Review\Unreadable\2010 - Studies in Religion Sciences Religieuses_1.pdf - 2010 - Studies - 2010 - Studies in Religion.md,71304,C
C/02203_2010_-_Submitted_to_AI_Society_Open_Forum_ed81da04b973.md,C:\Users\softinfo\Downloads\clearday-mobile\EMERAULDdiff\raw sources\D_LIBRARY_ingest_2026-04-26\ocr_unreadable\converted_ocr\Review\Unreadable\2010 - Submitted to AI Society Open Forum.md,51913,C
C/02204_2011_-_Martin_Lepage_-_Martin_Lepages_research_sta_1d9efd80458a.md,C:\Users\softinfo\Downloads\clearday-mobile\EMERAULDdiff\raw sources\D_LIBRARY_ingest_2026-04-26\ocr_unreadable\converted_ocr\Review\Unreadable\2011 - Martin Lepage - Martin Lepages research statement for the Depar - 2011 - Martin Lepage - Mart.md,8273,C
C/02205_2011_-_Martin_Lepage_-_Martin_Lepages_statement_of_26ec51c09cb2.md,C:\Users\softinfo\Downloads\clearday-mobile\EMERAULDdiff\raw sources\D_LIBRARY_ingest_2026-04-26\ocr_unreadable\converted_ocr\Review\Unreadable\2011 - Martin Lepage - Martin Lepages statement of research achievemen - 2011 - Martin Lepage - Mart.md,8409,C
C/02206_2011_-_Martin_Lepage_-_thesis_or_dissertation.pdf_dff1fbea34bd.md,C:\Users\softinfo\Downloads\clearday-mobile\EMERAULDdiff\raw sources\D_LIBRARY_ingest_2026-04-26\ocr_unreadable\converted_ocr\Review\Unreadable\2011 - Martin Lepage - thesis_or_dissertation.pdf - 2011 - Martin Lepa - 2011 - Martin Lepage - thes.md,10227,C
C/02207_2011_-_report.doc_a7718d17cc00.md,C:\Users\softinfo\Downloads\clearday-mobile\EMERAULDdiff\raw sources\D_LIBRARY_ingest_2026-04-26\ocr_unreadable\converted_ocr\Review\Unreadable\2011 - report.doc.md,60526,C
C/02208_2011_-_report_886c7f850848.md,C:\Users\softinfo\Downloads\clearday-mobile\EMERAULDdiff\raw sources\D_LIBRARY_ingest_2026-04-26\ocr_unreadable\converted_ocr\Review\Unreadable\2011 - report.md,79058,C
C/02209_2012_-_Martin_Lepage_-_Chapter_8_464c71ad2743.md,C:\Users\softinfo\Downloads\clearday-mobile\EMERAULDdiff\raw sources\D_LIBRARY_ingest_2026-04-26\ocr_unreadable\converted_ocr\Review\Unreadable\2012 - Martin Lepage - Chapter 8.md,56015,C
C/02210_2012_-_Martin_Lepage_-_Chapter_8_1_cf9420b2ff99.md,C:\Users\softinfo\Downloads\clearday-mobile\EMERAULDdiff\raw sources\D_LIBRARY_ingest_2026-04-26\ocr_unreadable\converted_ocr\Review\Unreadable\2012 - Martin Lepage - Chapter 8_1.md,56222,C
C/02211_2013_-_23_ISSN_1528-0268_print_eed6543faa84.md,C:\Users\softinfo\Downloads\clearday-mobile\EMERAULDdiff\raw sources\D_LIBRARY_ingest_2026-04-26\ocr_unreadable\converted_ocr\Review\Unreadable\2013 - 23] ISSN 1528-0268 (print).md,65889,C
C/02212_2013_-_audit_or_assessment_2_72297c62c8b4.md,C:\Users\softinfo\Downloads\clearday-mobile\EMERAULDdiff\raw sources\D_LIBRARY_ingest_2026-04-26\ocr_unreadable\converted_ocr\Review\Unreadable\2013 - audit_or_assessment [2].md,61578,C
C/02213_2013_-_audit_or_assessment_3_d12cdd2c111e.md,C:\Users\softinfo\Downloads\clearday-mobile\EMERAULDdiff\raw sources\D_LIBRARY_ingest_2026-04-26\ocr_unreadable\converted_ocr\Review\Unreadable\2013 - audit_or_assessment [3].md,61527,C
C/02214_2013_-_audit_or_assessment_eedfd60c5a54.md,C:\Users\softinfo\Downloads\clearday-mobile\EMERAULDdiff\raw sources\D_LIBRARY_ingest_2026-04-26\ocr_unreadable\converted_ocr\Review\Unreadable\2013 - audit_or_assessment.md,5369,C
C/02215_2013_-_audit_or_assessment_1_d39a703065fd.md,C:\Users\softinfo\Downloads\clearday-mobile\EMERAULDdiff\raw sources\D_LIBRARY_ingest_2026-04-26\ocr_unreadable\converted_ocr\Review\Unreadable\2013 - audit_or_assessment_1.md,70420,C
C/02216_2013_-_journal_article_1.pdf_-_2013_-_journal_arti_ea3f5d0f9d88.md,C:\Users\softinfo\Downloads\clearday-mobile\EMERAULDdiff\raw sources\D_LIBRARY_ingest_2026-04-26\ocr_unreadable\converted_ocr\Review\Unreadable\2013 - journal_article_1.pdf - 2013 - journal_article_1.pdf.pdf - 2013 - journal_article_1.pdf - 201.md,88909,C
C/02217_2013_-_journal_article_2.pdf_-_2013_-_journal_arti_845b4889ffa7.md,C:\Users\softinfo\Downloads\clearday-mobile\EMERAULDdiff\raw sources\D_LIBRARY_ingest_2026-04-26\ocr_unreadable\converted_ocr\Review\Unreadable\2013 - journal_article_2.pdf - 2013 - journal_article_2.pdf.pdf - 2013 - journal_article_2.pdf - 201.md,7891,C
C/02218_2013_-_journal_article_3.pdf_-_2013_-_journal_arti_caea0aeb5bd3.md,C:\Users\softinfo\Downloads\clearday-mobile\EMERAULDdiff\raw sources\D_LIBRARY_ingest_2026-04-26\ocr_unreadable\converted_ocr\Review\Unreadable\2013 - journal_article_3.pdf - 2013 - journal_article_3.pdf.pdf - 2013 - journal_article_3.pdf - 201.md,1629980,C
C/02219_2013_-_Martin_Lepage_-_correspondence_d3c2ec096325.md,C:\Users\softinfo\Downloads\clearday-mobile\EMERAULDdiff\raw sources\D_LIBRARY_ingest_2026-04-26\ocr_unreadable\converted_ocr\Review\Unreadable\2013 - Martin Lepage - correspondence.md,13224,C
C/02220_2013_-_reviewing_ef2608eb40ef.md,C:\Users\softinfo\Downloads\clearday-mobile\EMERAULDdiff\raw sources\D_LIBRARY_ingest_2026-04-26\ocr_unreadable\converted_ocr\Review\Unreadable\2013 - reviewing).md,48458,C
C/02221_2013_-_statement_or_bill_73c19f34b480.md,C:\Users\softinfo\Downloads\clearday-mobile\EMERAULDdiff\raw sources\D_LIBRARY_ingest_2026-04-26\ocr_unreadable\converted_ocr\Review\Unreadable\2013 - statement_or_bill.md,13460,C
C/02222_2014_-_fra.xps_0a762c20a59b.md,C:\Users\softinfo\Downloads\clearday-mobile\EMERAULDdiff\raw sources\D_LIBRARY_ingest_2026-04-26\ocr_unreadable\converted_ocr\Review\Unreadable\2014 - fra.xps.md,17641,C
C/02223_2014_-_report_f2d1ce155884.md,C:\Users\softinfo\Downloads\clearday-mobile\EMERAULDdiff\raw sources\D_LIBRARY_ingest_2026-04-26\ocr_unreadable\converted_ocr\Review\Unreadable\2014 - report.md,33333,C
C/02224_2014_-_report_1_fe3358f34009.md,C:\Users\softinfo\Downloads\clearday-mobile\EMERAULDdiff\raw sources\D_LIBRARY_ingest_2026-04-26\ocr_unreadable\converted_ocr\Review\Unreadable\2014 - report_1.md,11449,C
C/02225_2014_-_Royal._Magie_et_1f74b3332638.md,C:\Users\softinfo\Downloads\clearday-mobile\EMERAULDdiff\raw sources\D_LIBRARY_ingest_2026-04-26\ocr_unreadable\converted_ocr\Review\Unreadable\2014 - Royal. Magie et.md,55115,C
C/02226_2014_-_The_Implausibility_of_Secrecy_0f3a27147bb1.md,C:\Users\softinfo\Downloads\clearday-mobile\EMERAULDdiff\raw sources\D_LIBRARY_ingest_2026-04-26\ocr_unreadable\converted_ocr\Review\Unreadable\2014 - The Implausibility of Secrecy.md,189656,C
C/02227_2014_-_thesis_or_dissertation_1.pdf_-_2014_-_thesi_1d7135bc9786.md,C:\Users\softinfo\Downloads\clearday-mobile\EMERAULDdiff\raw sources\D_LIBRARY_ingest_2026-04-26\ocr_unreadable\converted_ocr\Review\Unreadable\2014 - thesis_or_dissertation_1.pdf - 2014 - thesis_or_dissertation_1.pdf.pdf - 2014 - thesis_or_dis.md,238150,C
C/02228_2015_-_Alternation_article_template_afe50c04c82d.md,C:\Users\softinfo\Downloads\clearday-mobile\EMERAULDdiff\raw sources\D_LIBRARY_ingest_2026-04-26\ocr_unreadable\converted_ocr\Review\Unreadable\2015 - Alternation article template.md,71263,C
C/02229_2015_-_book_or_monograph.pdf_-_2015_-_book_or_mono_e32ee55d3e46.md,C:\Users\softinfo\Downloads\clearday-mobile\EMERAULDdiff\raw sources\D_LIBRARY_ingest_2026-04-26\ocr_unreadable\converted_ocr\Review\Unreadable\2015 - book_or_monograph.pdf - 2015 - book_or_monograph.pdf.pdf - 2015 - book_or_monograph.pdf - 201.md,33228,C
C/02230_2015_-_book_or_monograph_1.pdf_-_2015_-_book_or_mo_950828750510.md,C:\Users\softinfo\Downloads\clearday-mobile\EMERAULDdiff\raw sources\D_LIBRARY_ingest_2026-04-26\ocr_unreadable\converted_ocr\Review\Unreadable\2015 - book_or_monograph_1.pdf - 2015 - book_or_monograph_1.pdf.pdf - 2015 - book_or_monograph_1.pdf.md,983878,C
C/02231_2015_-_correspondence_497db0620813.md,C:\Users\softinfo\Downloads\clearday-mobile\EMERAULDdiff\raw sources\D_LIBRARY_ingest_2026-04-26\ocr_unreadable\converted_ocr\Review\Unreadable\2015 - correspondence.md,2538,C
C/02232_2015_-_Future_Imperfect_Science_Technology_and_the_6cb45d30097a.md,"C:\Users\softinfo\Downloads\clearday-mobile\EMERAULDdiff\raw sources\D_LIBRARY_ingest_2026-04-26\ocr_unreadable\converted_ocr\Review\Unreadable\2015 - Future Imperfect Science, Technology, and the Imaginations of M - 2015 - Future Imperfect Sci.md",96782,C
C/02233_2015_-_policy_or_guidance_3_3ceb9723284f.md,C:\Users\softinfo\Downloads\clearday-mobile\EMERAULDdiff\raw sources\D_LIBRARY_ingest_2026-04-26\ocr_unreadable\converted_ocr\Review\Unreadable\2015 - policy_or_guidance [3].md,74993,C
C/02234_2015_-_policy_or_guidance_4_03b23292bcb5.md,C:\Users\softinfo\Downloads\clearday-mobile\EMERAULDdiff\raw sources\D_LIBRARY_ingest_2026-04-26\ocr_unreadable\converted_ocr\Review\Unreadable\2015 - policy_or_guidance [4].md,74943,C
C/02235_2015_-_Praise_d68e2c1ff026.md,C:\Users\softinfo\Downloads\clearday-mobile\EMERAULDdiff\raw sources\D_LIBRARY_ingest_2026-04-26\ocr_unreadable\converted_ocr\Review\Unreadable\2015 - Praise.md,20581,C
C/02236_2015_-_thesis_or_dissertation.pdf_-_2015_-_thesis_558998606ab8.md,C:\Users\softinfo\Downloads\clearday-mobile\EMERAULDdiff\raw sources\D_LIBRARY_ingest_2026-04-26\ocr_unreadable\converted_ocr\Review\Unreadable\2015 - thesis_or_dissertation.pdf - 2015 - thesis_or_dissertation.pdf.pdf - 2015 - thesis_or_dissert.md,22193,C
C/02237_2015_-_thesis_or_dissertation_1.pdf_-_2015_-_thesi_1c4c63d3b14d.md,C:\Users\softinfo\Downloads\clearday-mobile\EMERAULDdiff\raw sources\D_LIBRARY_ingest_2026-04-26\ocr_unreadable\converted_ocr\Review\Unreadable\2015 - thesis_or_dissertation_1.pdf - 2015 - thesis_or_dissertation_1.pdf.pdf - 2015 - thesis_or_dis.md,34734,C
C/02238_2015_-_Volume_16_No._3_Art._18_1c614d90273c.md,"C:\Users\softinfo\Downloads\clearday-mobile\EMERAULDdiff\raw sources\D_LIBRARY_ingest_2026-04-26\ocr_unreadable\converted_ocr\Review\Unreadable\2015 - Volume 16, No. 3, Art. 18.md",31371,C
C/02239_2016_-_Big_Datas_Disparate_Impact_6c86a67ebcb4.md,C:\Users\softinfo\Downloads\clearday-mobile\EMERAULDdiff\raw sources\D_LIBRARY_ingest_2026-04-26\ocr_unreadable\converted_ocr\Review\Unreadable\2016 - Big Datas Disparate Impact.md,46178,C
C/02240_2016_-_Introduction_0ca7be41d633.md,C:\Users\softinfo\Downloads\clearday-mobile\EMERAULDdiff\raw sources\D_LIBRARY_ingest_2026-04-26\ocr_unreadable\converted_ocr\Review\Unreadable\2016 - Introduction.md,53072,C
C/02241_2016_-_job_application_2_95e03e62f248.md,C:\Users\softinfo\Downloads\clearday-mobile\EMERAULDdiff\raw sources\D_LIBRARY_ingest_2026-04-26\ocr_unreadable\converted_ocr\Review\Unreadable\2016 - job_application [2].md,32751,C
C/02242_2016_-_Martin_Lepage_-_ocr_needed.pdf_-_2016_-_Mar_f7503970a3fe.md,C:\Users\softinfo\Downloads\clearday-mobile\EMERAULDdiff\raw sources\D_LIBRARY_ingest_2026-04-26\ocr_unreadable\converted_ocr\Review\Unreadable\2016 - Martin Lepage - ocr_needed.pdf - 2016 - Martin Lepage - ocr_needed.pdf.pdf - 2016 - Martin Le.md,3169,C
C/02243_2016_-_Material_needed_for_Anthropologica_a7e274021df8.md,C:\Users\softinfo\Downloads\clearday-mobile\EMERAULDdiff\raw sources\D_LIBRARY_ingest_2026-04-26\ocr_unreadable\converted_ocr\Review\Unreadable\2016 - Material needed for Anthropologica.md,5840,C
C/02244_2016_-_notes_or_journal_2_a7f6a4b58dce.md,C:\Users\softinfo\Downloads\clearday-mobile\EMERAULDdiff\raw sources\D_LIBRARY_ingest_2026-04-26\ocr_unreadable\converted_ocr\Review\Unreadable\2016 - notes_or_journal [2].md,34518,C
C/02245_2016_-_notes_or_journal_50ac3c47b050.md,C:\Users\softinfo\Downloads\clearday-mobile\EMERAULDdiff\raw sources\D_LIBRARY_ingest_2026-04-26\ocr_unreadable\converted_ocr\Review\Unreadable\2016 - notes_or_journal.md,30874,C
C/02246_2016_-_notes_or_journal_1_f3ce574e0cfe.md,C:\Users\softinfo\Downloads\clearday-mobile\EMERAULDdiff\raw sources\D_LIBRARY_ingest_2026-04-26\ocr_unreadable\converted_ocr\Review\Unreadable\2016 - notes_or_journal_1.md,36397,C
C/02247_2016_-_PluralismandRadical_-_ocr_needed.pdf_-_2016_8ae74a3abfef.md,C:\Users\softinfo\Downloads\clearday-mobile\EMERAULDdiff\raw sources\D_LIBRARY_ingest_2026-04-26\ocr_unreadable\converted_ocr\Review\Unreadable\2016 - PluralismandRadical - ocr_needed.pdf - 2016 - PluralismandRadical - ocr_needed.pdf.pdf - 2016.md,10667,C
C/02248_2016_-_Programmes_de_cycles_superieurs_UQA_M_2_6b8330674763.md,C:\Users\softinfo\Downloads\clearday-mobile\EMERAULDdiff\raw sources\D_LIBRARY_ingest_2026-04-26\ocr_unreadable\converted_ocr\Review\Unreadable\2016 - Programmes de cycles superieurs UQA M 2.md,2512,C
C/02249_2016_-_Programmes_de_cycles_superieurs_UQA_M_9438a331a6dc.md,C:\Users\softinfo\Downloads\clearday-mobile\EMERAULDdiff\raw sources\D_LIBRARY_ingest_2026-04-26\ocr_unreadable\converted_ocr\Review\Unreadable\2016 - Programmes de cycles superieurs UQA M.md,2512,C
C/02250_2016_-_report_a4f51f920454.md,C:\Users\softinfo\Downloads\clearday-mobile\EMERAULDdiff\raw sources\D_LIBRARY_ingest_2026-04-26\ocr_unreadable\converted_ocr\Review\Unreadable\2016 - report.md,9453,C
C/02251_2016_-_review_e83f24c5eb56.md,C:\Users\softinfo\Downloads\clearday-mobile\EMERAULDdiff\raw sources\D_LIBRARY_ingest_2026-04-26\ocr_unreadable\converted_ocr\Review\Unreadable\2016 - review.md,36454,C
C/02252_2016_-_SAGE_Reference_4de8f1117e4e.md,C:\Users\softinfo\Downloads\clearday-mobile\EMERAULDdiff\raw sources\D_LIBRARY_ingest_2026-04-26\ocr_unreadable\converted_ocr\Review\Unreadable\2016 - SAGE Reference.md,7378,C
C/02253_2016_-_thesis_or_dissertation.pdf_-_2016_-_thesis_d1bfe611d249.md,C:\Users\softinfo\Downloads\clearday-mobile\EMERAULDdiff\raw sources\D_LIBRARY_ingest_2026-04-26\ocr_unreadable\converted_ocr\Review\Unreadable\2016 - thesis_or_dissertation.pdf - 2016 - thesis_or_dissertation.pdf.pdf - 2016 - thesis_or_dissert.md,35198,C
C/02254_2017_-_1_-_ocr_needed.pdf_-_2017_-_1_-_ocr_needed_49272ca4a7b7.md,C:\Users\softinfo\Downloads\clearday-mobile\EMERAULDdiff\raw sources\D_LIBRARY_ingest_2026-04-26\ocr_unreadable\converted_ocr\Review\Unreadable\2017 - 1 - ocr_needed.pdf - 2017 - 1 - ocr_needed.pdf.pdf - 2017 - 1 - ocr_needed.pdf - 2017 - 1 - o.md,4505,C
C/02255_2017_-_356_f55a3ea6af83.md,C:\Users\softinfo\Downloads\clearday-mobile\EMERAULDdiff\raw sources\D_LIBRARY_ingest_2026-04-26\ocr_unreadable\converted_ocr\Review\Unreadable\2017 - 356.md,11237,C
C/02256_2017_-_book_chapter.pdf_-_2017_-_book_chapter.pdf_b73c4d3190a9.md,C:\Users\softinfo\Downloads\clearday-mobile\EMERAULDdiff\raw sources\D_LIBRARY_ingest_2026-04-26\ocr_unreadable\converted_ocr\Review\Unreadable\2017 - book_chapter.pdf - 2017 - book_chapter.pdf.pdf - 2017 - book_chapter.pdf - 2017 - book_chapte.md,3802,C
C/02257_2017_-_correspondence_8b65e6e885e8.md,C:\Users\softinfo\Downloads\clearday-mobile\EMERAULDdiff\raw sources\D_LIBRARY_ingest_2026-04-26\ocr_unreadable\converted_ocr\Review\Unreadable\2017 - correspondence.md,5342,C
C/02258_2017_-_correspondence_1_5d6a291a4ce4.md,C:\Users\softinfo\Downloads\clearday-mobile\EMERAULDdiff\raw sources\D_LIBRARY_ingest_2026-04-26\ocr_unreadable\converted_ocr\Review\Unreadable\2017 - correspondence_1.md,5383,C
C/02259_2017_-_Douglas_Karen_Sutton_Robbie_M._and_Cichocka_aca62519998a.md,"C:\Users\softinfo\Downloads\clearday-mobile\EMERAULDdiff\raw sources\D_LIBRARY_ingest_2026-04-26\ocr_unreadable\converted_ocr\Review\Unreadable\2017 - Douglas, Karen, Sutton, Robbie M. and Cichocka, Aleksandra The - 2017 - Douglas, Karen, Sutto.md",29390,C
C/02260_2017_-_EDITORIAL_INTRODUCTION_b5ac546126a0.md,C:\Users\softinfo\Downloads\clearday-mobile\EMERAULDdiff\raw sources\D_LIBRARY_ingest_2026-04-26\ocr_unreadable\converted_ocr\Review\Unreadable\2017 - EDITORIAL INTRODUCTION.md,41695,C
C/02261_2017_-_IN_Louvain_Lepage_Research_project_dfcb8f645807.md,"C:\Users\softinfo\Downloads\clearday-mobile\EMERAULDdiff\raw sources\D_LIBRARY_ingest_2026-04-26\ocr_unreadable\converted_ocr\Review\Unreadable\2017 - IN Louvain Lepage, Research project.md",15029,C
C/02262_2017_-_INFORMATION_DISORDER_874a9b922334.md,C:\Users\softinfo\Downloads\clearday-mobile\EMERAULDdiff\raw sources\D_LIBRARY_ingest_2026-04-26\ocr_unreadable\converted_ocr\Review\Unreadable\2017 - INFORMATION DISORDER.md,23688,C
C/02263_2017_-_job_application.pdf_-_2017_-_job_applicatio_a34b585b4b57.md,C:\Users\softinfo\Downloads\clearday-mobile\EMERAULDdiff\raw sources\D_LIBRARY_ingest_2026-04-26\ocr_unreadable\converted_ocr\Review\Unreadable\2017 - job_application.pdf - 2017 - job_application.pdf.pdf - 2017 - job_application.pdf - 2017 - jo.md,5408,C
C/02264_2017_-_job_application_1.pdf_-_2017_-_job_applicat_286b69a801a8.md,C:\Users\softinfo\Downloads\clearday-mobile\EMERAULDdiff\raw sources\D_LIBRARY_ingest_2026-04-26\ocr_unreadable\converted_ocr\Review\Unreadable\2017 - job_application_1.pdf - 2017 - job_application_1.pdf.pdf - 2017 - job_application_1.pdf - 201.md,6227,C
C/02265_2017_-_legal_or_contract.pdf_-_2017_-_legal_or_con_1d8a60279dff.md,C:\Users\softinfo\Downloads\clearday-mobile\EMERAULDdiff\raw sources\D_LIBRARY_ingest_2026-04-26\ocr_unreadable\converted_ocr\Review\Unreadable\2017 - legal_or_contract.pdf - 2017 - legal_or_contract.pdf.pdf - 2017 - legal_or_contract.pdf - 201.md,36221,C
C/02266_2017_-_Lepage_7_6c6d5577b815.md,C:\Users\softinfo\Downloads\clearday-mobile\EMERAULDdiff\raw sources\D_LIBRARY_ingest_2026-04-26\ocr_unreadable\converted_ocr\Review\Unreadable\2017 - Lepage 7.md,4888,C
C/02267_2017_-_Lepage_9_6063c4102d47.md,C:\Users\softinfo\Downloads\clearday-mobile\EMERAULDdiff\raw sources\D_LIBRARY_ingest_2026-04-26\ocr_unreadable\converted_ocr\Review\Unreadable\2017 - Lepage 9.md,4666,C
C/02268_2017_-_Martin_Lepage_-_Martin_Lepages_contact_info_aebf9035ff27.md,"C:\Users\softinfo\Downloads\clearday-mobile\EMERAULDdiff\raw sources\D_LIBRARY_ingest_2026-04-26\ocr_unreadable\converted_ocr\Review\Unreadable\2017 - Martin Lepage - Martin Lepages contact information, Department - 2017 - Martin Lepage - Marti.md",1749,C
C/02269_2017_-_Martin_Lepage_-_Martin_Lepages_professional_20796219b92f.md,C:\Users\softinfo\Downloads\clearday-mobile\EMERAULDdiff\raw sources\D_LIBRARY_ingest_2026-04-26\ocr_unreadable\converted_ocr\Review\Unreadable\2017 - Martin Lepage - Martin Lepages professional references.pdf - 20 - 2017 - Martin Lepage - Mart.md,1790,C
C/02270_2017_-_Martin_Lepage_-_Martin_Lepages_statement_of_8e4c5becf04c.md,C:\Users\softinfo\Downloads\clearday-mobile\EMERAULDdiff\raw sources\D_LIBRARY_ingest_2026-04-26\ocr_unreadable\converted_ocr\Review\Unreadable\2017 - Martin Lepage - Martin Lepages statement of teaching interests - 2017 - Martin Lepage - Marti (2).md,6473,C
C/02271_2017_-_Martin_Lepage_-_Martin_Lepages_statement_of_987fde49c5fb.md,C:\Users\softinfo\Downloads\clearday-mobile\EMERAULDdiff\raw sources\D_LIBRARY_ingest_2026-04-26\ocr_unreadable\converted_ocr\Review\Unreadable\2017 - Martin Lepage - Martin Lepages statement of teaching interests - 2017 - Martin Lepage - Marti.md,6446,C
C/02272_2017_-_Martin_Lepage_-_Martin_Lepages_statement_of_813c911625e6.md,"C:\Users\softinfo\Downloads\clearday-mobile\EMERAULDdiff\raw sources\D_LIBRARY_ingest_2026-04-26\ocr_unreadable\converted_ocr\Review\Unreadable\2017 - Martin Lepage - Martin Lepages statement of teaching interests, - 2017 - Martin Lepage - Mart.md",6534,C
C/02273_2017_-_Martin_Lepage_-_Montreal_July_5th_2017_-_th_83145477c953.md,"C:\Users\softinfo\Downloads\clearday-mobile\EMERAULDdiff\raw sources\D_LIBRARY_ingest_2026-04-26\ocr_unreadable\converted_ocr\Review\Unreadable\2017 - Martin Lepage - Montreal, July 5th, 2017 - thesis_or_dissertati - 2017 - Martin Lepage - Mont.md",8992,C
C/02274_2017_-_Martin_Lepage_-_Montreal_le_1_octobre_2017_67424fdc7f80.md,"C:\Users\softinfo\Downloads\clearday-mobile\EMERAULDdiff\raw sources\D_LIBRARY_ingest_2026-04-26\ocr_unreadable\converted_ocr\Review\Unreadable\2017 - Martin Lepage - Montreal, le 1 octobre 2017 - report.pdf - 2017 - 2017 - Martin Lepage - Mont.md",2323,C
C/02275_2017_-_Martin_Lepage_-_Montreal_le_12_octobre_2017_6485d2542fd2.md,"C:\Users\softinfo\Downloads\clearday-mobile\EMERAULDdiff\raw sources\D_LIBRARY_ingest_2026-04-26\ocr_unreadable\converted_ocr\Review\Unreadable\2017 - Martin Lepage - Montreal, le 12 octobre 2017 - job_application - 2017 - Martin Lepage - Montr.md",3915,C
C/02276_2017_-_Martin_Lepage_-_Montreal_le_12_octobre_2017_591f6e215f6a.md,"C:\Users\softinfo\Downloads\clearday-mobile\EMERAULDdiff\raw sources\D_LIBRARY_ingest_2026-04-26\ocr_unreadable\converted_ocr\Review\Unreadable\2017 - Martin Lepage - Montreal, le 12 octobre 2017 - thesis_or_disser - 2017 - Martin Lepage - Mont.md",3668,C
C/02277_2017_-_Martin_Lepage_-_Montreal_le_13_mai_2017_-_t_9e43647e99bc.md,"C:\Users\softinfo\Downloads\clearday-mobile\EMERAULDdiff\raw sources\D_LIBRARY_ingest_2026-04-26\ocr_unreadable\converted_ocr\Review\Unreadable\2017 - Martin Lepage - Montreal, le 13 mai 2017 - thesis_or_dissertati - 2017 - Martin Lepage - Mont.md",3401,C
C/02278_2017_-_Martin_Lepage_-_Montreal_le_25_mai_2017_-_j_25562617becb.md,"C:\Users\softinfo\Downloads\clearday-mobile\EMERAULDdiff\raw sources\D_LIBRARY_ingest_2026-04-26\ocr_unreadable\converted_ocr\Review\Unreadable\2017 - Martin Lepage - Montreal, le 25 mai, 2017 - job_application.pdf - 2017 - Martin Lepage - Mont.md",4235,C
C/02279_2017_-_Martin_Lepage_-_Montreal_May_12th_2017_-_th_49627efa8141.md,"C:\Users\softinfo\Downloads\clearday-mobile\EMERAULDdiff\raw sources\D_LIBRARY_ingest_2026-04-26\ocr_unreadable\converted_ocr\Review\Unreadable\2017 - Martin Lepage - Montreal, May 12th, 2017 - thesis_or_dissertati - 2017 - Martin Lepage - Mont.md",5778,C
C/02280_2017_-_ocr_needed_11.pdf_-_2017_-_ocr_needed_11.pd_8fe5c0c6f02d.md,C:\Users\softinfo\Downloads\clearday-mobile\EMERAULDdiff\raw sources\D_LIBRARY_ingest_2026-04-26\ocr_unreadable\converted_ocr\Review\Unreadable\2017 - ocr_needed_11.pdf - 2017 - ocr_needed_11.pdf.pdf - 2017 - ocr_needed_11.pdf - 2017 - ocr_need.md,4364,C
C/02281_2017_-_ocr_needed_1_1_6a9194ebf182.md,C:\Users\softinfo\Downloads\clearday-mobile\EMERAULDdiff\raw sources\D_LIBRARY_ingest_2026-04-26\ocr_unreadable\converted_ocr\Review\Unreadable\2017 - ocr_needed_1_1.md,4459,C
C/02282_2017_-_ocr_needed_4.pdf_-_2017_-_ocr_needed_4.pdf_6848015d72f2.md,C:\Users\softinfo\Downloads\clearday-mobile\EMERAULDdiff\raw sources\D_LIBRARY_ingest_2026-04-26\ocr_unreadable\converted_ocr\Review\Unreadable\2017 - ocr_needed_4.pdf - 2017 - ocr_needed_4.pdf.pdf - 2017 - ocr_needed_4.pdf - 2017 - ocr_needed_.md,3144,C
C/02283_2017_-_ocr_needed_5.pdf_-_2017_-_ocr_needed_5.pdf_5c0dc26de0b3.md,C:\Users\softinfo\Downloads\clearday-mobile\EMERAULDdiff\raw sources\D_LIBRARY_ingest_2026-04-26\ocr_unreadable\converted_ocr\Review\Unreadable\2017 - ocr_needed_5.pdf - 2017 - ocr_needed_5.pdf.pdf - 2017 - ocr_needed_5.pdf - 2017 - ocr_needed_.md,3277,C
C/02284_2017_-_ocr_needed_6.pdf_-_2017_-_ocr_needed_6.pdf_c376a833e0fd.md,C:\Users\softinfo\Downloads\clearday-mobile\EMERAULDdiff\raw sources\D_LIBRARY_ingest_2026-04-26\ocr_unreadable\converted_ocr\Review\Unreadable\2017 - ocr_needed_6.pdf - 2017 - ocr_needed_6.pdf.pdf - 2017 - ocr_needed_6.pdf - 2017 - ocr_needed_.md,4292,C
C/02285_2017_-_ocr_needed_7.pdf_-_2017_-_ocr_needed_7.pdf_c459c0b88772.md,C:\Users\softinfo\Downloads\clearday-mobile\EMERAULDdiff\raw sources\D_LIBRARY_ingest_2026-04-26\ocr_unreadable\converted_ocr\Review\Unreadable\2017 - ocr_needed_7.pdf - 2017 - ocr_needed_7.pdf.pdf - 2017 - ocr_needed_7.pdf - 2017 - ocr_needed_.md,4268,C
C/02286_2017_-_ocr_needed_8.pdf_-_2017_-_ocr_needed_8.pdf_f35a48c564b1.md,C:\Users\softinfo\Downloads\clearday-mobile\EMERAULDdiff\raw sources\D_LIBRARY_ingest_2026-04-26\ocr_unreadable\converted_ocr\Review\Unreadable\2017 - ocr_needed_8.pdf - 2017 - ocr_needed_8.pdf.pdf - 2017 - ocr_needed_8.pdf - 2017 - ocr_needed_.md,8303,C
C/02287_2017_-_ocr_needed_9.pdf_-_2017_-_ocr_needed_9.pdf_f8427d57598f.md,C:\Users\softinfo\Downloads\clearday-mobile\EMERAULDdiff\raw sources\D_LIBRARY_ingest_2026-04-26\ocr_unreadable\converted_ocr\Review\Unreadable\2017 - ocr_needed_9.pdf - 2017 - ocr_needed_9.pdf.pdf - 2017 - ocr_needed_9.pdf - 2017 - ocr_needed_.md,5631,C
C/02288_2017_-_report_de379a216307.md,C:\Users\softinfo\Downloads\clearday-mobile\EMERAULDdiff\raw sources\D_LIBRARY_ingest_2026-04-26\ocr_unreadable\converted_ocr\Review\Unreadable\2017 - report.md,16339,C
C/02289_2017_-_Studies_in_Religion_Sciences_Religieuses_XX_fb7b49198ce6.md,C:\Users\softinfo\Downloads\clearday-mobile\EMERAULDdiff\raw sources\D_LIBRARY_ingest_2026-04-26\ocr_unreadable\converted_ocr\Review\Unreadable\2017 - Studies in Religion Sciences Religieuses XX(X) [2].pdf - 2017 - 2017 - Studies in Religion Sc.md,5095,C
C/02290_2017_-_Studies_in_Religion_Sciences_Religieuses_XX_5afcbdf5a65f.md,C:\Users\softinfo\Downloads\clearday-mobile\EMERAULDdiff\raw sources\D_LIBRARY_ingest_2026-04-26\ocr_unreadable\converted_ocr\Review\Unreadable\2017 - Studies in Religion Sciences Religieuses XX(X) [3].pdf - 2017 - 2017 - Studies in Religion Sc.md,4788,C
C/02291_2017_-_Studies_in_Religion_Sciences_Religieuses_XX_2de2dd5c06a6.md,C:\Users\softinfo\Downloads\clearday-mobile\EMERAULDdiff\raw sources\D_LIBRARY_ingest_2026-04-26\ocr_unreadable\converted_ocr\Review\Unreadable\2017 - Studies in Religion Sciences Religieuses XX(X) [4].pdf - 2017 - 2017 - Studies in Religion Sc.md,4683,C
C/02292_2017_-_Studies_in_Religion_Sciences_Religieuses_XX_7cc8a029a119.md,C:\Users\softinfo\Downloads\clearday-mobile\EMERAULDdiff\raw sources\D_LIBRARY_ingest_2026-04-26\ocr_unreadable\converted_ocr\Review\Unreadable\2017 - Studies in Religion Sciences Religieuses XX(X).pdf - 2017 - Stu - 2017 - Studies in Religion.md,4857,C
C/02293_2017_-_tax_or_finance.pdf_-_2017_-_tax_or_finance_72d4e9b387fd.md,C:\Users\softinfo\Downloads\clearday-mobile\EMERAULDdiff\raw sources\D_LIBRARY_ingest_2026-04-26\ocr_unreadable\converted_ocr\Review\Unreadable\2017 - tax_or_finance.pdf - 2017 - tax_or_finance.pdf.pdf - 2017 - tax_or_finance.pdf - 2017 - tax_o.md,3643,C
C/02294_2017_-_thesis_or_dissertation_2_ad3d16f58a5e.md,C:\Users\softinfo\Downloads\clearday-mobile\EMERAULDdiff\raw sources\D_LIBRARY_ingest_2026-04-26\ocr_unreadable\converted_ocr\Review\Unreadable\2017 - thesis_or_dissertation [2].md,27917,C
C/02295_2017_-_thesis_or_dissertation.pdf_-_2017_-_thesis_fa562b06259b.md,C:\Users\softinfo\Downloads\clearday-mobile\EMERAULDdiff\raw sources\D_LIBRARY_ingest_2026-04-26\ocr_unreadable\converted_ocr\Review\Unreadable\2017 - thesis_or_dissertation.pdf - 2017 - thesis_or_dissertation.pdf.pdf - 2017 - thesis_or_dissert.md,36016,C
C/02296_2017_-_thesis_or_dissertation_1.pdf_-_2017_-_thesi_6b4430188de2.md,C:\Users\softinfo\Downloads\clearday-mobile\EMERAULDdiff\raw sources\D_LIBRARY_ingest_2026-04-26\ocr_unreadable\converted_ocr\Review\Unreadable\2017 - thesis_or_dissertation_1.pdf - 2017 - thesis_or_dissertation_1.pdf.pdf - 2017 - thesis_or_dis.md,7044,C
C/02297_2017_-_thesis_or_dissertation_2.pdf_-_2017_-_thesi_4a8189f4c17c.md,C:\Users\softinfo\Downloads\clearday-mobile\EMERAULDdiff\raw sources\D_LIBRARY_ingest_2026-04-26\ocr_unreadable\converted_ocr\Review\Unreadable\2017 - thesis_or_dissertation_2.pdf - 2017 - thesis_or_dissertation_2.pdf.pdf - 2017 - thesis_or_dis.md,23217,C
C/02298_2017_-_thesis_or_dissertation_3.pdf_-_2017_-_thesi_4122e00a6e24.md,C:\Users\softinfo\Downloads\clearday-mobile\EMERAULDdiff\raw sources\D_LIBRARY_ingest_2026-04-26\ocr_unreadable\converted_ocr\Review\Unreadable\2017 - thesis_or_dissertation_3.pdf - 2017 - thesis_or_dissertation_3.pdf.pdf - 2017 - thesis_or_dis.md,33826,C
C/02299_2017_-_thesis_or_dissertation_4.pdf_-_2017_-_thesi_d9cc8d660587.md,C:\Users\softinfo\Downloads\clearday-mobile\EMERAULDdiff\raw sources\D_LIBRARY_ingest_2026-04-26\ocr_unreadable\converted_ocr\Review\Unreadable\2017 - thesis_or_dissertation_4.pdf - 2017 - thesis_or_dissertation_4.pdf.pdf - 2017 - thesis_or_dis.md,4993,C
C/02300_2017_-_thesis_or_dissertation_5.pdf_-_2017_-_thesi_b31236cb9b1a.md,C:\Users\softinfo\Downloads\clearday-mobile\EMERAULDdiff\raw sources\D_LIBRARY_ingest_2026-04-26\ocr_unreadable\converted_ocr\Review\Unreadable\2017 - thesis_or_dissertation_5.pdf - 2017 - thesis_or_dissertation_5.pdf.pdf - 2017 - thesis_or_dis.md,26775,C
C/02301_2017_-_thesis_or_dissertation_6.pdf_-_2017_-_thesi_ce922e13d32c.md,C:\Users\softinfo\Downloads\clearday-mobile\EMERAULDdiff\raw sources\D_LIBRARY_ingest_2026-04-26\ocr_unreadable\converted_ocr\Review\Unreadable\2017 - thesis_or_dissertation_6.pdf - 2017 - thesis_or_dissertation_6.pdf.pdf - 2017 - thesis_or_dis.md,6424,C
C/02302_2017_-_UQA_M_Universite_du_Quebec_a_Montreal_Relev_87db46132f54.md,C:\Users\softinfo\Downloads\clearday-mobile\EMERAULDdiff\raw sources\D_LIBRARY_ingest_2026-04-26\ocr_unreadable\converted_ocr\Review\Unreadable\2017 - UQA M Universite du Quebec a Montreal Releve de notes 2.md,5492,C
C/02303_2017_-_UQA_M_Universite_du_Quebec_a_Montreal_Relev_7f54baf4de87.md,C:\Users\softinfo\Downloads\clearday-mobile\EMERAULDdiff\raw sources\D_LIBRARY_ingest_2026-04-26\ocr_unreadable\converted_ocr\Review\Unreadable\2017 - UQA M Universite du Quebec a Montreal Releve de notes 3.md,5492,C
C/02304_2017_-_UQA_M_Universite_du_Quebec_a_Montreal_Relev_6d610eda5155.md,C:\Users\softinfo\Downloads\clearday-mobile\EMERAULDdiff\raw sources\D_LIBRARY_ingest_2026-04-26\ocr_unreadable\converted_ocr\Review\Unreadable\2017 - UQA M Universite du Quebec a Montreal Releve de notes 4.md,5492,C
C/02305_2017_-_UQA_M_Universite_du_Quebec_a_Montreal_Relev_e00e39d9ac55.md,C:\Users\softinfo\Downloads\clearday-mobile\EMERAULDdiff\raw sources\D_LIBRARY_ingest_2026-04-26\ocr_unreadable\converted_ocr\Review\Unreadable\2017 - UQA M Universite du Quebec a Montreal Releve de notes 5.md,5492,C
C/02306_2017_-_UQA_M_Universite_du_Quebec_a_Montreal_Relev_30a201146609.md,C:\Users\softinfo\Downloads\clearday-mobile\EMERAULDdiff\raw sources\D_LIBRARY_ingest_2026-04-26\ocr_unreadable\converted_ocr\Review\Unreadable\2017 - UQA M Universite du Quebec a Montreal Releve de notes 6.md,5492,C
C/02307_2017_-_UQA_M_Universite_du_Quebec_a_Montreal_Relev_fbd7d4ab39b8.md,C:\Users\softinfo\Downloads\clearday-mobile\EMERAULDdiff\raw sources\D_LIBRARY_ingest_2026-04-26\ocr_unreadable\converted_ocr\Review\Unreadable\2017 - UQA M Universite du Quebec a Montreal Releve de notes.md,5492,C
C/02308_2018_-_18-BPRE-721150-I_-_report_2_699026656df2.md,C:\Users\softinfo\Downloads\clearday-mobile\EMERAULDdiff\raw sources\D_LIBRARY_ingest_2026-04-26\ocr_unreadable\converted_ocr\Review\Unreadable\2018 - 18-BPRE-721150-I - report [2].md,2968,C
C/02309_2018_-_audit_or_assessment_237d4bd80099.md,C:\Users\softinfo\Downloads\clearday-mobile\EMERAULDdiff\raw sources\D_LIBRARY_ingest_2026-04-26\ocr_unreadable\converted_ocr\Review\Unreadable\2018 - audit_or_assessment.md,19803,C
C/02310_2018_-_Chapter_Title_From_Fan_Activism_to_Graphic_4117d747a2b3.md,C:\Users\softinfo\Downloads\clearday-mobile\EMERAULDdiff\raw sources\D_LIBRARY_ingest_2026-04-26\ocr_unreadable\converted_ocr\Review\Unreadable\2018 - Chapter Title From Fan Activism to Graphic Narrative Culture an - 2018 - Chapter Title From F.md,29785,C
C/02311_2018_-_Conseil_de_recherches_en_Social_Sciences_an_fc04c4c81459.md,C:\Users\softinfo\Downloads\clearday-mobile\EMERAULDdiff\raw sources\D_LIBRARY_ingest_2026-04-26\ocr_unreadable\converted_ocr\Review\Unreadable\2018 - Conseil de recherches en Social Sciences and Humanities.pdf - 2 - 2018 - Conseil de recherche.md,45543,C
C/02312_2018_-_correspondence_307bc87548c6.md,C:\Users\softinfo\Downloads\clearday-mobile\EMERAULDdiff\raw sources\D_LIBRARY_ingest_2026-04-26\ocr_unreadable\converted_ocr\Review\Unreadable\2018 - correspondence.md,5547,C
C/02313_2018_-_Dion_2018_LEPAGE_Martin_ef7be3570a3d.md,"C:\Users\softinfo\Downloads\clearday-mobile\EMERAULDdiff\raw sources\D_LIBRARY_ingest_2026-04-26\ocr_unreadable\converted_ocr\Review\Unreadable\2018 - Dion 2018 LEPAGE, Martin.md",21720,C
C/02314_2018_-_job_application.pdf_-_2018_-_job_applicatio_f509a5e3f859.md,C:\Users\softinfo\Downloads\clearday-mobile\EMERAULDdiff\raw sources\D_LIBRARY_ingest_2026-04-26\ocr_unreadable\converted_ocr\Review\Unreadable\2018 - job_application.pdf - 2018 - job_application.pdf.pdf - 2018 - job_application.pdf - 2018 - jo.md,6850,C
C/02315_2018_-_job_application_1.pdf_-_2018_-_job_applicat_5748ca13e8b5.md,C:\Users\softinfo\Downloads\clearday-mobile\EMERAULDdiff\raw sources\D_LIBRARY_ingest_2026-04-26\ocr_unreadable\converted_ocr\Review\Unreadable\2018 - job_application_1.pdf - 2018 - job_application_1.pdf.pdf - 2018 - job_application_1.pdf - 201.md,5037,C
C/02316_2018_-_Martin_Lepage_-_Curriculum_vitae_Bourse_pos_8503df929e7f.md,"C:\Users\softinfo\Downloads\clearday-mobile\EMERAULDdiff\raw sources\D_LIBRARY_ingest_2026-04-26\ocr_unreadable\converted_ocr\Review\Unreadable\2018 - Martin Lepage - Curriculum vitae, Bourse postdoctorale du Fonds - 2018 - Martin Lepage - Curr.md",14915,C
C/02317_2018_-_Martin_Lepage_-_legal_or_contract.pdf_-_201_8cf3a405ccee.md,C:\Users\softinfo\Downloads\clearday-mobile\EMERAULDdiff\raw sources\D_LIBRARY_ingest_2026-04-26\ocr_unreadable\converted_ocr\Review\Unreadable\2018 - Martin Lepage - legal_or_contract.pdf - 2018 - Martin Lepage - legal_or_contract.pdf.pdf - 20.md,33991,C
C/02318_2018_-_Martin_Lepage_-_Martin_Lepages_statement_of_ee655ba9458a.md,"C:\Users\softinfo\Downloads\clearday-mobile\EMERAULDdiff\raw sources\D_LIBRARY_ingest_2026-04-26\ocr_unreadable\converted_ocr\Review\Unreadable\2018 - Martin Lepage - Martin Lepages statement of research interests, - 2018 - Martin Lepage - Mart.md",14772,C
C/02319_2018_-_Martin_Lepage_-_Montreal_May_15th_2018_-_th_bb0d65b87cc4.md,"C:\Users\softinfo\Downloads\clearday-mobile\EMERAULDdiff\raw sources\D_LIBRARY_ingest_2026-04-26\ocr_unreadable\converted_ocr\Review\Unreadable\2018 - Martin Lepage - Montreal, May 15th, 2018 - thesis_or_dissertati - 2018 - Martin Lepage - Mont.md",5421,C
C/02320_2018_-_Martin_Lepage_-_ocr_needed.pdf_-_2018_-_Mar_bc9e1a96ab7c.md,C:\Users\softinfo\Downloads\clearday-mobile\EMERAULDdiff\raw sources\D_LIBRARY_ingest_2026-04-26\ocr_unreadable\converted_ocr\Review\Unreadable\2018 - Martin Lepage - ocr_needed.pdf - 2018 - Martin Lepage - ocr_needed.pdf.pdf - 2018 - Martin Le.md,10745,C
C/02321_2018_-_Martin_Lepage_-_ocr_needed_1.pdf_-_2018_-_M_4bac14a68e1a.md,C:\Users\softinfo\Downloads\clearday-mobile\EMERAULDdiff\raw sources\D_LIBRARY_ingest_2026-04-26\ocr_unreadable\converted_ocr\Review\Unreadable\2018 - Martin Lepage - ocr_needed_1.pdf - 2018 - Martin Lepage - ocr_needed_1.pdf.pdf - 2018 - Marti.md,3452,C
C/02322_2018_-_Martin_Lepage_-_thesis_or_dissertation.pdf_cc44c9c2fac3.md,C:\Users\softinfo\Downloads\clearday-mobile\EMERAULDdiff\raw sources\D_LIBRARY_ingest_2026-04-26\ocr_unreadable\converted_ocr\Review\Unreadable\2018 - Martin Lepage - thesis_or_dissertation.pdf - 2018 - Martin Lepa - 2018 - Martin Lepage - thes.md,6663,C
C/02323_2018_-_Martin_Lepage_-_thesis_or_dissertation_1.pd_6fa5969b5618.md,C:\Users\softinfo\Downloads\clearday-mobile\EMERAULDdiff\raw sources\D_LIBRARY_ingest_2026-04-26\ocr_unreadable\converted_ocr\Review\Unreadable\2018 - Martin Lepage - thesis_or_dissertation_1.pdf - 2018 - Martin Le - 2018 - Martin Lepage - thes.md,8330,C
C/02324_2018_-_Martin_Lepages_references_Allan_Slaight_Cha_e7b98c712a52.md,"C:\Users\softinfo\Downloads\clearday-mobile\EMERAULDdiff\raw sources\D_LIBRARY_ingest_2026-04-26\ocr_unreadable\converted_ocr\Review\Unreadable\2018 - Martin Lepages references, Allan Slaight Chair for the Study of - 2018 - Martin Lepages refer.md",1730,C
C/02325_2018_-_ocr_needed_2_af7a385442fe.md,C:\Users\softinfo\Downloads\clearday-mobile\EMERAULDdiff\raw sources\D_LIBRARY_ingest_2026-04-26\ocr_unreadable\converted_ocr\Review\Unreadable\2018 - ocr_needed [2].md,2437,C
C/02326_2018_-_ocr_needed.pdf_-_2018_-_ocr_needed.pdf.pdf_259613308b9c.md,C:\Users\softinfo\Downloads\clearday-mobile\EMERAULDdiff\raw sources\D_LIBRARY_ingest_2026-04-26\ocr_unreadable\converted_ocr\Review\Unreadable\2018 - ocr_needed.pdf - 2018 - ocr_needed.pdf.pdf - 2018 - ocr_needed.pdf - 2018 - ocr_needed.pdf.pd.md,2679,C
C/02327_2018_-_ocr_needed_1.pdf_-_2018_-_ocr_needed_1.pdf_c7fd90991987.md,C:\Users\softinfo\Downloads\clearday-mobile\EMERAULDdiff\raw sources\D_LIBRARY_ingest_2026-04-26\ocr_unreadable\converted_ocr\Review\Unreadable\2018 - ocr_needed_1.pdf - 2018 - ocr_needed_1.pdf.pdf - 2018 - ocr_needed_1.pdf - 2018 - ocr_needed_.md,2635,C
C/02328_2018_-_policy_or_guidance.pdf_-_2018_-_policy_or_g_2f5276dac215.md,C:\Users\softinfo\Downloads\clearday-mobile\EMERAULDdiff\raw sources\D_LIBRARY_ingest_2026-04-26\ocr_unreadable\converted_ocr\Review\Unreadable\2018 - policy_or_guidance.pdf - 2018 - policy_or_guidance.pdf.pdf - 2018 - policy_or_guidance.pdf -.md,4986,C
C/02329_2018_-_Quebec_mea_Lettre_dadmissibilite_a_la_mesur_610ff122ffe8.md,C:\Users\softinfo\Downloads\clearday-mobile\EMERAULDdiff\raw sources\D_LIBRARY_ingest_2026-04-26\ocr_unreadable\converted_ocr\Review\Unreadable\2018 - Quebec mea Lettre dadmissibilite a la mesure Subvention salariale 2.md,4462,C
C/02330_2018_-_Quebec_mea_Lettre_dadmissibilite_a_la_mesur_61fa652cb061.md,C:\Users\softinfo\Downloads\clearday-mobile\EMERAULDdiff\raw sources\D_LIBRARY_ingest_2026-04-26\ocr_unreadable\converted_ocr\Review\Unreadable\2018 - Quebec mea Lettre dadmissibilite a la mesure Subvention salariale.md,4462,C
C/02331_2018_-_religions_325188ca57a4.md,C:\Users\softinfo\Downloads\clearday-mobile\EMERAULDdiff\raw sources\D_LIBRARY_ingest_2026-04-26\ocr_unreadable\converted_ocr\Review\Unreadable\2018 - religions.md,63843,C
C/02332_2018_-_report_2_f4154895bb2d.md,C:\Users\softinfo\Downloads\clearday-mobile\EMERAULDdiff\raw sources\D_LIBRARY_ingest_2026-04-26\ocr_unreadable\converted_ocr\Review\Unreadable\2018 - report [2].md,3388,C
C/02333_2018_-_report_85bfe317b55d.md,C:\Users\softinfo\Downloads\clearday-mobile\EMERAULDdiff\raw sources\D_LIBRARY_ingest_2026-04-26\ocr_unreadable\converted_ocr\Review\Unreadable\2018 - report.md,3135,C
C/02334_2018_-_report_1_c40e28665e2d.md,C:\Users\softinfo\Downloads\clearday-mobile\EMERAULDdiff\raw sources\D_LIBRARY_ingest_2026-04-26\ocr_unreadable\converted_ocr\Review\Unreadable\2018 - report_1.md,7946,C
C/02335_2018_-_Tech_Tools_Profile_Police_and_Pun_c522c438a9a3.md,"C:\Users\softinfo\Downloads\clearday-mobile\EMERAULDdiff\raw sources\D_LIBRARY_ingest_2026-04-26\ocr_unreadable\converted_ocr\Review\Unreadable\2018 - Tech Tools Profile, Police, and Pun.md",15445,C
C/02336_2018_-_thesis_or_dissertation.pdf_-_2018_-_thesis_fe37585dd6ce.md,C:\Users\softinfo\Downloads\clearday-mobile\EMERAULDdiff\raw sources\D_LIBRARY_ingest_2026-04-26\ocr_unreadable\converted_ocr\Review\Unreadable\2018 - thesis_or_dissertation.pdf - 2018 - thesis_or_dissertation.pdf.pdf - 2018 - thesis_or_dissert.md,23225,C
C/02337_2018_-_thesis_or_dissertation_1.pdf_-_2018_-_thesi_a0bc573b0858.md,C:\Users\softinfo\Downloads\clearday-mobile\EMERAULDdiff\raw sources\D_LIBRARY_ingest_2026-04-26\ocr_unreadable\converted_ocr\Review\Unreadable\2018 - thesis_or_dissertation_1.pdf - 2018 - thesis_or_dissertation_1.pdf.pdf - 2018 - thesis_or_dis.md,31718,C
C/02338_2018_-_thesis_or_dissertation_2.pdf_-_2018_-_thesi_400fdface3a5.md,C:\Users\softinfo\Downloads\clearday-mobile\EMERAULDdiff\raw sources\D_LIBRARY_ingest_2026-04-26\ocr_unreadable\converted_ocr\Review\Unreadable\2018 - thesis_or_dissertation_2.pdf - 2018 - thesis_or_dissertation_2.pdf.pdf - 2018 - thesis_or_dis.md,40602,C
C/02339_2018_-_thesis_or_dissertation_3.pdf_-_2018_-_thesi_43e2ac40a117.md,C:\Users\softinfo\Downloads\clearday-mobile\EMERAULDdiff\raw sources\D_LIBRARY_ingest_2026-04-26\ocr_unreadable\converted_ocr\Review\Unreadable\2018 - thesis_or_dissertation_3.pdf - 2018 - thesis_or_dissertation_3.pdf.pdf - 2018 - thesis_or_dis.md,28182,C
C/02340_2018_-_thesis_or_dissertation_4.pdf_-_2018_-_thesi_d94a088aa6eb.md,C:\Users\softinfo\Downloads\clearday-mobile\EMERAULDdiff\raw sources\D_LIBRARY_ingest_2026-04-26\ocr_unreadable\converted_ocr\Review\Unreadable\2018 - thesis_or_dissertation_4.pdf - 2018 - thesis_or_dissertation_4.pdf.pdf - 2018 - thesis_or_dis.md,4596,C
C/02341_2018_-_thesis_or_dissertation_5.pdf_-_2018_-_thesi_74ee0ac42dc0.md,C:\Users\softinfo\Downloads\clearday-mobile\EMERAULDdiff\raw sources\D_LIBRARY_ingest_2026-04-26\ocr_unreadable\converted_ocr\Review\Unreadable\2018 - thesis_or_dissertation_5.pdf - 2018 - thesis_or_dissertation_5.pdf.pdf - 2018 - thesis_or_dis.md,8041,C
C/02342_2019_-_audit_or_assessment_05e0029f5e6f.md,C:\Users\softinfo\Downloads\clearday-mobile\EMERAULDdiff\raw sources\D_LIBRARY_ingest_2026-04-26\ocr_unreadable\converted_ocr\Review\Unreadable\2019 - audit_or_assessment.md,81198,C
C/02343_2019_-_book_or_monograph.pdf_-_2019_-_book_or_mono_d33c112bdcb9.md,C:\Users\softinfo\Downloads\clearday-mobile\EMERAULDdiff\raw sources\D_LIBRARY_ingest_2026-04-26\ocr_unreadable\converted_ocr\Review\Unreadable\2019 - book_or_monograph.pdf - 2019 - book_or_monograph.pdf.pdf - 2019 - book_or_monograph.pdf - 201.md,17337,C
C/02344_2019_-_HOW_TO_COMPLETE_THE_RECORD_OF_EMPLOYMENT_.p_e061130c1a66.md,"C:\Users\softinfo\Downloads\clearday-mobile\EMERAULDdiff\raw sources\D_LIBRARY_ingest_2026-04-26\ocr_unreadable\converted_ocr\Review\Unreadable\2019 - HOW TO COMPLETE THE RECORD OF EMPLOYMENT,.pdf - 2019 - HOW TO C - 2019 - HOW TO COMPLETE THE.md",4326,C
C/02345_2019_-_ILCEA_31_2018_9beb55e0a1c0.md,"C:\Users\softinfo\Downloads\clearday-mobile\EMERAULDdiff\raw sources\D_LIBRARY_ingest_2026-04-26\ocr_unreadable\converted_ocr\Review\Unreadable\2019 - ILCEA, 31 2018.md",46143,C
C/02346_2019_-_information_PCU_27bad9750bcb.md,C:\Users\softinfo\Downloads\clearday-mobile\EMERAULDdiff\raw sources\D_LIBRARY_ingest_2026-04-26\ocr_unreadable\converted_ocr\Review\Unreadable\2019 - information_PCU.md,3357,C
C/02347_2019_-_journal_article.pdf_-_2019_-_journal_articl_e5ed42397e91.md,C:\Users\softinfo\Downloads\clearday-mobile\EMERAULDdiff\raw sources\D_LIBRARY_ingest_2026-04-26\ocr_unreadable\converted_ocr\Review\Unreadable\2019 - journal_article.pdf - 2019 - journal_article.pdf.pdf - 2019 - journal_article.pdf - 2019 - jo.md,13886,C
C/02348_2019_-_Martin_Lepage_-_08-2019-signed_-_ocr_needed_d22f9bd70fed.md,C:\Users\softinfo\Downloads\clearday-mobile\EMERAULDdiff\raw sources\D_LIBRARY_ingest_2026-04-26\ocr_unreadable\converted_ocr\Review\Unreadable\2019 - Martin Lepage - 08-2019-signed - ocr_needed.pdf - 2019 - Martin - 2019 - Martin Lepage - 08-2.md,4646,C
C/02349_2019_-_Martin_Lepage_-_2019_CRIDAQ_d0feb1513f32.md,"C:\Users\softinfo\Downloads\clearday-mobile\EMERAULDdiff\raw sources\D_LIBRARY_ingest_2026-04-26\ocr_unreadable\converted_ocr\Review\Unreadable\2019 - Martin Lepage - 2019, CRIDAQ.md",12884,C
C/02350_2019_-_Martin_Lepage_-_Bibliographie_bourses_postd_c4f37a4389d8.md,"C:\Users\softinfo\Downloads\clearday-mobile\EMERAULDdiff\raw sources\D_LIBRARY_ingest_2026-04-26\ocr_unreadable\converted_ocr\Review\Unreadable\2019 - Martin Lepage - Bibliographie, bourses postdoctorales CRSH 2018 - 2019 - Martin Lepage - Bibl.md",23147,C
C/02351_2019_-_Martin_Lepage_-_ocr_needed.pdf_-_2019_-_Mar_efd6f5459a19.md,C:\Users\softinfo\Downloads\clearday-mobile\EMERAULDdiff\raw sources\D_LIBRARY_ingest_2026-04-26\ocr_unreadable\converted_ocr\Review\Unreadable\2019 - Martin Lepage - ocr_needed.pdf - 2019 - Martin Lepage - ocr_needed.pdf.pdf - 2019 - Martin Le.md,14970,C
C/02352_2019_-_Martin_Lepage_-_ocr_needed_1.pdf_-_2019_-_M_16ec922d29ba.md,C:\Users\softinfo\Downloads\clearday-mobile\EMERAULDdiff\raw sources\D_LIBRARY_ingest_2026-04-26\ocr_unreadable\converted_ocr\Review\Unreadable\2019 - Martin Lepage - ocr_needed_1.pdf - 2019 - Martin Lepage - ocr_needed_1.pdf.pdf - 2019 - Marti.md,15109,C
C/02353_2019_-_Martin_Lepage_-_Plan_de_travail_bourses_pos_88abd3aeb3cb.md,"C:\Users\softinfo\Downloads\clearday-mobile\EMERAULDdiff\raw sources\D_LIBRARY_ingest_2026-04-26\ocr_unreadable\converted_ocr\Review\Unreadable\2019 - Martin Lepage - Plan de travail, bourses postdoctorales CRSH 20 - 2019 - Martin Lepage - Plan.md",18862,C
C/02354_2019_-_Methodos_2_2002_dd475829df8a.md,"C:\Users\softinfo\Downloads\clearday-mobile\EMERAULDdiff\raw sources\D_LIBRARY_ingest_2026-04-26\ocr_unreadable\converted_ocr\Review\Unreadable\2019 - Methodos, 2 2002.md",58026,C
C/02355_2019_-_Polarization_versus_c7b91677e746.md,C:\Users\softinfo\Downloads\clearday-mobile\EMERAULDdiff\raw sources\D_LIBRARY_ingest_2026-04-26\ocr_unreadable\converted_ocr\Review\Unreadable\2019 - Polarization versus.md,42419,C
C/02356_2019_-_Sergei_Guriev_and_Daniel_Treisman_6ca984f2e711.md,C:\Users\softinfo\Downloads\clearday-mobile\EMERAULDdiff\raw sources\D_LIBRARY_ingest_2026-04-26\ocr_unreadable\converted_ocr\Review\Unreadable\2019 - Sergei Guriev and Daniel Treisman.md,43035,C
C/02357_2019_-_thesis_or_dissertation.pdf_-_2019_-_thesis_f6bacaa96be9.md,C:\Users\softinfo\Downloads\clearday-mobile\EMERAULDdiff\raw sources\D_LIBRARY_ingest_2026-04-26\ocr_unreadable\converted_ocr\Review\Unreadable\2019 - thesis_or_dissertation.pdf - 2019 - thesis_or_dissertation.pdf.pdf - 2019 - thesis_or_dissert.md,12029,C
C/02358_2020_-_journal_article.pdf_-_2020_-_journal_articl_f5283e363555.md,C:\Users\softinfo\Downloads\clearday-mobile\EMERAULDdiff\raw sources\D_LIBRARY_ingest_2026-04-26\ocr_unreadable\converted_ocr\Review\Unreadable\2020 - journal_article.pdf - 2020 - journal_article.pdf.pdf - 2020 - journal_article.pdf - 2020 - jo.md,31026,C
C/02359_2020_-_KENOGAMI_6a2eac814fb3.md,C:\Users\softinfo\Downloads\clearday-mobile\EMERAULDdiff\raw sources\D_LIBRARY_ingest_2026-04-26\ocr_unreadable\converted_ocr\Review\Unreadable\2020 - KENOGAMI.md,1823,C
C/02360_2020_-_Martin_Lepage_-_SimpleTax_-_tax_or_finance_d81c88b801f4.md,C:\Users\softinfo\Downloads\clearday-mobile\EMERAULDdiff\raw sources\D_LIBRARY_ingest_2026-04-26\ocr_unreadable\converted_ocr\Review\Unreadable\2020 - Martin Lepage - SimpleTax - tax_or_finance [2].pdf - 2020 - Mar - 2020 - Martin Lepage - Simp.md,39425,C
C/02361_2020_-_Martin_Lepage_-_SimpleTax_-_tax_or_finance_0591d8a3b066.md,C:\Users\softinfo\Downloads\clearday-mobile\EMERAULDdiff\raw sources\D_LIBRARY_ingest_2026-04-26\ocr_unreadable\converted_ocr\Review\Unreadable\2020 - Martin Lepage - SimpleTax - tax_or_finance [3].pdf - 2020 - Mar - 2020 - Martin Lepage - Simp.md,43082,C
C/02362_2020_-_Martin_Lepage_-_SimpleTax_-_tax_or_finance_2758e188c8b8.md,C:\Users\softinfo\Downloads\clearday-mobile\EMERAULDdiff\raw sources\D_LIBRARY_ingest_2026-04-26\ocr_unreadable\converted_ocr\Review\Unreadable\2020 - Martin Lepage - SimpleTax - tax_or_finance.pdf - 2020 - Martin - 2020 - Martin Lepage - Simpl.md,39816,C
C/02363_2020_-_policy_or_guidance_2_005d78054ae9.md,C:\Users\softinfo\Downloads\clearday-mobile\EMERAULDdiff\raw sources\D_LIBRARY_ingest_2026-04-26\ocr_unreadable\converted_ocr\Review\Unreadable\2020 - policy_or_guidance [2].md,51646,C
C/02364_2020_-_RELIGIOLOGIQUES_no_40_printemps_automne_202_1bdae96a0752.md,"C:\Users\softinfo\Downloads\clearday-mobile\EMERAULDdiff\raw sources\D_LIBRARY_ingest_2026-04-26\ocr_unreadable\converted_ocr\Review\Unreadable\2020 - RELIGIOLOGIQUES, no 40, printemps automne 2020, 511.pdf - 2020 - 2020 - RELIGIOLOGIQUES, no 4.md",18403,C
C/02365_2020_-_report_020597cbd0f9.md,C:\Users\softinfo\Downloads\clearday-mobile\EMERAULDdiff\raw sources\D_LIBRARY_ingest_2026-04-26\ocr_unreadable\converted_ocr\Review\Unreadable\2020 - report.md,5709,C
C/02366_2020_-_statement_or_bill_fbb1a95944da.md,C:\Users\softinfo\Downloads\clearday-mobile\EMERAULDdiff\raw sources\D_LIBRARY_ingest_2026-04-26\ocr_unreadable\converted_ocr\Review\Unreadable\2020 - statement_or_bill.md,2961,C
C/02367_2020_-_tax_or_finance.pdf_-_2020_-_tax_or_finance_71cd7ff04f64.md,C:\Users\softinfo\Downloads\clearday-mobile\EMERAULDdiff\raw sources\D_LIBRARY_ingest_2026-04-26\ocr_unreadable\converted_ocr\Review\Unreadable\2020 - tax_or_finance.pdf - 2020 - tax_or_finance.pdf.pdf - 2020 - tax_or_finance.pdf - 2020 - tax_o.md,6325,C
C/02368_2020_-_USEFULNESS_OF_FORENSIC_GRAPHOLOGY_IN_PERSON_338971784a82.md,C:\Users\softinfo\Downloads\clearday-mobile\EMERAULDdiff\raw sources\D_LIBRARY_ingest_2026-04-26\ocr_unreadable\converted_ocr\Review\Unreadable\2020 - USEFULNESS OF FORENSIC GRAPHOLOGY IN PERSONALITY.pdf - 2020 - U - 2020 - USEFULNESS OF FORENS.md,12887,C
C/02369_2021_-_02112021_1511_Consulter_des_donnees_fiscale_f87603dfc738.md,C:\Users\softinfo\Downloads\clearday-mobile\EMERAULDdiff\raw sources\D_LIBRARY_ingest_2026-04-26\ocr_unreadable\converted_ocr\Review\Unreadable\2021 - 02112021 1511 Consulter des donnees fiscales - Revenu Quebec.md,8280,C
C/02370_2021_-_19_e69f11aca685.md,C:\Users\softinfo\Downloads\clearday-mobile\EMERAULDdiff\raw sources\D_LIBRARY_ingest_2026-04-26\ocr_unreadable\converted_ocr\Review\Unreadable\2021 - 19.md,1629,C
C/02371_2021_-_legal_or_contract.pdf_-_2021_-_legal_or_con_8683af8d7baa.md,C:\Users\softinfo\Downloads\clearday-mobile\EMERAULDdiff\raw sources\D_LIBRARY_ingest_2026-04-26\ocr_unreadable\converted_ocr\Review\Unreadable\2021 - legal_or_contract.pdf - 2021 - legal_or_contract.pdf.pdf - 2021 - legal_or_contract.pdf - 202.md,15249,C
C/02372_2021_-_Martin_Lepage_-_ocr_needed.pdf_-_2021_-_Mar_46b7f115ecf6.md,C:\Users\softinfo\Downloads\clearday-mobile\EMERAULDdiff\raw sources\D_LIBRARY_ingest_2026-04-26\ocr_unreadable\converted_ocr\Review\Unreadable\2021 - Martin Lepage - ocr_needed.pdf - 2021 - Martin Lepage - ocr_needed.pdf.pdf - 2021 - Martin Le.md,3687,C
C/02373_2021_-_Martin_Lepage_-_tax_or_finance_2_5247c18ff6a6.md,C:\Users\softinfo\Downloads\clearday-mobile\EMERAULDdiff\raw sources\D_LIBRARY_ingest_2026-04-26\ocr_unreadable\converted_ocr\Review\Unreadable\2021 - Martin Lepage - tax_or_finance [2].md,40441,C
C/02374_2021_-_Martin_Lepage_aded8a8c1a6d.md,C:\Users\softinfo\Downloads\clearday-mobile\EMERAULDdiff\raw sources\D_LIBRARY_ingest_2026-04-26\ocr_unreadable\converted_ocr\Review\Unreadable\2021 - Martin Lepage.md,19799,C
C/02375_2021_-_ocr_needed_2_1c7a97c438ec.md,C:\Users\softinfo\Downloads\clearday-mobile\EMERAULDdiff\raw sources\D_LIBRARY_ingest_2026-04-26\ocr_unreadable\converted_ocr\Review\Unreadable\2021 - ocr_needed [2].md,9746,C
C/02376_2021_-_ocr_needed.pdf_-_2021_-_ocr_needed.pdf.pdf_8feadbeaa061.md,C:\Users\softinfo\Downloads\clearday-mobile\EMERAULDdiff\raw sources\D_LIBRARY_ingest_2026-04-26\ocr_unreadable\converted_ocr\Review\Unreadable\2021 - ocr_needed.pdf - 2021 - ocr_needed.pdf.pdf - 2021 - ocr_needed.pdf - 2021 - ocr_needed.pdf.pd.md,3359,C
C/02377_2021_-_ocr_needed_1.pdf_-_2021_-_ocr_needed_1.pdf_ef10472566e7.md,C:\Users\softinfo\Downloads\clearday-mobile\EMERAULDdiff\raw sources\D_LIBRARY_ingest_2026-04-26\ocr_unreadable\converted_ocr\Review\Unreadable\2021 - ocr_needed_1.pdf - 2021 - ocr_needed_1.pdf.pdf - 2021 - ocr_needed_1.pdf - 2021 - ocr_needed_.md,4620,C
C/02378_2021_-_ocr_needed_6.pdf_-_2021_-_ocr_needed_6.pdf_2ddcfe05d61f.md,C:\Users\softinfo\Downloads\clearday-mobile\EMERAULDdiff\raw sources\D_LIBRARY_ingest_2026-04-26\ocr_unreadable\converted_ocr\Review\Unreadable\2021 - ocr_needed_6.pdf - 2021 - ocr_needed_6.pdf.pdf - 2021 - ocr_needed_6.pdf - 2021 - ocr_needed_.md,2488,C
C/02379_2021_-_report_2_7a18d8baec1b.md,C:\Users\softinfo\Downloads\clearday-mobile\EMERAULDdiff\raw sources\D_LIBRARY_ingest_2026-04-26\ocr_unreadable\converted_ocr\Review\Unreadable\2021 - report [2].md,65408,C
C/02380_2021_-_report_0ff79a5f411f.md,C:\Users\softinfo\Downloads\clearday-mobile\EMERAULDdiff\raw sources\D_LIBRARY_ingest_2026-04-26\ocr_unreadable\converted_ocr\Review\Unreadable\2021 - report.md,5167,C
C/02381_2021_-_report_1_27906c751447.md,C:\Users\softinfo\Downloads\clearday-mobile\EMERAULDdiff\raw sources\D_LIBRARY_ingest_2026-04-26\ocr_unreadable\converted_ocr\Review\Unreadable\2021 - report_1.md,35372,C
C/02382_2021_-_report_2_bfefc142e2d2.md,C:\Users\softinfo\Downloads\clearday-mobile\EMERAULDdiff\raw sources\D_LIBRARY_ingest_2026-04-26\ocr_unreadable\converted_ocr\Review\Unreadable\2021 - report_2.md,38336,C
C/02383_2021_-_SLAM_Magazine_December_2021_5b6cab40490b.md,C:\Users\softinfo\Downloads\clearday-mobile\EMERAULDdiff\raw sources\D_LIBRARY_ingest_2026-04-26\ocr_unreadable\converted_ocr\Review\Unreadable\2021 - SLAM_Magazine_December_2021.md,7564,C
C/02384_2021_-_Spiritual_Activism_in_Swit_24512ed5ac87.md,C:\Users\softinfo\Downloads\clearday-mobile\EMERAULDdiff\raw sources\D_LIBRARY_ingest_2026-04-26\ocr_unreadable\converted_ocr\Review\Unreadable\2021 - Spiritual Activism in Swit.md,68974,C
C/02385_2021_-_tax_or_finance_2_8678733a5365.md,C:\Users\softinfo\Downloads\clearday-mobile\EMERAULDdiff\raw sources\D_LIBRARY_ingest_2026-04-26\ocr_unreadable\converted_ocr\Review\Unreadable\2021 - tax_or_finance [2].md,8117,C
C/02386_2021_-_tax_or_finance_2_1_afb2380f6191.md,C:\Users\softinfo\Downloads\clearday-mobile\EMERAULDdiff\raw sources\D_LIBRARY_ingest_2026-04-26\ocr_unreadable\converted_ocr\Review\Unreadable\2021 - tax_or_finance [2]_1.md,5044,C
C/02387_2021_-_tax_or_finance_2_2_03bdfca497d8.md,C:\Users\softinfo\Downloads\clearday-mobile\EMERAULDdiff\raw sources\D_LIBRARY_ingest_2026-04-26\ocr_unreadable\converted_ocr\Review\Unreadable\2021 - tax_or_finance [2]_2.md,9554,C
C/02388_2021_-_tax_or_finance_3_2ece9d18513d.md,C:\Users\softinfo\Downloads\clearday-mobile\EMERAULDdiff\raw sources\D_LIBRARY_ingest_2026-04-26\ocr_unreadable\converted_ocr\Review\Unreadable\2021 - tax_or_finance [3].md,6067,C
C/02389_2021_-_tax_or_finance_3.pdf_-_2021_-_tax_or_financ_92440b4dad60.md,C:\Users\softinfo\Downloads\clearday-mobile\EMERAULDdiff\raw sources\D_LIBRARY_ingest_2026-04-26\ocr_unreadable\converted_ocr\Review\Unreadable\2021 - tax_or_finance_3.pdf - 2021 - tax_or_finance_3.pdf.pdf - 2021 - tax_or_finance_3.pdf - 2021 -.md,41735,C
C/02390_2021_-_tax_or_finance_4.pdf_-_2021_-_tax_or_financ_c15363a9b947.md,C:\Users\softinfo\Downloads\clearday-mobile\EMERAULDdiff\raw sources\D_LIBRARY_ingest_2026-04-26\ocr_unreadable\converted_ocr\Review\Unreadable\2021 - tax_or_finance_4.pdf - 2021 - tax_or_finance_4.pdf.pdf - 2021 - tax_or_finance_4.pdf - 2021 -.md,4880,C
C/02391_2022_-_Glammy_Lee_Bio_b9bd58a3c0f5.md,C:\Users\softinfo\Downloads\clearday-mobile\EMERAULDdiff\raw sources\D_LIBRARY_ingest_2026-04-26\ocr_unreadable\converted_ocr\Review\Unreadable\2022 - Glammy Lee Bio.md,3171,C
C/02392_2022_-_job_application.pdf_-_2022_-_job_applicatio_df9e6772a3df.md,C:\Users\softinfo\Downloads\clearday-mobile\EMERAULDdiff\raw sources\D_LIBRARY_ingest_2026-04-26\ocr_unreadable\converted_ocr\Review\Unreadable\2022 - job_application.pdf - 2022 - job_application.pdf.pdf - 2022 - job_application.pdf - 2022 - jo.md,8879,C
C/02393_2022_-_Journal_of_Humanistic_Psychology_a2dbe6e0f98b.md,C:\Users\softinfo\Downloads\clearday-mobile\EMERAULDdiff\raw sources\D_LIBRARY_ingest_2026-04-26\ocr_unreadable\converted_ocr\Review\Unreadable\2022 - Journal of Humanistic Psychology.md,52565,C
C/02394_2022_-_report_96d529a0f7fb.md,C:\Users\softinfo\Downloads\clearday-mobile\EMERAULDdiff\raw sources\D_LIBRARY_ingest_2026-04-26\ocr_unreadable\converted_ocr\Review\Unreadable\2022 - report.md,37107,C
C/02395_2022_-_tax_or_finance_2_b1d1702a4b9a.md,C:\Users\softinfo\Downloads\clearday-mobile\EMERAULDdiff\raw sources\D_LIBRARY_ingest_2026-04-26\ocr_unreadable\converted_ocr\Review\Unreadable\2022 - tax_or_finance [2].md,9502,C
C/02396_2022_-_tax_or_finance_3_d1e10280b631.md,C:\Users\softinfo\Downloads\clearday-mobile\EMERAULDdiff\raw sources\D_LIBRARY_ingest_2026-04-26\ocr_unreadable\converted_ocr\Review\Unreadable\2022 - tax_or_finance [3].md,9583,C
C/02397_2022_-_tax_or_finance_1.pdf_-_2022_-_tax_or_financ_7f057176d790.md,C:\Users\softinfo\Downloads\clearday-mobile\EMERAULDdiff\raw sources\D_LIBRARY_ingest_2026-04-26\ocr_unreadable\converted_ocr\Review\Unreadable\2022 - tax_or_finance_1.pdf - 2022 - tax_or_finance_1.pdf.pdf - 2022 - tax_or_finance_1.pdf - 2022 -.md,7425,C
C/02398_2023_-_B_Resource_Links_v2.0.2_-_report_782d1945b942.md,C:\Users\softinfo\Downloads\clearday-mobile\EMERAULDdiff\raw sources\D_LIBRARY_ingest_2026-04-26\ocr_unreadable\converted_ocr\Review\Unreadable\2023 - B Resource Links v2.0.2 - report.md,9210,C
C/02399_2023_-_Hereby_Certifies_that_4d4ddd3e749e.md,C:\Users\softinfo\Downloads\clearday-mobile\EMERAULDdiff\raw sources\D_LIBRARY_ingest_2026-04-26\ocr_unreadable\converted_ocr\Review\Unreadable\2023 - Hereby Certifies that.md,1955,C
C/02400_2023_-_job_application.pdf_-_2023_-_job_applicatio_95cec24d4bd4.md,C:\Users\softinfo\Downloads\clearday-mobile\EMERAULDdiff\raw sources\D_LIBRARY_ingest_2026-04-26\ocr_unreadable\converted_ocr\Review\Unreadable\2023 - job_application.pdf - 2023 - job_application.pdf.pdf - 2023 - job_application.pdf - 2023 - jo.md,20963,C
C/02401_2023_-_Martin_Lepage_-_thesis_or_dissertation_1.pd_4c3d61a664fd.md,C:\Users\softinfo\Downloads\clearday-mobile\EMERAULDdiff\raw sources\D_LIBRARY_ingest_2026-04-26\ocr_unreadable\converted_ocr\Review\Unreadable\2023 - Martin Lepage - thesis_or_dissertation_1.pdf - 2023 - Martin Le - 2023 - Martin Lepage - thes.md,6248,C
C/02402_2023_-_ocr_needed.pdf_-_2023_-_ocr_needed.pdf.pdf_219ac8182651.md,C:\Users\softinfo\Downloads\clearday-mobile\EMERAULDdiff\raw sources\D_LIBRARY_ingest_2026-04-26\ocr_unreadable\converted_ocr\Review\Unreadable\2023 - ocr_needed.pdf - 2023 - ocr_needed.pdf.pdf - 2023 - ocr_needed.pdf - 2023 - ocr_needed.pdf.pd.md,2667,C
C/02403_2023_-_report_6cd7cb8fc0a6.md,C:\Users\softinfo\Downloads\clearday-mobile\EMERAULDdiff\raw sources\D_LIBRARY_ingest_2026-04-26\ocr_unreadable\converted_ocr\Review\Unreadable\2023 - report.md,5517,C
C/02404_2023_-_Sorcellerie_social_compass_983820c0dce6.md,C:\Users\softinfo\Downloads\clearday-mobile\EMERAULDdiff\raw sources\D_LIBRARY_ingest_2026-04-26\ocr_unreadable\converted_ocr\Review\Unreadable\2023 - Sorcellerie social compass.md,10765,C
C/02405_2023_-_tax_or_finance_2_4bcac60f3cdc.md,C:\Users\softinfo\Downloads\clearday-mobile\EMERAULDdiff\raw sources\D_LIBRARY_ingest_2026-04-26\ocr_unreadable\converted_ocr\Review\Unreadable\2023 - tax_or_finance [2].md,9546,C
C/02406_2023_-_tax_or_finance_3_153345e0a628.md,C:\Users\softinfo\Downloads\clearday-mobile\EMERAULDdiff\raw sources\D_LIBRARY_ingest_2026-04-26\ocr_unreadable\converted_ocr\Review\Unreadable\2023 - tax_or_finance [3].md,6090,C
C/02407_2023_-_tax_or_finance.pdf_-_2023_-_tax_or_finance_e5d94acaee80.md,C:\Users\softinfo\Downloads\clearday-mobile\EMERAULDdiff\raw sources\D_LIBRARY_ingest_2026-04-26\ocr_unreadable\converted_ocr\Review\Unreadable\2023 - tax_or_finance.pdf - 2023 - tax_or_finance.pdf.pdf - 2023 - tax_or_finance.pdf - 2023 - tax_o.md,7177,C
C/02408_2024_-_0463_733efe5fc3e0.md,C:\Users\softinfo\Downloads\clearday-mobile\EMERAULDdiff\raw sources\D_LIBRARY_ingest_2026-04-26\ocr_unreadable\converted_ocr\Review\Unreadable\2024 - 0463.md,36656,C
C/02409_2024_-_2024_c9d958d6623d.md,C:\Users\softinfo\Downloads\clearday-mobile\EMERAULDdiff\raw sources\D_LIBRARY_ingest_2026-04-26\ocr_unreadable\converted_ocr\Review\Unreadable\2024 - 2024.md,15452,C
C/02410_2024_-_AU_CONTRAT_DE_TRAVAIL_DATE_DU_13_FEVRIER_20_ebd89f50e58d.md,C:\Users\softinfo\Downloads\clearday-mobile\EMERAULDdiff\raw sources\D_LIBRARY_ingest_2026-04-26\ocr_unreadable\converted_ocr\Review\Unreadable\2024 - AU CONTRAT DE TRAVAIL DATE DU 13 FEVRIER 2023 2.md,5596,C
C/02411_2024_-_AU_CONTRAT_DE_TRAVAIL_DATE_DU_13_FEVRIER_20_4148b1d6033a.md,C:\Users\softinfo\Downloads\clearday-mobile\EMERAULDdiff\raw sources\D_LIBRARY_ingest_2026-04-26\ocr_unreadable\converted_ocr\Review\Unreadable\2024 - AU CONTRAT DE TRAVAIL DATE DU 13 FEVRIER 2023.md,5596,C
C/02412_2024_-_Direction_generale_992c24fb5434.md,C:\Users\softinfo\Downloads\clearday-mobile\EMERAULDdiff\raw sources\D_LIBRARY_ingest_2026-04-26\ocr_unreadable\converted_ocr\Review\Unreadable\2024 - Direction generale.md,3029,C
C/02413_2024_-_e_Scythe_Already_in_Motion_Buffy_Queer_Ritu_7a1bef9832ba.md,"C:\Users\softinfo\Downloads\clearday-mobile\EMERAULDdiff\raw sources\D_LIBRARY_ingest_2026-04-26\ocr_unreadable\converted_ocr\Review\Unreadable\2024 - e Scythe Already in Motion Buffy, Queer Ritual, and the Politic - 2024 - e Scythe Already in.md",5744,C
C/02414_2024_-_journal_article_2_3e85c154ff52.md,C:\Users\softinfo\Downloads\clearday-mobile\EMERAULDdiff\raw sources\D_LIBRARY_ingest_2026-04-26\ocr_unreadable\converted_ocr\Review\Unreadable\2024 - journal_article [2].md,25890,C
C/02415_2024_-_legal_or_contract_2_b711025088e9.md,C:\Users\softinfo\Downloads\clearday-mobile\EMERAULDdiff\raw sources\D_LIBRARY_ingest_2026-04-26\ocr_unreadable\converted_ocr\Review\Unreadable\2024 - legal_or_contract [2].md,408987,C
C/02416_2024_-_legal_or_contract_3_e72ef69ae0d1.md,C:\Users\softinfo\Downloads\clearday-mobile\EMERAULDdiff\raw sources\D_LIBRARY_ingest_2026-04-26\ocr_unreadable\converted_ocr\Review\Unreadable\2024 - legal_or_contract [3].md,404983,C
C/02417_2024_-_legal_or_contract.pdf_-_2024_-_legal_or_con_6717ce6e6a6d.md,C:\Users\softinfo\Downloads\clearday-mobile\EMERAULDdiff\raw sources\D_LIBRARY_ingest_2026-04-26\ocr_unreadable\converted_ocr\Review\Unreadable\2024 - legal_or_contract.pdf - 2024 - legal_or_contract.pdf.pdf - 2024 - legal_or_contract.pdf - 202.md,7644,C
C/02418_2024_-_Martin_Lepage_-_ocr_needed.pdf_-_2024_-_Mar_0ca8ae7380cb.md,C:\Users\softinfo\Downloads\clearday-mobile\EMERAULDdiff\raw sources\D_LIBRARY_ingest_2026-04-26\ocr_unreadable\converted_ocr\Review\Unreadable\2024 - Martin Lepage - ocr_needed.pdf - 2024 - Martin Lepage - ocr_needed.pdf.pdf - 2024 - Martin Le.md,4890,C
C/02419_2024_-_report_35e2beb7eca8.md,C:\Users\softinfo\Downloads\clearday-mobile\EMERAULDdiff\raw sources\D_LIBRARY_ingest_2026-04-26\ocr_unreadable\converted_ocr\Review\Unreadable\2024 - report.md,12169,C
C/02420_2024_-_review_1d1a04195080.md,C:\Users\softinfo\Downloads\clearday-mobile\EMERAULDdiff\raw sources\D_LIBRARY_ingest_2026-04-26\ocr_unreadable\converted_ocr\Review\Unreadable\2024 - review.md,1437,C
C/02421_2024_-_thesis_or_dissertation.pdf_-_2024_-_thesis_30e5f1c4d100.md,C:\Users\softinfo\Downloads\clearday-mobile\EMERAULDdiff\raw sources\D_LIBRARY_ingest_2026-04-26\ocr_unreadable\converted_ocr\Review\Unreadable\2024 - thesis_or_dissertation.pdf - 2024 - thesis_or_dissertation.pdf.pdf - 2024 - thesis_or_dissert.md,28704,C
C/02422_2025_-_17102025_1325_Courrier_-_Martin_Lepage_-_Ou_ab4f1970ca30.md,C:\Users\softinfo\Downloads\clearday-mobile\EMERAULDdiff\raw sources\D_LIBRARY_ingest_2026-04-26\ocr_unreadable\converted_ocr\Review\Unreadable\2025 - 17102025 1325 Courrier - Martin Lepage - Outlook.md,6346,C
C/02423_2025_-_2025-07-29_-_cover_letter_141beee2e9bb.md,C:\Users\softinfo\Downloads\clearday-mobile\EMERAULDdiff\raw sources\D_LIBRARY_ingest_2026-04-26\ocr_unreadable\converted_ocr\Review\Unreadable\2025 - 2025-07-29 - cover_letter.md,12231,C
C/02424_2025_-_4f6a-b56e-28db843352f7_art_1-31_2_361f1e11ca43.md,C:\Users\softinfo\Downloads\clearday-mobile\EMERAULDdiff\raw sources\D_LIBRARY_ingest_2026-04-26\ocr_unreadable\converted_ocr\Review\Unreadable\2025 - 4f6a-b56e-28db843352f7_art_1-31 [2].md,2405,C
C/02425_2025_-_4f6a-b56e-28db843352f7_art_1-31_791fa2f628bb.md,C:\Users\softinfo\Downloads\clearday-mobile\EMERAULDdiff\raw sources\D_LIBRARY_ingest_2026-04-26\ocr_unreadable\converted_ocr\Review\Unreadable\2025 - 4f6a-b56e-28db843352f7_art_1-31.md,2291,C
C/02426_2025_-_AI_Fundamentals_for_Business_Professionals_8984e7997c45.md,C:\Users\softinfo\Downloads\clearday-mobile\EMERAULDdiff\raw sources\D_LIBRARY_ingest_2026-04-26\ocr_unreadable\converted_ocr\Review\Unreadable\2025 - AI Fundamentals for Business Professionals Notebook 2.md,816,C
C/02427_2025_-_AI_Fundamentals_for_Business_Professionals_5d103842d5f3.md,C:\Users\softinfo\Downloads\clearday-mobile\EMERAULDdiff\raw sources\D_LIBRARY_ingest_2026-04-26\ocr_unreadable\converted_ocr\Review\Unreadable\2025 - AI Fundamentals for Business Professionals Notebook.md,816,C
C/02428_2025_-_audit_or_assessment_76ac69748f27.md,C:\Users\softinfo\Downloads\clearday-mobile\EMERAULDdiff\raw sources\D_LIBRARY_ingest_2026-04-26\ocr_unreadable\converted_ocr\Review\Unreadable\2025 - audit_or_assessment.md,4617,C
C/02429_2025_-_audit_or_assessment_1_90305a0ea926.md,C:\Users\softinfo\Downloads\clearday-mobile\EMERAULDdiff\raw sources\D_LIBRARY_ingest_2026-04-26\ocr_unreadable\converted_ocr\Review\Unreadable\2025 - audit_or_assessment_1.md,48247,C
C/02430_2025_-_CHEMINEMENT_DES_PLAINTES_EN_MATIERE_DE_NORM_b82abe7010e8.md,C:\Users\softinfo\Downloads\clearday-mobile\EMERAULDdiff\raw sources\D_LIBRARY_ingest_2026-04-26\ocr_unreadable\converted_ocr\Review\Unreadable\2025 - CHEMINEMENT DES PLAINTES EN MATIERE DE NORMES DU TRAVAIL A LA C - 2025 - CHEMINEMENT DES PLAI.md,4234,C
C/02431_2025_-_cover_letter_5b89da8f280b.md,C:\Users\softinfo\Downloads\clearday-mobile\EMERAULDdiff\raw sources\D_LIBRARY_ingest_2026-04-26\ocr_unreadable\converted_ocr\Review\Unreadable\2025 - cover_letter.md,1800,C
C/02432_2025_-_Coverletter_52094efeaa28.md,C:\Users\softinfo\Downloads\clearday-mobile\EMERAULDdiff\raw sources\D_LIBRARY_ingest_2026-04-26\ocr_unreadable\converted_ocr\Review\Unreadable\2025 - Coverletter.md,3006,C
C/02433_2025_-_Crip_Method_95a52630c484.md,C:\Users\softinfo\Downloads\clearday-mobile\EMERAULDdiff\raw sources\D_LIBRARY_ingest_2026-04-26\ocr_unreadable\converted_ocr\Review\Unreadable\2025 - Crip Method.md,54312,C
C/02434_2025_-_Hereby_Certifies_that_96eb27d8d9c6.md,C:\Users\softinfo\Downloads\clearday-mobile\EMERAULDdiff\raw sources\D_LIBRARY_ingest_2026-04-26\ocr_unreadable\converted_ocr\Review\Unreadable\2025 - Hereby Certifies that.md,1955,C
C/02435_2025_-_https_lthj.qut.edu.au_LAW_TECHNOLOGY_AND_HU_c4959de0d389.md,"C:\Users\softinfo\Downloads\clearday-mobile\EMERAULDdiff\raw sources\D_LIBRARY_ingest_2026-04-26\ocr_unreadable\converted_ocr\Review\Unreadable\2025 - https lthj.qut.edu.au LAW, TECHNOLOGY AND HUMANS.pdf - 2025 - h - 2025 - https lthj.qut.edu.a.md",70547,C
C/02436_2025_-_journal_article.pdf_-_2025_-_journal_articl_5aa40a7b60a0.md,C:\Users\softinfo\Downloads\clearday-mobile\EMERAULDdiff\raw sources\D_LIBRARY_ingest_2026-04-26\ocr_unreadable\converted_ocr\Review\Unreadable\2025 - journal_article.pdf - 2025 - journal_article.pdf.pdf - 2025 - journal_article.pdf - 2025 - jo.md,29380,C
C/02437_2025_-_journal_article_1.pdf_-_2025_-_journal_arti_9c6164697b66.md,C:\Users\softinfo\Downloads\clearday-mobile\EMERAULDdiff\raw sources\D_LIBRARY_ingest_2026-04-26\ocr_unreadable\converted_ocr\Review\Unreadable\2025 - journal_article_1.pdf - 2025 - journal_article_1.pdf.pdf - 2025 - journal_article_1.pdf - 202.md,73343,C
C/02438_2025_-_Martin_Lepage_-_2434_de_Rouen_-_recommendat_cb8803f6d337.md,"C:\Users\softinfo\Downloads\clearday-mobile\EMERAULDdiff\raw sources\D_LIBRARY_ingest_2026-04-26\ocr_unreadable\converted_ocr\Review\Unreadable\2025 - Martin Lepage - 2434, de Rouen - recommendation_letter.pdf - 20 - 2025 - Martin Lepage - 2434.md",2613,C
C/02439_2025_-_Martin_Lepage_-_correspondence_1_e70441fae1f6.md,C:\Users\softinfo\Downloads\clearday-mobile\EMERAULDdiff\raw sources\D_LIBRARY_ingest_2026-04-26\ocr_unreadable\converted_ocr\Review\Unreadable\2025 - Martin Lepage - correspondence_1.md,2390,C
C/02440_2025_-_Martin_Lepage_-_Martin_Lepage_PhD_f07f638bc2c8.md,"C:\Users\softinfo\Downloads\clearday-mobile\EMERAULDdiff\raw sources\D_LIBRARY_ingest_2026-04-26\ocr_unreadable\converted_ocr\Review\Unreadable\2025 - Martin Lepage - Martin Lepage, PhD.md",1467,C
C/02441_2025_-_Martin_Lepage_-_quality_of_life_fb3ee834a9bc.md,C:\Users\softinfo\Downloads\clearday-mobile\EMERAULDdiff\raw sources\D_LIBRARY_ingest_2026-04-26\ocr_unreadable\converted_ocr\Review\Unreadable\2025 - Martin Lepage - quality of life.md,71792,C
C/02442_2025_-_Martin_Lepage_-_report_a7a3556f0632.md,C:\Users\softinfo\Downloads\clearday-mobile\EMERAULDdiff\raw sources\D_LIBRARY_ingest_2026-04-26\ocr_unreadable\converted_ocr\Review\Unreadable\2025 - Martin Lepage - report.md,8717,C
C/02443_2025_-_Martin_Lepage_-_Submission_to_JAAR_029410f3428d.md,C:\Users\softinfo\Downloads\clearday-mobile\EMERAULDdiff\raw sources\D_LIBRARY_ingest_2026-04-26\ocr_unreadable\converted_ocr\Review\Unreadable\2025 - Martin Lepage - Submission to JAAR.md,1920,C
C/02444_2025_-_ocr_needed_2_1b7e78267cc2.md,C:\Users\softinfo\Downloads\clearday-mobile\EMERAULDdiff\raw sources\D_LIBRARY_ingest_2026-04-26\ocr_unreadable\converted_ocr\Review\Unreadable\2025 - ocr_needed [2].md,1883,C
C/02445_2025_-_ocr_needed_3.pdf_-_2025_-_ocr_needed_3.pdf_95da82e15572.md,C:\Users\softinfo\Downloads\clearday-mobile\EMERAULDdiff\raw sources\D_LIBRARY_ingest_2026-04-26\ocr_unreadable\converted_ocr\Review\Unreadable\2025 - ocr_needed_3.pdf - 2025 - ocr_needed_3.pdf.pdf - 2025 - ocr_needed_3.pdf - 2025 - ocr_needed_.md,5530,C
C/02446_2025_-_ocr_needed_4.pdf_-_2025_-_ocr_needed_4.pdf_4806fb1102f8.md,C:\Users\softinfo\Downloads\clearday-mobile\EMERAULDdiff\raw sources\D_LIBRARY_ingest_2026-04-26\ocr_unreadable\converted_ocr\Review\Unreadable\2025 - ocr_needed_4.pdf - 2025 - ocr_needed_4.pdf.pdf - 2025 - ocr_needed_4.pdf - 2025 - ocr_needed_.md,7878,C
C/02447_2025_-_policy_or_guidance_2_cd2085945987.md,C:\Users\softinfo\Downloads\clearday-mobile\EMERAULDdiff\raw sources\D_LIBRARY_ingest_2026-04-26\ocr_unreadable\converted_ocr\Review\Unreadable\2025 - policy_or_guidance [2].md,27723,C
C/02448_2025_-_policy_or_guidance_2_1_2d739a8dc633.md,C:\Users\softinfo\Downloads\clearday-mobile\EMERAULDdiff\raw sources\D_LIBRARY_ingest_2026-04-26\ocr_unreadable\converted_ocr\Review\Unreadable\2025 - policy_or_guidance [2]_1.md,67931,C
C/02449_2025_-_PowerPoint_Presentation_2_5f3de3d44d1f.md,C:\Users\softinfo\Downloads\clearday-mobile\EMERAULDdiff\raw sources\D_LIBRARY_ingest_2026-04-26\ocr_unreadable\converted_ocr\Review\Unreadable\2025 - PowerPoint Presentation [2].md,5813,C
C/02450_2025_-_PowerPoint_Presentation_80e32606d36d.md,C:\Users\softinfo\Downloads\clearday-mobile\EMERAULDdiff\raw sources\D_LIBRARY_ingest_2026-04-26\ocr_unreadable\converted_ocr\Review\Unreadable\2025 - PowerPoint Presentation.md,5997,C
C/02451_2025_-_PROLOGUE_6bdc3acc3319.md,C:\Users\softinfo\Downloads\clearday-mobile\EMERAULDdiff\raw sources\D_LIBRARY_ingest_2026-04-26\ocr_unreadable\converted_ocr\Review\Unreadable\2025 - PROLOGUE.md,542210,C
C/02452_2025_-_report_2_3009b6317ac2.md,C:\Users\softinfo\Downloads\clearday-mobile\EMERAULDdiff\raw sources\D_LIBRARY_ingest_2026-04-26\ocr_unreadable\converted_ocr\Review\Unreadable\2025 - report [2].md,41715,C
C/02453_2025_-_report_2_1_42795ce37d99.md,C:\Users\softinfo\Downloads\clearday-mobile\EMERAULDdiff\raw sources\D_LIBRARY_ingest_2026-04-26\ocr_unreadable\converted_ocr\Review\Unreadable\2025 - report [2]_1.md,44866,C
C/02454_2025_-_report_5cda9f5ad844.md,C:\Users\softinfo\Downloads\clearday-mobile\EMERAULDdiff\raw sources\D_LIBRARY_ingest_2026-04-26\ocr_unreadable\converted_ocr\Review\Unreadable\2025 - report.md,54220,C
C/02455_2025_-_report_1_c128fdab204a.md,C:\Users\softinfo\Downloads\clearday-mobile\EMERAULDdiff\raw sources\D_LIBRARY_ingest_2026-04-26\ocr_unreadable\converted_ocr\Review\Unreadable\2025 - report_1.md,59850,C
C/02456_2025_-_report_2_995582520fed.md,C:\Users\softinfo\Downloads\clearday-mobile\EMERAULDdiff\raw sources\D_LIBRARY_ingest_2026-04-26\ocr_unreadable\converted_ocr\Review\Unreadable\2025 - report_2.md,5874,C
C/02457_2025_-_report_3_a9ad397122fe.md,C:\Users\softinfo\Downloads\clearday-mobile\EMERAULDdiff\raw sources\D_LIBRARY_ingest_2026-04-26\ocr_unreadable\converted_ocr\Review\Unreadable\2025 - report_3.md,10756,C
C/02458_2025_-_Revenu_Quebec_-_ocr_needed_2_57654a0c9689.md,C:\Users\softinfo\Downloads\clearday-mobile\EMERAULDdiff\raw sources\D_LIBRARY_ingest_2026-04-26\ocr_unreadable\converted_ocr\Review\Unreadable\2025 - Revenu Quebec - ocr_needed [2].md,10324,C
C/02459_2025_-_Revenu_Quebec_-_ocr_needed_4_fb2bd8427256.md,C:\Users\softinfo\Downloads\clearday-mobile\EMERAULDdiff\raw sources\D_LIBRARY_ingest_2026-04-26\ocr_unreadable\converted_ocr\Review\Unreadable\2025 - Revenu Quebec - ocr_needed [4].md,10298,C
C/02460_2025_-_Revenu_Quebec_-_ocr_needed_5_b84e666df68e.md,C:\Users\softinfo\Downloads\clearday-mobile\EMERAULDdiff\raw sources\D_LIBRARY_ingest_2026-04-26\ocr_unreadable\converted_ocr\Review\Unreadable\2025 - Revenu Quebec - ocr_needed [5].md,6876,C
C/02461_2025_-_Revenu_Quebec_-_ocr_needed_6_f7e145583e95.md,C:\Users\softinfo\Downloads\clearday-mobile\EMERAULDdiff\raw sources\D_LIBRARY_ingest_2026-04-26\ocr_unreadable\converted_ocr\Review\Unreadable\2025 - Revenu Quebec - ocr_needed [6].md,10236,C
C/02462_2025_-_Revenu_Quebec_-_ocr_needed_7_4f8fe40a1da2.md,C:\Users\softinfo\Downloads\clearday-mobile\EMERAULDdiff\raw sources\D_LIBRARY_ingest_2026-04-26\ocr_unreadable\converted_ocr\Review\Unreadable\2025 - Revenu Quebec - ocr_needed [7].md,7449,C
C/02463_2025_-_Right_Populism_and_Political_501d74715b18.md,"C:\Users\softinfo\Downloads\clearday-mobile\EMERAULDdiff\raw sources\D_LIBRARY_ingest_2026-04-26\ocr_unreadable\converted_ocr\Review\Unreadable\2025 - Right Populism, and Political.md",56454,C
C/02464_2025_-_RUE_DE_ROUEN_f7d1ac02eb3e.md,C:\Users\softinfo\Downloads\clearday-mobile\EMERAULDdiff\raw sources\D_LIBRARY_ingest_2026-04-26\ocr_unreadable\converted_ocr\Review\Unreadable\2025 - RUE DE ROUEN.md,2025,C
C/02465_2025_-_statement_or_bill_9e765659a8ba.md,C:\Users\softinfo\Downloads\clearday-mobile\EMERAULDdiff\raw sources\D_LIBRARY_ingest_2026-04-26\ocr_unreadable\converted_ocr\Review\Unreadable\2025 - statement_or_bill.md,4761,C
C/02466_2025_-_statement_or_bill_2_9b16be5fc64a.md,C:\Users\softinfo\Downloads\clearday-mobile\EMERAULDdiff\raw sources\D_LIBRARY_ingest_2026-04-26\ocr_unreadable\converted_ocr\Review\Unreadable\2025 - statement_or_bill_2.md,2085,C
C/02467_2025_-_The_Archive_Ritual_2_3cb30707418e.md,C:\Users\softinfo\Downloads\clearday-mobile\EMERAULDdiff\raw sources\D_LIBRARY_ingest_2026-04-26\ocr_unreadable\converted_ocr\Review\Unreadable\2025 - The Archive Ritual [2].md,3090,C
C/02468_2025_-_The_Archive_Ritual_78d3971952ad.md,C:\Users\softinfo\Downloads\clearday-mobile\EMERAULDdiff\raw sources\D_LIBRARY_ingest_2026-04-26\ocr_unreadable\converted_ocr\Review\Unreadable\2025 - The Archive Ritual.md,2939,C
C/02469_2026_-_anonymous_778ae4300880.md,C:\Users\softinfo\Downloads\clearday-mobile\EMERAULDdiff\raw sources\D_LIBRARY_ingest_2026-04-26\ocr_unreadable\converted_ocr\Review\Unreadable\2026 - (anonymous).md,13169,C
C/02470_2026_-_Annotated_Reviewer_Comments_5dec3a1e9431.md,C:\Users\softinfo\Downloads\clearday-mobile\EMERAULDdiff\raw sources\D_LIBRARY_ingest_2026-04-26\ocr_unreadable\converted_ocr\Review\Unreadable\2026 - Annotated_Reviewer_Comments.md,3706,C
C/02471_2026_-_audit_or_assessment_2_cd8624a51803.md,C:\Users\softinfo\Downloads\clearday-mobile\EMERAULDdiff\raw sources\D_LIBRARY_ingest_2026-04-26\ocr_unreadable\converted_ocr\Review\Unreadable\2026 - audit_or_assessment [2].md,4596,C
C/02472_2026_-_audit_or_assessment_3_c56fd6df5689.md,C:\Users\softinfo\Downloads\clearday-mobile\EMERAULDdiff\raw sources\D_LIBRARY_ingest_2026-04-26\ocr_unreadable\converted_ocr\Review\Unreadable\2026 - audit_or_assessment [3].md,4662,C
C/02473_2026_-_audit_or_assessment_1_d697fc8104e9.md,C:\Users\softinfo\Downloads\clearday-mobile\EMERAULDdiff\raw sources\D_LIBRARY_ingest_2026-04-26\ocr_unreadable\converted_ocr\Review\Unreadable\2026 - audit_or_assessment_1.md,15820,C
C/02474_2026_-_audit_or_assessment_2_51991452bcd9.md,C:\Users\softinfo\Downloads\clearday-mobile\EMERAULDdiff\raw sources\D_LIBRARY_ingest_2026-04-26\ocr_unreadable\converted_ocr\Review\Unreadable\2026 - audit_or_assessment_2.md,6347,C
C/02475_2026_-_audit_or_assessment_3_1e282c7aff64.md,C:\Users\softinfo\Downloads\clearday-mobile\EMERAULDdiff\raw sources\D_LIBRARY_ingest_2026-04-26\ocr_unreadable\converted_ocr\Review\Unreadable\2026 - audit_or_assessment_3.md,39667,C
C/02476_2026_-_audit_or_assessment_4_a0bfa79a82fc.md,C:\Users\softinfo\Downloads\clearday-mobile\EMERAULDdiff\raw sources\D_LIBRARY_ingest_2026-04-26\ocr_unreadable\converted_ocr\Review\Unreadable\2026 - audit_or_assessment_4.md,48061,C
C/02477_2026_-_audit_or_assessment_5_934c1e53f2ee.md,C:\Users\softinfo\Downloads\clearday-mobile\EMERAULDdiff\raw sources\D_LIBRARY_ingest_2026-04-26\ocr_unreadable\converted_ocr\Review\Unreadable\2026 - audit_or_assessment_5.md,46563,C
C/02478_2026_-_audit_or_assessment_6_1819e9cfab9f.md,C:\Users\softinfo\Downloads\clearday-mobile\EMERAULDdiff\raw sources\D_LIBRARY_ingest_2026-04-26\ocr_unreadable\converted_ocr\Review\Unreadable\2026 - audit_or_assessment_6.md,44908,C
C/02479_2026_-_Coach_House_Books_9234a27f0261.md,C:\Users\softinfo\Downloads\clearday-mobile\EMERAULDdiff\raw sources\D_LIBRARY_ingest_2026-04-26\ocr_unreadable\converted_ocr\Review\Unreadable\2026 - Coach House Books.md,3167,C
C/02480_2026_-_CORE-01_aae58ea6405c.md,C:\Users\softinfo\Downloads\clearday-mobile\EMERAULDdiff\raw sources\D_LIBRARY_ingest_2026-04-26\ocr_unreadable\converted_ocr\Review\Unreadable\2026 - CORE-01.md,70784,C
C/02481_2026_-_ELITS_16a4d5c72ff7.md,C:\Users\softinfo\Downloads\clearday-mobile\EMERAULDdiff\raw sources\D_LIBRARY_ingest_2026-04-26\ocr_unreadable\converted_ocr\Review\Unreadable\2026 - ELITS.md,2928,C
C/02482_2026_-_HOL---Governance-Wiki-Worksheet_a1a216784c46.md,C:\Users\softinfo\Downloads\clearday-mobile\EMERAULDdiff\raw sources\D_LIBRARY_ingest_2026-04-26\ocr_unreadable\converted_ocr\Review\Unreadable\2026 - HOL---Governance-Wiki-Worksheet.md,8078,C
C/02483_2026_-_Introduction_731c91c3b9a3.md,C:\Users\softinfo\Downloads\clearday-mobile\EMERAULDdiff\raw sources\D_LIBRARY_ingest_2026-04-26\ocr_unreadable\converted_ocr\Review\Unreadable\2026 - Introduction.md,58894,C
C/02484_2026_-_ISSN_2666-6596_ScienceDirect.com_b_e983e7351cf5.md,C:\Users\softinfo\Downloads\clearday-mobile\EMERAULDdiff\raw sources\D_LIBRARY_ingest_2026-04-26\ocr_unreadable\converted_ocr\Review\Unreadable\2026 - ISSN 2666-6596 ScienceDirect.com b.md,4257,C
C/02485_2026_-_Martin_Lepage_-_audit_or_assessment_df2d1027b0b5.md,C:\Users\softinfo\Downloads\clearday-mobile\EMERAULDdiff\raw sources\D_LIBRARY_ingest_2026-04-26\ocr_unreadable\converted_ocr\Review\Unreadable\2026 - Martin Lepage - audit_or_assessment.md,6185,C
C/02486_2026_-_Martin_Lepage_-_audit_or_assessment_1_f9cc9199b213.md,C:\Users\softinfo\Downloads\clearday-mobile\EMERAULDdiff\raw sources\D_LIBRARY_ingest_2026-04-26\ocr_unreadable\converted_ocr\Review\Unreadable\2026 - Martin Lepage - audit_or_assessment_1.md,7859,C
C/02487_2026_-_Martin_Lepage_-_Feb_4_2026_61dd13ceb1ca.md,"C:\Users\softinfo\Downloads\clearday-mobile\EMERAULDdiff\raw sources\D_LIBRARY_ingest_2026-04-26\ocr_unreadable\converted_ocr\Review\Unreadable\2026 - Martin Lepage - Feb 4, 2026.md",2488,C
C/02488_2026_-_Martin_Lepage_-_J_an_28_2026_2_29352bd79144.md,"C:\Users\softinfo\Downloads\clearday-mobile\EMERAULDdiff\raw sources\D_LIBRARY_ingest_2026-04-26\ocr_unreadable\converted_ocr\Review\Unreadable\2026 - Martin Lepage - J an 28 , 2026 [2].md",2599,C
C/02489_2026_-_Martin_Lepage_-_J_an_28_2026_a6f6506630fe.md,"C:\Users\softinfo\Downloads\clearday-mobile\EMERAULDdiff\raw sources\D_LIBRARY_ingest_2026-04-26\ocr_unreadable\converted_ocr\Review\Unreadable\2026 - Martin Lepage - J an 28 , 2026.md",2475,C
C/02490_2026_-_Martin_Lepage_-_J_an_29_2026_0e4afa860e69.md,"C:\Users\softinfo\Downloads\clearday-mobile\EMERAULDdiff\raw sources\D_LIBRARY_ingest_2026-04-26\ocr_unreadable\converted_ocr\Review\Unreadable\2026 - Martin Lepage - J an 29, 2026.md",2559,C
C/02491_2026_-_Martin_Lepage_-_report_580bf3441f5e.md,C:\Users\softinfo\Downloads\clearday-mobile\EMERAULDdiff\raw sources\D_LIBRARY_ingest_2026-04-26\ocr_unreadable\converted_ocr\Review\Unreadable\2026 - Martin Lepage - report.md,4298,C
C/02492_2026_-_Martin_Lepage_PhD_8cd1f0842e0f.md,"C:\Users\softinfo\Downloads\clearday-mobile\EMERAULDdiff\raw sources\D_LIBRARY_ingest_2026-04-26\ocr_unreadable\converted_ocr\Review\Unreadable\2026 - Martin Lepage, PhD.md",1376,C
C/02493_2026_-_notes_or_journal_b06bf4f260b5.md,C:\Users\softinfo\Downloads\clearday-mobile\EMERAULDdiff\raw sources\D_LIBRARY_ingest_2026-04-26\ocr_unreadable\converted_ocr\Review\Unreadable\2026 - notes_or_journal.md,2743,C
C/02494_2026_-_ocr_needed.pdf_-_2026_-_ocr_needed.pdf.pdf_d84d1eaea794.md,C:\Users\softinfo\Downloads\clearday-mobile\EMERAULDdiff\raw sources\D_LIBRARY_ingest_2026-04-26\ocr_unreadable\converted_ocr\Review\Unreadable\2026 - ocr_needed.pdf - 2026 - ocr_needed.pdf.pdf - 2026 - ocr_needed.pdf - 2026 - ocr_needed.pdf.pd.md,4143,C
C/02495_2026_-_policy_or_guidance.pdf_-_2026_-_policy_or_g_fc9d0cb9dcc4.md,C:\Users\softinfo\Downloads\clearday-mobile\EMERAULDdiff\raw sources\D_LIBRARY_ingest_2026-04-26\ocr_unreadable\converted_ocr\Review\Unreadable\2026 - policy_or_guidance.pdf - 2026 - policy_or_guidance.pdf.pdf - 2026 - policy_or_guidance.pdf -.md,8729,C
C/02496_2026_-_report_86f787afb91c.md,C:\Users\softinfo\Downloads\clearday-mobile\EMERAULDdiff\raw sources\D_LIBRARY_ingest_2026-04-26\ocr_unreadable\converted_ocr\Review\Unreadable\2026 - report.md,3194,C
C/02497_2026_-_report_1_666113b7eb67.md,C:\Users\softinfo\Downloads\clearday-mobile\EMERAULDdiff\raw sources\D_LIBRARY_ingest_2026-04-26\ocr_unreadable\converted_ocr\Review\Unreadable\2026 - report_1.md,5230,C
C/02498_2026_-_Rev_-_correspondence_ed4bbd8e390f.md,C:\Users\softinfo\Downloads\clearday-mobile\EMERAULDdiff\raw sources\D_LIBRARY_ingest_2026-04-26\ocr_unreadable\converted_ocr\Review\Unreadable\2026 - Rev - correspondence.md,3216,C
C/02499_2026_-_statement_or_bill_8c4d1b6c3c68.md,C:\Users\softinfo\Downloads\clearday-mobile\EMERAULDdiff\raw sources\D_LIBRARY_ingest_2026-04-26\ocr_unreadable\converted_ocr\Review\Unreadable\2026 - statement_or_bill.md,2344,C
C/02500_2026_-_Submitted_to_AI_Society_Open_Forum_d8d624d339e5.md,C:\Users\softinfo\Downloads\clearday-mobile\EMERAULDdiff\raw sources\D_LIBRARY_ingest_2026-04-26\ocr_unreadable\converted_ocr\Review\Unreadable\2026 - Submitted to AI Society Open Forum.md,51913,C
C/02501_2027_-_AI_2027_Summary_Research_d32a2fe36613.md,C:\Users\softinfo\Downloads\clearday-mobile\EMERAULDdiff\raw sources\D_LIBRARY_ingest_2026-04-26\ocr_unreadable\converted_ocr\Review\Unreadable\2027 - AI 2027 Summary Research.md,1371,C
C/02502_2027_-_audit_or_assessment_2_921ad93e3a1f.md,C:\Users\softinfo\Downloads\clearday-mobile\EMERAULDdiff\raw sources\D_LIBRARY_ingest_2026-04-26\ocr_unreadable\converted_ocr\Review\Unreadable\2027 - audit_or_assessment [2].md,78773,C
C/02503_2027_-_audit_or_assessment_2_1_d727e10eebb5.md,C:\Users\softinfo\Downloads\clearday-mobile\EMERAULDdiff\raw sources\D_LIBRARY_ingest_2026-04-26\ocr_unreadable\converted_ocr\Review\Unreadable\2027 - audit_or_assessment [2]_1.md,123583,C
C/02504_2027_-_audit_or_assessment_3_12b305996c5a.md,C:\Users\softinfo\Downloads\clearday-mobile\EMERAULDdiff\raw sources\D_LIBRARY_ingest_2026-04-26\ocr_unreadable\converted_ocr\Review\Unreadable\2027 - audit_or_assessment [3].md,94242,C
C/02505_2027_-_audit_or_assessment_129921c118ff.md,C:\Users\softinfo\Downloads\clearday-mobile\EMERAULDdiff\raw sources\D_LIBRARY_ingest_2026-04-26\ocr_unreadable\converted_ocr\Review\Unreadable\2027 - audit_or_assessment.md,76686,C
C/02506_2027_-_audit_or_assessment_1_69e86af68d83.md,C:\Users\softinfo\Downloads\clearday-mobile\EMERAULDdiff\raw sources\D_LIBRARY_ingest_2026-04-26\ocr_unreadable\converted_ocr\Review\Unreadable\2027 - audit_or_assessment_1.md,67872,C
C/02507_2027_-_audit_or_assessment_2_4c22427c6d61.md,C:\Users\softinfo\Downloads\clearday-mobile\EMERAULDdiff\raw sources\D_LIBRARY_ingest_2026-04-26\ocr_unreadable\converted_ocr\Review\Unreadable\2027 - audit_or_assessment_2.md,87194,C
C/02508_535248.PDF_ebfba8e8644b.md,C:\Users\softinfo\Downloads\clearday-mobile\EMERAULDdiff\raw sources\D_LIBRARY_ingest_2026-04-26\ocr_unreadable\converted_ocr\Review\Unreadable\535248.PDF.md,15238,C
C/02509_8437.xft_c9a39ef9e4e3.md,C:\Users\softinfo\Downloads\clearday-mobile\EMERAULDdiff\raw sources\D_LIBRARY_ingest_2026-04-26\ocr_unreadable\converted_ocr\Review\Unreadable\8437.xft.md,7727,C
C/02510_9780199730018.pdf_a3b1ffc3f31b.md,C:\Users\softinfo\Downloads\clearday-mobile\EMERAULDdiff\raw sources\D_LIBRARY_ingest_2026-04-26\ocr_unreadable\converted_ocr\Review\Unreadable\9780199730018.pdf.md,411483,C
C/02511_9780815349754_text_1..252_a347b5a2c40b.md,C:\Users\softinfo\Downloads\clearday-mobile\EMERAULDdiff\raw sources\D_LIBRARY_ingest_2026-04-26\ocr_unreadable\converted_ocr\Review\Unreadable\9780815349754_text 1..252.md,24206,C
C/02512_9780822394358-001.pdf_0e525869676a.md,C:\Users\softinfo\Downloads\clearday-mobile\EMERAULDdiff\raw sources\D_LIBRARY_ingest_2026-04-26\ocr_unreadable\converted_ocr\Review\Unreadable\9780822394358-001.pdf.md,4810,C
C/02513_Chantier_Formulaire_de_consentements_multiples_1604c24eae0f.md,C:\Users\softinfo\Downloads\clearday-mobile\EMERAULDdiff\raw sources\D_LIBRARY_ingest_2026-04-26\ocr_unreadable\converted_ocr\Review\Unreadable\[Chantier] Formulaire de consentements multiples.md,5172,C
C/02514_2018_-_18-BPRE-721150-I_-_report_37579ffd6097.md,C:\Users\softinfo\Downloads\clearday-mobile\EMERAULDdiff\raw sources\D_LIBRARY_ingest_2026-04-26\ocr_unreadable\converted_ocr\Review\Unreadable\_dedup_quarantine\2018 - 18-BPRE-721150-I - report.md,2864,C
C/02515_2021_-_tax_or_finance_1_1_78fa865a7c1b.md,C:\Users\softinfo\Downloads\clearday-mobile\EMERAULDdiff\raw sources\D_LIBRARY_ingest_2026-04-26\ocr_unreadable\converted_ocr\Review\Unreadable\_dedup_quarantine\2021 - tax_or_finance_1_1.md,11179,C
C/02516_2025_-_PowerPoint_Presentation_1_51047401c271.md,C:\Users\softinfo\Downloads\clearday-mobile\EMERAULDdiff\raw sources\D_LIBRARY_ingest_2026-04-26\ocr_unreadable\converted_ocr\Review\Unreadable\_dedup_quarantine\2025 - PowerPoint Presentation_1.md,5733,C
C/02517_Lepage_Martin_606862a14fa7.md,"C:\Users\softinfo\Downloads\clearday-mobile\EMERAULDdiff\raw sources\D_LIBRARY_ingest_2026-04-26\ocr_unreadable\converted_ocr\Review\Unreadable\_dedup_quarantine\Lepage, Martin.md",40329,C
C/02518_A_Sociology_of_Expectations_Retrospectin.pdf_6c10edb5df70.md,C:\Users\softinfo\Downloads\clearday-mobile\EMERAULDdiff\raw sources\D_LIBRARY_ingest_2026-04-26\ocr_unreadable\converted_ocr\Review\Unreadable\A_Sociology_of_Expectations_Retrospectin.pdf.md,5091,C
C/02519_Abstract_2_533b7b2d55e0.md,C:\Users\softinfo\Downloads\clearday-mobile\EMERAULDdiff\raw sources\D_LIBRARY_ingest_2026-04-26\ocr_unreadable\converted_ocr\Review\Unreadable\Abstract (2).md,10439,C
C/02520_Abstract_4_1743999c21c5.md,C:\Users\softinfo\Downloads\clearday-mobile\EMERAULDdiff\raw sources\D_LIBRARY_ingest_2026-04-26\ocr_unreadable\converted_ocr\Review\Unreadable\Abstract (4).md,56933,C
C/02521_Abstract_5_8ff2bd6d6a8d.md,C:\Users\softinfo\Downloads\clearday-mobile\EMERAULDdiff\raw sources\D_LIBRARY_ingest_2026-04-26\ocr_unreadable\converted_ocr\Review\Unreadable\Abstract (5).md,111932,C
C/02522_Abstract_14955dda2ec8.md,C:\Users\softinfo\Downloads\clearday-mobile\EMERAULDdiff\raw sources\D_LIBRARY_ingest_2026-04-26\ocr_unreadable\converted_ocr\Review\Unreadable\Abstract.md,5053,C
C/02523_Addiction_by_Design_Machine_Gambling_in_Las_Vegas_0b849f65df22.md,C:\Users\softinfo\Downloads\clearday-mobile\EMERAULDdiff\raw sources\D_LIBRARY_ingest_2026-04-26\ocr_unreadable\converted_ocr\Review\Unreadable\Addiction by Design Machine Gambling in Las Vegas.md,1108205,C
C/02524_Algorithmic_management_in_the_workplace_EN_668f3641d187.md,C:\Users\softinfo\Downloads\clearday-mobile\EMERAULDdiff\raw sources\D_LIBRARY_ingest_2026-04-26\ocr_unreadable\converted_ocr\Review\Unreadable\Algorithmic management in the workplace (EN).md,3979,C
C/02525_AMERICAN_HORROR_STORY_V_445846252287.md,C:\Users\softinfo\Downloads\clearday-mobile\EMERAULDdiff\raw sources\D_LIBRARY_ingest_2026-04-26\ocr_unreadable\converted_ocr\Review\Unreadable\AMERICAN HORROR STORY V.md,3815,C
C/02526_Andrew_W._Mellon_Postdoctoral_Fellowshi..._How_to_7191a679357f.md,C:\Users\softinfo\Downloads\clearday-mobile\EMERAULDdiff\raw sources\D_LIBRARY_ingest_2026-04-26\ocr_unreadable\converted_ocr\Review\Unreadable\Andrew W. Mellon Postdoctoral Fellowshi... How to Apply Penn Humanities Forum.md,4432,C
C/02527_Andrew_W._Mellon_Postdoctoral_Fellowship_in_the_Hu_da56b7c6c3b0.md,C:\Users\softinfo\Downloads\clearday-mobile\EMERAULDdiff\raw sources\D_LIBRARY_ingest_2026-04-26\ocr_unreadable\converted_ocr\Review\Unreadable\Andrew W. Mellon Postdoctoral Fellowship in the Humanities Vitae.md,5256,C
C/02528_Andrew_W._Mellon_Postdoctoral_Penn_Humanities_Foru_da1352159cfb.md,C:\Users\softinfo\Downloads\clearday-mobile\EMERAULDdiff\raw sources\D_LIBRARY_ingest_2026-04-26\ocr_unreadable\converted_ocr\Review\Unreadable\Andrew W. Mellon Postdoctoral Penn Humanities Forum.md,2972,C
C/02529_Annotated_Thematic_Bibliography_f32e5b9b39e9.md,C:\Users\softinfo\Downloads\clearday-mobile\EMERAULDdiff\raw sources\D_LIBRARY_ingest_2026-04-26\ocr_unreadable\converted_ocr\Review\Unreadable\Annotated Thematic Bibliography.md,34467,C
C/02530_Apocalypse_as_Constraint_Stack_e9d552c3a687.md,C:\Users\softinfo\Downloads\clearday-mobile\EMERAULDdiff\raw sources\D_LIBRARY_ingest_2026-04-26\ocr_unreadable\converted_ocr\Review\Unreadable\Apocalypse as Constraint Stack.md,15539,C
C/02531_Artificial_Intelligence_Risk_Management_Framework_cb888da99218.md,C:\Users\softinfo\Downloads\clearday-mobile\EMERAULDdiff\raw sources\D_LIBRARY_ingest_2026-04-26\ocr_unreadable\converted_ocr\Review\Unreadable\Artificial Intelligence Risk Management Framework (AI RMF 1.0).md,28635,C
C/02532_BELGIAN_OFFICE_FOR_SCIENTIFIC_TECHNICAL_AND_CULTUR_469f4e77e1a6.md,"C:\Users\softinfo\Downloads\clearday-mobile\EMERAULDdiff\raw sources\D_LIBRARY_ingest_2026-04-26\ocr_unreadable\converted_ocr\Review\Unreadable\BELGIAN OFFICE FOR SCIENTIFIC, TECHNICAL AND CULTURAL AFFAIRS.md",27659,C
C/02533_Canada_must_treat_AI_literacy_as_its_next_great_na_5a3ab48f8ccd.md,C:\Users\softinfo\Downloads\clearday-mobile\EMERAULDdiff\raw sources\D_LIBRARY_ingest_2026-04-26\ocr_unreadable\converted_ocr\Review\Unreadable\Canada must treat AI literacy as its next great nation-building project.md,8258,C
C/02534_Candidature_Conseiller_re_senior_e_Strat_gie_et_go_04e6336193bd.md,"C:\Users\softinfo\Downloads\clearday-mobile\EMERAULDdiff\raw sources\D_LIBRARY_ingest_2026-04-26\ocr_unreadable\converted_ocr\Review\Unreadable\Candidature – Conseiller(ère) senior(e), Stratégie et gouvernance de données.md",4311,C
C/02535_Causal_Mechanisms_in_the_Social_Sciences.pdf_1d1c98bd5dab.md,C:\Users\softinfo\Downloads\clearday-mobile\EMERAULDdiff\raw sources\D_LIBRARY_ingest_2026-04-26\ocr_unreadable\converted_ocr\Review\Unreadable\Causal_Mechanisms_in_the_Social_Sciences.pdf.md,3919,C
C/02536_Chapter_Four_Harmony_Kendall_Fugitive_Belonging_an_90172c74d760.md,C:\Users\softinfo\Downloads\clearday-mobile\EMERAULDdiff\raw sources\D_LIBRARY_ingest_2026-04-26\ocr_unreadable\converted_ocr\Review\Unreadable\Chapter Four — Harmony Kendall Fugitive Belonging and the Camp of Double Life.md,27631,C
C/02537_Chapter_One_Willow_Rosenberg_Recursion_and_Saturat_edf0fe78c8db.md,C:\Users\softinfo\Downloads\clearday-mobile\EMERAULDdiff\raw sources\D_LIBRARY_ingest_2026-04-26\ocr_unreadable\converted_ocr\Review\Unreadable\Chapter One — Willow Rosenberg Recursion and Saturated Grief.md,27134,C
C/02538_Charging_Objects_Ritual_Artistic_Practice_and_the_cc7fb3f5e59a.md,"C:\Users\softinfo\Downloads\clearday-mobile\EMERAULDdiff\raw sources\D_LIBRARY_ingest_2026-04-26\ocr_unreadable\converted_ocr\Review\Unreadable\Charging Objects Ritual, Artistic Practice, and the Crisis of Legitimacy.md",57876,C
C/02539_Christin2020_Article_TheEthnographerAndTheAlgorith_bc5236598bff.md,C:\Users\softinfo\Downloads\clearday-mobile\EMERAULDdiff\raw sources\D_LIBRARY_ingest_2026-04-26\ocr_unreadable\converted_ocr\Review\Unreadable\Christin2020_Article_TheEthnographerAndTheAlgorithm.pdf.md,50127,C
C/02540_Communication_lectronique_2_dc2555bac847.md,C:\Users\softinfo\Downloads\clearday-mobile\EMERAULDdiff\raw sources\D_LIBRARY_ingest_2026-04-26\ocr_unreadable\converted_ocr\Review\Unreadable\Communication électronique (2).md,12175,C
C/02541_Communication_lectronique_3_026c3fbb755c.md,C:\Users\softinfo\Downloads\clearday-mobile\EMERAULDdiff\raw sources\D_LIBRARY_ingest_2026-04-26\ocr_unreadable\converted_ocr\Review\Unreadable\Communication électronique (3).md,9583,C
C/02542_Communication_lectronique_1835eeaa55f0.md,C:\Users\softinfo\Downloads\clearday-mobile\EMERAULDdiff\raw sources\D_LIBRARY_ingest_2026-04-26\ocr_unreadable\converted_ocr\Review\Unreadable\Communication électronique.md,9608,C
C/02543_Compliant_by_Compliment_Style_Policing_from_the_Pa_a803d6f3051f.md,"C:\Users\softinfo\Downloads\clearday-mobile\EMERAULDdiff\raw sources\D_LIBRARY_ingest_2026-04-26\ocr_unreadable\converted_ocr\Review\Unreadable\Compliant by Compliment Style Policing from the Page to the Body, AI Fluency, Embodied Difference, a.md",54171,C
C/02544_Compute_Forecast_AI_2027_80e7316d1c25.md,C:\Users\softinfo\Downloads\clearday-mobile\EMERAULDdiff\raw sources\D_LIBRARY_ingest_2026-04-26\ocr_unreadable\converted_ocr\Review\Unreadable\Compute Forecast â•ﬂ AI 2027.md,2279,C
C/02545_Concours_stage_post-doc_CRIDAQ_66c95d49fcea.md,C:\Users\softinfo\Downloads\clearday-mobile\EMERAULDdiff\raw sources\D_LIBRARY_ingest_2026-04-26\ocr_unreadable\converted_ocr\Review\Unreadable\Concours stage post-doc CRIDAQ.md,4974,C
C/02546_Consulter_des_donn_es_fiscales_-_Revenu_Qu_bec_2_fe71cb75e69b.md,C:\Users\softinfo\Downloads\clearday-mobile\EMERAULDdiff\raw sources\D_LIBRARY_ingest_2026-04-26\ocr_unreadable\converted_ocr\Review\Unreadable\Consulter des données fiscales - Revenu Québec (2).md,9683,C
C/02547_Consulter_des_donn_es_fiscales_-_Revenu_Qu_bec_3_8f1105a4d885.md,C:\Users\softinfo\Downloads\clearday-mobile\EMERAULDdiff\raw sources\D_LIBRARY_ingest_2026-04-26\ocr_unreadable\converted_ocr\Review\Unreadable\Consulter des données fiscales - Revenu Québec (3).md,6867,C
C/02548_Consulter_des_donn_es_fiscales_-_Revenu_Qu_bec_4_43a070c1c626.md,C:\Users\softinfo\Downloads\clearday-mobile\EMERAULDdiff\raw sources\D_LIBRARY_ingest_2026-04-26\ocr_unreadable\converted_ocr\Review\Unreadable\Consulter des données fiscales - Revenu Québec (4).md,9587,C
C/02549_Consulter_des_donn_es_fiscales_-_Revenu_Qu_bec_5_477b2f774315.md,C:\Users\softinfo\Downloads\clearday-mobile\EMERAULDdiff\raw sources\D_LIBRARY_ingest_2026-04-26\ocr_unreadable\converted_ocr\Review\Unreadable\Consulter des données fiscales - Revenu Québec (5).md,9418,C
C/02550_Consulter_des_donn_es_fiscales_-_Revenu_Qu_bec_6_4bdca16fb92e.md,C:\Users\softinfo\Downloads\clearday-mobile\EMERAULDdiff\raw sources\D_LIBRARY_ingest_2026-04-26\ocr_unreadable\converted_ocr\Review\Unreadable\Consulter des données fiscales - Revenu Québec (6).md,9405,C
C/02551_Consulter_des_donn_es_fiscales_-_Revenu_Qu_bec_7_36a650664e1e.md,C:\Users\softinfo\Downloads\clearday-mobile\EMERAULDdiff\raw sources\D_LIBRARY_ingest_2026-04-26\ocr_unreadable\converted_ocr\Review\Unreadable\Consulter des données fiscales - Revenu Québec (7).md,9545,C
C/02552_Consulter_des_donn_es_fiscales_-_Revenu_Qu_bec_8_6c34b6639fd0.md,C:\Users\softinfo\Downloads\clearday-mobile\EMERAULDdiff\raw sources\D_LIBRARY_ingest_2026-04-26\ocr_unreadable\converted_ocr\Review\Unreadable\Consulter des données fiscales - Revenu Québec (8).md,10122,C
C/02553_Consulter_des_donn_es_fiscales_-_Revenu_Qu_bec_fdcef0550a9d.md,C:\Users\softinfo\Downloads\clearday-mobile\EMERAULDdiff\raw sources\D_LIBRARY_ingest_2026-04-26\ocr_unreadable\converted_ocr\Review\Unreadable\Consulter des données fiscales - Revenu Québec.md,6069,C
C/02554_content_a0f88b752d93.md,C:\Users\softinfo\Downloads\clearday-mobile\EMERAULDdiff\raw sources\D_LIBRARY_ingest_2026-04-26\ocr_unreadable\converted_ocr\Review\Unreadable\content.md,12709,C
C/02555_contributions.pdf_69b8b9995dc7.md,C:\Users\softinfo\Downloads\clearday-mobile\EMERAULDdiff\raw sources\D_LIBRARY_ingest_2026-04-26\ocr_unreadable\converted_ocr\Review\Unreadable\contributions.pdf.md,2795,C
C/02556_Courrier_-_Martin_Lepage_-_Outlook_055f1ffc9d7b.md,C:\Users\softinfo\Downloads\clearday-mobile\EMERAULDdiff\raw sources\D_LIBRARY_ingest_2026-04-26\ocr_unreadable\converted_ocr\Review\Unreadable\Courrier - Martin Lepage - Outlook.md,5109,C
C/02557_cover_LCI_Education_5c30b843d994.md,C:\Users\softinfo\Downloads\clearday-mobile\EMERAULDdiff\raw sources\D_LIBRARY_ingest_2026-04-26\ocr_unreadable\converted_ocr\Review\Unreadable\cover LCI Education.md,3551,C
C/02558_cover_Perle_231a9e8c8e82.md,C:\Users\softinfo\Downloads\clearday-mobile\EMERAULDdiff\raw sources\D_LIBRARY_ingest_2026-04-26\ocr_unreadable\converted_ocr\Review\Unreadable\cover Perle.md,3900,C
C/02559_cover_Transition_f059d85fc57f.md,C:\Users\softinfo\Downloads\clearday-mobile\EMERAULDdiff\raw sources\D_LIBRARY_ingest_2026-04-26\ocr_unreadable\converted_ocr\Review\Unreadable\cover Transition.md,3917,C
C/02560_De_la_qu_te_la_transfiguration_spiritualit_po_tiqu_4f7459c90599.md,C:\Users\softinfo\Downloads\clearday-mobile\EMERAULDdiff\raw sources\D_LIBRARY_ingest_2026-04-26\ocr_unreadable\converted_ocr\Review\Unreadable\De la quête à la transfiguration spiritualité poétique et allégorie moderne dans les premiers romans.md,20047,C
C/02561_Demande_de_bourse_postdoctorale_53c6fe37336e.md,C:\Users\softinfo\Downloads\clearday-mobile\EMERAULDdiff\raw sources\D_LIBRARY_ingest_2026-04-26\ocr_unreadable\converted_ocr\Review\Unreadable\Demande de bourse postdoctorale.md,6838,C
C/02562_Digitalisation_artificial_intelligence..._workplac_403b405863aa.md,"C:\Users\softinfo\Downloads\clearday-mobile\EMERAULDdiff\raw sources\D_LIBRARY_ingest_2026-04-26\ocr_unreadable\converted_ocr\Review\Unreadable\Digitalisation, artificial intelligence... workplace_ Shaping the future of work.md",4228,C
C/02563_Document_sans_titre_2_694474d144d8.md,C:\Users\softinfo\Downloads\clearday-mobile\EMERAULDdiff\raw sources\D_LIBRARY_ingest_2026-04-26\ocr_unreadable\converted_ocr\Review\Unreadable\Document sans titre (2).md,3269,C
C/02564_Document_sans_titre_3_b47c07486d85.md,C:\Users\softinfo\Downloads\clearday-mobile\EMERAULDdiff\raw sources\D_LIBRARY_ingest_2026-04-26\ocr_unreadable\converted_ocr\Review\Unreadable\Document sans titre (3).md,11559,C
C/02565_Document_sans_titre_fd0342ee3251.md,C:\Users\softinfo\Downloads\clearday-mobile\EMERAULDdiff\raw sources\D_LIBRARY_ingest_2026-04-26\ocr_unreadable\converted_ocr\Review\Unreadable\Document sans titre.md,8890,C
C/02566_doi10.108015017410701880122_1d868604f51e.md,C:\Users\softinfo\Downloads\clearday-mobile\EMERAULDdiff\raw sources\D_LIBRARY_ingest_2026-04-26\ocr_unreadable\converted_ocr\Review\Unreadable\doi10.108015017410701880122.md,8913,C
C/02567_Dreamscapes_of_Modernity_Sociotechnical_Imaginarie_e2290dd17690.md,C:\Users\softinfo\Downloads\clearday-mobile\EMERAULDdiff\raw sources\D_LIBRARY_ingest_2026-04-26\ocr_unreadable\converted_ocr\Review\Unreadable\Dreamscapes of Modernity Sociotechnical Imaginaries and the Fabrication of Power.md,65615,C
C/02568_drsortoriginalfilename_1991_-_journalarticle.docx_5a02b094cb55.md,C:\Users\softinfo\Downloads\clearday-mobile\EMERAULDdiff\raw sources\D_LIBRARY_ingest_2026-04-26\ocr_unreadable\converted_ocr\Review\Unreadable\drsortoriginalfilename 1991 - journalarticle.docx - 1991 - journalarticle.docx.md,55839,C
C/02569_drsortoriginalfilename_1995_-_manuscript.docx_-_19_a6b8d991d05c.md,C:\Users\softinfo\Downloads\clearday-mobile\EMERAULDdiff\raw sources\D_LIBRARY_ingest_2026-04-26\ocr_unreadable\converted_ocr\Review\Unreadable\drsortoriginalfilename 1995 - manuscript.docx - 1995 - manuscript.docx.docx -.md,11740,C
C/02570_drsortoriginalfilename_1998_-_journalarticle.docx_c8f7f64a94b4.md,C:\Users\softinfo\Downloads\clearday-mobile\EMERAULDdiff\raw sources\D_LIBRARY_ingest_2026-04-26\ocr_unreadable\converted_ocr\Review\Unreadable\drsortoriginalfilename 1998 - journalarticle.docx - 1998 - journalarticle.docx.md,64523,C
C/02571_drsortoriginalfilename_1998_-_journalarticle1.docx_1dbd0b684105.md,C:\Users\softinfo\Downloads\clearday-mobile\EMERAULDdiff\raw sources\D_LIBRARY_ingest_2026-04-26\ocr_unreadable\converted_ocr\Review\Unreadable\drsortoriginalfilename 1998 - journalarticle1.docx - 1998 - journalarticle1.do.md,63178,C
C/02572_drsortoriginalfilename_2007_-_journalarticle.docx_5efbd986119b.md,C:\Users\softinfo\Downloads\clearday-mobile\EMERAULDdiff\raw sources\D_LIBRARY_ingest_2026-04-26\ocr_unreadable\converted_ocr\Review\Unreadable\drsortoriginalfilename 2007 - journalarticle.docx - 2007 - journalarticle.docx.md,72392,C
C/02573_drsortoriginalfilename_2015_-_journalarticle.docx_3130b3127704.md,C:\Users\softinfo\Downloads\clearday-mobile\EMERAULDdiff\raw sources\D_LIBRARY_ingest_2026-04-26\ocr_unreadable\converted_ocr\Review\Unreadable\drsortoriginalfilename 2015 - journalarticle.docx - 2015 - journalarticle.docx.md,7997,C
C/02574_drsortoriginalfilename_2025_-_journalarticle3.docx_91be4ddcf9cc.md,C:\Users\softinfo\Downloads\clearday-mobile\EMERAULDdiff\raw sources\D_LIBRARY_ingest_2026-04-26\ocr_unreadable\converted_ocr\Review\Unreadable\drsortoriginalfilename 2025 - journalarticle3.docx - 2025 - journalarticle3.do.md,2144,C
C/02575_drsortoriginalfilename_2025_-_Martin_Lepage_-_manu_61d1934e40d5.md,C:\Users\softinfo\Downloads\clearday-mobile\EMERAULDdiff\raw sources\D_LIBRARY_ingest_2026-04-26\ocr_unreadable\converted_ocr\Review\Unreadable\drsortoriginalfilename 2025 - Martin Lepage - manuscript.docx - 2025 - Martin.md,1525,C
C/02576_EmbeddingBeforeRuptureHUM_cdc44f59cdb5.md,C:\Users\softinfo\Downloads\clearday-mobile\EMERAULDdiff\raw sources\D_LIBRARY_ingest_2026-04-26\ocr_unreadable\converted_ocr\Review\Unreadable\EmbeddingBeforeRuptureHUM.md,44741,C
C/02577_Fear_and_Laughing_in_Sunnydale_2f165dcb5a71.md,C:\Users\softinfo\Downloads\clearday-mobile\EMERAULDdiff\raw sources\D_LIBRARY_ingest_2026-04-26\ocr_unreadable\converted_ocr\Review\Unreadable\Fear and Laughing in Sunnydale.md,34423,C
C/02578_FICHE_SIGNAL_TIQUE_doit_accompagner_chaque_demande_2a06dda363cc.md,C:\Users\softinfo\Downloads\clearday-mobile\EMERAULDdiff\raw sources\D_LIBRARY_ingest_2026-04-26\ocr_unreadable\converted_ocr\Review\Unreadable\FICHE SIGNALÉTIQUE (doit accompagner chaque demande).md,1886,C
C/02579_FONDS_G_RARD-DION_f04f516a9325.md,C:\Users\softinfo\Downloads\clearday-mobile\EMERAULDdiff\raw sources\D_LIBRARY_ingest_2026-04-26\ocr_unreadable\converted_ocr\Review\Unreadable\FONDS GÉRARD-DION.md,2281,C
C/02580_Formulaire_d_inscription_emplois_dans_la_fonction_a434f473f0cd.md,"C:\Users\softinfo\Downloads\clearday-mobile\EMERAULDdiff\raw sources\D_LIBRARY_ingest_2026-04-26\ocr_unreadable\converted_ocr\Review\Unreadable\Formulaire d'inscription, emplois dans la fonction publique.md",30744,C
C/02581_Framing_Processes_and_Social_Movements_An_Overview_d8a3d76b9787.md,C:\Users\softinfo\Downloads\clearday-mobile\EMERAULDdiff\raw sources\D_LIBRARY_ingest_2026-04-26\ocr_unreadable\converted_ocr\Review\Unreadable\Framing Processes and Social Movements An Overview and Assessment.md,105486,C
C/02582_GENERAL_24f18a6c9148.md,C:\Users\softinfo\Downloads\clearday-mobile\EMERAULDdiff\raw sources\D_LIBRARY_ingest_2026-04-26\ocr_unreadable\converted_ocr\Review\Unreadable\GENERAL.md,5082,C
C/02583_Genre_sexualit_soci_t_22_2019_1108f5617273.md,"C:\Users\softinfo\Downloads\clearday-mobile\EMERAULDdiff\raw sources\D_LIBRARY_ingest_2026-04-26\ocr_unreadable\converted_ocr\Review\Unreadable\Genre, sexualité & société, 22 2019.md",54139,C
C/02584_Gestion_de_l_inventaire_des_kits_de_collection_8528359512fe.md,C:\Users\softinfo\Downloads\clearday-mobile\EMERAULDdiff\raw sources\D_LIBRARY_ingest_2026-04-26\ocr_unreadable\converted_ocr\Review\Unreadable\Gestion de l'inventaire des kits de collection.md,3144,C
C/02585_Glitching_the_Sacred_Queer_Paganism_Digital_Enchan_446a8d2dd4a9.md,"C:\Users\softinfo\Downloads\clearday-mobile\EMERAULDdiff\raw sources\D_LIBRARY_ingest_2026-04-26\ocr_unreadable\converted_ocr\Review\Unreadable\Glitching the Sacred Queer Paganism, Digital Enchantment, and the Future of Ritual Worlds (2).md",51634,C
C/02586_Glitching_the_Sacred_Queer_Paganism_Digital_Enchan_b145f2e535c8.md,"C:\Users\softinfo\Downloads\clearday-mobile\EMERAULDdiff\raw sources\D_LIBRARY_ingest_2026-04-26\ocr_unreadable\converted_ocr\Review\Unreadable\Glitching the Sacred Queer Paganism, Digital Enchantment, and the Future of Ritual Worlds.md",49822,C
C/02587_How_democracies_die_6428e3753e02.md,C:\Users\softinfo\Downloads\clearday-mobile\EMERAULDdiff\raw sources\D_LIBRARY_ingest_2026-04-26\ocr_unreadable\converted_ocr\Review\Unreadable\How democracies die.md,14050,C
C/02588_How_French_Canadians_became_White_Folks_or_doing_t_0b6714d7298c.md,"C:\Users\softinfo\Downloads\clearday-mobile\EMERAULDdiff\raw sources\D_LIBRARY_ingest_2026-04-26\ocr_unreadable\converted_ocr\Review\Unreadable\How French Canadians became White Folks, or doing things with race in Quebec.md",39652,C
C/02589_How_gay_bisexual_and_other_men_who_have_sex_with_m_b72bf1112821.md,"C:\Users\softinfo\Downloads\clearday-mobile\EMERAULDdiff\raw sources\D_LIBRARY_ingest_2026-04-26\ocr_unreadable\converted_ocr\Review\Unreadable\How gay, bisexual and other men who have sex with men living with HIV experience sexual dysfunction.md",61650,C
C/02590_https_secure.ufile.ca_T1-2021_Tools_S...le_d09c9fa_9f89efc950dd.md,C:\Users\softinfo\Downloads\clearday-mobile\EMERAULDdiff\raw sources\D_LIBRARY_ingest_2026-04-26\ocr_unreadable\converted_ocr\Review\Unreadable\https___secure.ufile.ca_T1-2021_Tools_S...le=d09c9fab&app=1&plan=1&svc=View_eNOA.md,10484,C
C/02591_imageItem781114440308068430_9780190923631_3915841663a2.md,C:\Users\softinfo\Downloads\clearday-mobile\EMERAULDdiff\raw sources\D_LIBRARY_ingest_2026-04-26\ocr_unreadable\converted_ocr\Review\Unreadable\imageItem781114440308068430#_#9780190923631.md,17466,C
C/02592_Immigration_Refugees_and_Citizenship_Canada_Artifi_ac661819ead9.md,"C:\Users\softinfo\Downloads\clearday-mobile\EMERAULDdiff\raw sources\D_LIBRARY_ingest_2026-04-26\ocr_unreadable\converted_ocr\Review\Unreadable\Immigration, Refugees and Citizenship Canada – Artificial Intelligence Strategy.md",27779,C
C/02593_International_Journal_of_Academic_Research_in_Mana_cea86217eaec.md,C:\Users\softinfo\Downloads\clearday-mobile\EMERAULDdiff\raw sources\D_LIBRARY_ingest_2026-04-26\ocr_unreadable\converted_ocr\Review\Unreadable\International Journal of Academic Research in Management.md,35525,C
C/02594_Introduction_2_f35325b6f07a.md,C:\Users\softinfo\Downloads\clearday-mobile\EMERAULDdiff\raw sources\D_LIBRARY_ingest_2026-04-26\ocr_unreadable\converted_ocr\Review\Unreadable\Introduction (2).md,55839,C
C/02595_Introduction_8f656c497667.md,C:\Users\softinfo\Downloads\clearday-mobile\EMERAULDdiff\raw sources\D_LIBRARY_ingest_2026-04-26\ocr_unreadable\converted_ocr\Review\Unreadable\Introduction.md,74979,C
C/02596_ISO_15930_-_Electronic_document_file_format_for_pr_25b72a9c73c1.md,C:\Users\softinfo\Downloads\clearday-mobile\EMERAULDdiff\raw sources\D_LIBRARY_ingest_2026-04-26\ocr_unreadable\converted_ocr\Review\Unreadable\ISO 15930 - Electronic document file format for prepress digital data exchange (PDFX) (2).md,19217,C
C/02597_ISO_15930_-_Electronic_document_file_format_for_pr_97b72818ebeb.md,C:\Users\softinfo\Downloads\clearday-mobile\EMERAULDdiff\raw sources\D_LIBRARY_ingest_2026-04-26\ocr_unreadable\converted_ocr\Review\Unreadable\ISO 15930 - Electronic document file format for prepress digital data exchange (PDFX).md,13394,C
C/02598_jpg-pdf_-_ilovepdf.com_0c8110891016.md,C:\Users\softinfo\Downloads\clearday-mobile\EMERAULDdiff\raw sources\D_LIBRARY_ingest_2026-04-26\ocr_unreadable\converted_ocr\Review\Unreadable\jpg-pdf - ilovepdf.com.md,4081,C
C/02599_L_analyse_qualitative_en_sciences_humaines_et_soci_d5928400e0f4.md,C:\Users\softinfo\Downloads\clearday-mobile\EMERAULDdiff\raw sources\D_LIBRARY_ingest_2026-04-26\ocr_unreadable\converted_ocr\Review\Unreadable\L'analyse qualitative en sciences humaines et sociales - 4e éd..md,9775,C
C/02600_L_enqute_narrative_en_sciences_humaines_et_sociale_db9ddfaea92d.md,C:\Users\softinfo\Downloads\clearday-mobile\EMERAULDdiff\raw sources\D_LIBRARY_ingest_2026-04-26\ocr_unreadable\converted_ocr\Review\Unreadable\L'enqute narrative en sciences humaines et sociales.md,16249,C
C/02601_LEPAGE.AI.CV.2026_2_7af0b1f44909.md,C:\Users\softinfo\Downloads\clearday-mobile\EMERAULDdiff\raw sources\D_LIBRARY_ingest_2026-04-26\ocr_unreadable\converted_ocr\Review\Unreadable\LEPAGE.AI.CV.2026 (2).md,6029,C
C/02602_LEPAGE.AI.CV.2026_260f87cf3683.md,C:\Users\softinfo\Downloads\clearday-mobile\EMERAULDdiff\raw sources\D_LIBRARY_ingest_2026-04-26\ocr_unreadable\converted_ocr\Review\Unreadable\LEPAGE.AI.CV.2026.md,5701,C
C/02603_lepage_hair.pdf_5e562b437a7d.md,C:\Users\softinfo\Downloads\clearday-mobile\EMERAULDdiff\raw sources\D_LIBRARY_ingest_2026-04-26\ocr_unreadable\converted_ocr\Review\Unreadable\lepage_hair.pdf.md,6269,C
C/02604_Lepage_Martin_MitigationStrategy_926411f1ba5d.md,C:\Users\softinfo\Downloads\clearday-mobile\EMERAULDdiff\raw sources\D_LIBRARY_ingest_2026-04-26\ocr_unreadable\converted_ocr\Review\Unreadable\Lepage_Martin_MitigationStrategy.md,4202,C
C/02605_Literature_Review_From_the_Politics_of_Visibility_74586f860da1.md,C:\Users\softinfo\Downloads\clearday-mobile\EMERAULDdiff\raw sources\D_LIBRARY_ingest_2026-04-26\ocr_unreadable\converted_ocr\Review\Unreadable\Literature Review From the Politics of Visibility to the Politics of Voice in AI Governance.md,49621,C
C/02606_Machines_AltarsTRUE_c5f19e8b1d4d.md,C:\Users\softinfo\Downloads\clearday-mobile\EMERAULDdiff\raw sources\D_LIBRARY_ingest_2026-04-26\ocr_unreadable\converted_ocr\Review\Unreadable\Machines AltarsTRUE.md,2907,C
C/02607_Magic_between_Europe_and_India_On_Mantras_Coercion_a9ba59af6bb8.md,"C:\Users\softinfo\Downloads\clearday-mobile\EMERAULDdiff\raw sources\D_LIBRARY_ingest_2026-04-26\ocr_unreadable\converted_ocr\Review\Unreadable\Magic between Europe and India On Mantras, Coercion of Gods, and the Limits of Current Debates.md",63458,C
C/02608_Mail_iCloud_-_Fw_Reference_for_Dr._MARTIN_LEPAGE_b1182a55b7ac.md,C:\Users\softinfo\Downloads\clearday-mobile\EMERAULDdiff\raw sources\D_LIBRARY_ingest_2026-04-26\ocr_unreadable\converted_ocr\Review\Unreadable\Mail iCloud - Fw Reference for Dr. MARTIN LEPAGE.md,5423,C
C/02609_Mail_iCloud_-_Milieu_FRQSC_98bce462d569.md,C:\Users\softinfo\Downloads\clearday-mobile\EMERAULDdiff\raw sources\D_LIBRARY_ingest_2026-04-26\ocr_unreadable\converted_ocr\Review\Unreadable\Mail iCloud - Milieu FRQSC.md,4795,C
C/02610_Mail_iCloud_-_Num_ro_Archives_de_sciences_sociales_e165fef13e3c.md,C:\Users\softinfo\Downloads\clearday-mobile\EMERAULDdiff\raw sources\D_LIBRARY_ingest_2026-04-26\ocr_unreadable\converted_ocr\Review\Unreadable\Mail iCloud - Numéro Archives de sciences sociales des religions.md,3164,C
C/02611_Mail_iCloud_-_Preuve_publication_47ddeb86ad00.md,C:\Users\softinfo\Downloads\clearday-mobile\EMERAULDdiff\raw sources\D_LIBRARY_ingest_2026-04-26\ocr_unreadable\converted_ocr\Review\Unreadable\Mail iCloud - Preuve publication.md,2841,C
C/02612_Mail_iCloud_-_Re_Compte_rendu_r_vis_a005e8b40209.md,C:\Users\softinfo\Downloads\clearday-mobile\EMERAULDdiff\raw sources\D_LIBRARY_ingest_2026-04-26\ocr_unreadable\converted_ocr\Review\Unreadable\Mail iCloud - Re Compte rendu révisé.md,3344,C
C/02613_Mail_iCloud_-_Re_Paper_attached_9df3275203b8.md,C:\Users\softinfo\Downloads\clearday-mobile\EMERAULDdiff\raw sources\D_LIBRARY_ingest_2026-04-26\ocr_unreadable\converted_ocr\Review\Unreadable\Mail iCloud - Re Paper attached.md,3282,C
C/02614_Mail_iCloud_-_Re_Stage_postdoctoral_CRIDAQ_89e5fc96926a.md,C:\Users\softinfo\Downloads\clearday-mobile\EMERAULDdiff\raw sources\D_LIBRARY_ingest_2026-04-26\ocr_unreadable\converted_ocr\Review\Unreadable\Mail iCloud - Re Stage postdoctoral CRIDAQ.md,4615,C
C/02615_Mail_iCloud_-_r_ception_de_votre_chapitre_494ee274517d.md,C:\Users\softinfo\Downloads\clearday-mobile\EMERAULDdiff\raw sources\D_LIBRARY_ingest_2026-04-26\ocr_unreadable\converted_ocr\Review\Unreadable\Mail iCloud - réception de votre chapitre.md,3472,C
C/02616_Mail_iCloud_-_your_chapter_for_edited_volume_ec6ad3233267.md,C:\Users\softinfo\Downloads\clearday-mobile\EMERAULDdiff\raw sources\D_LIBRARY_ingest_2026-04-26\ocr_unreadable\converted_ocr\Review\Unreadable\Mail iCloud - your chapter for edited volume.md,2821,C
C/02617_Mail_iCloud_d6c26821a79f.md,C:\Users\softinfo\Downloads\clearday-mobile\EMERAULDdiff\raw sources\D_LIBRARY_ingest_2026-04-26\ocr_unreadable\converted_ocr\Review\Unreadable\MailÂ€iCloud.md,15750,C
C/02618_Martin_Lepage_2_dbb2b96335e1.md,C:\Users\softinfo\Downloads\clearday-mobile\EMERAULDdiff\raw sources\D_LIBRARY_ingest_2026-04-26\ocr_unreadable\converted_ocr\Review\Unreadable\Martin Lepage (2).md,18828,C
C/02619_MARTIN_LEPAGE_3_90c0ba0d7b46.md,C:\Users\softinfo\Downloads\clearday-mobile\EMERAULDdiff\raw sources\D_LIBRARY_ingest_2026-04-26\ocr_unreadable\converted_ocr\Review\Unreadable\MARTIN LEPAGE (3).md,3409,C
C/02620_MARTIN_LEPAGE_4_4a3cbde3dee5.md,C:\Users\softinfo\Downloads\clearday-mobile\EMERAULDdiff\raw sources\D_LIBRARY_ingest_2026-04-26\ocr_unreadable\converted_ocr\Review\Unreadable\MARTIN LEPAGE (4).md,3630,C
C/02621_Martin_LEPAGE_Curriculum_vitae_2_b9fcd0a767f7.md,C:\Users\softinfo\Downloads\clearday-mobile\EMERAULDdiff\raw sources\D_LIBRARY_ingest_2026-04-26\ocr_unreadable\converted_ocr\Review\Unreadable\Martin LEPAGE – Curriculum vitae (2).md,5695,C
C/02622_Martin_LEPAGE_Curriculum_vitae_1c838f3c9957.md,C:\Users\softinfo\Downloads\clearday-mobile\EMERAULDdiff\raw sources\D_LIBRARY_ingest_2026-04-26\ocr_unreadable\converted_ocr\Review\Unreadable\Martin LEPAGE – Curriculum vitae.md,15725,C
C/02623_Martin_Lepage_PhD_2_a0f478f184ed.md,"C:\Users\softinfo\Downloads\clearday-mobile\EMERAULDdiff\raw sources\D_LIBRARY_ingest_2026-04-26\ocr_unreadable\converted_ocr\Review\Unreadable\Martin Lepage, PhD (2).md",2016,C
C/02624_MARTIN_LEPAGE_PHD_3_b4f8db7efe19.md,"C:\Users\softinfo\Downloads\clearday-mobile\EMERAULDdiff\raw sources\D_LIBRARY_ingest_2026-04-26\ocr_unreadable\converted_ocr\Review\Unreadable\MARTIN LEPAGE, PHD (3).md",6361,C
C/02625_Martin_LEPAGE_PhD_6685cae3af1e.md,"C:\Users\softinfo\Downloads\clearday-mobile\EMERAULDdiff\raw sources\D_LIBRARY_ingest_2026-04-26\ocr_unreadable\converted_ocr\Review\Unreadable\Martin LEPAGE, PhD.md",3217,C
C/02626_Martin_Lepage_e71df104ca07.md,C:\Users\softinfo\Downloads\clearday-mobile\EMERAULDdiff\raw sources\D_LIBRARY_ingest_2026-04-26\ocr_unreadable\converted_ocr\Review\Unreadable\Martin Lepage.md,6702,C
C/02627_Martin_LepageWSP_Canada_871e27ca1978.md,C:\Users\softinfo\Downloads\clearday-mobile\EMERAULDdiff\raw sources\D_LIBRARY_ingest_2026-04-26\ocr_unreadable\converted_ocr\Review\Unreadable\Martin LepageWSP Canada.md,3670,C
C/02628_Martin_Voice_Spec_v3_OFFICIAL_6a18cc9f37b1.md,C:\Users\softinfo\Downloads\clearday-mobile\EMERAULDdiff\raw sources\D_LIBRARY_ingest_2026-04-26\ocr_unreadable\converted_ocr\Review\Unreadable\Martin Voice Spec v3 OFFICIAL.md,12246,C
C/02629_MartinLepage_AttackClassificationReport_2ad81c0388df.md,C:\Users\softinfo\Downloads\clearday-mobile\EMERAULDdiff\raw sources\D_LIBRARY_ingest_2026-04-26\ocr_unreadable\converted_ocr\Review\Unreadable\MartinLepage_AttackClassificationReport.md,3376,C
C/02630_Microsoft_Word_-_ANNEXE_H_FR_-_CU_53_avec_changeme_dd5da59e4a9b.md,C:\Users\softinfo\Downloads\clearday-mobile\EMERAULDdiff\raw sources\D_LIBRARY_ingest_2026-04-26\ocr_unreadable\converted_ocr\Review\Unreadable\Microsoft Word - ANNEXE H – FR - CU 53 avec changement par. 11.docx.md,10559,C
C/02631_Microsoft_Word_-_Concours_de_bourse_postdoctorale_7648b22cee4f.md,C:\Users\softinfo\Downloads\clearday-mobile\EMERAULDdiff\raw sources\D_LIBRARY_ingest_2026-04-26\ocr_unreadable\converted_ocr\Review\Unreadable\Microsoft Word - Concours de bourse postdoctorale PRPRS 2016.md,4461,C
C/02632_Microsoft_Word_-_Croft_-_Slayage_18.1.docx_e2746cd44b5f.md,C:\Users\softinfo\Downloads\clearday-mobile\EMERAULDdiff\raw sources\D_LIBRARY_ingest_2026-04-26\ocr_unreadable\converted_ocr\Review\Unreadable\Microsoft Word - Croft - Slayage 18.1.docx.md,33457,C
C/02633_Microsoft_Word_-_Death_as_a_Gift_in_Whedon_and_Tol_566fb689001b.md,C:\Users\softinfo\Downloads\clearday-mobile\EMERAULDdiff\raw sources\D_LIBRARY_ingest_2026-04-26\ocr_unreadable\converted_ocr\Review\Unreadable\Microsoft Word - Death as a Gift in Whedon and Tolkien August.docx.md,42090,C
C/02634_Microsoft_Word_-_DISSERTATION_DAVIDSEN_POSTDRUKPRO_35e302e586bb.md,C:\Users\softinfo\Downloads\clearday-mobile\EMERAULDdiff\raw sources\D_LIBRARY_ingest_2026-04-26\ocr_unreadable\converted_ocr\Review\Unreadable\Microsoft Word - DISSERTATION_DAVIDSEN_POSTDRUKPROEF.docx.md,1678656,C
C/02635_Microsoft_Word_-_Document2_92d369071cfc.md,C:\Users\softinfo\Downloads\clearday-mobile\EMERAULDdiff\raw sources\D_LIBRARY_ingest_2026-04-26\ocr_unreadable\converted_ocr\Review\Unreadable\Microsoft Word - Document2.md,4328,C
C/02636_Microsoft_Word_-_Liste_des_comit_s_d_valuation_200_7f3c9e765e5e.md,C:\Users\softinfo\Downloads\clearday-mobile\EMERAULDdiff\raw sources\D_LIBRARY_ingest_2026-04-26\ocr_unreadable\converted_ocr\Review\Unreadable\Microsoft Word - Liste des comités d'évaluation 2009-2010 _Annexe 1_.doc.md,9374,C
C/02637_Microsoft_Word_-_Mapping_the_Margins.doc_d98aa5b8d59c.md,C:\Users\softinfo\Downloads\clearday-mobile\EMERAULDdiff\raw sources\D_LIBRARY_ingest_2026-04-26\ocr_unreadable\converted_ocr\Review\Unreadable\Microsoft Word - Mapping the Margins.doc.md,82774,C
C/02638_Microsoft_Word_-_PAPER_The_Blending_of_Bending_201_fcfd2550a658.md,C:\Users\softinfo\Downloads\clearday-mobile\EMERAULDdiff\raw sources\D_LIBRARY_ingest_2026-04-26\ocr_unreadable\converted_ocr\Review\Unreadable\Microsoft Word - PAPER_The Blending of Bending_20170113.docx.md,34153,C
C/02639_Microsoft_Word_-_Projet_Mc_Andrew_et_al._pour_info_3b2b1d96f91c.md,C:\Users\softinfo\Downloads\clearday-mobile\EMERAULDdiff\raw sources\D_LIBRARY_ingest_2026-04-26\ocr_unreadable\converted_ocr\Review\Unreadable\Microsoft Word - Projet Mc Andrew et al. pour info..md,40046,C
C/02640_Microsoft_Word_-_PROOFREAD_Anime_Full_MS_typesetti_434a1f61d25a.md,C:\Users\softinfo\Downloads\clearday-mobile\EMERAULDdiff\raw sources\D_LIBRARY_ingest_2026-04-26\ocr_unreadable\converted_ocr\Review\Unreadable\Microsoft Word - PROOFREAD_Anime Full MS_typesetting_MP.md,14863,C
C/02641_Microsoft_Word_-_Turning_your_Dissertation_into_a_4e93d16e0089.md,C:\Users\softinfo\Downloads\clearday-mobile\EMERAULDdiff\raw sources\D_LIBRARY_ingest_2026-04-26\ocr_unreadable\converted_ocr\Review\Unreadable\Microsoft Word - Turning your Dissertation into a Book-open sans.md,10205,C
C/02642_Misfit_as_Method_Ten_Diagnostic_Scenes_of_Institut_aa34422e8c60.md,C:\Users\softinfo\Downloads\clearday-mobile\EMERAULDdiff\raw sources\D_LIBRARY_ingest_2026-04-26\ocr_unreadable\converted_ocr\Review\Unreadable\Misfit as Method Ten Diagnostic Scenes of Institutional Failure.md,54476,C
C/02643_Mod_le_Th_se-M_moire_063022b2102f.md,C:\Users\softinfo\Downloads\clearday-mobile\EMERAULDdiff\raw sources\D_LIBRARY_ingest_2026-04-26\ocr_unreadable\converted_ocr\Review\Unreadable\Modèle Thèse-Mémoire.md,35582,C
C/02644_Montr_al_April_30th_2025_f696dd19b97f.md,"C:\Users\softinfo\Downloads\clearday-mobile\EMERAULDdiff\raw sources\D_LIBRARY_ingest_2026-04-26\ocr_unreadable\converted_ocr\Review\Unreadable\Montréal, April 30th, 2025.md",1591,C
C/02645_Network_Propaganda_Manipulation_Disinformation_and_107c1cdbc249.md,C:\Users\softinfo\Downloads\clearday-mobile\EMERAULDdiff\raw sources\D_LIBRARY_ingest_2026-04-26\ocr_unreadable\converted_ocr\Review\Unreadable\Network_Propaganda_Manipulation_Disinformation_and.pdf.md,2959,C
C/02646_Operational_indicators_and_discriminating_evidence_93e7300a5fcc.md,C:\Users\softinfo\Downloads\clearday-mobile\EMERAULDdiff\raw sources\D_LIBRARY_ingest_2026-04-26\ocr_unreadable\converted_ocr\Review\Unreadable\Operational indicators and discriminating evidence.md,2548,C
C/02647_Paul_Ricoeur_culture_scienceshumaines_c6d38c688b7d.md,"C:\Users\softinfo\Downloads\clearday-mobile\EMERAULDdiff\raw sources\D_LIBRARY_ingest_2026-04-26\ocr_unreadable\converted_ocr\Review\Unreadable\Paul Ricoeur, culture scienceshumaines.md",774616,C
C/02648_Power_in_International_Politics_f8e87d235360.md,C:\Users\softinfo\Downloads\clearday-mobile\EMERAULDdiff\raw sources\D_LIBRARY_ingest_2026-04-26\ocr_unreadable\converted_ocr\Review\Unreadable\Power in International Politics.md,123168,C
C/02649_PPTC_054_E_Adult_Simplified_Renewal_Passport_Appli_ba93058ccbcb.md,C:\Users\softinfo\Downloads\clearday-mobile\EMERAULDdiff\raw sources\D_LIBRARY_ingest_2026-04-26\ocr_unreadable\converted_ocr\Review\Unreadable\PPTC 054 E Adult Simplified Renewal Passport Application for Eligible Canadians Applying in Canada o.md,21918,C
C/02650_PPTC_055_Demande_De_Renouvellement_Simplifi_De_Pas_201ea4242ba3.md,C:\Users\softinfo\Downloads\clearday-mobile\EMERAULDdiff\raw sources\D_LIBRARY_ingest_2026-04-26\ocr_unreadable\converted_ocr\Review\Unreadable\PPTC 055 Demande De Renouvellement Simplifié De Passeport Pour Adulte (2).md,26298,C
C/02651_PPTC_055_Demande_De_Renouvellement_Simplifi_De_Pas_02b097ef1ba3.md,C:\Users\softinfo\Downloads\clearday-mobile\EMERAULDdiff\raw sources\D_LIBRARY_ingest_2026-04-26\ocr_unreadable\converted_ocr\Review\Unreadable\PPTC 055 Demande De Renouvellement Simplifié De Passeport Pour Adulte.md,27221,C
C/02652_ProAfp_Document_7a594f8e88a6.md,C:\Users\softinfo\Downloads\clearday-mobile\EMERAULDdiff\raw sources\D_LIBRARY_ingest_2026-04-26\ocr_unreadable\converted_ocr\Review\Unreadable\ProAfp Document.md,11129,C
C/02653_Publications_3270271c43af.md,C:\Users\softinfo\Downloads\clearday-mobile\EMERAULDdiff\raw sources\D_LIBRARY_ingest_2026-04-26\ocr_unreadable\converted_ocr\Review\Unreadable\Publications.md,3287,C
C/02654_Queer_Experiences_of_Religion_How_Marginalization_d088bc6da9f3.md,C:\Users\softinfo\Downloads\clearday-mobile\EMERAULDdiff\raw sources\D_LIBRARY_ingest_2026-04-26\ocr_unreadable\converted_ocr\Review\Unreadable\Queer Experiences of Religion How Marginalization within a Religion Affects Its Queer Members.md,62955,C
C/02655_Queer_Methods_and_Methodologies_Intersecting_Queer_3454c31e36bb.md,C:\Users\softinfo\Downloads\clearday-mobile\EMERAULDdiff\raw sources\D_LIBRARY_ingest_2026-04-26\ocr_unreadable\converted_ocr\Review\Unreadable\Queer Methods and Methodologies Intersecting Queer Theories and Social Science Research.md,76449,C
C/02656_Queer_Phenomenology_Orientations_Objects_Others_f8d2903a132e.md,"C:\Users\softinfo\Downloads\clearday-mobile\EMERAULDdiff\raw sources\D_LIBRARY_ingest_2026-04-26\ocr_unreadable\converted_ocr\Review\Unreadable\Queer Phenomenology_ Orientations, Objects, Others.md",4528,C
C/02657_Queer_Religiosities_An_Introduction_to...er_and_Tr_ff0080e9c25e.md,C:\Users\softinfo\Downloads\clearday-mobile\EMERAULDdiff\raw sources\D_LIBRARY_ingest_2026-04-26\ocr_unreadable\converted_ocr\Review\Unreadable\Queer Religiosities_ An Introduction to...er and Transgender Studies in Religion.md,3023,C
C/02658_References_SAGE_Harvard_Style_1174506c8685.md,C:\Users\softinfo\Downloads\clearday-mobile\EMERAULDdiff\raw sources\D_LIBRARY_ingest_2026-04-26\ocr_unreadable\converted_ocr\Review\Unreadable\References – SAGE Harvard Style.md,1474,C
C/02659_Regulating_human_control_over_autonomous_systems_0e8e4ece02bf.md,C:\Users\softinfo\Downloads\clearday-mobile\EMERAULDdiff\raw sources\D_LIBRARY_ingest_2026-04-26\ocr_unreadable\converted_ocr\Review\Unreadable\Regulating human control over autonomous systems.md,7800,C
C/02660_religiologiques.uqam.ca_recen_2024_2024_FPiraino.h_510383eb3409.md,C:\Users\softinfo\Downloads\clearday-mobile\EMERAULDdiff\raw sources\D_LIBRARY_ingest_2026-04-26\ocr_unreadable\converted_ocr\Review\Unreadable\religiologiques.uqam.ca_recen_2024_2024_FPiraino.htm.md,10128,C
C/02661_Report_copy_05_for_print_bdf2cb391d08.md,C:\Users\softinfo\Downloads\clearday-mobile\EMERAULDdiff\raw sources\D_LIBRARY_ingest_2026-04-26\ocr_unreadable\converted_ocr\Review\Unreadable\Report_copy_05_for print.md,20737,C
C/02662_Review_2014_UnknownAuthor_Journal_for_the_Study_of_d594a573bdcb.md,C:\Users\softinfo\Downloads\clearday-mobile\EMERAULDdiff\raw sources\D_LIBRARY_ingest_2026-04-26\ocr_unreadable\converted_ocr\Review\Unreadable\Review_2014_UnknownAuthor_Journal for the Study of Western Esotericism - Review_2014_UnknownAuthor_J.md,29377,C
C/02663_Review_2019_white_Correspondences.pdf_-_Review_201_44ee17ea4b08.md,C:\Users\softinfo\Downloads\clearday-mobile\EMERAULDdiff\raw sources\D_LIBRARY_ingest_2026-04-26\ocr_unreadable\converted_ocr\Review\Unreadable\Review_2019_white_Correspondences.pdf - Review_2019_white_Correspondences.pdf.pdf - Review_2019_whit.md,23887,C
C/02664_Review_2020_white_Correspondences.pdf_-_Review_202_bd000c189a9b.md,C:\Users\softinfo\Downloads\clearday-mobile\EMERAULDdiff\raw sources\D_LIBRARY_ingest_2026-04-26\ocr_unreadable\converted_ocr\Review\Unreadable\Review_2020_white_Correspondences.pdf - Review_2020_white_Correspondences.pdf.pdf - Review_2020_whit.md,26564,C
C/02665_Review_2021_fruttaldo_Book_review.pdf_-_Review_202_61aa2026a26b.md,C:\Users\softinfo\Downloads\clearday-mobile\EMERAULDdiff\raw sources\D_LIBRARY_ingest_2026-04-26\ocr_unreadable\converted_ocr\Review\Unreadable\Review_2021_fruttaldo_Book review.pdf - Review_2021_fruttaldo_Book review.pdf.pdf - Review_2021_frut.md,15604,C
C/02666_R_viser_et_signer_des_documents_sur_Docusign_Docus_365f792edb28.md,C:\Users\softinfo\Downloads\clearday-mobile\EMERAULDdiff\raw sources\D_LIBRARY_ingest_2026-04-26\ocr_unreadable\converted_ocr\Review\Unreadable\Réviser et signer des documents sur Docusign Docusign.md,1806,C
C/02667_Scanned_Document_10_4787264730ef.md,C:\Users\softinfo\Downloads\clearday-mobile\EMERAULDdiff\raw sources\D_LIBRARY_ingest_2026-04-26\ocr_unreadable\converted_ocr\Review\Unreadable\Scanned Document (10).md,3103,C
C/02668_Scanned_Document_11_15f3dd4f51d0.md,C:\Users\softinfo\Downloads\clearday-mobile\EMERAULDdiff\raw sources\D_LIBRARY_ingest_2026-04-26\ocr_unreadable\converted_ocr\Review\Unreadable\Scanned Document (11).md,3985,C
C/02669_Scanned_Document_12_49d03f4c9bfe.md,C:\Users\softinfo\Downloads\clearday-mobile\EMERAULDdiff\raw sources\D_LIBRARY_ingest_2026-04-26\ocr_unreadable\converted_ocr\Review\Unreadable\Scanned Document (12).md,8241,C
C/02670_Scanned_Document_2_7230bb4ed5e5.md,C:\Users\softinfo\Downloads\clearday-mobile\EMERAULDdiff\raw sources\D_LIBRARY_ingest_2026-04-26\ocr_unreadable\converted_ocr\Review\Unreadable\Scanned Document (2).md,2889,C
C/02671_Scanned_Document_3_4caa5f7004a9.md,C:\Users\softinfo\Downloads\clearday-mobile\EMERAULDdiff\raw sources\D_LIBRARY_ingest_2026-04-26\ocr_unreadable\converted_ocr\Review\Unreadable\Scanned Document (3).md,4181,C
C/02672_Scanned_Document_4_43f9940670ad.md,C:\Users\softinfo\Downloads\clearday-mobile\EMERAULDdiff\raw sources\D_LIBRARY_ingest_2026-04-26\ocr_unreadable\converted_ocr\Review\Unreadable\Scanned Document (4).md,11521,C
C/02673_Scanned_Document_5_011f6bbd2d22.md,C:\Users\softinfo\Downloads\clearday-mobile\EMERAULDdiff\raw sources\D_LIBRARY_ingest_2026-04-26\ocr_unreadable\converted_ocr\Review\Unreadable\Scanned Document (5).md,15828,C
C/02674_Scanned_Document_6_13f47f2f04f8.md,C:\Users\softinfo\Downloads\clearday-mobile\EMERAULDdiff\raw sources\D_LIBRARY_ingest_2026-04-26\ocr_unreadable\converted_ocr\Review\Unreadable\Scanned Document (6).md,4016,C
C/02675_Scanned_Document_7_894bcace952d.md,C:\Users\softinfo\Downloads\clearday-mobile\EMERAULDdiff\raw sources\D_LIBRARY_ingest_2026-04-26\ocr_unreadable\converted_ocr\Review\Unreadable\Scanned Document (7).md,3344,C
C/02676_Scanned_Document_8_b3c6cb56f994.md,C:\Users\softinfo\Downloads\clearday-mobile\EMERAULDdiff\raw sources\D_LIBRARY_ingest_2026-04-26\ocr_unreadable\converted_ocr\Review\Unreadable\Scanned Document (8).md,4731,C
C/02677_Scanned_Document_9_3727792fcaa9.md,C:\Users\softinfo\Downloads\clearday-mobile\EMERAULDdiff\raw sources\D_LIBRARY_ingest_2026-04-26\ocr_unreadable\converted_ocr\Review\Unreadable\Scanned Document (9).md,2291,C
C/02678_Scanned_Document_50968a9213d4.md,C:\Users\softinfo\Downloads\clearday-mobile\EMERAULDdiff\raw sources\D_LIBRARY_ingest_2026-04-26\ocr_unreadable\converted_ocr\Review\Unreadable\Scanned Document.md,43515,C
C/02679_SEALED_CARD_f1e39ea96c77.md,C:\Users\softinfo\Downloads\clearday-mobile\EMERAULDdiff\raw sources\D_LIBRARY_ingest_2026-04-26\ocr_unreadable\converted_ocr\Review\Unreadable\SEALED CARD.md,45539,C
C/02680_Sealed_Card_Protocol_FINAL_30a4b7ea225e.md,C:\Users\softinfo\Downloads\clearday-mobile\EMERAULDdiff\raw sources\D_LIBRARY_ingest_2026-04-26\ocr_unreadable\converted_ocr\Review\Unreadable\Sealed_Card_Protocol_FINAL.md,48073,C
C/02681_SEALEDJENNI_daae4ca1c0bc.md,C:\Users\softinfo\Downloads\clearday-mobile\EMERAULDdiff\raw sources\D_LIBRARY_ingest_2026-04-26\ocr_unreadable\converted_ocr\Review\Unreadable\SEALEDJENNI.md,49497,C
C/02682_Selves_and_Subjectivities_Reflections_on_Canadian_bf0cca488214.md,C:\Users\softinfo\Downloads\clearday-mobile\EMERAULDdiff\raw sources\D_LIBRARY_ingest_2026-04-26\ocr_unreadable\converted_ocr\Review\Unreadable\Selves and Subjectivities Reflections on Canadian Arts and Culture.md,522094,C
C/02683_Sharp_Scanned_Image_PDF_Unreadable_OCR_762c74b19a92.md,C:\Users\softinfo\Downloads\clearday-mobile\EMERAULDdiff\raw sources\D_LIBRARY_ingest_2026-04-26\ocr_unreadable\converted_ocr\Review\Unreadable\Sharp Scanned Image PDF — Unreadable OCR.md,4504,C
C/02684_Slayage_Number_7_Badman_3f52a7f1ca57.md,C:\Users\softinfo\Downloads\clearday-mobile\EMERAULDdiff\raw sources\D_LIBRARY_ingest_2026-04-26\ocr_unreadable\converted_ocr\Review\Unreadable\Slayage Number 7 Badman.md,35436,C
C/02685_Slayage_PUBLICATION_AGREEMENT_rev_2022_1_71a29fab030e.md,C:\Users\softinfo\Downloads\clearday-mobile\EMERAULDdiff\raw sources\D_LIBRARY_ingest_2026-04-26\ocr_unreadable\converted_ocr\Review\Unreadable\Slayage PUBLICATION AGREEMENT rev 2022 (1).md,4080,C
C/02686_Solving_a_machine-learning_mystery_MI..._Massachus_eff774ddc9b2.md,C:\Users\softinfo\Downloads\clearday-mobile\EMERAULDdiff\raw sources\D_LIBRARY_ingest_2026-04-26\ocr_unreadable\converted_ocr\Review\Unreadable\Solving a machine-learning mystery _ MI... Massachusetts Institute of Technology.md,12210,C
C/02687_Studying_complexity_in_health_services_research_de_947ee7e86758.md,C:\Users\softinfo\Downloads\clearday-mobile\EMERAULDdiff\raw sources\D_LIBRARY_ingest_2026-04-26\ocr_unreadable\converted_ocr\Review\Unreadable\Studying complexity in health services research desperately seeking an overdue paradigm shift.md,33340,C
C/02688_Stuff_Penn_Humanities_Forum_6cf8fdd28725.md,C:\Users\softinfo\Downloads\clearday-mobile\EMERAULDdiff\raw sources\D_LIBRARY_ingest_2026-04-26\ocr_unreadable\converted_ocr\Review\Unreadable\Stuff Penn Humanities Forum.md,6454,C
C/02689_Stuttering_through_the_Institution_On_Queer_Knowin_6195484d2b46.md,"C:\Users\softinfo\Downloads\clearday-mobile\EMERAULDdiff\raw sources\D_LIBRARY_ingest_2026-04-26\ocr_unreadable\converted_ocr\Review\Unreadable\Stuttering through the Institution On Queer Knowing, Academic Containment, and Refusal.md",46949,C
C/02690_Submission_guidelines_AI_SOCIETY_Springer_Nature_L_658e1237dbcf.md,C:\Users\softinfo\Downloads\clearday-mobile\EMERAULDdiff\raw sources\D_LIBRARY_ingest_2026-04-26\ocr_unreadable\converted_ocr\Review\Unreadable\Submission guidelines _ AI & SOCIETY _ Springer Nature Link.md,2317,C
C/02691_Submission_guidelines_SYNTHESE_b28f90aba13c.md,C:\Users\softinfo\Downloads\clearday-mobile\EMERAULDdiff\raw sources\D_LIBRARY_ingest_2026-04-26\ocr_unreadable\converted_ocr\Review\Unreadable\Submission guidelines SYNTHESE.md,22716,C
C/02692_Submission_Guidelines_Social_Compass_Sage_Journals_d23e2fab0a04.md,C:\Users\softinfo\Downloads\clearday-mobile\EMERAULDdiff\raw sources\D_LIBRARY_ingest_2026-04-26\ocr_unreadable\converted_ocr\Review\Unreadable\Submission Guidelines_ Social Compass_ Sage Journals.md,4422,C
C/02693_Takeoff_Forecast_AI_2027_edb1095a5ecf.md,C:\Users\softinfo\Downloads\clearday-mobile\EMERAULDdiff\raw sources\D_LIBRARY_ingest_2026-04-26\ocr_unreadable\converted_ocr\Review\Unreadable\Takeoff Forecast â•ﬂ AI 2027.md,3919,C
C/02694_The_Age_of_Surveillance_Capitalism_The_Fight_for_a_a002ffa4a04a.md,C:\Users\softinfo\Downloads\clearday-mobile\EMERAULDdiff\raw sources\D_LIBRARY_ingest_2026-04-26\ocr_unreadable\converted_ocr\Review\Unreadable\The Age of Surveillance Capitalism The Fight for a Human Future at the New Frontier of Power.md,15508,C
C/02695_The_Bond_as_Condition_Coherence_Bifurcation_and_th_0d47b9ba24f0.md,"C:\Users\softinfo\Downloads\clearday-mobile\EMERAULDdiff\raw sources\D_LIBRARY_ingest_2026-04-26\ocr_unreadable\converted_ocr\Review\Unreadable\The Bond as Condition Coherence, Bifurcation, and the Relational Foundations of Intelligence.md",65341,C
C/02696_THE_BROKEN_FREQUENCY_OF_THE_WORD-BOOK_ff0b5d22372b.md,C:\Users\softinfo\Downloads\clearday-mobile\EMERAULDdiff\raw sources\D_LIBRARY_ingest_2026-04-26\ocr_unreadable\converted_ocr\Review\Unreadable\THE BROKEN FREQUENCY OF THE WORD-BOOK.md,15112,C
C/02697_The_Circle_Remains_Open_Queer_Pagan_Landscapes_and_cc891d84e42f.md,C:\Users\softinfo\Downloads\clearday-mobile\EMERAULDdiff\raw sources\D_LIBRARY_ingest_2026-04-26\ocr_unreadable\converted_ocr\Review\Unreadable\The Circle Remains Open Queer Pagan Landscapes and Situated Knowledges in Montreal.md,47106,C
C/02698_The_Circle_Remains_Open_Toward_a_Queer_Sociology_o_862ae57c3c3d.md,C:\Users\softinfo\Downloads\clearday-mobile\EMERAULDdiff\raw sources\D_LIBRARY_ingest_2026-04-26\ocr_unreadable\converted_ocr\Review\Unreadable\The Circle Remains Open Toward a Queer Sociology of the Sacred (2).md,63949,C
C/02699_The_Circle_Remains_Open_Toward_a_Queer_Sociology_o_f23717c19202.md,C:\Users\softinfo\Downloads\clearday-mobile\EMERAULDdiff\raw sources\D_LIBRARY_ingest_2026-04-26\ocr_unreadable\converted_ocr\Review\Unreadable\The Circle Remains Open Toward a Queer Sociology of the Sacred.md,45866,C
C/02700_The_Cultural_Politics_of_Emotion_11dab03ac05a.md,C:\Users\softinfo\Downloads\clearday-mobile\EMERAULDdiff\raw sources\D_LIBRARY_ingest_2026-04-26\ocr_unreadable\converted_ocr\Review\Unreadable\The Cultural Politics of Emotion.md,4475,C
C/02701_The_Feeling_of_Migration_Narratives_of_Queer_Intim_dca0badc9943.md,C:\Users\softinfo\Downloads\clearday-mobile\EMERAULDdiff\raw sources\D_LIBRARY_ingest_2026-04-26\ocr_unreadable\converted_ocr\Review\Unreadable\The Feeling of Migration Narratives of Queer Intimacies and Partner Migration.md,16074,C
C/02702_The_golden_bough_a_study_in_magic_and_religion_345b623d949a.md,C:\Users\softinfo\Downloads\clearday-mobile\EMERAULDdiff\raw sources\D_LIBRARY_ingest_2026-04-26\ocr_unreadable\converted_ocr\Review\Unreadable\The golden bough; a study in magic and religion.md,9365,C
C/02703_The_Machine_s_Mirror_Alien_AI_and_Posthuman_Recogn_1478a887ad41.md,"C:\Users\softinfo\Downloads\clearday-mobile\EMERAULDdiff\raw sources\D_LIBRARY_ingest_2026-04-26\ocr_unreadable\converted_ocr\Review\Unreadable\The Machine’s Mirror Alien, AI, and Posthuman Recognition.md",51199,C
C/02704_THE_MAIN_HYPOTHESIS_AND_ITS_RIVALS_e6e3bb909ed3.md,C:\Users\softinfo\Downloads\clearday-mobile\EMERAULDdiff\raw sources\D_LIBRARY_ingest_2026-04-26\ocr_unreadable\converted_ocr\Review\Unreadable\THE MAIN HYPOTHESIS AND ITS RIVALS.md,4829,C
C/02705_The_Price_of_the_Body_Queer_Alchemy_Power_and_Embo_15249098c428.md,"C:\Users\softinfo\Downloads\clearday-mobile\EMERAULDdiff\raw sources\D_LIBRARY_ingest_2026-04-26\ocr_unreadable\converted_ocr\Review\Unreadable\The Price of the Body Queer Alchemy, Power, and Embodiment in Fullmetal Alchemist.md",49750,C
C/02706_The_Sealed_Card_Protocol_Legitimacy_Pathway_Author_34f6cbdc7917.md,"C:\Users\softinfo\Downloads\clearday-mobile\EMERAULDdiff\raw sources\D_LIBRARY_ingest_2026-04-26\ocr_unreadable\converted_ocr\Review\Unreadable\The Sealed Card Protocol Legitimacy, Pathway Authorization, and the Governance of Mediation Under Ge.md",92792,C
C/02707_The_U.S._Department_of_Labor_s_Artificial_Intellig_0044f7280e0b.md,C:\Users\softinfo\Downloads\clearday-mobile\EMERAULDdiff\raw sources\D_LIBRARY_ingest_2026-04-26\ocr_unreadable\converted_ocr\Review\Unreadable\The U.S. Department of Labor’s Artificial Intelligence Literacy Framework.md,39216,C
C/02708_This_Paper_May_Not_Exist_AI_Authorship_and_the_Fut_b0266af78cca.md,"C:\Users\softinfo\Downloads\clearday-mobile\EMERAULDdiff\raw sources\D_LIBRARY_ingest_2026-04-26\ocr_unreadable\converted_ocr\Review\Unreadable\This Paper May Not Exist AI, Authorship, and the Future of Academic Legitimacy.md",35404,C
C/02709_Timelines_Forecast_AI_2027_19e64d35ef2f.md,C:\Users\softinfo\Downloads\clearday-mobile\EMERAULDdiff\raw sources\D_LIBRARY_ingest_2026-04-26\ocr_unreadable\converted_ocr\Review\Unreadable\Timelines Forecast â•ﬂ AI 2027.md,3072,C
C/02710_TITLE_of_Research_Project_f59bff8b5983.md,C:\Users\softinfo\Downloads\clearday-mobile\EMERAULDdiff\raw sources\D_LIBRARY_ingest_2026-04-26\ocr_unreadable\converted_ocr\Review\Unreadable\TITLE of Research Project.md,13365,C
C/02711_Traditions_and_Trajectories_in_the_Historiography_37c09f7c5ad4.md,C:\Users\softinfo\Downloads\clearday-mobile\EMERAULDdiff\raw sources\D_LIBRARY_ingest_2026-04-26\ocr_unreadable\converted_ocr\Review\Unreadable\Traditions and Trajectories in the Historiography of European Witch Hunting.md,45884,C
C/02712_Transforming_Acquisitions_and_Collection_Services_498107134677.md,C:\Users\softinfo\Downloads\clearday-mobile\EMERAULDdiff\raw sources\D_LIBRARY_ingest_2026-04-26\ocr_unreadable\converted_ocr\Review\Unreadable\Transforming Acquisitions and Collection Services.md,10777,C
C/02713_Transmutation_and_the_Body_Queer_Ethics_and_Visual_26d6e112f4e0.md,C:\Users\softinfo\Downloads\clearday-mobile\EMERAULDdiff\raw sources\D_LIBRARY_ingest_2026-04-26\ocr_unreadable\converted_ocr\Review\Unreadable\Transmutation and the Body Queer Ethics and Visual Form in Fullmetal Alchemist.md,49769,C
C/02714_type_raw_2_7b3ca395b808.md,C:\Users\softinfo\Downloads\clearday-mobile\EMERAULDdiff\raw sources\D_LIBRARY_ingest_2026-04-26\ocr_unreadable\converted_ocr\Review\Unreadable\type raw (2).md,91869,C
C/02715_type_raw_a4d6b8697795.md,C:\Users\softinfo\Downloads\clearday-mobile\EMERAULDdiff\raw sources\D_LIBRARY_ingest_2026-04-26\ocr_unreadable\converted_ocr\Review\Unreadable\type raw.md,88236,C
C/02716_t_l_chargement1_0f96fc4c4ee7.md,C:\Users\softinfo\Downloads\clearday-mobile\EMERAULDdiff\raw sources\D_LIBRARY_ingest_2026-04-26\ocr_unreadable\converted_ocr\Review\Unreadable\téléchargement1.md,3146,C
C/02717_t_l_chargement2_3c4d269ca6af.md,C:\Users\softinfo\Downloads\clearday-mobile\EMERAULDdiff\raw sources\D_LIBRARY_ingest_2026-04-26\ocr_unreadable\converted_ocr\Review\Unreadable\téléchargement2.md,2051,C
C/02718_Unreadable_OCR_PDF_1.6_7d9ec2254f1d.md,C:\Users\softinfo\Downloads\clearday-mobile\EMERAULDdiff\raw sources\D_LIBRARY_ingest_2026-04-26\ocr_unreadable\converted_ocr\Review\Unreadable\Unreadable OCR — PDF 1.6.md,118349,C
C/02719_Unreadable_OCR_PDF_1.7_bda81ad9c104.md,C:\Users\softinfo\Downloads\clearday-mobile\EMERAULDdiff\raw sources\D_LIBRARY_ingest_2026-04-26\ocr_unreadable\converted_ocr\Review\Unreadable\Unreadable OCR — PDF 1.7.md,17319,C
C/02720_Untangling_the_web_The_need_for_theory_theoretical_a342976ef058.md,"C:\Users\softinfo\Downloads\clearday-mobile\EMERAULDdiff\raw sources\D_LIBRARY_ingest_2026-04-26\ocr_unreadable\converted_ocr\Review\Unreadable\Untangling the web The need for theory, theoretical frameworks, and conceptual frameworks in paramed.md",24672,C
C/02721_UQAM_tudiants_Commande_de_documents_officiels_357fb4064a04.md,C:\Users\softinfo\Downloads\clearday-mobile\EMERAULDdiff\raw sources\D_LIBRARY_ingest_2026-04-26\ocr_unreadable\converted_ocr\Review\Unreadable\UQAM Ã›tudiants Commande de documents officiels.md,3042,C
C/02722_Using_pgvector_LLMs_and_LangChain_with...le_Cloud_72b20b5ff1bf.md,"C:\Users\softinfo\Downloads\clearday-mobile\EMERAULDdiff\raw sources\D_LIBRARY_ingest_2026-04-26\ocr_unreadable\converted_ocr\Review\Unreadable\Using pgvector, LLMs and LangChain with...le Cloud databases _ Google Cloud Blog.md",3528,C
C/02723_View_of_Vol._10_No._1_2025_The_Socie...y_and_Crimi_78b567f06d7c.md,C:\Users\softinfo\Downloads\clearday-mobile\EMERAULDdiff\raw sources\D_LIBRARY_ingest_2026-04-26\ocr_unreadable\converted_ocr\Review\Unreadable\View of Vol. 10 No. 1 (2025)_ The Socie...y and Criminology Undergraduate Review.md,2731,C
C/02724_Voice_as_Legitimacy_Regime_Recognition_Whiteness_a_d36b9789a631.md,"C:\Users\softinfo\Downloads\clearday-mobile\EMERAULDdiff\raw sources\D_LIBRARY_ingest_2026-04-26\ocr_unreadable\converted_ocr\Review\Unreadable\Voice as Legitimacy Regime Recognition, Whiteness, and Invisibility in What We Do in the Shadows.md",34984,C
C/02725_WHY_BE_KING_I_m_already_a_Queen_1422c12feeed.md,C:\Users\softinfo\Downloads\clearday-mobile\EMERAULDdiff\raw sources\D_LIBRARY_ingest_2026-04-26\ocr_unreadable\converted_ocr\Review\Unreadable\WHY BE KING! I’m already a Queen!.md,56387,C
C/02726_The_Childish_the_Transformative_and_the_Queer_Quee_68632d5de746.md,"C:\Users\softinfo\Downloads\clearday-mobile\EMERAULDdiff\raw sources\D_LIBRARY_ingest_2026-04-26\ocr_unreadable\converted_ocr\Review\Unreadable\“The Childish, the Transformative, and the Queer” Queer Interventions as Praxis in Children’s Cartoo.md",19374,C
C/02727_Things_I_Do_Are_Manifestations_of_Love_Queer_Relig_74271c108370.md,C:\Users\softinfo\Downloads\clearday-mobile\EMERAULDdiff\raw sources\D_LIBRARY_ingest_2026-04-26\ocr_unreadable\converted_ocr\Review\Unreadable\“Things I Do Are Manifestations of Love” Queer Religiosities and Secular Spirituality Among Montreal.md,53199,C
C/02728_Authority_Without_Ethics_Ritual_Power_and_the_Cult_b2aca86e0c36.md,C:\Users\softinfo\Downloads\clearday-mobile\EMERAULDdiff\raw sources\D_LIBRARY_ingest_2026-04-26\ocr_unreadable\converted_ocr\Review\Unreadable\﻿Authority Without Ethics Ritual Power and the Cultural Life of Witchcraft in The Love Witch.md,69104,C
C/02729_MASTER_REFERENCE_CANDIDATES_OCR_45c6d226e903.csv,C:\Users\softinfo\Downloads\clearday-mobile\EMERAULDdiff\raw sources\D_LIBRARY_ingest_2026-04-26\ocr_unreadable\henry\MASTER_REFERENCE_CANDIDATES_OCR.csv,42494,C
C/02730_PDF-1.3.txt.ocr_41facdfda477.txt,C:\Users\softinfo\Downloads\clearday-mobile\EMERAULDdiff\raw sources\D_LIBRARY_ingest_2026-04-26\ocr_unreadable\text\Review\Unreadable\%PDF-1.3.txt.ocr.txt,81405,C
C/02731_2003_-_ocr_needed.pdf_-_2003_-_ocr_needed.pdf.pdf_3473d15554b1.txt,C:\Users\softinfo\Downloads\clearday-mobile\EMERAULDdiff\raw sources\D_LIBRARY_ingest_2026-04-26\ocr_unreadable\text\Review\Unreadable\2003 - ocr_needed.pdf - 2003 - ocr_needed.pdf.pdf - 2003 - ocr_needed.pdf - 2003 - ocr_needed.pdf.pdf.pdf.ocr.txt,3195,C
C/02732_2004_-_ocr_needed.pdf_-_2004_-_ocr_needed.pdf.pdf_73b660b117cd.txt,C:\Users\softinfo\Downloads\clearday-mobile\EMERAULDdiff\raw sources\D_LIBRARY_ingest_2026-04-26\ocr_unreadable\text\Review\Unreadable\2004 - ocr_needed.pdf - 2004 - ocr_needed.pdf.pdf - 2004 - ocr_needed.pdf - 2004 - ocr_needed.pdf.pdf.pdf.ocr.txt,2686,C
C/02733_2016_-_Martin_Lepage_-_ocr_needed.pdf_-_2016_-_Mar_a549d4226844.txt,C:\Users\softinfo\Downloads\clearday-mobile\EMERAULDdiff\raw sources\D_LIBRARY_ingest_2026-04-26\ocr_unreadable\text\Review\Unreadable\2016 - Martin Lepage - ocr_needed.pdf - 2016 - Martin Lepage - ocr_needed.pdf.pdf - 2016 - Martin Lepage - ocr_needed.pd__6a845ba68d0d.ocr.txt,1096,C
C/02734_2016_-_ocr_needed.pdf_-_2016_-_ocr_needed.pdf.pdf_3cc562b3fe17.txt,C:\Users\softinfo\Downloads\clearday-mobile\EMERAULDdiff\raw sources\D_LIBRARY_ingest_2026-04-26\ocr_unreadable\text\Review\Unreadable\2016 - ocr_needed.pdf - 2016 - ocr_needed.pdf.pdf - 2016 - ocr_needed.pdf - 2016 - ocr_needed.pdf.pdf.pdf.ocr.txt,1100,C
C/02735_2016_-_ocr_needed_1.pdf_-_2016_-_ocr_needed_1.pdf_84151d1d387d.txt,C:\Users\softinfo\Downloads\clearday-mobile\EMERAULDdiff\raw sources\D_LIBRARY_ingest_2026-04-26\ocr_unreadable\text\Review\Unreadable\2016 - ocr_needed_1.pdf - 2016 - ocr_needed_1.pdf.pdf - 2016 - ocr_needed_1.pdf - 2016 - ocr_needed_1.pdf.pdf.pdf.ocr.txt,2321,C
C/02736_2016_-_ocr_needed_10.pdf_-_2016_-_ocr_needed_10.pd_101380f2f9b1.txt,C:\Users\softinfo\Downloads\clearday-mobile\EMERAULDdiff\raw sources\D_LIBRARY_ingest_2026-04-26\ocr_unreadable\text\Review\Unreadable\2016 - ocr_needed_10.pdf - 2016 - ocr_needed_10.pdf.pdf - 2016 - ocr_needed_10.pdf - 2016 - ocr_needed_10.pdf.pdf.pdf.ocr.txt,9762,C
C/02737_2016_-_ocr_needed_11.pdf_-_2016_-_ocr_needed_11.pd_daf5bf6ec365.txt,C:\Users\softinfo\Downloads\clearday-mobile\EMERAULDdiff\raw sources\D_LIBRARY_ingest_2026-04-26\ocr_unreadable\text\Review\Unreadable\2016 - ocr_needed_11.pdf - 2016 - ocr_needed_11.pdf.pdf - 2016 - ocr_needed_11.pdf - 2016 - ocr_needed_11.pdf.pdf.pdf.ocr.txt,14069,C
C/02738_2016_-_ocr_needed_12.pdf_-_2016_-_ocr_needed_12.pd_8692ae8a3e92.txt,C:\Users\softinfo\Downloads\clearday-mobile\EMERAULDdiff\raw sources\D_LIBRARY_ingest_2026-04-26\ocr_unreadable\text\Review\Unreadable\2016 - ocr_needed_12.pdf - 2016 - ocr_needed_12.pdf.pdf - 2016 - ocr_needed_12.pdf - 2016 - ocr_needed_12.pdf.pdf.pdf.ocr.txt,1213,C
C/02739_2016_-_ocr_needed_13.pdf_-_2016_-_ocr_needed_13.pd_065e857bac04.txt,C:\Users\softinfo\Downloads\clearday-mobile\EMERAULDdiff\raw sources\D_LIBRARY_ingest_2026-04-26\ocr_unreadable\text\Review\Unreadable\2016 - ocr_needed_13.pdf - 2016 - ocr_needed_13.pdf.pdf - 2016 - ocr_needed_13.pdf - 2016 - ocr_needed_13.pdf.pdf.pdf.ocr.txt,1440,C
C/02740_2016_-_ocr_needed_14.pdf_-_2016_-_ocr_needed_14.pd_a5726cf8a7aa.txt,C:\Users\softinfo\Downloads\clearday-mobile\EMERAULDdiff\raw sources\D_LIBRARY_ingest_2026-04-26\ocr_unreadable\text\Review\Unreadable\2016 - ocr_needed_14.pdf - 2016 - ocr_needed_14.pdf.pdf - 2016 - ocr_needed_14.pdf - 2016 - ocr_needed_14.pdf.pdf.pdf.ocr.txt,1457,C
C/02741_2016_-_ocr_needed_15.pdf_-_2016_-_ocr_needed_15.pd_141019a9275d.txt,C:\Users\softinfo\Downloads\clearday-mobile\EMERAULDdiff\raw sources\D_LIBRARY_ingest_2026-04-26\ocr_unreadable\text\Review\Unreadable\2016 - ocr_needed_15.pdf - 2016 - ocr_needed_15.pdf.pdf - 2016 - ocr_needed_15.pdf - 2016 - ocr_needed_15.pdf.pdf.pdf.ocr.txt,2131,C
C/02742_2016_-_ocr_needed_2.pdf_-_2016_-_ocr_needed_2.pdf_6b267095f901.txt,C:\Users\softinfo\Downloads\clearday-mobile\EMERAULDdiff\raw sources\D_LIBRARY_ingest_2026-04-26\ocr_unreadable\text\Review\Unreadable\2016 - ocr_needed_2.pdf - 2016 - ocr_needed_2.pdf.pdf - 2016 - ocr_needed_2.pdf - 2016 - ocr_needed_2.pdf.pdf.pdf.ocr.txt,993,C
C/02743_2016_-_ocr_needed_3.pdf_-_2016_-_ocr_needed_3.pdf_a5ce149f7b05.txt,C:\Users\softinfo\Downloads\clearday-mobile\EMERAULDdiff\raw sources\D_LIBRARY_ingest_2026-04-26\ocr_unreadable\text\Review\Unreadable\2016 - ocr_needed_3.pdf - 2016 - ocr_needed_3.pdf.pdf - 2016 - ocr_needed_3.pdf - 2016 - ocr_needed_3.pdf.pdf.pdf.ocr.txt,95,C
C/02744_2016_-_ocr_needed_4.pdf_-_2016_-_ocr_needed_4.pdf_cd1faae36e58.txt,C:\Users\softinfo\Downloads\clearday-mobile\EMERAULDdiff\raw sources\D_LIBRARY_ingest_2026-04-26\ocr_unreadable\text\Review\Unreadable\2016 - ocr_needed_4.pdf - 2016 - ocr_needed_4.pdf.pdf - 2016 - ocr_needed_4.pdf - 2016 - ocr_needed_4.pdf.pdf.pdf.ocr.txt,1511,C
C/02745_2016_-_ocr_needed_5.pdf_-_2016_-_ocr_needed_5.pdf_7f392865f3cd.txt,C:\Users\softinfo\Downloads\clearday-mobile\EMERAULDdiff\raw sources\D_LIBRARY_ingest_2026-04-26\ocr_unreadable\text\Review\Unreadable\2016 - ocr_needed_5.pdf - 2016 - ocr_needed_5.pdf.pdf - 2016 - ocr_needed_5.pdf - 2016 - ocr_needed_5.pdf.pdf.pdf.ocr.txt,2995,C
C/02746_2016_-_ocr_needed_6.pdf_-_2016_-_ocr_needed_6.pdf_c0ccccabff80.txt,C:\Users\softinfo\Downloads\clearday-mobile\EMERAULDdiff\raw sources\D_LIBRARY_ingest_2026-04-26\ocr_unreadable\text\Review\Unreadable\2016 - ocr_needed_6.pdf - 2016 - ocr_needed_6.pdf.pdf - 2016 - ocr_needed_6.pdf - 2016 - ocr_needed_6.pdf.pdf.pdf.ocr.txt,634,C
C/02747_2016_-_ocr_needed_7.pdf_-_2016_-_ocr_needed_7.pdf_af1399447a3f.txt,C:\Users\softinfo\Downloads\clearday-mobile\EMERAULDdiff\raw sources\D_LIBRARY_ingest_2026-04-26\ocr_unreadable\text\Review\Unreadable\2016 - ocr_needed_7.pdf - 2016 - ocr_needed_7.pdf.pdf - 2016 - ocr_needed_7.pdf - 2016 - ocr_needed_7.pdf.pdf.pdf.ocr.txt,1396,C
C/02748_2016_-_ocr_needed_8.pdf_-_2016_-_ocr_needed_8.pdf_98dfc1db2e01.txt,C:\Users\softinfo\Downloads\clearday-mobile\EMERAULDdiff\raw sources\D_LIBRARY_ingest_2026-04-26\ocr_unreadable\text\Review\Unreadable\2016 - ocr_needed_8.pdf - 2016 - ocr_needed_8.pdf.pdf - 2016 - ocr_needed_8.pdf - 2016 - ocr_needed_8.pdf.pdf.pdf.ocr.txt,2251,C
C/02749_2016_-_ocr_needed_9.pdf_-_2016_-_ocr_needed_9.pdf_e3e758a037a0.txt,C:\Users\softinfo\Downloads\clearday-mobile\EMERAULDdiff\raw sources\D_LIBRARY_ingest_2026-04-26\ocr_unreadable\text\Review\Unreadable\2016 - ocr_needed_9.pdf - 2016 - ocr_needed_9.pdf.pdf - 2016 - ocr_needed_9.pdf - 2016 - ocr_needed_9.pdf.pdf.pdf.ocr.txt,6450,C
C/02750_2016_-_PluralismandRadical_-_ocr_needed.pdf_-_2016_14da40b61bef.txt,C:\Users\softinfo\Downloads\clearday-mobile\EMERAULDdiff\raw sources\D_LIBRARY_ingest_2026-04-26\ocr_unreadable\text\Review\Unreadable\2016 - PluralismandRadical - ocr_needed.pdf - 2016 - PluralismandRadical - ocr_needed.pdf.pdf - 2016 - PluralismandRadic__8cdc6a86f722.ocr.txt,8507,C
C/02751_2017_-_1_-_ocr_needed.pdf_-_2017_-_1_-_ocr_needed_b321ab417339.txt,C:\Users\softinfo\Downloads\clearday-mobile\EMERAULDdiff\raw sources\D_LIBRARY_ingest_2026-04-26\ocr_unreadable\text\Review\Unreadable\2017 - 1 - ocr_needed.pdf - 2017 - 1 - ocr_needed.pdf.pdf - 2017 - 1 - ocr_needed.pdf - 2017 - 1 - ocr_needed.pdf.pdf.pdf.ocr.txt,2575,C
C/02752_2017_-_Martin_Lepage_-_05_25_-_ocr_needed.pdf_-_20_dfdb9c421ba4.txt,C:\Users\softinfo\Downloads\clearday-mobile\EMERAULDdiff\raw sources\D_LIBRARY_ingest_2026-04-26\ocr_unreadable\text\Review\Unreadable\2017 - Martin Lepage - 05 25) - ocr_needed.pdf - 2017 - Martin Lepage - 05 25) - ocr_needed.pdf.pdf - 2017 - Martin Lepa__72e8fe2208eb.ocr.txt,5131,C
C/02753_2017_-_Martin_Lepage_-_10-19_-_ocr_needed.pdf_-_20_4265976cebaa.txt,C:\Users\softinfo\Downloads\clearday-mobile\EMERAULDdiff\raw sources\D_LIBRARY_ingest_2026-04-26\ocr_unreadable\text\Review\Unreadable\2017 - Martin Lepage - 10-19) - ocr_needed.pdf - 2017 - Martin Lepage - 10-19) - ocr_needed.pdf.pdf - 2017 - Martin Lepa__333fe0d0e750.ocr.txt,4228,C
C/02754_2017_-_Martin_Lepage_-_ocr_needed.pdf_-_2017_-_Mar_340303f6001e.txt,C:\Users\softinfo\Downloads\clearday-mobile\EMERAULDdiff\raw sources\D_LIBRARY_ingest_2026-04-26\ocr_unreadable\text\Review\Unreadable\2017 - Martin Lepage - ocr_needed.pdf - 2017 - Martin Lepage - ocr_needed.pdf.pdf - 2017 - Martin Lepage - ocr_needed.pd__29f3cc7c2db4.ocr.txt,3350,C
C/02755_2017_-_ocr_needed.pdf_-_2017_-_ocr_needed.pdf.pdf_b6ada4c07dca.txt,C:\Users\softinfo\Downloads\clearday-mobile\EMERAULDdiff\raw sources\D_LIBRARY_ingest_2026-04-26\ocr_unreadable\text\Review\Unreadable\2017 - ocr_needed.pdf - 2017 - ocr_needed.pdf.pdf - 2017 - ocr_needed.pdf - 2017 - ocr_needed.pdf.pdf.pdf.ocr.txt,2541,C
C/02756_2017_-_ocr_needed_1.pdf_-_2017_-_ocr_needed_1.pdf_9203c60128f0.txt,C:\Users\softinfo\Downloads\clearday-mobile\EMERAULDdiff\raw sources\D_LIBRARY_ingest_2026-04-26\ocr_unreadable\text\Review\Unreadable\2017 - ocr_needed_1.pdf - 2017 - ocr_needed_1.pdf.pdf - 2017 - ocr_needed_1.pdf - 2017 - ocr_needed_1.pdf.pdf.pdf.ocr.txt,3236,C
C/02757_2017_-_ocr_needed_10.pdf_-_2017_-_ocr_needed_10.pd_d631771c7adc.txt,C:\Users\softinfo\Downloads\clearday-mobile\EMERAULDdiff\raw sources\D_LIBRARY_ingest_2026-04-26\ocr_unreadable\text\Review\Unreadable\2017 - ocr_needed_10.pdf - 2017 - ocr_needed_10.pdf.pdf - 2017 - ocr_needed_10.pdf - 2017 - ocr_needed_10.pdf.pdf.pdf.ocr.txt,1148,C
C/02758_2017_-_ocr_needed_11.pdf_-_2017_-_ocr_needed_11.pd_e6b2da62a564.txt,C:\Users\softinfo\Downloads\clearday-mobile\EMERAULDdiff\raw sources\D_LIBRARY_ingest_2026-04-26\ocr_unreadable\text\Review\Unreadable\2017 - ocr_needed_11.pdf - 2017 - ocr_needed_11.pdf.pdf - 2017 - ocr_needed_11.pdf - 2017 - ocr_needed_11.pdf.pdf.pdf.ocr.txt,2519,C
C/02759_2017_-_ocr_needed_12.pdf_-_2017_-_ocr_needed_12.pd_e7d45ec66c9b.txt,C:\Users\softinfo\Downloads\clearday-mobile\EMERAULDdiff\raw sources\D_LIBRARY_ingest_2026-04-26\ocr_unreadable\text\Review\Unreadable\2017 - ocr_needed_12.pdf - 2017 - ocr_needed_12.pdf.pdf - 2017 - ocr_needed_12.pdf - 2017 - ocr_needed_12.pdf.pdf.pdf.ocr.txt,2929,C
C/02760_2017_-_ocr_needed_13.pdf_-_2017_-_ocr_needed_13.pd_784788a454be.txt,C:\Users\softinfo\Downloads\clearday-mobile\EMERAULDdiff\raw sources\D_LIBRARY_ingest_2026-04-26\ocr_unreadable\text\Review\Unreadable\2017 - ocr_needed_13.pdf - 2017 - ocr_needed_13.pdf.pdf - 2017 - ocr_needed_13.pdf - 2017 - ocr_needed_13.pdf.pdf.pdf.ocr.txt,959,C
C/02761_2017_-_ocr_needed_14.pdf_-_2017_-_ocr_needed_14.pd_435330bad46f.txt,C:\Users\softinfo\Downloads\clearday-mobile\EMERAULDdiff\raw sources\D_LIBRARY_ingest_2026-04-26\ocr_unreadable\text\Review\Unreadable\2017 - ocr_needed_14.pdf - 2017 - ocr_needed_14.pdf.pdf - 2017 - ocr_needed_14.pdf - 2017 - ocr_needed_14.pdf.pdf.pdf.ocr.txt,1567,C
C/02762_2017_-_ocr_needed_15.pdf_-_2017_-_ocr_needed_15.pd_730b8a0a86c5.txt,C:\Users\softinfo\Downloads\clearday-mobile\EMERAULDdiff\raw sources\D_LIBRARY_ingest_2026-04-26\ocr_unreadable\text\Review\Unreadable\2017 - ocr_needed_15.pdf - 2017 - ocr_needed_15.pdf.pdf - 2017 - ocr_needed_15.pdf - 2017 - ocr_needed_15.pdf.pdf.pdf.ocr.txt,4637,C
C/02763_2017_-_ocr_needed_16.pdf_-_2017_-_ocr_needed_16.pd_ce9e7f0e40e9.txt,C:\Users\softinfo\Downloads\clearday-mobile\EMERAULDdiff\raw sources\D_LIBRARY_ingest_2026-04-26\ocr_unreadable\text\Review\Unreadable\2017 - ocr_needed_16.pdf - 2017 - ocr_needed_16.pdf.pdf - 2017 - ocr_needed_16.pdf - 2017 - ocr_needed_16.pdf.pdf.pdf.ocr.txt,943,C
C/02764_2017_-_ocr_needed_1_1.pdf_-_2017_-_ocr_needed_1_1_1efe7fc52c25.txt,C:\Users\softinfo\Downloads\clearday-mobile\EMERAULDdiff\raw sources\D_LIBRARY_ingest_2026-04-26\ocr_unreadable\text\Review\Unreadable\2017 - ocr_needed_1_1.pdf - 2017 - ocr_needed_1_1.pdf.pdf - 2017 - ocr_needed_1_1.pdf - 2017 - ocr_needed_1_1.pdf.pdf.pdf.ocr.txt,2593,C
C/02765_2017_-_ocr_needed_2.pdf_-_2017_-_ocr_needed_2.pdf_80e0c0ee2a6d.txt,C:\Users\softinfo\Downloads\clearday-mobile\EMERAULDdiff\raw sources\D_LIBRARY_ingest_2026-04-26\ocr_unreadable\text\Review\Unreadable\2017 - ocr_needed_2.pdf - 2017 - ocr_needed_2.pdf.pdf - 2017 - ocr_needed_2.pdf - 2017 - ocr_needed_2.pdf.pdf.pdf.ocr.txt,1118,C
C/02766_2017_-_ocr_needed_3.pdf_-_2017_-_ocr_needed_3.pdf_3ca1d4620455.txt,C:\Users\softinfo\Downloads\clearday-mobile\EMERAULDdiff\raw sources\D_LIBRARY_ingest_2026-04-26\ocr_unreadable\text\Review\Unreadable\2017 - ocr_needed_3.pdf - 2017 - ocr_needed_3.pdf.pdf - 2017 - ocr_needed_3.pdf - 2017 - ocr_needed_3.pdf.pdf.pdf.ocr.txt,4973,C
C/02767_2017_-_ocr_needed_4.pdf_-_2017_-_ocr_needed_4.pdf_34f1a7716840.txt,C:\Users\softinfo\Downloads\clearday-mobile\EMERAULDdiff\raw sources\D_LIBRARY_ingest_2026-04-26\ocr_unreadable\text\Review\Unreadable\2017 - ocr_needed_4.pdf - 2017 - ocr_needed_4.pdf.pdf - 2017 - ocr_needed_4.pdf - 2017 - ocr_needed_4.pdf.pdf.pdf.ocr.txt,1304,C
C/02768_2017_-_ocr_needed_5.pdf_-_2017_-_ocr_needed_5.pdf_76f3bc5b97c0.txt,C:\Users\softinfo\Downloads\clearday-mobile\EMERAULDdiff\raw sources\D_LIBRARY_ingest_2026-04-26\ocr_unreadable\text\Review\Unreadable\2017 - ocr_needed_5.pdf - 2017 - ocr_needed_5.pdf.pdf - 2017 - ocr_needed_5.pdf - 2017 - ocr_needed_5.pdf.pdf.pdf.ocr.txt,1485,C
C/02769_2017_-_ocr_needed_6.pdf_-_2017_-_ocr_needed_6.pdf_d5766fd546e9.txt,C:\Users\softinfo\Downloads\clearday-mobile\EMERAULDdiff\raw sources\D_LIBRARY_ingest_2026-04-26\ocr_unreadable\text\Review\Unreadable\2017 - ocr_needed_6.pdf - 2017 - ocr_needed_6.pdf.pdf - 2017 - ocr_needed_6.pdf - 2017 - ocr_needed_6.pdf.pdf.pdf.ocr.txt,2451,C
C/02770_2017_-_ocr_needed_7.pdf_-_2017_-_ocr_needed_7.pdf_9262540555bd.txt,C:\Users\softinfo\Downloads\clearday-mobile\EMERAULDdiff\raw sources\D_LIBRARY_ingest_2026-04-26\ocr_unreadable\text\Review\Unreadable\2017 - ocr_needed_7.pdf - 2017 - ocr_needed_7.pdf.pdf - 2017 - ocr_needed_7.pdf - 2017 - ocr_needed_7.pdf.pdf.pdf.ocr.txt,2519,C
C/02771_2017_-_ocr_needed_8.pdf_-_2017_-_ocr_needed_8.pdf_630a852b2f14.txt,C:\Users\softinfo\Downloads\clearday-mobile\EMERAULDdiff\raw sources\D_LIBRARY_ingest_2026-04-26\ocr_unreadable\text\Review\Unreadable\2017 - ocr_needed_8.pdf - 2017 - ocr_needed_8.pdf.pdf - 2017 - ocr_needed_8.pdf - 2017 - ocr_needed_8.pdf.pdf.pdf.ocr.txt,6429,C
C/02772_2017_-_ocr_needed_9.pdf_-_2017_-_ocr_needed_9.pdf_97fd4ae7acee.txt,C:\Users\softinfo\Downloads\clearday-mobile\EMERAULDdiff\raw sources\D_LIBRARY_ingest_2026-04-26\ocr_unreadable\text\Review\Unreadable\2017 - ocr_needed_9.pdf - 2017 - ocr_needed_9.pdf.pdf - 2017 - ocr_needed_9.pdf - 2017 - ocr_needed_9.pdf.pdf.pdf.ocr.txt,3847,C
C/02773_2018_-_ilovepdf.com_-_ocr_needed.pdf_-_2018_-_ilov_d08c88aa2515.txt,C:\Users\softinfo\Downloads\clearday-mobile\EMERAULDdiff\raw sources\D_LIBRARY_ingest_2026-04-26\ocr_unreadable\text\Review\Unreadable\2018 - ilovepdf.com - ocr_needed.pdf - 2018 - ilovepdf.com - ocr_needed.pdf.pdf - 2018 - ilovepdf.com - ocr_needed.pdf -__7bc97ac956ce.ocr.txt,2039,C
C/02774_2018_-_Martin_Lepage_-_ocr_needed.pdf_-_2018_-_Mar_75a9596a8cd6.txt,C:\Users\softinfo\Downloads\clearday-mobile\EMERAULDdiff\raw sources\D_LIBRARY_ingest_2026-04-26\ocr_unreadable\text\Review\Unreadable\2018 - Martin Lepage - ocr_needed.pdf - 2018 - Martin Lepage - ocr_needed.pdf.pdf - 2018 - Martin Lepage - ocr_needed.pd__6288eb6b2b07.ocr.txt,8610,C
C/02775_2018_-_Martin_Lepage_-_ocr_needed_1.pdf_-_2018_-_M_e6f3336d4273.txt,C:\Users\softinfo\Downloads\clearday-mobile\EMERAULDdiff\raw sources\D_LIBRARY_ingest_2026-04-26\ocr_unreadable\text\Review\Unreadable\2018 - Martin Lepage - ocr_needed_1.pdf - 2018 - Martin Lepage - ocr_needed_1.pdf.pdf - 2018 - Martin Lepage - ocr_neede__36d826f9bea1.ocr.txt,1341,C
C/02776_2018_-_ocr_needed_2_.pdf_-_2018_-_ocr_needed_2_.pd_aab20cec1245.txt,C:\Users\softinfo\Downloads\clearday-mobile\EMERAULDdiff\raw sources\D_LIBRARY_ingest_2026-04-26\ocr_unreadable\text\Review\Unreadable\2018 - ocr_needed [2].pdf - 2018 - ocr_needed [2].pdf.pdf - 2018 - ocr_needed [2].pdf - 2018 - ocr_needed [2].pdf.pdf.pdf.ocr.txt,573,C
C/02777_2018_-_ocr_needed.pdf_-_2018_-_ocr_needed.pdf.pdf_4a47de912d00.txt,C:\Users\softinfo\Downloads\clearday-mobile\EMERAULDdiff\raw sources\D_LIBRARY_ingest_2026-04-26\ocr_unreadable\text\Review\Unreadable\2018 - ocr_needed.pdf - 2018 - ocr_needed.pdf.pdf - 2018 - ocr_needed.pdf - 2018 - ocr_needed.pdf.pdf.pdf.ocr.txt,900,C
C/02778_2018_-_ocr_needed_1.pdf_-_2018_-_ocr_needed_1.pdf_6b3dc975a2df.txt,C:\Users\softinfo\Downloads\clearday-mobile\EMERAULDdiff\raw sources\D_LIBRARY_ingest_2026-04-26\ocr_unreadable\text\Review\Unreadable\2018 - ocr_needed_1.pdf - 2018 - ocr_needed_1.pdf.pdf - 2018 - ocr_needed_1.pdf - 2018 - ocr_needed_1.pdf.pdf.pdf.ocr.txt,786,C
C/02779_2018_-_ocr_needed_2.pdf_-_2018_-_ocr_needed_2.pdf_b55010795444.txt,C:\Users\softinfo\Downloads\clearday-mobile\EMERAULDdiff\raw sources\D_LIBRARY_ingest_2026-04-26\ocr_unreadable\text\Review\Unreadable\2018 - ocr_needed_2.pdf - 2018 - ocr_needed_2.pdf.pdf - 2018 - ocr_needed_2.pdf - 2018 - ocr_needed_2.pdf.pdf.pdf.ocr.txt,2734,C
C/02780_2019_-_Martin_Lepage_-_08-2019-signed_-_ocr_needed_304a7ceb67af.txt,C:\Users\softinfo\Downloads\clearday-mobile\EMERAULDdiff\raw sources\D_LIBRARY_ingest_2026-04-26\ocr_unreadable\text\Review\Unreadable\2019 - Martin Lepage - 08-2019-signed - ocr_needed.pdf - 2019 - Martin - 2019 - Martin Lepage - 08-2019-signed - ocr_nee__8637c455cf53.ocr.txt,2935,C
C/02781_2019_-_Martin_Lepage_-_ocr_needed.pdf_-_2019_-_Mar_5a0d54b3fb62.txt,C:\Users\softinfo\Downloads\clearday-mobile\EMERAULDdiff\raw sources\D_LIBRARY_ingest_2026-04-26\ocr_unreadable\text\Review\Unreadable\2019 - Martin Lepage - ocr_needed.pdf - 2019 - Martin Lepage - ocr_needed.pdf.pdf - 2019 - Martin Lepage - ocr_needed.pd__0cbfdbdea867.ocr.txt,12911,C
C/02782_2019_-_Martin_Lepage_-_ocr_needed_1.pdf_-_2019_-_M_062da056b8ca.txt,C:\Users\softinfo\Downloads\clearday-mobile\EMERAULDdiff\raw sources\D_LIBRARY_ingest_2026-04-26\ocr_unreadable\text\Review\Unreadable\2019 - Martin Lepage - ocr_needed_1.pdf - 2019 - Martin Lepage - ocr_needed_1.pdf.pdf - 2019 - Martin Lepage - ocr_neede__6a14c5c044c2.ocr.txt,12971,C
C/02783_2021_-_Martin_Lepage_-_ocr_needed.pdf_-_2021_-_Mar_ae31eee5ab3b.txt,C:\Users\softinfo\Downloads\clearday-mobile\EMERAULDdiff\raw sources\D_LIBRARY_ingest_2026-04-26\ocr_unreadable\text\Review\Unreadable\2021 - Martin Lepage - ocr_needed.pdf - 2021 - Martin Lepage - ocr_needed.pdf.pdf - 2021 - Martin Lepage - ocr_needed.pd__ed56686a392d.ocr.txt,1585,C
C/02784_2021_-_ocr_needed_2_.pdf_-_2021_-_ocr_needed_2_.pd_e87b68657b73.txt,C:\Users\softinfo\Downloads\clearday-mobile\EMERAULDdiff\raw sources\D_LIBRARY_ingest_2026-04-26\ocr_unreadable\text\Review\Unreadable\2021 - ocr_needed [2].pdf - 2021 - ocr_needed [2].pdf.pdf - 2021 - ocr_needed [2].pdf - 2021 - ocr_needed [2].pdf.pdf.pdf.ocr.txt,7722,C
C/02785_2021_-_ocr_needed.pdf_-_2021_-_ocr_needed.pdf.pdf_0d3e4e0fc2fa.txt,C:\Users\softinfo\Downloads\clearday-mobile\EMERAULDdiff\raw sources\D_LIBRARY_ingest_2026-04-26\ocr_unreadable\text\Review\Unreadable\2021 - ocr_needed.pdf - 2021 - ocr_needed.pdf.pdf - 2021 - ocr_needed.pdf - 2021 - ocr_needed.pdf.pdf.pdf.ocr.txt,1585,C
C/02786_2021_-_ocr_needed_1.pdf_-_2021_-_ocr_needed_1.pdf_60ab970cd3ed.txt,C:\Users\softinfo\Downloads\clearday-mobile\EMERAULDdiff\raw sources\D_LIBRARY_ingest_2026-04-26\ocr_unreadable\text\Review\Unreadable\2021 - ocr_needed_1.pdf - 2021 - ocr_needed_1.pdf.pdf - 2021 - ocr_needed_1.pdf - 2021 - ocr_needed_1.pdf.pdf.pdf.ocr.txt,2810,C
C/02787_2021_-_ocr_needed_2.pdf_-_2021_-_ocr_needed_2.pdf_eafcfd8500de.txt,C:\Users\softinfo\Downloads\clearday-mobile\EMERAULDdiff\raw sources\D_LIBRARY_ingest_2026-04-26\ocr_unreadable\text\Review\Unreadable\2021 - ocr_needed_2.pdf - 2021 - ocr_needed_2.pdf.pdf - 2021 - ocr_needed_2.pdf - 2021 - ocr_needed_2.pdf.pdf.pdf.ocr.txt,5866,C
C/02788_2021_-_ocr_needed_3.pdf_-_2021_-_ocr_needed_3.pdf_181d70238f6e.txt,C:\Users\softinfo\Downloads\clearday-mobile\EMERAULDdiff\raw sources\D_LIBRARY_ingest_2026-04-26\ocr_unreadable\text\Review\Unreadable\2021 - ocr_needed_3.pdf - 2021 - ocr_needed_3.pdf.pdf - 2021 - ocr_needed_3.pdf - 2021 - ocr_needed_3.pdf.pdf.pdf.ocr.txt,1312,C
C/02789_2021_-_ocr_needed_4.pdf_-_2021_-_ocr_needed_4.pdf_5c0e71f3f211.txt,C:\Users\softinfo\Downloads\clearday-mobile\EMERAULDdiff\raw sources\D_LIBRARY_ingest_2026-04-26\ocr_unreadable\text\Review\Unreadable\2021 - ocr_needed_4.pdf - 2021 - ocr_needed_4.pdf.pdf - 2021 - ocr_needed_4.pdf - 2021 - ocr_needed_4.pdf.pdf.pdf.ocr.txt,271,C
C/02790_2021_-_ocr_needed_5.pdf_-_2021_-_ocr_needed_5.pdf_8ed6cf313e7f.txt,C:\Users\softinfo\Downloads\clearday-mobile\EMERAULDdiff\raw sources\D_LIBRARY_ingest_2026-04-26\ocr_unreadable\text\Review\Unreadable\2021 - ocr_needed_5.pdf - 2021 - ocr_needed_5.pdf.pdf - 2021 - ocr_needed_5.pdf - 2021 - ocr_needed_5.pdf.pdf.pdf.ocr.txt,8518,C
C/02791_2021_-_ocr_needed_6.pdf_-_2021_-_ocr_needed_6.pdf_57275b14642f.txt,C:\Users\softinfo\Downloads\clearday-mobile\EMERAULDdiff\raw sources\D_LIBRARY_ingest_2026-04-26\ocr_unreadable\text\Review\Unreadable\2021 - ocr_needed_6.pdf - 2021 - ocr_needed_6.pdf.pdf - 2021 - ocr_needed_6.pdf - 2021 - ocr_needed_6.pdf.pdf.pdf.ocr.txt,699,C
C/02792_2021_-_ocr_needed_7.pdf_-_2021_-_ocr_needed_7.pdf_5390401c810a.txt,C:\Users\softinfo\Downloads\clearday-mobile\EMERAULDdiff\raw sources\D_LIBRARY_ingest_2026-04-26\ocr_unreadable\text\Review\Unreadable\2021 - ocr_needed_7.pdf - 2021 - ocr_needed_7.pdf.pdf - 2021 - ocr_needed_7.pdf - 2021 - ocr_needed_7.pdf.pdf.pdf.ocr.txt,7781,C
C/02793_2021_-_Revenu_Quebec_-_ocr_needed_1.pdf_-_2021_-_R_6a1343c22b47.txt,C:\Users\softinfo\Downloads\clearday-mobile\EMERAULDdiff\raw sources\D_LIBRARY_ingest_2026-04-26\ocr_unreadable\text\Review\Unreadable\2021 - Revenu Quebec - ocr_needed_1.pdf - 2021 - Revenu Quebec - ocr_needed_1.pdf.pdf - 2021 - Revenu Quebec - ocr_neede__d90d559c876d.ocr.txt,4778,C
C/02794_2023_-_ocr_needed.pdf_-_2023_-_ocr_needed.pdf.pdf_d9264d1d7122.txt,C:\Users\softinfo\Downloads\clearday-mobile\EMERAULDdiff\raw sources\D_LIBRARY_ingest_2026-04-26\ocr_unreadable\text\Review\Unreadable\2023 - ocr_needed.pdf - 2023 - ocr_needed.pdf.pdf - 2023 - ocr_needed.pdf - 2023 - ocr_needed.pdf.pdf.pdf.ocr.txt,920,C
C/02795_2024_-_Martin_Lepage_-_ocr_needed.pdf_-_2024_-_Mar_28856f228bce.txt,C:\Users\softinfo\Downloads\clearday-mobile\EMERAULDdiff\raw sources\D_LIBRARY_ingest_2026-04-26\ocr_unreadable\text\Review\Unreadable\2024 - Martin Lepage - ocr_needed.pdf - 2024 - Martin Lepage - ocr_needed.pdf.pdf - 2024 - Martin Lepage - ocr_needed.pd__fafc488d5f87.ocr.txt,2636,C
C/02796_2024_-_ocr_needed.pdf_-_2024_-_ocr_needed.pdf.pdf_37ee4d5f9e8a.txt,C:\Users\softinfo\Downloads\clearday-mobile\EMERAULDdiff\raw sources\D_LIBRARY_ingest_2026-04-26\ocr_unreadable\text\Review\Unreadable\2024 - ocr_needed.pdf - 2024 - ocr_needed.pdf.pdf - 2024 - ocr_needed.pdf - 2024 - ocr_needed.pdf.pdf.pdf.ocr.txt,497,C
C/02797_2024_-_ocr_needed_1.pdf_-_2024_-_ocr_needed_1.pdf_38a8e7c7e742.txt,C:\Users\softinfo\Downloads\clearday-mobile\EMERAULDdiff\raw sources\D_LIBRARY_ingest_2026-04-26\ocr_unreadable\text\Review\Unreadable\2024 - ocr_needed_1.pdf - 2024 - ocr_needed_1.pdf.pdf - 2024 - ocr_needed_1.pdf - 2024 - ocr_needed_1.pdf.pdf.pdf.ocr.txt,567,C
C/02798_2024_-_review.pdf_-_2024_-_review.pdf.pdf_-_2024_68473a37a18e.txt,C:\Users\softinfo\Downloads\clearday-mobile\EMERAULDdiff\raw sources\D_LIBRARY_ingest_2026-04-26\ocr_unreadable\text\Review\Unreadable\2024 - review.pdf - 2024 - review.pdf.pdf - 2024 - review.pdf - 2024 - review.pdf.pdf.pdf.html.txt,8584,C
C/02799_2025_-_4f6a-b56e-28db843352f7_art_1-31_2_.pdf_-_20_d11f9374dfdf.txt,C:\Users\softinfo\Downloads\clearday-mobile\EMERAULDdiff\raw sources\D_LIBRARY_ingest_2026-04-26\ocr_unreadable\text\Review\Unreadable\2025 - 4f6a-b56e-28db843352f7_art_1-31 [2].pdf - 2025 - 4f6a-b56e-28db843352f7_art_1-31 [2].pdf.pdf - 2025 - 4f6a-b56e-2__542739c2c8e0.ocr.txt,237,C
C/02800_2025_-_4f6a-b56e-28db843352f7_art_1-31.pdf_-_2025_f4700b95f68b.txt,C:\Users\softinfo\Downloads\clearday-mobile\EMERAULDdiff\raw sources\D_LIBRARY_ingest_2026-04-26\ocr_unreadable\text\Review\Unreadable\2025 - 4f6a-b56e-28db843352f7_art_1-31.pdf - 2025 - 4f6a-b56e-28db843352f7_art_1-31.pdf.pdf - 2025 - 4f6a-b56e-28db84335__56591f9b08d8.ocr.txt,237,C
C/02801_2025_-_Martin_Lepage_-_Outlook_-_ocr_needed.pdf_b0bad890a86b.txt,C:\Users\softinfo\Downloads\clearday-mobile\EMERAULDdiff\raw sources\D_LIBRARY_ingest_2026-04-26\ocr_unreadable\text\Review\Unreadable\2025 - Martin Lepage - Outlook - ocr_needed.pdf - 2025 - Martin Lepage - Outlook - ocr_needed.pdf.pdf - 2025 - Martin Le__4be1220e3c65.ocr.txt,3001,C
C/02802_2025_-_ocr_needed_2_.pdf_-_2025_-_ocr_needed_2_.pd_836858a1bf02.txt,C:\Users\softinfo\Downloads\clearday-mobile\EMERAULDdiff\raw sources\D_LIBRARY_ingest_2026-04-26\ocr_unreadable\text\Review\Unreadable\2025 - ocr_needed [2].pdf - 2025 - ocr_needed [2].pdf.pdf - 2025 - ocr_needed [2].pdf - 2025 - ocr_needed [2].pdf.pdf.pdf.ocr.txt,113,C
C/02803_2025_-_ocr_needed.pdf_-_2025_-_ocr_needed.pdf.pdf_ff1e7b622ffd.txt,C:\Users\softinfo\Downloads\clearday-mobile\EMERAULDdiff\raw sources\D_LIBRARY_ingest_2026-04-26\ocr_unreadable\text\Review\Unreadable\2025 - ocr_needed.pdf - 2025 - ocr_needed.pdf.pdf - 2025 - ocr_needed.pdf - 2025 - ocr_needed.pdf.pdf.pdf.ocr.txt,2190,C
C/02804_2025_-_ocr_needed_1.pdf_-_2025_-_ocr_needed_1.pdf_1a176a60bf3b.txt,C:\Users\softinfo\Downloads\clearday-mobile\EMERAULDdiff\raw sources\D_LIBRARY_ingest_2026-04-26\ocr_unreadable\text\Review\Unreadable\2025 - ocr_needed_1.pdf - 2025 - ocr_needed_1.pdf.pdf - 2025 - ocr_needed_1.pdf - 2025 - ocr_needed_1.pdf.pdf.pdf.ocr.txt,2305,C
C/02805_2025_-_ocr_needed_2.pdf_-_2025_-_ocr_needed_2.pdf_05b79e92c186.txt,C:\Users\softinfo\Downloads\clearday-mobile\EMERAULDdiff\raw sources\D_LIBRARY_ingest_2026-04-26\ocr_unreadable\text\Review\Unreadable\2025 - ocr_needed_2.pdf - 2025 - ocr_needed_2.pdf.pdf - 2025 - ocr_needed_2.pdf - 2025 - ocr_needed_2.pdf.pdf.pdf.ocr.txt,1473,C
C/02806_2025_-_ocr_needed_3.pdf_-_2025_-_ocr_needed_3.pdf_cb662f1ec2e5.txt,C:\Users\softinfo\Downloads\clearday-mobile\EMERAULDdiff\raw sources\D_LIBRARY_ingest_2026-04-26\ocr_unreadable\text\Review\Unreadable\2025 - ocr_needed_3.pdf - 2025 - ocr_needed_3.pdf.pdf - 2025 - ocr_needed_3.pdf - 2025 - ocr_needed_3.pdf.pdf.pdf.ocr.txt,3701,C
C/02807_2025_-_ocr_needed_4.pdf_-_2025_-_ocr_needed_4.pdf_1a433a6454e7.txt,C:\Users\softinfo\Downloads\clearday-mobile\EMERAULDdiff\raw sources\D_LIBRARY_ingest_2026-04-26\ocr_unreadable\text\Review\Unreadable\2025 - ocr_needed_4.pdf - 2025 - ocr_needed_4.pdf.pdf - 2025 - ocr_needed_4.pdf - 2025 - ocr_needed_4.pdf.pdf.pdf.ocr.txt,6011,C
C/02808_2025_-_ocr_needed_5.pdf_-_2025_-_ocr_needed_5.pdf_b4c0f77a3fc6.txt,C:\Users\softinfo\Downloads\clearday-mobile\EMERAULDdiff\raw sources\D_LIBRARY_ingest_2026-04-26\ocr_unreadable\text\Review\Unreadable\2025 - ocr_needed_5.pdf - 2025 - ocr_needed_5.pdf.pdf - 2025 - ocr_needed_5.pdf - 2025 - ocr_needed_5.pdf.pdf.pdf.ocr.txt,813,C
C/02809_2025_-_Revenu_Quebec_-_ocr_needed_2_.pdf_-_2025_e8a204a8b5c2.txt,C:\Users\softinfo\Downloads\clearday-mobile\EMERAULDdiff\raw sources\D_LIBRARY_ingest_2026-04-26\ocr_unreadable\text\Review\Unreadable\2025 - Revenu Quebec - ocr_needed [2].pdf - 2025 - Revenu Quebec - ocr_needed [2].pdf.pdf - 2025 - Revenu Quebec - ocr_n__c2f25aea08ad.ocr.txt,8125,C
C/02810_2025_-_Revenu_Quebec_-_ocr_needed_3_.pdf_-_2025_e88fa94115be.txt,C:\Users\softinfo\Downloads\clearday-mobile\EMERAULDdiff\raw sources\D_LIBRARY_ingest_2026-04-26\ocr_unreadable\text\Review\Unreadable\2025 - Revenu Quebec - ocr_needed [3].pdf - 2025 - Revenu Quebec - ocr_needed [3].pdf.pdf - 2025 - Revenu Quebec - ocr_n__f1e4cf27f97b.ocr.txt,5253,C
C/02811_2025_-_Revenu_Quebec_-_ocr_needed_4_.pdf_-_2025_40a36cad794e.txt,C:\Users\softinfo\Downloads\clearday-mobile\EMERAULDdiff\raw sources\D_LIBRARY_ingest_2026-04-26\ocr_unreadable\text\Review\Unreadable\2025 - Revenu Quebec - ocr_needed [4].pdf - 2025 - Revenu Quebec - ocr_needed [4].pdf.pdf - 2025 - Revenu Quebec - ocr_n__f111ebc41b8d.ocr.txt,8099,C
C/02812_2025_-_Revenu_Quebec_-_ocr_needed_5_.pdf_-_2025_f9b6ab503dd1.txt,C:\Users\softinfo\Downloads\clearday-mobile\EMERAULDdiff\raw sources\D_LIBRARY_ingest_2026-04-26\ocr_unreadable\text\Review\Unreadable\2025 - Revenu Quebec - ocr_needed [5].pdf - 2025 - Revenu Quebec - ocr_needed [5].pdf.pdf - 2025 - Revenu Quebec - ocr_n__1bce44d22de5.ocr.txt,4682,C
C/02813_2025_-_Revenu_Quebec_-_ocr_needed_6_.pdf_-_2025_289686066862.txt,C:\Users\softinfo\Downloads\clearday-mobile\EMERAULDdiff\raw sources\D_LIBRARY_ingest_2026-04-26\ocr_unreadable\text\Review\Unreadable\2025 - Revenu Quebec - ocr_needed [6].pdf - 2025 - Revenu Quebec - ocr_needed [6].pdf.pdf - 2025 - Revenu Quebec - ocr_n__4d6c3a5c522b.ocr.txt,8037,C
C/02814_2025_-_Revenu_Quebec_-_ocr_needed_7_.pdf_-_2025_345632358ddb.txt,C:\Users\softinfo\Downloads\clearday-mobile\EMERAULDdiff\raw sources\D_LIBRARY_ingest_2026-04-26\ocr_unreadable\text\Review\Unreadable\2025 - Revenu Quebec - ocr_needed [7].pdf - 2025 - Revenu Quebec - ocr_needed [7].pdf.pdf - 2025 - Revenu Quebec - ocr_n__ef7c3e83cabb.ocr.txt,5253,C
C/02815_2025_-_Revenu_Quebec_-_ocr_needed.pdf_-_2025_-_Rev_7f004201ceb0.txt,C:\Users\softinfo\Downloads\clearday-mobile\EMERAULDdiff\raw sources\D_LIBRARY_ingest_2026-04-26\ocr_unreadable\text\Review\Unreadable\2025 - Revenu Quebec - ocr_needed.pdf - 2025 - Revenu Quebec - ocr_needed.pdf.pdf - 2025 - Revenu Quebec - ocr_needed.pd__66ccfaa3809d.ocr.txt,8037,C
C/02816_2025_-_RUE_DE_ROUEN.pdf_-_2025_-_RUE_DE_ROUEN.pdf_cfb598d56ed2.txt,C:\Users\softinfo\Downloads\clearday-mobile\EMERAULDdiff\raw sources\D_LIBRARY_ingest_2026-04-26\ocr_unreadable\text\Review\Unreadable\2025 - RUE DE ROUEN.pdf - 2025 - RUE DE ROUEN.pdf.pdf - 2025 - RUE DE ROUEN.pdf - 2025 - RUE DE ROUEN.pdf.pdf.pdf.ocr.txt,230,C
C/02817_2026_-_Martin_Lepage_-_ocr_needed.pdf_-_2026_-_Mar_fe56ea72f5d7.txt,C:\Users\softinfo\Downloads\clearday-mobile\EMERAULDdiff\raw sources\D_LIBRARY_ingest_2026-04-26\ocr_unreadable\text\Review\Unreadable\2026 - Martin Lepage - ocr_needed.pdf - 2026 - Martin Lepage - ocr_needed.pdf.pdf - 2026 - Martin Lepage - ocr_needed.pd__50e57bbd4b24.ocr.txt,4258,C
C/02818_2026_-_Martin_Lepage_-_ocr_needed_1.pdf_-_2026_-_M_e0bf885ab506.txt,C:\Users\softinfo\Downloads\clearday-mobile\EMERAULDdiff\raw sources\D_LIBRARY_ingest_2026-04-26\ocr_unreadable\text\Review\Unreadable\2026 - Martin Lepage - ocr_needed_1.pdf - 2026 - Martin Lepage - ocr_needed_1.pdf.pdf - 2026 - Martin Lepage - ocr_neede__5fd676405def.ocr.txt,2277,C
C/02819_2026_-_notes_or_journal.pdf_-_2026_-_notes_or_jour_86f28b3c7188.txt,C:\Users\softinfo\Downloads\clearday-mobile\EMERAULDdiff\raw sources\D_LIBRARY_ingest_2026-04-26\ocr_unreadable\text\Review\Unreadable\2026 - notes_or_journal.pdf - 2026 - notes_or_journal.pdf.pdf - 2026 - notes_or_journal.pdf - 2026 - notes_or_journal.pdf.pdf.pdf.ocr.txt,919,C
C/02820_2026_-_ocr_needed.pdf_-_2026_-_ocr_needed.pdf.pdf_e7760a0b5fc7.txt,C:\Users\softinfo\Downloads\clearday-mobile\EMERAULDdiff\raw sources\D_LIBRARY_ingest_2026-04-26\ocr_unreadable\text\Review\Unreadable\2026 - ocr_needed.pdf - 2026 - ocr_needed.pdf.pdf - 2026 - ocr_needed.pdf - 2026 - ocr_needed.pdf.pdf.pdf.ocr.txt,2275,C
C/02821_2026_-_ocr_needed_10.pdf_-_2026_-_ocr_needed_10.pd_1a0cf73b8376.txt,C:\Users\softinfo\Downloads\clearday-mobile\EMERAULDdiff\raw sources\D_LIBRARY_ingest_2026-04-26\ocr_unreadable\text\Review\Unreadable\2026 - ocr_needed_10.pdf - 2026 - ocr_needed_10.pdf.pdf - 2026 - ocr_needed_10.pdf - 2026 - ocr_needed_10.pdf.pdf.pdf.ocr.txt,2586,C
C/02822_2026_-_ocr_needed_11.pdf_-_2026_-_ocr_needed_11.pd_fbd6d3a3035e.txt,C:\Users\softinfo\Downloads\clearday-mobile\EMERAULDdiff\raw sources\D_LIBRARY_ingest_2026-04-26\ocr_unreadable\text\Review\Unreadable\2026 - ocr_needed_11.pdf - 2026 - ocr_needed_11.pdf.pdf - 2026 - ocr_needed_11.pdf - 2026 - ocr_needed_11.pdf.pdf.pdf.ocr.txt,2961,C
C/02823_2026_-_ocr_needed_12.pdf_-_2026_-_ocr_needed_12.pd_3ccbc375ef0a.txt,C:\Users\softinfo\Downloads\clearday-mobile\EMERAULDdiff\raw sources\D_LIBRARY_ingest_2026-04-26\ocr_unreadable\text\Review\Unreadable\2026 - ocr_needed_12.pdf - 2026 - ocr_needed_12.pdf.pdf - 2026 - ocr_needed_12.pdf - 2026 - ocr_needed_12.pdf.pdf.pdf.ocr.txt,1588,C
C/02824_2026_-_ocr_needed_13.pdf_-_2026_-_ocr_needed_13.pd_bfa76d8e16fc.txt,C:\Users\softinfo\Downloads\clearday-mobile\EMERAULDdiff\raw sources\D_LIBRARY_ingest_2026-04-26\ocr_unreadable\text\Review\Unreadable\2026 - ocr_needed_13.pdf - 2026 - ocr_needed_13.pdf.pdf - 2026 - ocr_needed_13.pdf - 2026 - ocr_needed_13.pdf.pdf.pdf.ocr.txt,2962,C
C/02825_2026_-_ocr_needed_14.pdf_-_2026_-_ocr_needed_14.pd_7e7179eb2a98.txt,C:\Users\softinfo\Downloads\clearday-mobile\EMERAULDdiff\raw sources\D_LIBRARY_ingest_2026-04-26\ocr_unreadable\text\Review\Unreadable\2026 - ocr_needed_14.pdf - 2026 - ocr_needed_14.pdf.pdf - 2026 - ocr_needed_14.pdf - 2026 - ocr_needed_14.pdf.pdf.pdf.ocr.txt,6365,C
C/02826_2026_-_ocr_needed_15.pdf_-_2026_-_ocr_needed_15.pd_07dbf1b958dc.txt,C:\Users\softinfo\Downloads\clearday-mobile\EMERAULDdiff\raw sources\D_LIBRARY_ingest_2026-04-26\ocr_unreadable\text\Review\Unreadable\2026 - ocr_needed_15.pdf - 2026 - ocr_needed_15.pdf.pdf - 2026 - ocr_needed_15.pdf - 2026 - ocr_needed_15.pdf.pdf.pdf.ocr.txt,10245,C
C/02827_2026_-_ocr_needed_2.pdf_-_2026_-_ocr_needed_2.pdf_ac52c92e0549.txt,C:\Users\softinfo\Downloads\clearday-mobile\EMERAULDdiff\raw sources\D_LIBRARY_ingest_2026-04-26\ocr_unreadable\text\Review\Unreadable\2026 - ocr_needed_2.pdf - 2026 - ocr_needed_2.pdf.pdf - 2026 - ocr_needed_2.pdf - 2026 - ocr_needed_2.pdf.pdf.pdf.ocr.txt,2030,C
C/02828_2026_-_ocr_needed_3.pdf_-_2026_-_ocr_needed_3.pdf_45397676d691.txt,C:\Users\softinfo\Downloads\clearday-mobile\EMERAULDdiff\raw sources\D_LIBRARY_ingest_2026-04-26\ocr_unreadable\text\Review\Unreadable\2026 - ocr_needed_3.pdf - 2026 - ocr_needed_3.pdf.pdf - 2026 - ocr_needed_3.pdf - 2026 - ocr_needed_3.pdf.pdf.pdf.ocr.txt,10688,C
C/02829_2026_-_ocr_needed_4.pdf_-_2026_-_ocr_needed_4.pdf_b81ebe4d18e4.txt,C:\Users\softinfo\Downloads\clearday-mobile\EMERAULDdiff\raw sources\D_LIBRARY_ingest_2026-04-26\ocr_unreadable\text\Review\Unreadable\2026 - ocr_needed_4.pdf - 2026 - ocr_needed_4.pdf.pdf - 2026 - ocr_needed_4.pdf - 2026 - ocr_needed_4.pdf.pdf.pdf.ocr.txt,13929,C
C/02830_2026_-_ocr_needed_5.pdf_-_2026_-_ocr_needed_5.pdf_981df0bedd4a.txt,C:\Users\softinfo\Downloads\clearday-mobile\EMERAULDdiff\raw sources\D_LIBRARY_ingest_2026-04-26\ocr_unreadable\text\Review\Unreadable\2026 - ocr_needed_5.pdf - 2026 - ocr_needed_5.pdf.pdf - 2026 - ocr_needed_5.pdf - 2026 - ocr_needed_5.pdf.pdf.pdf.ocr.txt,1106,C
C/02831_2026_-_ocr_needed_6.pdf_-_2026_-_ocr_needed_6.pdf_08da996edd31.txt,C:\Users\softinfo\Downloads\clearday-mobile\EMERAULDdiff\raw sources\D_LIBRARY_ingest_2026-04-26\ocr_unreadable\text\Review\Unreadable\2026 - ocr_needed_6.pdf - 2026 - ocr_needed_6.pdf.pdf - 2026 - ocr_needed_6.pdf - 2026 - ocr_needed_6.pdf.pdf.pdf.ocr.txt,2569,C
C/02832_2026_-_ocr_needed_7.pdf_-_2026_-_ocr_needed_7.pdf_2ab2acdf3d76.txt,C:\Users\softinfo\Downloads\clearday-mobile\EMERAULDdiff\raw sources\D_LIBRARY_ingest_2026-04-26\ocr_unreadable\text\Review\Unreadable\2026 - ocr_needed_7.pdf - 2026 - ocr_needed_7.pdf.pdf - 2026 - ocr_needed_7.pdf - 2026 - ocr_needed_7.pdf.pdf.pdf.ocr.txt,1033,C
C/02833_2026_-_ocr_needed_8.pdf_-_2026_-_ocr_needed_8.pdf_dae6894eef13.txt,C:\Users\softinfo\Downloads\clearday-mobile\EMERAULDdiff\raw sources\D_LIBRARY_ingest_2026-04-26\ocr_unreadable\text\Review\Unreadable\2026 - ocr_needed_8.pdf - 2026 - ocr_needed_8.pdf.pdf - 2026 - ocr_needed_8.pdf - 2026 - ocr_needed_8.pdf.pdf.pdf.ocr.txt,8239,C
C/02834_2026_-_ocr_needed_9.pdf_-_2026_-_ocr_needed_9.pdf_31bcd984ade2.txt,C:\Users\softinfo\Downloads\clearday-mobile\EMERAULDdiff\raw sources\D_LIBRARY_ingest_2026-04-26\ocr_unreadable\text\Review\Unreadable\2026 - ocr_needed_9.pdf - 2026 - ocr_needed_9.pdf.pdf - 2026 - ocr_needed_9.pdf - 2026 - ocr_needed_9.pdf.pdf.pdf.ocr.txt,504,C
C/02835_2026_-_Search_-_ocr_needed.pdf_-_2026_-_Search_-_o_f95097b7f5c1.txt,C:\Users\softinfo\Downloads\clearday-mobile\EMERAULDdiff\raw sources\D_LIBRARY_ingest_2026-04-26\ocr_unreadable\text\Review\Unreadable\2026 - Search - ocr_needed.pdf - 2026 - Search - ocr_needed.pdf.pdf - 2026 - Search - ocr_needed.pdf - 2026 - Search - ocr_needed.pdf.pdf.pdf.ocr.txt,1959,C
C/02836_2027_-_ocr_needed.pdf_-_2027_-_ocr_needed.pdf.pdf_b2210afa19bc.txt,C:\Users\softinfo\Downloads\clearday-mobile\EMERAULDdiff\raw sources\D_LIBRARY_ingest_2026-04-26\ocr_unreadable\text\Review\Unreadable\2027 - ocr_needed.pdf - 2027 - ocr_needed.pdf.pdf - 2027 - ocr_needed.pdf - 2027 - ocr_needed.pdf.pdf.pdf.ocr.txt,557,C
C/02837_2027_-_ocr_needed_1.pdf_-_2027_-_ocr_needed_1.pdf_8e9091f47084.txt,C:\Users\softinfo\Downloads\clearday-mobile\EMERAULDdiff\raw sources\D_LIBRARY_ingest_2026-04-26\ocr_unreadable\text\Review\Unreadable\2027 - ocr_needed_1.pdf - 2027 - ocr_needed_1.pdf.pdf - 2027 - ocr_needed_1.pdf - 2027 - ocr_needed_1.pdf.pdf.pdf.ocr.txt,2119,C
C/02838_2027_-_ocr_needed_2.pdf_-_2027_-_ocr_needed_2.pdf_1d9fb611b0ee.txt,C:\Users\softinfo\Downloads\clearday-mobile\EMERAULDdiff\raw sources\D_LIBRARY_ingest_2026-04-26\ocr_unreadable\text\Review\Unreadable\2027 - ocr_needed_2.pdf - 2027 - ocr_needed_2.pdf.pdf - 2027 - ocr_needed_2.pdf - 2027 - ocr_needed_2.pdf.pdf.pdf.ocr.txt,1249,C
C/02839_Sharp_Scanned_Image_PDF_Unreadable_OCR_7509140718c7.md,C:\Users\softinfo\Downloads\clearday-mobile\EMERAULDdiff\raw sources\D_LIBRARY_ingest_2026-04-26\ocr_unreadable\text\Review\Unreadable\Sharp Scanned Image PDF — Unreadable OCR.md,3935,C
C/02840_DocSort_Setup_Reference_d1acc35cc092.md,C:\Users\softinfo\Downloads\clearday-mobile\EMERAULDdiff\raw sources\DocSort — Setup & Reference.md,4766,C
C/02841_Governance_by_Denial_Revised_Working_Draft_c97071e3bb31.md,C:\Users\softinfo\Downloads\clearday-mobile\EMERAULDdiff\raw sources\Documents_root_loose_intake_2026-04-28\converted\governance-public-market\Governance by Denial — Revised Working Draft.md,62751,C
C/02842_envUSERPROFILEDesktopcompact_wsl_f53c123492ea.md,C:\Users\softinfo\Downloads\clearday-mobile\EMERAULDdiff\raw sources\Documents_root_loose_intake_2026-04-28\converted\hardware-system-reference\& $envUSERPROFILEDesktopcompact_wsl.md,81102,C
C/02843_Intel_R_Core_TM_i3-1005G1_CPU_1.20GHz_2_4_efe5714b69c5.md,C:\Users\softinfo\Downloads\clearday-mobile\EMERAULDdiff\raw sources\Documents_root_loose_intake_2026-04-28\converted\hardware-system-reference\Intel(R) Core(TM) i3-1005G1 CPU 1.20GHz 2 4.md,1855,C
C/02844_Ahmed_Sara._The_Promise_of_Happine_b2fb5e2e4c0e.md,"C:\Users\softinfo\Downloads\clearday-mobile\EMERAULDdiff\raw sources\Documents_root_loose_intake_2026-04-28\converted\papers-and-manuscripts\Ahmed, Sara. The Promise of Happine.md",4852,C
C/02845_Alchemy_of_the_Wound_ee3854802d5a.md,C:\Users\softinfo\Downloads\clearday-mobile\EMERAULDdiff\raw sources\Documents_root_loose_intake_2026-04-28\converted\papers-and-manuscripts\Alchemy of the Wound.md,327264,C
C/02846_Charging_Objects_Ritual_Artistic_Practice_and_the_3e65afd61233.md,"C:\Users\softinfo\Downloads\clearday-mobile\EMERAULDdiff\raw sources\Documents_root_loose_intake_2026-04-28\converted\papers-and-manuscripts\Charging Objects Ritual, Artistic Practice, and the Crisis of Legitimacy.md",59492,C
C/02847_Complete_Paper_List_Martin_Lepage_8175cd70fcec.md,C:\Users\softinfo\Downloads\clearday-mobile\EMERAULDdiff\raw sources\Documents_root_loose_intake_2026-04-28\converted\papers-and-manuscripts\Complete Paper List — Martin Lepage.md,38098,C
C/02848_CORPUS_ou_le_g_nie_de_l_insistance_110c921a497b.md,C:\Users\softinfo\Downloads\clearday-mobile\EMERAULDdiff\raw sources\Documents_root_loose_intake_2026-04-28\converted\papers-and-manuscripts\CORPUS ou le génie de l'insistance.md,537433,C
C/02849_Hair_f48e4b13ffbc.md,C:\Users\softinfo\Downloads\clearday-mobile\EMERAULDdiff\raw sources\Documents_root_loose_intake_2026-04-28\converted\papers-and-manuscripts\Hair.md,613,C
C/02850_The_Returning_Light_Martin_Lepage_2025_1a962ec35556.md,C:\Users\softinfo\Downloads\clearday-mobile\EMERAULDdiff\raw sources\Documents_root_loose_intake_2026-04-28\converted\papers-and-manuscripts\The Returning Light — Martin Lepage 2025.md,206851,C
C/02851_The_Kybalion_c626df24f452.md,C:\Users\softinfo\Downloads\clearday-mobile\EMERAULDdiff\raw sources\Documents_root_loose_intake_2026-04-28\converted\papers-and-manuscripts\The_Kybalion.md,222113,C
C/02852_Laptop_A_7dd8f1dbd168.txt,C:\Users\softinfo\Downloads\clearday-mobile\EMERAULDdiff\raw sources\Documents_root_loose_intake_2026-04-28\hardware-system-reference\Laptop A.txt,1025,C
C/02853_Ahmed_Sara._The_Promise_of_Happine_9375c88daeac.txt,"C:\Users\softinfo\Downloads\clearday-mobile\EMERAULDdiff\raw sources\Documents_root_loose_intake_2026-04-28\papers-and-manuscripts\Ahmed, Sara. The Promise of Happine.txt",4577,C
C/02854_Complete_Paper_List_Martin_Lepage_b8f5577e4546.txt,C:\Users\softinfo\Downloads\clearday-mobile\EMERAULDdiff\raw sources\Documents_root_loose_intake_2026-04-28\papers-and-manuscripts\Complete Paper List — Martin Lepage.txt,38188,C
C/02855_CORPUS_ou_le_g_nie_de_l_insistance_1_357388155be7.md,C:\Users\softinfo\Downloads\clearday-mobile\EMERAULDdiff\raw sources\Documents_root_loose_intake_2026-04-28\papers-and-manuscripts\CORPUS ou le génie de l’insistance (1).md,537716,C
C/02856_Hair_b0e9fa313f89.enw,C:\Users\softinfo\Downloads\clearday-mobile\EMERAULDdiff\raw sources\Documents_root_loose_intake_2026-04-28\papers-and-manuscripts\Hair.enw,285,C
C/02857_The_Kybalion_c16f4620ba5f.pdf,C:\Users\softinfo\Downloads\clearday-mobile\EMERAULDdiff\raw sources\Documents_root_loose_intake_2026-04-28\papers-and-manuscripts\The_Kybalion.pdf,1207149,C
C/02858_drsortoriginalfilename_2026_-_thesisordissertation_c107bafe798d.md,C:\Users\softinfo\Downloads\clearday-mobile\EMERAULDdiff\raw sources\drsortoriginalfilename 2026 - thesisordissertation4.txt - 2026 - thesisordisse.md,48411,C
C/02859_FIRST_DRAFT_a294a1a13a07.md,C:\Users\softinfo\Downloads\clearday-mobile\EMERAULDdiff\raw sources\FIRST DRAFT.md,202809,C
C/02860_Governance_by_Denial_Revised_Working_Draft_8c8802546747.md,C:\Users\softinfo\Downloads\clearday-mobile\EMERAULDdiff\raw sources\Governance by Denial — Revised Working Draft.md,59689,C
C/02861_InfraFabric_Philosophy-As-Implementation_Whitepape_a07069ff7a07.md,C:\Users\softinfo\Downloads\clearday-mobile\EMERAULDdiff\raw sources\InfraFabric Philosophy-As-Implementation Whitepaper (v1.0).md,14236,C
C/02862_IF-2086_-_Debate_Structure_and_Triple_Red-Team_Opt_c1ea41c01ff7.md,C:\Users\softinfo\Downloads\clearday-mobile\EMERAULDdiff\raw sources\infrafabric-archive\IF-2086 - Debate Structure and Triple Red-Team Optimization Whitepaper (v1.2).md,24616,C
C/02863_IF.EMOTION_Whitepaper_Combined_d9f9d3553ead.md,C:\Users\softinfo\Downloads\clearday-mobile\EMERAULDdiff\raw sources\infrafabric-archive\IF.EMOTION Whitepaper (Combined).md,154782,C
C/02864_if.trace_Full_Explainer_Bible_v4.23_Six-Audience_C_571bba39596a.md,"C:\Users\softinfo\Downloads\clearday-mobile\EMERAULDdiff\raw sources\infrafabric-archive\if.trace Full Explainer (Bible v4.23, Six-Audience, Claim-Boundary Strict).md",44954,C
C/02865_if.whitepapers.bible_v4.23_608348a84d47.md,C:\Users\softinfo\Downloads\clearday-mobile\EMERAULDdiff\raw sources\infrafabric-archive\if.whitepapers.bible (v4.23).md,85820,C
C/02866_if.whitepapers.bible_changelog_pointer_v4.23_983c527db43a.md,C:\Users\softinfo\Downloads\clearday-mobile\EMERAULDdiff\raw sources\infrafabric-archive\if.whitepapers.bible changelog pointer (v4.23).md,15828,C
C/02867_WHITE_PAPER_IF.STORY_9ee932b73e04.md,C:\Users\softinfo\Downloads\clearday-mobile\EMERAULDdiff\raw sources\infrafabric-archive\WHITE PAPER IF.STORY.md,37030,C
C/02868_Literature_references_in_common_English_raw_refere_e4626af20573.md,C:\Users\softinfo\Downloads\clearday-mobile\EMERAULDdiff\raw sources\Literature references in common English — raw reference list.md,18603,C
C/02869_Martin_Lepage_PhD_External_Review_Profile_Offline_cb17ffe375b5.md,"C:\Users\softinfo\Downloads\clearday-mobile\EMERAULDdiff\raw sources\Martin Lepage, PhD — External Review Profile (Offline-Ready).md",9513,C
C/02870_MASTER_BIBLIOGRAPHY_pre-merge_layered_corpus_40706d9d754c.txt,C:\Users\softinfo\Downloads\clearday-mobile\EMERAULDdiff\raw sources\MASTER BIBLIOGRAPHY — pre-merge layered corpus.txt,77674,C
C/02871_memoir-part-one-draft_d222a5c064d9.md,C:\Users\softinfo\Downloads\clearday-mobile\EMERAULDdiff\raw sources\memoir-part-one-draft.md,35362,C
C/02872_Martin_s_voice_CODE_f16ba2415d89.txt,C:\Users\softinfo\Downloads\clearday-mobile\EMERAULDdiff\raw sources\paper-builder-origin-bundle\Martin's voice CODE.txt,17067,C
C/02873_PAPER_BUILDER_APP_WF_de25a446b9d6.txt,C:\Users\softinfo\Downloads\clearday-mobile\EMERAULDdiff\raw sources\paper-builder-origin-bundle\PAPER BUILDER APP WF.txt,10609,C
C/02874_PAPER_BUILDER_APP_ce1993331b4a.txt,C:\Users\softinfo\Downloads\clearday-mobile\EMERAULDdiff\raw sources\paper-builder-origin-bundle\PAPER BUILDER APP.txt,10609,C
C/02875_PAPER_BUILDER_WF_Sum_f6898562e7f2.txt,C:\Users\softinfo\Downloads\clearday-mobile\EMERAULDdiff\raw sources\paper-builder-origin-bundle\PAPER BUILDER WF Sum.txt,4056,C
C/02876_PAPER_BUILDER_WK_SocialStudies_934f967b4901.txt,C:\Users\softinfo\Downloads\clearday-mobile\EMERAULDdiff\raw sources\paper-builder-origin-bundle\PAPER BUILDER WK SocialStudies.txt,8777,C
C/02877_paper_builder_3a5eeddf2ed1.txt,C:\Users\softinfo\Downloads\clearday-mobile\EMERAULDdiff\raw sources\paper-builder-origin-bundle\paper builder.txt,15168,C
C/02878_PEER_REVIEW_Recursive_AI_Governance_AI-Society_bf8175fef1c0.md,C:\Users\softinfo\Downloads\clearday-mobile\EMERAULDdiff\raw sources\PEER_REVIEW_Recursive_AI_Governance_AI-Society.md,23551,C
C/02879_Qualitative_Research_and_Intersectional_Frameworks_3a381e378ad7.md,C:\Users\softinfo\Downloads\clearday-mobile\EMERAULDdiff\raw sources\Qualitative Research and Intersectional Frameworks.md,17643,C
C/02880_Service_offer_prompts_GPT_revenue_design_templates_bdfdb545a316.md,C:\Users\softinfo\Downloads\clearday-mobile\EMERAULDdiff\raw sources\Service offer prompts — GPT revenue design templates.md,7229,C
C/02881_skill-synthesis_d83757748b8d.md,C:\Users\softinfo\Downloads\clearday-mobile\EMERAULDdiff\raw sources\skill-synthesis.md,1056,C
C/02882_synthesis_prompt_37b18e575bf0.md,C:\Users\softinfo\Downloads\clearday-mobile\EMERAULDdiff\raw sources\vault-product-scaffold\synthesis_prompt.md,1872,C
C/02883_REVISIONS_-_BRAIN_PAPER_JOURNAL_30af5439d856.txt,C:\Users\softinfo\Downloads\clearday-mobile\EMERAULDdiff\raw\00_Inbox\Raw\REVISIONS - BRAIN PAPER JOURNAL.txt,8900,C
C/02884_WIP_recruso_paper_a81a902c5117.txt,C:\Users\softinfo\Downloads\clearday-mobile\EMERAULDdiff\raw\00_Inbox\Raw\WIP recruso paper.txt,49555,C
C/02885_MIA_PAPERS_PLANES_lyrics_35ac7e1985a7.md,C:\Users\softinfo\Downloads\clearday-mobile\EMERAULDdiff\raw\Clippings\MIA PAPERS PLANES lyrics.md,6328,C
C/02886_02-code-review-workflow_d55e74d14022.md,C:\Users\softinfo\Downloads\clearday-mobile\EMERAULDdiff\raw\D-drive-scan-2026-05-12\elemental-agents\examples\02-code-review-workflow.md,968,C
C/02887_manuscript-to-review.extracted_ffc550c32ac8.txt,C:\Users\softinfo\Downloads\clearday-mobile\EMERAULDdiff\raw\D-drive-scan-2026-05-12\softinfo-manuscript\manuscript-to-review.extracted.txt,48680,C
C/02888_brutal-isms-longform-revised_497c49c2b10c.pdf,C:\Users\softinfo\Downloads\clearday-mobile\EMERAULDdiff\raw\Desktop-Downloads-scan-2026-05-12\downloads\brutal-isms-longform-revised.pdf,13890,C
C/02889_AI_Governance_Reference_Stack_Annotated_Library_Op_a5f1e57c798f.md,C:\Users\softinfo\Downloads\clearday-mobile\EMERAULDdiff\Resources\AI Governance Reference Stack — Annotated Library (Operational 2026-03-11).md,3228,C
C/02890_App_Store_Connect_and_Apple_App_Review_PHAROS_Subm_d5609a402ee3.md,C:\Users\softinfo\Downloads\clearday-mobile\EMERAULDdiff\Resources\App Store Connect and Apple App Review — PHAROS Submission Playbook.md,3398,C
C/02891_Awesome_Design_Resources_Curated_UI-UX_Reference_L_81b12d04a76d.md,C:\Users\softinfo\Downloads\clearday-mobile\EMERAULDdiff\Resources\Awesome Design Resources — Curated UI-UX Reference List.md,5396,C
C/02892_Epistemic_Governance_Canonical_Reference_16005a235841.md,C:\Users\softinfo\Downloads\clearday-mobile\EMERAULDdiff\Resources\Epistemic Governance — Canonical Reference.md,14414,C
C/02893_In_the_Study_of_the_Witch_Zwissler_2018_Magic-Reli_8da558eaee11.md,"C:\Users\softinfo\Downloads\clearday-mobile\EMERAULDdiff\Resources\In the Study of the Witch — Zwissler 2018 (Magic-Religion categories, gender).md",3069,C
C/02894_Literary_References_in_Common_English_Allusion_and_068ddc6ea483.md,C:\Users\softinfo\Downloads\clearday-mobile\EMERAULDdiff\Resources\Literary References in Common English — Allusion and Idiom Guide.md,3094,C
C/02895_Literary_References_Craft_Guide_1824dfb165dc.md,C:\Users\softinfo\Downloads\clearday-mobile\EMERAULDdiff\Resources\Literary References — Craft Guide.md,11946,C
C/02896_Master_Bibliography_R_f_rences_bibliographiques_20_43a0e46b6907.md,C:\Users\softinfo\Downloads\clearday-mobile\EMERAULDdiff\Resources\Master Bibliography — Références bibliographiques 2025.md,6675,C
C/02897_MASTER_REFERENCE_SAFE_Canonical_Bibliography_Syste_78871f4d0053.md,C:\Users\softinfo\Downloads\clearday-mobile\EMERAULDdiff\Resources\MASTER REFERENCE SAFE — Canonical Bibliography System.md,5637,C
C/02898_Paper_Planes_M.I.A._Lyrics_19756921f3a2.md,C:\Users\softinfo\Downloads\clearday-mobile\EMERAULDdiff\Resources\Paper Planes — M.I.A. — Lyrics.md,5331,C
C/02899_Patent_Research_Prior-Art_Search_and_Free_Tools_25551d165cf9.md,C:\Users\softinfo\Downloads\clearday-mobile\EMERAULDdiff\Resources\Patent Research — Prior-Art Search and Free Tools.md,8015,C
C/02900_Pup_Play_BDSM_and_Gay_Masculinities_Annotated_Bibl_3eeb51fcb14a.md,"C:\Users\softinfo\Downloads\clearday-mobile\EMERAULDdiff\Resources\Pup Play, BDSM, and Gay Masculinities — Annotated Bibliography (2026).md",25407,C
C/02901_Qualitative_Handbook_Expanded_Reference_List_2cf635b9060a.md,C:\Users\softinfo\Downloads\clearday-mobile\EMERAULDdiff\Resources\Qualitative Handbook — Expanded Reference List.md,10202,C
C/02902_Red_Team_Handbook_Offensive_Security_Reference_fa656a71bec5.md,C:\Users\softinfo\Downloads\clearday-mobile\EMERAULDdiff\Resources\Red Team Handbook — Offensive Security Reference.md,3839,C
C/02903_Regulatory_Standards_Reference_Stack_Governance_Co_86d8ee77d438.md,C:\Users\softinfo\Downloads\clearday-mobile\EMERAULDdiff\Resources\Regulatory Standards Reference Stack — Governance Controls Grounding.md,7342,C
C/02904_RevenueCat_Subscription_Layer_for_PHAROS_Mobile_Ap_8a73b065f25f.md,C:\Users\softinfo\Downloads\clearday-mobile\EMERAULDdiff\Resources\RevenueCat — Subscription Layer for PHAROS Mobile Apps.md,3042,C
C/02905_Weekly_Review_Template_faf95302f458.md,C:\Users\softinfo\Downloads\clearday-mobile\EMERAULDdiff\templates\Weekly Review Template.md,622,C
C/02906_APEX_Papers_Research_Archive_Map_c7c5c2068d07.md,C:\Users\softinfo\Downloads\clearday-mobile\EMERAULDdiff\wiki\APEX Papers — Research Archive Map.md,5973,C
C/02907_ux-researcher-designer_daf0a17df414.md,C:\Users\softinfo\Downloads\clearday-mobile\EMERAULDdiff\wiki\archive\ux-researcher-designer.md,1272,C
C/02908_2021_-_02112021_1511_Consulter_des_donnees_fiscale_66d97f80d3ba.md,C:\Users\softinfo\Downloads\clearday-mobile\EMERAULDdiff\wiki\bridges\2021 - 02112021 1511 Consulter des donnees fiscales - Revenu Quebec.md,8832,C
C/02909_2027_-_AI_2027_Summary_Research_2_0e9400aa3c3c.md,C:\Users\softinfo\Downloads\clearday-mobile\EMERAULDdiff\wiki\bridges\2027 - AI 2027 Summary Research 2.md,1853,C
C/02910_2027_-_AI_2027_Summary_Research_3_dd885d76785f.md,C:\Users\softinfo\Downloads\clearday-mobile\EMERAULDdiff\wiki\bridges\2027 - AI 2027 Summary Research 3.md,1853,C
C/02911_2027_-_AI_2027_Summary_Research_4_31d20956dd39.md,C:\Users\softinfo\Downloads\clearday-mobile\EMERAULDdiff\wiki\bridges\2027 - AI 2027 Summary Research 4.md,1853,C
C/02912_2027_-_AI_2027_Summary_Research_8dc80bd443c4.md,C:\Users\softinfo\Downloads\clearday-mobile\EMERAULDdiff\wiki\bridges\2027 - AI 2027 Summary Research.md,1851,C
C/02913_Bridge_-_FIRST_DRAFT_2d9a9e169c5a.md,C:\Users\softinfo\Downloads\clearday-mobile\EMERAULDdiff\wiki\bridges\Bridge - FIRST DRAFT.md,544,C
C/02914_Bridge_-_Governance_by_Denial_Revised_Working_Draf_577bfc1a30e3.md,C:\Users\softinfo\Downloads\clearday-mobile\EMERAULDdiff\wiki\bridges\Bridge - Governance by Denial Revised Working Draft.md,661,C
C/02915_Bridge_-_Social_Compass_Paper_Ritual_Authority_and_f70f73116c08.md,C:\Users\softinfo\Downloads\clearday-mobile\EMERAULDdiff\wiki\bridges\Bridge - Social Compass Paper Ritual Authority and Rgime de Preuve.md,716,C
C/02916_MASTER_BIBLIOGRAPHY_Theoretical_Genealogy_of_LOTUS_7af781707653.md,C:\Users\softinfo\Downloads\clearday-mobile\EMERAULDdiff\wiki\MASTER BIBLIOGRAPHY — Theoretical Genealogy of LOTUS.md,15748,C
C/02917_Master_Reference_Bridge_Atlas_2026-05-06_044a7af4bb0d.md,C:\Users\softinfo\Downloads\clearday-mobile\EMERAULDdiff\wiki\Master Reference Bridge Atlas — 2026-05-06.md,366400,C
C/02918_PEER-REVIEW_MOC_101260fa16a4.md,C:\Users\softinfo\Downloads\clearday-mobile\EMERAULDdiff\wiki\PEER-REVIEW MOC.md,2631,C
C/02919_MIA_PAPERS_planes_lyrics_Source_Note_90aeda8905d5.md,C:\Users\softinfo\Downloads\clearday-mobile\EMERAULDdiff\wiki\raw-sources\2026-05-13\MIA PAPERS planes lyrics — Source Note.md,2971,C
C/02920_REVISIONS_-_BRAIN_PAPER_JOURNAL_Source_Note_7ed395aa315a.md,C:\Users\softinfo\Downloads\clearday-mobile\EMERAULDdiff\wiki\raw-sources\2026-05-13\REVISIONS - BRAIN PAPER JOURNAL — Source Note.md,1571,C
C/02921_WIP_recruso_paper_Source_Note_14157adf0bf6.md,C:\Users\softinfo\Downloads\clearday-mobile\EMERAULDdiff\wiki\raw-sources\2026-05-13\WIP recruso paper — Source Note.md,1515,C
C/02922_Research_Hub_c8b5a0516bf6.md,C:\Users\softinfo\Downloads\clearday-mobile\EMERAULDdiff\wiki\Research Hub.md,2347,C
C/02923_September_2024_Research_Retrospective_b4dca1faa5b2.md,C:\Users\softinfo\Downloads\clearday-mobile\EMERAULDdiff\wiki\September 2024 Research Retrospective.md,9560,C
C/02924_Skill_Domain_Research_and_Scholarly_Work_87c8ccbc22ba.md,C:\Users\softinfo\Downloads\clearday-mobile\EMERAULDdiff\wiki\Skill Domain — Research and Scholarly Work.md,5140,C
C/02925_Weekly_Review_2026-06-26_93fc64b85af4.md,C:\Users\softinfo\Downloads\clearday-mobile\EMERAULDdiff\wiki\Weekly Review — 2026-06-26.md,7819,C
C/02926_ContratPharosAIxGroupeLavoieSIGNATUREv6_1de17f215940.docx,C:\Users\softinfo\Downloads\ContratPharosAIxGroupeLavoieSIGNATUREv6.docx,19988,C
C/02927_ContratPharosAIxGroupeLavoieSIGNATUREv6_a80ac95c38e7.pdf,C:\Users\softinfo\Downloads\ContratPharosAIxGroupeLavoieSIGNATUREv6.pdf,170204,C
C/02928_journal-recherche_fc9337b43961.md,C:\Users\softinfo\Downloads\genealogie-lepage-deschenes\journal-recherche.md,22152,C
C/02929_Govern-LLM-Research_50aa90f34352.md,C:\Users\softinfo\Downloads\Govern-LLM-Research.md,24133,C
C/02930_journal-recherche_f2ef9795eca8.md,C:\Users\softinfo\Downloads\journal-recherche.md,8669,C
C/02931_diagnostic-protocol_6dd16aacbaf7.md,C:\Users\softinfo\Downloads\martin-authored-skills\home\claude\user-skills\brand-identity-system\references\diagnostic-protocol.md,1241,C
C/02932_logo-protocol_de0289133422.md,C:\Users\softinfo\Downloads\martin-authored-skills\home\claude\user-skills\brand-identity-system\references\logo-protocol.md,1608,C
C/02933_mini-style-guide-template_d24132604fb2.md,C:\Users\softinfo\Downloads\martin-authored-skills\home\claude\user-skills\brand-identity-system\references\mini-style-guide-template.md,210,C
C/02934_output-contracts_28f0bda43a64.md,C:\Users\softinfo\Downloads\martin-authored-skills\home\claude\user-skills\brand-identity-system\references\output-contracts.md,913,C
C/02935_professional-services-branding_90e6e6e0cefb.md,C:\Users\softinfo\Downloads\martin-authored-skills\home\claude\user-skills\brand-identity-system\references\professional-services-branding.md,1187,C
C/02936_strategic-brief-template_1f0aa25bfb9c.md,C:\Users\softinfo\Downloads\martin-authored-skills\home\claude\user-skills\brand-identity-system\references\strategic-brief-template.md,294,C
C/02937_website-protocol_9e84647cb7fc.md,C:\Users\softinfo\Downloads\martin-authored-skills\home\claude\user-skills\brand-identity-system\references\website-protocol.md,1543,C
C/02938_00_MASTER_EXPLAINER_489d8057ff3f.txt,C:\Users\softinfo\Downloads\martin-authored-skills\home\claude\user-skills\helix-operator\references\00_MASTER_EXPLAINER.txt,8549,C
C/02939_02_THESEUS_ARCHIVE_template_06ae5b3986de.md,C:\Users\softinfo\Downloads\martin-authored-skills\home\claude\user-skills\helix-operator\references\archive-templates\02_THESEUS_ARCHIVE_template.md,9029,C
C/02940_05_AURYN_ARCHIVE_template_005034fa9593.md,C:\Users\softinfo\Downloads\martin-authored-skills\home\claude\user-skills\helix-operator\references\archive-templates\05_AURYN_ARCHIVE_template.md,8194,C
C/02941_08_HOPF_ARCHIVE_template_194ccde385c6.md,C:\Users\softinfo\Downloads\martin-authored-skills\home\claude\user-skills\helix-operator\references\archive-templates\08_HOPF_ARCHIVE_template.md,9794,C
C/02942_interface-notes_fcb939d6ed31.md,C:\Users\softinfo\Downloads\martin-authored-skills\home\claude\user-skills\helix-operator\references\interface-notes.md,4085,C
C/02943_auryn_9d9f041b6c6e.md,C:\Users\softinfo\Downloads\martin-authored-skills\home\claude\user-skills\helix-operator\references\prompts\auryn.md,6286,C
C/02944_hopf_d3a1965533dd.md,C:\Users\softinfo\Downloads\martin-authored-skills\home\claude\user-skills\helix-operator\references\prompts\hopf.md,7849,C
C/02945_theseus_bd4f4a1a221e.md,C:\Users\softinfo\Downloads\martin-authored-skills\home\claude\user-skills\helix-operator\references\prompts\theseus.md,5998,C
C/02946_scoring-guide_8d1bb02fc8b8.md,C:\Users\softinfo\Downloads\martin-authored-skills\home\claude\user-skills\helix-operator\references\scoring-guide.md,3708,C
C/02947_culture_28a776c23f67.md,C:\Users\softinfo\Downloads\martin-authored-skills\home\claude\user-skills\humanize\references\culture.md,2054,C
C/02948_diagnose_af75ab235620.md,C:\Users\softinfo\Downloads\martin-authored-skills\home\claude\user-skills\humanize\references\diagnose.md,3265,C
C/02949_redraft_b81c04d56c2b.md,C:\Users\softinfo\Downloads\martin-authored-skills\home\claude\user-skills\humanize\references\redraft.md,3399,C
C/02950_novel-craft_e5a1ec37168a.md,C:\Users\softinfo\Downloads\martin-authored-skills\home\claude\user-skills\novelist\references\novel-craft.md,5863,C
C/02951_reviewer-response-template_1412b077946c.md,C:\Users\softinfo\Downloads\martin-authored-skills\home\claude\user-skills\peer-reviewed-paper-writer\assets\reviewer-response-template.md,2732,C
C/02952_manuscript-readiness-checklist_4950062c0da7.md,C:\Users\softinfo\Downloads\martin-authored-skills\home\claude\user-skills\peer-reviewed-paper-writer\references\manuscript-readiness-checklist.md,2644,C
C/02953_SKILL_668355a227c1.md,C:\Users\softinfo\Downloads\martin-authored-skills\home\claude\user-skills\peer-reviewed-paper-writer\SKILL.md,9867,C
C/02954_role-map_7a03b6680142.md,C:\Users\softinfo\Downloads\martin-authored-skills\home\claude\user-skills\publisher\references\role-map.md,4952,C
C/02955_methods_570da2b1043b.md,C:\Users\softinfo\Downloads\martin-authored-skills\home\claude\user-skills\qualitative\references\methods.md,9137,C
C/02956_example-prompts_7d1b5e20bd95.md,C:\Users\softinfo\Downloads\martin-authored-skills\home\claude\user-skills\recursive-governance-method\references\example-prompts.md,736,C
C/02957_method-rules_3307323e8094.md,C:\Users\softinfo\Downloads\martin-authored-skills\home\claude\user-skills\recursive-governance-method\references\method-rules.md,3473,C
C/02958_templates_632b2f904707.md,C:\Users\softinfo\Downloads\martin-authored-skills\home\claude\user-skills\recursive-governance-method\references\templates.md,2132,C
C/02959_red-team-reference_b8231bd1a511.md,C:\Users\softinfo\Downloads\martin-authored-skills\home\claude\user-skills\red-team\references\red-team-reference.md,4104,C
C/02960_dual-layer-architecture_1a9df1e3bbb5.md,C:\Users\softinfo\Downloads\martin-authored-skills\home\claude\user-skills\skill-architect\references\dual-layer-architecture.md,8592,C
C/02961_accessibility_63daa42a2edc.md,C:\Users\softinfo\Downloads\martin-authored-skills\home\claude\user-skills\speech\references\accessibility.md,696,C
C/02962_audio-api_d1edb659529f.md,C:\Users\softinfo\Downloads\martin-authored-skills\home\claude\user-skills\speech\references\audio-api.md,902,C
C/02963_cli_cdfc87dbf709.md,C:\Users\softinfo\Downloads\martin-authored-skills\home\claude\user-skills\speech\references\cli.md,3275,C
C/02964_codex-network_3fd69c3f5b9d.md,C:\Users\softinfo\Downloads\martin-authored-skills\home\claude\user-skills\speech\references\codex-network.md,1150,C
C/02965_ivr_3dfe23e661f0.md,C:\Users\softinfo\Downloads\martin-authored-skills\home\claude\user-skills\speech\references\ivr.md,708,C
C/02966_narration_3d81ebdd84db.md,C:\Users\softinfo\Downloads\martin-authored-skills\home\claude\user-skills\speech\references\narration.md,671,C
C/02967_prompting_7e94426ef8cf.md,C:\Users\softinfo\Downloads\martin-authored-skills\home\claude\user-skills\speech\references\prompting.md,1553,C
C/02968_sample-prompts_c3d916fa3900.md,C:\Users\softinfo\Downloads\martin-authored-skills\home\claude\user-skills\speech\references\sample-prompts.md,991,C
C/02969_voice-directions_b8ce4ecddf5b.md,C:\Users\softinfo\Downloads\martin-authored-skills\home\claude\user-skills\speech\references\voice-directions.md,2155,C
C/02970_voiceover_a53927c85e9f.md,C:\Users\softinfo\Downloads\martin-authored-skills\home\claude\user-skills\speech\references\voiceover.md,790,C
C/02971_PAPER_FINAL_61be7837f74f.docx,C:\Users\softinfo\Downloads\PAPER_FINAL.docx,52494,C
C/02972_PAPER_SLAYAGE_SUBMISSION_1e36504731a0.docx,C:\Users\softinfo\Downloads\PAPER_SLAYAGE_SUBMISSION.docx,17256,C
C/02973_QUUERAGENTS-FINALCHAPTER_5b54794a4e91.docx,C:\Users\softinfo\Downloads\QUUERAGENTS-FINALCHAPTER.docx,71041,C
D/00001_ai_governance_public_statement_7f8167a3c657.txt,D:\backend\Documents\AI GOVERNANCE LIBRARY\Drafts and Statements\ai_governance_public_statement.txt,699,D
D/00002_ai_governance_public_statementlong_597c6fa8f00c.txt,D:\backend\Documents\AI GOVERNANCE LIBRARY\Drafts and Statements\ai_governance_public_statementlong.txt,1620,D
D/00003_if-gov-ai-2027-2028_afd163fc052a.md,D:\backend\Documents\AI GOVERNANCE LIBRARY\Drafts and Statements\if-gov-ai-2027-2028.md,41047,D
D/00004_provisional-arbitration-charter_aadd86a7195a.md,D:\backend\Documents\AI GOVERNANCE LIBRARY\Drafts and Statements\provisional-arbitration-charter.md,12529,D
E/00001_00_PHASE1_SYNTHESIS_ec7ada50b81d.md,E:\CODEX\2026 - Martin Lepage - THE WEATHER BENEATH THE WALLS\00_PHASE1_SYNTHESIS.md,5701,E
E/00002_01_PHASE2_CONCEPTS_36d60d290476.md,E:\CODEX\2026 - Martin Lepage - THE WEATHER BENEATH THE WALLS\01_PHASE2_CONCEPTS.md,5168,E
E/00003_02_PHASE3_ARCHITECTURE_f4fb6bf8cb1b.md,E:\CODEX\2026 - Martin Lepage - THE WEATHER BENEATH THE WALLS\02_PHASE3_ARCHITECTURE.md,9727,E
E/00004_03_CONTINUITY_LEDGER_aa026664b8ed.md,E:\CODEX\2026 - Martin Lepage - THE WEATHER BENEATH THE WALLS\03_CONTINUITY_LEDGER.md,2479,E
E/00005_04_THE_WEATHER_BENEATH_THE_WALLS_-_novel_draft_c53886493547.md,E:\CODEX\2026 - Martin Lepage - THE WEATHER BENEATH THE WALLS\04_THE WEATHER BENEATH THE WALLS - novel_draft.md,273111,E
E/00006_05_AUDIOBOOK_RUNBOOK_6eda5779114b.md,E:\CODEX\2026 - Martin Lepage - THE WEATHER BENEATH THE WALLS\05_AUDIOBOOK_RUNBOOK.md,1674,E
E/00007_06_AUDIO_OUTPUT_NOTE_bd6548871cce.md,E:\CODEX\2026 - Martin Lepage - THE WEATHER BENEATH THE WALLS\06_AUDIO_OUTPUT_NOTE.md,954,E
E/00008_Chapter_1_-_The_Inventory_5e761ffcbfad.txt,E:\CODEX\2026 - Martin Lepage - THE WEATHER BENEATH THE WALLS\07_MLFR_VOICE_CLONE_PACKAGE\Chapter 1 - The Inventory.txt,273006,E
E/00009_Chapter_1_-_The_Inventory_2eb7718ec5c6.txt,E:\CODEX\2026 - Martin Lepage - THE WEATHER BENEATH THE WALLS\07_MLFR_VOICE_CLONE_PACKAGE\chapter_text\Chapter 1 - The Inventory.txt,17937,E
E/00010_Chapter_10_-_What_Claire_Kept_f9622ccaa1eb.txt,E:\CODEX\2026 - Martin Lepage - THE WEATHER BENEATH THE WALLS\07_MLFR_VOICE_CLONE_PACKAGE\chapter_text\Chapter 10 - What Claire Kept.txt,9929,E
E/00011_Chapter_11_-_The_Room_Beneath_the_Office_0e14b822856d.txt,E:\CODEX\2026 - Martin Lepage - THE WEATHER BENEATH THE WALLS\07_MLFR_VOICE_CLONE_PACKAGE\chapter_text\Chapter 11 - The Room Beneath the Office.txt,13776,E
E/00012_Chapter_12_-_Relay_3a16798aab3c.txt,E:\CODEX\2026 - Martin Lepage - THE WEATHER BENEATH THE WALLS\07_MLFR_VOICE_CLONE_PACKAGE\chapter_text\Chapter 12 - Relay.txt,12358,E
E/00013_Chapter_13_-_Demolition_Weather_e033c881ac58.txt,E:\CODEX\2026 - Martin Lepage - THE WEATHER BENEATH THE WALLS\07_MLFR_VOICE_CLONE_PACKAGE\chapter_text\Chapter 13 - Demolition Weather.txt,13319,E
E/00014_Chapter_14_-_The_Walls_Open_d9c5a3f8824e.txt,E:\CODEX\2026 - Martin Lepage - THE WEATHER BENEATH THE WALLS\07_MLFR_VOICE_CLONE_PACKAGE\chapter_text\Chapter 14 - The Walls Open.txt,12693,E
E/00015_Chapter_15_-_Aftersound_b103db85be88.txt,E:\CODEX\2026 - Martin Lepage - THE WEATHER BENEATH THE WALLS\07_MLFR_VOICE_CLONE_PACKAGE\chapter_text\Chapter 15 - Aftersound.txt,14639,E
E/00016_Chapter_16_-_The_Review_562fd71a0452.txt,E:\CODEX\2026 - Martin Lepage - THE WEATHER BENEATH THE WALLS\07_MLFR_VOICE_CLONE_PACKAGE\chapter_text\Chapter 16 - The Review.txt,14571,E
E/00017_Chapter_17_-_Waterline_9e982ae2ff52.txt,E:\CODEX\2026 - Martin Lepage - THE WEATHER BENEATH THE WALLS\07_MLFR_VOICE_CLONE_PACKAGE\chapter_text\Chapter 17 - Waterline.txt,14919,E
E/00018_Chapter_18_-_The_Warmth_That_Remains_58d7af3c11d6.txt,E:\CODEX\2026 - Martin Lepage - THE WEATHER BENEATH THE WALLS\07_MLFR_VOICE_CLONE_PACKAGE\chapter_text\Chapter 18 - The Warmth That Remains.txt,58942,E
E/00019_Chapter_2_-_The_Hall_That_Holds_Heat_42a671da36a4.txt,E:\CODEX\2026 - Martin Lepage - THE WEATHER BENEATH THE WALLS\07_MLFR_VOICE_CLONE_PACKAGE\chapter_text\Chapter 2 - The Hall That Holds Heat.txt,12755,E
E/00020_Chapter_3_-_Copper_in_the_Radiator_73a4e2ef1ef3.txt,E:\CODEX\2026 - Martin Lepage - THE WEATHER BENEATH THE WALLS\07_MLFR_VOICE_CLONE_PACKAGE\chapter_text\Chapter 3 - Copper in the Radiator.txt,13265,E
E/00021_Chapter_4_-_The_Good_Tone_e26209afc093.txt,E:\CODEX\2026 - Martin Lepage - THE WEATHER BENEATH THE WALLS\07_MLFR_VOICE_CLONE_PACKAGE\chapter_text\Chapter 4 - The Good Tone.txt,13798,E
E/00022_Chapter_5_-_The_White_Room_20ecc4c239ba.txt,E:\CODEX\2026 - Martin Lepage - THE WEATHER BENEATH THE WALLS\07_MLFR_VOICE_CLONE_PACKAGE\chapter_text\Chapter 5 - The White Room.txt,10472,E
E/00023_Chapter_6_-_April_Under_the_River_6e4764285857.txt,E:\CODEX\2026 - Martin Lepage - THE WEATHER BENEATH THE WALLS\07_MLFR_VOICE_CLONE_PACKAGE\chapter_text\Chapter 6 - April Under the River.txt,10221,E
E/00024_Chapter_7_-_Tape_41-B_d2146ac5beba.txt,E:\CODEX\2026 - Martin Lepage - THE WEATHER BENEATH THE WALLS\07_MLFR_VOICE_CLONE_PACKAGE\chapter_text\Chapter 7 - Tape 41-B.txt,8484,E
E/00025_Chapter_8_-_The_Town_of_Smooth_Faces_5172593f4870.txt,E:\CODEX\2026 - Martin Lepage - THE WEATHER BENEATH THE WALLS\07_MLFR_VOICE_CLONE_PACKAGE\chapter_text\Chapter 8 - The Town of Smooth Faces.txt,8574,E
E/00026_Chapter_9_-_Night_of_Low_Voltage_3bfebfb71af8.txt,E:\CODEX\2026 - Martin Lepage - THE WEATHER BENEATH THE WALLS\07_MLFR_VOICE_CLONE_PACKAGE\chapter_text\Chapter 9 - Night of Low Voltage.txt,12337,E
E/00027_README_a714d5dca6ff.md,E:\CODEX\2026 - Martin Lepage - THE WEATHER BENEATH THE WALLS\07_MLFR_VOICE_CLONE_PACKAGE\README.md,1836,E
E/00028_TRANSCRIPT_NOTE_a02ff19065c4.md,E:\CODEX\2026 - Martin Lepage - THE WEATHER BENEATH THE WALLS\07_MLFR_VOICE_CLONE_PACKAGE\TRANSCRIPT_NOTE.md,562,E
E/00029_VOICE_BRIEF_eb974f1438aa.md,E:\CODEX\2026 - Martin Lepage - THE WEATHER BENEATH THE WALLS\07_MLFR_VOICE_CLONE_PACKAGE\VOICE_BRIEF.md,1340,E
E/00030_THE_WEATHER_BENEATH_THE_WALLS_cover_direction_93ad325e4917.md,E:\CODEX\2026 - Martin Lepage - THE WEATHER BENEATH THE WALLS\08_SUBMISSION_PACKAGE\amazon_ready\cover\THE_WEATHER_BENEATH_THE_WALLS_cover_direction.md,1561,E
E/00031_THE_WEATHER_BENEATH_THE_WALLS_paperback_wrap_5.25x_b51968900e13.pdf,E:\CODEX\2026 - Martin Lepage - THE WEATHER BENEATH THE WALLS\08_SUBMISSION_PACKAGE\amazon_ready\cover\THE_WEATHER_BENEATH_THE_WALLS_paperback_wrap_5.25x8_full.pdf,20703544,E
E/00032_THE_WEATHER_BENEATH_THE_WALLS_kdp_paperback_interi_5004fc2cfd74.pdf,E:\CODEX\2026 - Martin Lepage - THE WEATHER BENEATH THE WALLS\08_SUBMISSION_PACKAGE\amazon_ready\THE_WEATHER_BENEATH_THE_WALLS_kdp_paperback_interior_trade_5.25x8.pdf,385931,E
E/00033_THE_WEATHER_BENEATH_THE_WALLS_kdp_upload_notes_e8c87d5d07fb.md,E:\CODEX\2026 - Martin Lepage - THE WEATHER BENEATH THE WALLS\08_SUBMISSION_PACKAGE\amazon_ready\THE_WEATHER_BENEATH_THE_WALLS_kdp_upload_notes.md,1550,E
E/00034_README_ba7230993014.md,E:\CODEX\2026 - Martin Lepage - THE WEATHER BENEATH THE WALLS\08_SUBMISSION_PACKAGE\README.md,1173,E
E/00035_THE_WEATHER_BENEATH_THE_WALLS_b509a961414f.txt,E:\CODEX\2026 - Martin Lepage - THE WEATHER BENEATH THE WALLS\08_SUBMISSION_PACKAGE\THE WEATHER BENEATH THE WALLS.txt,273091,E
E/00036_THE_WEATHER_BENEATH_THE_WALLS_chapter_edit_map_b206e11ff2eb.md,E:\CODEX\2026 - Martin Lepage - THE WEATHER BENEATH THE WALLS\08_SUBMISSION_PACKAGE\THE_WEATHER_BENEATH_THE_WALLS_chapter_edit_map.md,4036,E
E/00037_THE_WEATHER_BENEATH_THE_WALLS_front_matter_25779226940c.md,E:\CODEX\2026 - Martin Lepage - THE WEATHER BENEATH THE WALLS\08_SUBMISSION_PACKAGE\THE_WEATHER_BENEATH_THE_WALLS_front_matter.md,1653,E
E/00038_THE_WEATHER_BENEATH_THE_WALLS_jacket_copy_30e61ea8d0c0.md,E:\CODEX\2026 - Martin Lepage - THE WEATHER BENEATH THE WALLS\08_SUBMISSION_PACKAGE\THE_WEATHER_BENEATH_THE_WALLS_jacket_copy.md,2100,E
E/00039_THE_WEATHER_BENEATH_THE_WALLS_publisher_first_pass_b4c0cef3fded.md,E:\CODEX\2026 - Martin Lepage - THE WEATHER BENEATH THE WALLS\08_SUBMISSION_PACKAGE\THE_WEATHER_BENEATH_THE_WALLS_publisher_first_pass_2026-03-12.md,5235,E
E/00040_THE_WEATHER_BENEATH_THE_WALLS_query_letter_6ead5152b294.md,E:\CODEX\2026 - Martin Lepage - THE WEATHER BENEATH THE WALLS\08_SUBMISSION_PACKAGE\THE_WEATHER_BENEATH_THE_WALLS_query_letter.md,1495,E
E/00041_THE_WEATHER_BENEATH_THE_WALLS_synopsis_ac808d4966a9.md,E:\CODEX\2026 - Martin Lepage - THE WEATHER BENEATH THE WALLS\08_SUBMISSION_PACKAGE\THE_WEATHER_BENEATH_THE_WALLS_synopsis.md,4961,E
E/00042_THE_WEATHER_BENEATH_THE_WALLS_a292d7fcf041.pdf,E:\CODEX\2026 - Martin Lepage - THE WEATHER BENEATH THE WALLS\THE WEATHER BENEATH THE WALLS.pdf,1744875,E
E/00043_Buried_Bottles_Witchcraft_and_Sympatheti_90483f1c0a5a.pdf,E:\CODEX\Academia Saved Papers\Buried_Bottles_Witchcraft_and_Sympatheti.pdf,43535390,E
E/00044_PRODUCT_BRIEF_a3172b3bb5e7.md,E:\CODEX\Breath_of_the_Astral_Year\app\product\PRODUCT_BRIEF.md,1206,E
E/00045_README_ce16c75c7e99.md,E:\CODEX\Breath_of_the_Astral_Year\app\README.md,1294,E
E/00046_BREATH_OF_THE_ASTRAL_YEAR_-_cover_brief_81fb50caaa4f.md,E:\CODEX\Breath_of_the_Astral_Year\book\editorial\BREATH OF THE ASTRAL YEAR - cover brief.md,2725,E
E/00047_BREATH_OF_THE_ASTRAL_YEAR_-_mini_style_guide_f6d16966727a.md,E:\CODEX\Breath_of_the_Astral_Year\book\editorial\BREATH OF THE ASTRAL YEAR - mini style guide.md,2326,E
E/00048_BREATH_OF_THE_ASTRAL_YEAR_-_paired_pass_f403945972e0.md,E:\CODEX\Breath_of_the_Astral_Year\book\editorial\BREATH OF THE ASTRAL YEAR - paired pass.md,9361,E
E/00049_BREATH_OF_THE_ASTRAL_YEAR_-_subtitle_set_61f40bbc0d5f.md,E:\CODEX\Breath_of_the_Astral_Year\book\editorial\BREATH OF THE ASTRAL YEAR - subtitle set.md,1434,E
E/00050_BREATH_OF_THE_ASTRAL_YEAR_.package-revised_1_3689b88f3a71.pdf,E:\CODEX\Breath_of_the_Astral_Year\book\manuscript\final\BREATH OF THE ASTRAL YEAR_.package-revised (1).pdf,896533,E
E/00051_BREATH_OF_THE_ASTRAL_YEAR_.typeset_971d94d1458f.docx,E:\CODEX\Breath_of_the_Astral_Year\book\manuscript\production\BREATH OF THE ASTRAL YEAR_.typeset.docx,704878,E
E/00052_BREATH_OF_THE_ASTRAL_YEAR_.package-revised_1_.bak_b8df695c3fa8.docx,E:\CODEX\Breath_of_the_Astral_Year\book\manuscript\revisions\BREATH OF THE ASTRAL YEAR_.package-revised (1).bak.20260317T053628Z.docx,395315,E
E/00053_BREATH_OF_THE_ASTRAL_YEAR_.package-revised_6bc4e0fd7c6a.docx,E:\CODEX\Breath_of_the_Astral_Year\book\manuscript\revisions\BREATH OF THE ASTRAL YEAR_.package-revised.docx,696340,E
E/00054_BREATH_OF_THE_ASTRAL_YEAR_.revised_c0403e805d32.docx,E:\CODEX\Breath_of_the_Astral_Year\book\manuscript\revisions\BREATH OF THE ASTRAL YEAR_.revised.docx,703440,E
E/00055_BREATH_OF_THE_ASTRAL_YEAR_261f72fd25bc.docx,E:\CODEX\Breath_of_the_Astral_Year\book\manuscript\source\BREATH OF THE ASTRAL YEAR_.docx,697007,E
E/00056_README_524090e281cd.md,E:\CODEX\Breath_of_the_Astral_Year\book\README.md,1422,E
E/00057_BREATH_OF_THE_ASTRAL_YEAR_.package-revised_1_5b9e56d0069a.docx,E:\CODEX\Breath_of_the_Astral_Year\BREATH OF THE ASTRAL YEAR_.package-revised (1).docx,610173,E
E/00058_BREATH_OF_THE_ASTRAL_YEAR_.package-revised_1_.part_4a5e26c9e7ae.docx,E:\CODEX\Breath_of_the_Astral_Year\BREATH OF THE ASTRAL YEAR_.package-revised (1).part-lines-backup-20260317T125922Z.docx,380478,E
E/00059_BREATH_OF_THE_ASTRAL_YEAR_.package-revised_1_.toc_1b257916c0b5.docx,E:\CODEX\Breath_of_the_Astral_Year\BREATH OF THE ASTRAL YEAR_.package-revised (1).toc-backup-20260317T125501Z.docx,380478,E
E/00060_BREATH_OF_THE_ASTRAL_YEAR_.package-revised_1_.toc_ff9fcf646e14.docx,E:\CODEX\Breath_of_the_Astral_Year\BREATH OF THE ASTRAL YEAR_.package-revised (1).toc-only-backup-20260317T130659Z.docx,381089,E
E/00061_BREATH_OF_THE_ASTRAL_YEAR_.package-revised_1_.toc_9873047a0f30.docx,E:\CODEX\Breath_of_the_Astral_Year\BREATH OF THE ASTRAL YEAR_.package-revised (1).toc-surgical-backup-20260317T130956Z.docx,380726,E
E/00062_README_7fa15cc6ae09.md,E:\CODEX\Breath_of_the_Astral_Year\README.md,1529,E
E/00063_README_2d0424fb33c3.md,E:\CODEX\Breath_of_the_Astral_Year\references\README.md,527,E
E/00064_PROJECT_CHANGELOG_9c5f08077d30.txt,E:\CODEX\Paper on Buffy The Vampire Slayer Ethics\=== PROJECT CHANGELOG ===.txt,372,E
E/00065_README_7389e79ecf96.md,E:\CODEX\Paper on Buffy The Vampire Slayer Ethics\README.md,862,E
E/00066_PROJECT_CHANGELOG_685695c535f6.txt,E:\CODEX\Paper on Recursive Deterministic Ai Governance\=== PROJECT CHANGELOG ===.txt,207,E
E/00067_README_7391f81105ff.md,E:\CODEX\Paper on Recursive Deterministic Ai Governance\README.md,721,E
E/00068_Inspectable_workflow_for_a_social_studies_humanit_92bf75101e6e.txt,E:\CODEX\paper.builder\Inspectable workflow for a social studies  humanit.txt,8777,E
E/00069_Martin_s_voice_CODE_a62f3ac7984b.txt,E:\CODEX\paper.builder\Martin's voice CODE.txt,17067,E
E/00070_PAPER_BUILDER_APP_4197fa32d3b7.txt,E:\CODEX\paper.builder\PAPER BUILDER APP.txt,10609,E
E/00071_PAPER_BUILDER_WF_Sum_8bbadc194407.txt,E:\CODEX\paper.builder\PAPER BUILDER WF Sum.txt,4056,E
E/00072_WRITE_NOTES_I_LL_TURN_THEM_INTO_A_PEER-REVIE_cdfbe3893a01.txt,E:\CODEX\paper.builder\WRITE NOTES â†’ Iâ€™LL TURN THEM INTO A PEER-REVIE.txt,15168,E
E/00073_Lepage-QueerATLA-TLOK_2f34b3d5b4f7.docx,E:\CODEX\Papers\Lepage-QueerATLA-TLOK.docx,58538,E
E/00074_2506.12469v2_d89853c5b064.pdf,E:\CODEX\Papers\Old\2506.12469v2.pdf,539175,E
E/00075_A_Lokian_Family_Queer_and_Pagan_Agency_i_79136b232959.pdf,E:\CODEX\Papers\Old\A_Lokian_Family_Queer_and_Pagan_Agency_i.pdf,300238,E
E/00076_AUDRE-LORDE-SISTER-OUTSIDER-On-ne-demolira-jamais_a5a3e65c5425.pdf,E:\CODEX\Papers\Old\AUDRE-LORDE-SISTER-OUTSIDER-On-ne-demolira-jamais-la-maison-5.pdf,1824309,E
E/00077_Bait-and-Switch_With_Impersonation_in_Sexual_Encou_9ef568e83fed.pdf,E:\CODEX\Papers\Old\Bait-and-Switch With Impersonation in Sexual Encounters.pdf,84382,E
E/00078_From_Computation_to_Coherence_ec1981c6401b.pdf,E:\CODEX\Papers\Old\From_Computation_to_Coherence.pdf,490654,E
E/00079_Kahl_P_Authority_without_Authorship_v2_2026_02_08_565e1b26f762.pdf,E:\CODEX\Papers\Old\Kahl_P_Authority_without_Authorship_v2_2026_02_08.pdf,171836,E
E/00080_LEPAGE-Why_Be_King-Thesis-UQAM_514f51729835.pdf,E:\CODEX\Papers\Old\LEPAGE-Why Be King-Thesis-UQAM.pdf,3647426,E
E/00081_M395_1040d5043f5b.pdf,E:\CODEX\Papers\Old\M395.pdf,522708,E
E/00082_QueerMagie_LEPAGE_058c9ac24c97.pdf,E:\CODEX\Papers\Old\QueerMagie LEPAGE.pdf,432647,E
E/00083_The_Avatar_animated_series_a_queer_readi_2b8e9307545a.pdf,E:\CODEX\Papers\Old\The_Avatar_animated_series_a_queer_readi.pdf,165964,E
E/00084_LEPAGE-LetterWicca_f901536b26d4.docx,E:\CODEX\Papers\Soumis\LEPAGE-LetterWicca.docx,140597,E
E/00085_LEPAGE-Queer_Neo-Pagan_Spiritualities_and_Authenti_28bf269190e5.docx,E:\CODEX\Papers\Soumis\LEPAGE-Queer Neo-Pagan Spiritualities and Authenticity in Wicca.docx,31640,E
E/00086_Magic-After-Legitimacy-JPFT_cover-letter_aaf28f9816b4.docx,E:\CODEX\Papers\Soumis\Magic-After-Legitimacy-JPFT_cover-letter.docx,37590,E
E/00087_Magic-After-Legitimacy-JPFT_main-manuscript_55ad839ca37e.docx,E:\CODEX\Papers\Soumis\Magic-After-Legitimacy-JPFT_main-manuscript.docx,25991,E
E/00088_Magic-After-Legitimacy-JPFT_submission-memo-2026-0_01ae00c872ee.md,E:\CODEX\Papers\Soumis\Magic-After-Legitimacy-JPFT_submission-memo-2026-03-12.md,3428,E
E/00089_Magic-After-Legitimacy-JPFT_title-page_e402f7858704.docx,E:\CODEX\Papers\Soumis\Magic-After-Legitimacy-JPFT_title-page.docx,37857,E
E/00090_Queering_Neo-Pagan_Magic_Identity-2026-02-11_64db9d2dd052.docx,E:\CODEX\Papers\Soumis\Queering Neo-Pagan Magic Identity-2026-02-11.docx,18499,E
E/00091_CircleRemainsOpenREV_f30515e1e29b.docx,E:\CODEX\Papers\Soumis\REJECTED\CircleRemainsOpenREV.docx,634490,E
E/00092_LEPAGE-Anim-Reboot_Performance_Gender_and_the_Comp_2ac3729ae10a.docx,"E:\CODEX\Papers\Soumis\REJECTED\LEPAGE-Anim-Reboot Performance, Gender, and the Computation of Identity.docx",59763,E
E/00093_LEPAGE-SocialCompassQueerAgatha_c4aea4535696.docx,E:\CODEX\Papers\Soumis\REJECTED\LEPAGE-SocialCompassQueerAgatha.docx,39341,E
E/00094_QueerShamanism_SIR_6f37f5050ff1.docx,E:\CODEX\Papers\Soumis\REJECTED\QueerShamanism_SIR.docx,35421,E
E/00095_SocialCompassWiccaAgatha_8d2064557b1e.docx,E:\CODEX\Papers\Soumis\REJECTED\SocialCompassWiccaAgatha.docx,39815,E
E/00096_Stuttering_through_the_Institution_1_c95e7118bb8b.docx,E:\CODEX\Papers\Soumis\REJECTED\Stuttering through the Institution (1).docx,29701,E
E/00097_SHE-THE_INNER_GODDESS_e260df21f713.docx,E:\CODEX\Papers\Soumis\SHE-THE INNER GODDESS.docx,27251,E
E/00098_SLAYAGELepage_2025.12-22REV_90f40e46fb90.docx,E:\CODEX\Papers\Soumis\SLAYAGELepage 2025.12-22REV.docx,38362,E
E/00099_SocialCompassWiccaAgatha_552f3f82c6f7.docx,E:\CODEX\Papers\Soumis\SocialCompassWiccaAgatha.docx,41281,E
E/00100_Compliant_by_Compliment-AI_Stutter_f7cbc3e7a266.docx,E:\CODEX\Papers\STUTTER\Compliant by Compliment-AI+Stutter.docx,590760,E
E/00101_2019_-_Crossing_Under_Watch_The_Trolls_Toll_as_Alc_d9ec9fcb63f5.docx,E:\CODEX\Publications\Books\2019 - Crossing Under Watch The Trolls Toll as Alchemy of Method in Digital Ritual and Scholarly.docx,27202,E
E/00102_2025_-_Crossing_Under_Watch_The_Trolls_Toll_as_Alc_669fa228b338.docx,E:\CODEX\Publications\Books\2025 - Crossing Under Watch The Trolls Toll as Alchemy of Method in Digital Ritual and Scholarly.docx,28771,E
E/00103_Alchemy_of_the_Wound_b81859cfb9c1.docx,E:\CODEX\Publications\Books\Alchemy of the Wound.docx,148876,E
E/00104_ALCHEMY_OF_THE_WOUND_7facc410a2cb.pdf,E:\CODEX\Publications\Books\ALCHEMY OF THE WOUND.pdf,1570598,E
E/00105_Alchemy_of_the_Wound.revised_e63c5a91ca7f.docx,E:\CODEX\Publications\Books\Alchemy of the Wound.revised.docx,147660,E
E/00106_Alchemy_of_the_Wound_f2f60c94859b.txt,E:\CODEX\Publications\Books\Alchemy of the Wound.txt,324747,E
E/00107_168334411.how-to-use-the-substack-editor_90efd4ddd2a9.html,E:\CODEX\Publications\HEXA\168334411.how-to-use-the-substack-editor.html,9197,E
E/00108_168334415.hexadecimal_f0b7f2910498.html,E:\CODEX\Publications\HEXA\168334415.hexadecimal.html,2685,E
E/00109_168334807.three-rituals-for-glitching-the-self_8b2f2a33b0cb.html,E:\CODEX\Publications\HEXA\168334807.three-rituals-for-glitching-the-self.html,954,E
E/00110_168335861.three-rituals-for-glitching-the-self-eeb_c31528ef7ca1.html,E:\CODEX\Publications\HEXA\168335861.three-rituals-for-glitching-the-self-eeb.html,1752,E
E/00111_168344404.a-recursive-spell-in-glitch-prose_8a663db1916b.html,E:\CODEX\Publications\HEXA\168344404.a-recursive-spell-in-glitch-prose.html,4874,E
E/00112_168348167.five-spells-for-the-end-of-everything_6d9dd3dddbb2.html,E:\CODEX\Publications\HEXA\168348167.five-spells-for-the-end-of-everything.html,2761,E
E/00113_168353237.glitch-my-body-back_7eaaec34780f.html,E:\CODEX\Publications\HEXA\168353237.glitch-my-body-back.html,5870,E
E/00114_168353849.spinning-the-sacred_8c4db1a60714.html,E:\CODEX\Publications\HEXA\168353849.spinning-the-sacred.html,11126,E
E/00115_168354982.the-goddess-is-not-your-mother_6038ee23d1b8.html,E:\CODEX\Publications\HEXA\168354982.the-goddess-is-not-your-mother.html,6516,E
E/00116_168355380.the-wand-was-broken-but-the-river_e1266f5c05ef.html,E:\CODEX\Publications\HEXA\168355380.the-wand-was-broken-but-the-river.html,2345,E
E/00117_168355640.the-evil-that-smiles-back_a4d23eae3bf5.html,E:\CODEX\Publications\HEXA\168355640.the-evil-that-smiles-back.html,4791,E
E/00118_168355705.ash-and-lupo-familiars-of-the-glitch_ad28eb00ea1b.html,E:\CODEX\Publications\HEXA\168355705.ash-and-lupo-familiars-of-the-glitch.html,13012,E
E/00119_168356565.the-sacred-glitch_3704c2c05953.html,E:\CODEX\Publications\HEXA\168356565.the-sacred-glitch.html,10668,E
E/00120_168357529.the-body-in-debt_07fa9f318e0b.html,E:\CODEX\Publications\HEXA\168357529.the-body-in-debt.html,7343,E
E/00121_168357825.the-brew-that-never-asked-for-our_5df89ea5d240.html,E:\CODEX\Publications\HEXA\168357825.the-brew-that-never-asked-for-our.html,10386,E
E/00122_168358037.the-blood-remembers_6d0f7811fe44.html,E:\CODEX\Publications\HEXA\168358037.the-blood-remembers.html,11897,E
E/00123_168358792.queer-ritual-raw-and-unfinished_4e1dcd658e5e.html,E:\CODEX\Publications\HEXA\168358792.queer-ritual-raw-and-unfinished.html,4728,E
E/00124_168359634.all-is-full-of-merch_f84e824a2889.html,E:\CODEX\Publications\HEXA\168359634.all-is-full-of-merch.html,8263,E
E/00125_168427657.poudre-noire-ou-lalchimie-de-la-revolte_dccf0759e480.html,E:\CODEX\Publications\HEXA\168427657.poudre-noire-ou-lalchimie-de-la-revolte.html,7042,E
E/00126_168432419.the-trickster-multiplied_fbf427834a33.html,E:\CODEX\Publications\HEXA\168432419.the-trickster-multiplied.html,9084,E
E/00127_168433193.the-blind-rewrite_c35ae81663af.html,E:\CODEX\Publications\HEXA\168433193.the-blind-rewrite.html,1582,E
E/00128_168685261.ai-witchcraft-code-switching-and_71ad91499e5d.html,E:\CODEX\Publications\HEXA\168685261.ai-witchcraft-code-switching-and.html,3524,E
E/00129_168685388.playing-again-without-playing-again_a6319478edb0.html,E:\CODEX\Publications\HEXA\168685388.playing-again-without-playing-again.html,19108,E
E/00130_168734969.face-id-doesnt-recognize-me-after_f5d6989f8f85.html,E:\CODEX\Publications\HEXA\168734969.face-id-doesnt-recognize-me-after.html,2541,E
E/00131_169227440.what-the-inventory-misses-living_5016ca81ce9f.html,E:\CODEX\Publications\HEXA\169227440.what-the-inventory-misses-living.html,3070,E
E/00132_169264249.crossing-the-frozen-river_0489406e7fde.html,E:\CODEX\Publications\HEXA\169264249.crossing-the-frozen-river.html,5621,E
E/00133_169469049.unnatural-selection-a-polemic-on_a82af70b5d24.html,E:\CODEX\Publications\HEXA\169469049.unnatural-selection-a-polemic-on.html,4481,E
E/00134_169530086.they-gave-me-a-phd-to-shut-me-up_98723418f7a6.html,E:\CODEX\Publications\HEXA\169530086.they-gave-me-a-phd-to-shut-me-up.html,4404,E
E/00135_171307214.nothing-but-text-until-the-console_b6cc2411b910.html,E:\CODEX\Publications\HEXA\171307214.nothing-but-text-until-the-console.html,2852,E
E/00136_171601346.deadly-valentine-or-why-i-steal-from_3c6e477b70bb.html,E:\CODEX\Publications\HEXA\171601346.deadly-valentine-or-why-i-steal-from.html,2183,E
E/00137_171601635.the-flesh-revisedexe_8bf9edd2ca23.html,E:\CODEX\Publications\HEXA\171601635.the-flesh-revisedexe.html,2895,E
E/00138_171602347.digital-necromancy-browsing-as-seance_6970fdcb2a29.html,E:\CODEX\Publications\HEXA\171602347.digital-necromancy-browsing-as-seance.html,5088,E
E/00139_171683019.the-hymn-that-wasnt-theirs_4cbdecb4c269.html,E:\CODEX\Publications\HEXA\171683019.the-hymn-that-wasnt-theirs.html,4302,E
E/00140_172035953.end-meeting-for-all-a-funeral-in_c038251f6efb.html,E:\CODEX\Publications\HEXA\172035953.end-meeting-for-all-a-funeral-in.html,3292,E
E/00141_172224824.the-sea-lets-go-the-undertow-of-the_8b58e50572d3.html,E:\CODEX\Publications\HEXA\172224824.the-sea-lets-go-the-undertow-of-the.html,1409,E
E/00142_172225293.poryiv-when-three-speak-time-breaks_65d5764a8076.html,E:\CODEX\Publications\HEXA\172225293.poryiv-when-three-speak-time-breaks.html,13863,E
E/00143_175321845.because-thats-just-how-it-is_8ad0d360cd6c.html,E:\CODEX\Publications\HEXA\175321845.because-thats-just-how-it-is.html,763,E
E/00144_175321926.street-kami_5b5c42b1a880.html,E:\CODEX\Publications\HEXA\175321926.street-kami.html,1193,E
E/00145_175321960.imbolcs-dark-lights_8c3ec66a7fc8.html,E:\CODEX\Publications\HEXA\175321960.imbolcs-dark-lights.html,1282,E
E/00146_175321986.were-at-samhain_4fe5c920d01c.html,E:\CODEX\Publications\HEXA\175321986.were-at-samhain.html,622,E
E/00147_175322018.untitled_d600aea52879.html,E:\CODEX\Publications\HEXA\175322018.untitled.html,987,E
E/00148_175322052.habibi-kalbi_138ba6333284.html,E:\CODEX\Publications\HEXA\175322052.habibi-kalbi.html,786,E
E/00149_175322096.mal-du-cerveau_23f1d5443236.html,E:\CODEX\Publications\HEXA\175322096.mal-du-cerveau.html,532,E
E/00150_175322134.breadcrumbs-in-the-web_737f5a3a3668.html,E:\CODEX\Publications\HEXA\175322134.breadcrumbs-in-the-web.html,580,E
E/00151_175322165.reclaim-the-magic_84016b60b829.html,E:\CODEX\Publications\HEXA\175322165.reclaim-the-magic.html,1570,E
E/00152_175322246.labandon_8cb1da731866.html,E:\CODEX\Publications\HEXA\175322246.labandon.html,1495,E
E/00153_175322263.na_d454c5c51a34.html,E:\CODEX\Publications\HEXA\175322263.na.html,312,E
E/00154_175322312.nothing-left-to-surprise_d3db081c0b8e.html,E:\CODEX\Publications\HEXA\175322312.nothing-left-to-surprise.html,1515,E
E/00155_175322336.list-for-a-montreal-spring_2d0e01eb6f2a.html,E:\CODEX\Publications\HEXA\175322336.list-for-a-montreal-spring.html,1898,E
E/00156_175322358.insomnia-before-the-signal_ed59400d1b92.html,E:\CODEX\Publications\HEXA\175322358.insomnia-before-the-signal.html,1586,E
E/00157_177178411.the-familiar-interface_6f44a8f17d96.html,E:\CODEX\Publications\HEXA\177178411.the-familiar-interface.html,1500,E
E/00158_177178444.every-hair-a-battle-scar_0e14f7abb717.html,E:\CODEX\Publications\HEXA\177178444.every-hair-a-battle-scar.html,961,E
E/00159_177178522.the-algorithmic-zodiac_4e8f76d50ba2.html,E:\CODEX\Publications\HEXA\177178522.the-algorithmic-zodiac.html,896,E
E/00160_177178548.stuttering-machines_987373ff2f3e.html,E:\CODEX\Publications\HEXA\177178548.stuttering-machines.html,763,E
E/00161_177178601.soft-apocalypse_4ff3f0d6b137.html,E:\CODEX\Publications\HEXA\177178601.soft-apocalypse.html,408,E
E/00162_177178638.transmission-from-the-sixth-house_4f510ae8651d.html,E:\CODEX\Publications\HEXA\177178638.transmission-from-the-sixth-house.html,714,E
E/00163_177178962.the-complaint_af90cbdcf1d8.html,E:\CODEX\Publications\HEXA\177178962.the-complaint.html,1901,E
E/00164_177179634.the-peer-review-gods-are-bored-again_4bdcff34b11d.html,E:\CODEX\Publications\HEXA\177179634.the-peer-review-gods-are-bored-again.html,3534,E
E/00165_177749185.year-three_b22ac55367f1.html,E:\CODEX\Publications\HEXA\177749185.year-three.html,1116,E
E/00166_177749230.in-search-of-the-man-who-burns_17d06d22ba48.html,E:\CODEX\Publications\HEXA\177749230.in-search-of-the-man-who-burns.html,1770,E
E/00167_177749285.what-the-days-will-do-before-they_3976ce2f80a4.html,E:\CODEX\Publications\HEXA\177749285.what-the-days-will-do-before-they.html,668,E
E/00168_177749444.reading-auster-at-3-am_f27de9c06640.html,E:\CODEX\Publications\HEXA\177749444.reading-auster-at-3-am.html,1466,E
E/00169_177749499.fuel-for-the-furnace_8091bc9f8f2f.html,E:\CODEX\Publications\HEXA\177749499.fuel-for-the-furnace.html,1272,E
E/00170_177749605.the-small-wheel-behind-the-great_aa7f95c12c05.html,E:\CODEX\Publications\HEXA\177749605.the-small-wheel-behind-the-great.html,1029,E
E/00171_177749911.i-wish-i-spoke-quoc-ngu_7972d7dd0bc2.html,E:\CODEX\Publications\HEXA\177749911.i-wish-i-spoke-quoc-ngu.html,726,E
E/00172_177750070.queer-bates_98d658782770.html,E:\CODEX\Publications\HEXA\177750070.queer-bates.html,1635,E
E/00173_177750136.a-page-from-nothomb_93e8bf5159ba.html,E:\CODEX\Publications\HEXA\177750136.a-page-from-nothomb.html,1321,E
E/00174_177750249.mezencor_50611a30e9ad.html,E:\CODEX\Publications\HEXA\177750249.mezencor.html,491,E
E/00175_177750351.it-speaks-to-the-devil_b506a99336d1.html,E:\CODEX\Publications\HEXA\177750351.it-speaks-to-the-devil.html,1395,E
E/00176_177750399.the-malek-who-feared-the-end_43825d9b9028.html,E:\CODEX\Publications\HEXA\177750399.the-malek-who-feared-the-end.html,1041,E
E/00177_177750535.frivolity-or-the-researchers-equinox_3df39ae7ab35.html,E:\CODEX\Publications\HEXA\177750535.frivolity-or-the-researchers-equinox.html,2190,E
E/00178_177750683.the-little-black-sphere_4d677eee09fe.html,E:\CODEX\Publications\HEXA\177750683.the-little-black-sphere.html,2395,E
E/00179_177750910.twenty-pages-from-the-end_2a38e582301b.html,E:\CODEX\Publications\HEXA\177750910.twenty-pages-from-the-end.html,1566,E
E/00180_177750931.a-twister-for-lugh_2f6f3d535ffa.html,E:\CODEX\Publications\HEXA\177750931.a-twister-for-lugh.html,1294,E
E/00181_177750971.the-red-disk-and-the-hunger_d954b6561e70.html,E:\CODEX\Publications\HEXA\177750971.the-red-disk-and-the-hunger.html,2923,E
E/00182_177751233.i-will-eat-your-offal_bebcfad4ec61.html,E:\CODEX\Publications\HEXA\177751233.i-will-eat-your-offal.html,1879,E
E/00183_177751286.a-little-honesty_7a710342d9e9.html,E:\CODEX\Publications\HEXA\177751286.a-little-honesty.html,992,E
E/00184_177751402.bos_3e170365b56c.html,E:\CODEX\Publications\HEXA\177751402.bos.html,1365,E
E/00185_177751440.the-air-of-fiction_1688e29b8c64.html,E:\CODEX\Publications\HEXA\177751440.the-air-of-fiction.html,1063,E
E/00186_177751537.resonare-fibris_213df251e023.html,E:\CODEX\Publications\HEXA\177751537.resonare-fibris.html,1298,E
E/00187_177751618.the-cat-leaves-the-box_eaca584b28af.html,E:\CODEX\Publications\HEXA\177751618.the-cat-leaves-the-box.html,1920,E
E/00188_177753787.petit-haiku-roche-dans-leau_89e21c0987c6.html,E:\CODEX\Publications\HEXA\177753787.petit-haiku-roche-dans-leau.html,81,E
E/00189_177753913.merdre_6d58ffdb3856.html,E:\CODEX\Publications\HEXA\177753913.merdre.html,998,E
E/00190_177753955.in-terms-of-years_98e42c01cc92.html,E:\CODEX\Publications\HEXA\177753955.in-terms-of-years.html,1641,E
E/00191_177753994.the-tools_debc8ae4443c.html,E:\CODEX\Publications\HEXA\177753994.the-tools.html,1387,E
E/00192_177754058.i-miss-knitting_459ffc83378c.html,E:\CODEX\Publications\HEXA\177754058.i-miss-knitting.html,2178,E
E/00193_177754105.pushing-the-metaphor_a5f1a2bf6a02.html,E:\CODEX\Publications\HEXA\177754105.pushing-the-metaphor.html,1492,E
E/00194_177754161._-o_o_8b5fe24b5cf7.html,E:\CODEX\Publications\HEXA\177754161._-o_o.html,1751,E
E/00195_177754222.the-perfect-word_dae9a5e43cbb.html,E:\CODEX\Publications\HEXA\177754222.the-perfect-word.html,978,E
E/00196_177754264.the-thirteenth-autumn_2dcafa1e26e2.html,E:\CODEX\Publications\HEXA\177754264.the-thirteenth-autumn.html,973,E
E/00197_177754394.the-horses-legs-tremble-on-the-horizon_c3f7114902cf.html,E:\CODEX\Publications\HEXA\177754394.the-horses-legs-tremble-on-the-horizon.html,664,E
E/00198_177754426.convergences_ef5e7d0defc9.html,E:\CODEX\Publications\HEXA\177754426.convergences.html,1187,E
E/00199_177754582.trop-plein-or-levi-the-little-constant_6d89f154d1e3.html,E:\CODEX\Publications\HEXA\177754582.trop-plein-or-levi-the-little-constant.html,1205,E
E/00200_177754691.sleep-now-the-murder-is-tired_9d89ccb3a7cb.html,E:\CODEX\Publications\HEXA\177754691.sleep-now-the-murder-is-tired.html,1651,E
E/00201_177754719.cold-verses_e1dfc47a8ba3.html,E:\CODEX\Publications\HEXA\177754719.cold-verses.html,916,E
E/00202_177754784.hesitation-loop_6025923d9a73.html,E:\CODEX\Publications\HEXA\177754784.hesitation-loop.html,1007,E
E/00203_177754851.twelve-at-midnight_71a205fe75dd.html,E:\CODEX\Publications\HEXA\177754851.twelve-at-midnight.html,690,E
E/00204_177754926.metaphysics-or-the-shape-of-the-universe_3f053c02f139.html,E:\CODEX\Publications\HEXA\177754926.metaphysics-or-the-shape-of-the-universe.html,1010,E
E/00205_177754982.before-after-yule_5512244d0800.html,E:\CODEX\Publications\HEXA\177754982.before-after-yule.html,853,E
E/00206_177755126.through-the-grooves-of-the-mirror_24b7221c47b3.html,E:\CODEX\Publications\HEXA\177755126.through-the-grooves-of-the-mirror.html,1578,E
E/00207_177755960.the-call-of-the-pause_7181239a4efa.html,E:\CODEX\Publications\HEXA\177755960.the-call-of-the-pause.html,1655,E
E/00208_177756417.orange-night_29039ee2cb9e.html,E:\CODEX\Publications\HEXA\177756417.orange-night.html,1055,E
E/00209_177756855.suspension_a9a2ec2b5040.html,E:\CODEX\Publications\HEXA\177756855.suspension.html,903,E
E/00210_177756978.quote-from-the-eve_d8743eca7a65.html,E:\CODEX\Publications\HEXA\177756978.quote-from-the-eve.html,422,E
E/00211_177757031.friday-morning-rhetoric_07e525779ae4.html,E:\CODEX\Publications\HEXA\177757031.friday-morning-rhetoric.html,1787,E
E/00212_177757146.child-of-division_b58f14a8a373.html,E:\CODEX\Publications\HEXA\177757146.child-of-division.html,1600,E
E/00213_177757242.quebec-follies_72eb43cfe045.html,E:\CODEX\Publications\HEXA\177757242.quebec-follies.html,1405,E
E/00214_177757330.latest-equation_5908faef5455.html,E:\CODEX\Publications\HEXA\177757330.latest-equation.html,135,E
E/00215_177758946.water-in-the-ear_ca498a22fcc2.html,E:\CODEX\Publications\HEXA\177758946.water-in-the-ear.html,1995,E
E/00216_177759002.logico-physical-memory-of-the-self_d737c9518bfe.html,E:\CODEX\Publications\HEXA\177759002.logico-physical-memory-of-the-self.html,1865,E
E/00217_177759333.a-nocturnal-ode_50ae3ef5303c.html,E:\CODEX\Publications\HEXA\177759333.a-nocturnal-ode.html,1232,E
E/00218_177759442.exoterism-myth-and-theology_237044f886af.html,E:\CODEX\Publications\HEXA\177759442.exoterism-myth-and-theology.html,1674,E
E/00219_177759704.ididdat_08d34567741e.html,E:\CODEX\Publications\HEXA\177759704.ididdat.html,3771,E
E/00220_177759789.les-sonnets_0cf49d5080ca.html,E:\CODEX\Publications\HEXA\177759789.les-sonnets.html,712,E
E/00221_177759840.a-few-steps-away-the-carts-depart_09bb4302585a.html,E:\CODEX\Publications\HEXA\177759840.a-few-steps-away-the-carts-depart.html,1196,E
E/00222_177759918.in-a-state_746175c9821e.html,E:\CODEX\Publications\HEXA\177759918.in-a-state.html,1029,E
E/00223_177760142.poetry-of-the-underside_aeda6a7de592.html,E:\CODEX\Publications\HEXA\177760142.poetry-of-the-underside.html,638,E
E/00224_177760259.the-malek-exoterique-fragments_481e071ee143.html,E:\CODEX\Publications\HEXA\177760259.the-malek-exoterique-fragments.html,9530,E
E/00225_177761127.thoughts-afterlives_fc843e6faa2f.html,E:\CODEX\Publications\HEXA\177761127.thoughts-afterlives.html,2508,E
E/00226_177761236.the-particle-of-the-heart_66a0c84910ca.html,E:\CODEX\Publications\HEXA\177761236.the-particle-of-the-heart.html,1420,E
E/00227_177761653.the-arterial-memory-of-magick_8b9ef27bf958.html,E:\CODEX\Publications\HEXA\177761653.the-arterial-memory-of-magick.html,3538,E
E/00228_177761830.the-flow-spell_56b588cf0159.html,E:\CODEX\Publications\HEXA\177761830.the-flow-spell.html,1104,E
E/00229_177777331.the-shape-of-a-demon_e79cc0010925.html,E:\CODEX\Publications\HEXA\177777331.the-shape-of-a-demon.html,2198,E
E/00230_177806861.the-first-kind-of-vampires-from-the_807f17a5d0b7.html,E:\CODEX\Publications\HEXA\177806861.the-first-kind-of-vampires-from-the.html,3441,E
E/00231_177809592.dead-ink_a758518b00ee.html,E:\CODEX\Publications\HEXA\177809592.dead-ink.html,1324,E
E/00232_177809872.demonology-of-the-everyday_2be8e9a6e1a5.html,E:\CODEX\Publications\HEXA\177809872.demonology-of-the-everyday.html,1492,E
E/00233_177810999.why-i-write-still_6a9af6480228.html,E:\CODEX\Publications\HEXA\177810999.why-i-write-still.html,2422,E
E/00234_177811509.the-mouth-that-dreamed-the-sea_61ccefa6f302.html,E:\CODEX\Publications\HEXA\177811509.the-mouth-that-dreamed-the-sea.html,6623,E
E/00235_177811882.the-archive-of-futures-cycle-3_a81379322180.html,E:\CODEX\Publications\HEXA\177811882.the-archive-of-futures-cycle-3.html,5030,E
E/00236_177812701.essential-is-the-soul-of-a-flame_0ee7e58cedf7.html,E:\CODEX\Publications\HEXA\177812701.essential-is-the-soul-of-a-flame.html,881,E
E/00237_177812843.the-sorcerer-of-knots_8f360ec7d928.html,E:\CODEX\Publications\HEXA\177812843.the-sorcerer-of-knots.html,727,E
E/00238_177813000.to-a-friend-who-hid-his-face_7587aeb57ad6.html,E:\CODEX\Publications\HEXA\177813000.to-a-friend-who-hid-his-face.html,770,E
E/00239_177813134.halloween-nocturne_7fc50a29143b.html,E:\CODEX\Publications\HEXA\177813134.halloween-nocturne.html,823,E
E/00240_177813205.when-i-was-20_044cc1914877.html,E:\CODEX\Publications\HEXA\177813205.when-i-was-20.html,995,E
E/00241_177813288.i-passed-by-four-roads_82b32bc9d35b.html,E:\CODEX\Publications\HEXA\177813288.i-passed-by-four-roads.html,1058,E
E/00242_177813411.blood-tree-of-the-senseless_dc2b382511b2.html,E:\CODEX\Publications\HEXA\177813411.blood-tree-of-the-senseless.html,1053,E
E/00243_177813490.radiant-life_ac345f7ff35a.html,E:\CODEX\Publications\HEXA\177813490.radiant-life.html,1237,E
E/00244_177813585.to-a-muse_c44c9e033dc1.html,E:\CODEX\Publications\HEXA\177813585.to-a-muse.html,1132,E
E/00245_177813665.envied-lovers_82131b23dc60.html,E:\CODEX\Publications\HEXA\177813665.envied-lovers.html,897,E
E/00246_177817188.birds-of-azure_d15f7f2f58c9.html,E:\CODEX\Publications\HEXA\177817188.birds-of-azure.html,875,E
E/00247_177817514.the-world-that-lied_7dc9d4ff5d20.html,E:\CODEX\Publications\HEXA\177817514.the-world-that-lied.html,1081,E
E/00248_177817621.the-paths-of-my-love_0d54197e4d74.html,E:\CODEX\Publications\HEXA\177817621.the-paths-of-my-love.html,946,E
E/00249_177817777.vast-vision_9f2c7ab0325e.html,E:\CODEX\Publications\HEXA\177817777.vast-vision.html,996,E
E/00250_177818008.two-year-old-battlefield_e95f5d3afe9d.html,E:\CODEX\Publications\HEXA\177818008.two-year-old-battlefield.html,1919,E
E/00251_177818148.truer-angels_686bbee4999e.html,E:\CODEX\Publications\HEXA\177818148.truer-angels.html,2263,E
E/00252_177828388.the-word-that-saved-him_ad3008ce4f2b.html,E:\CODEX\Publications\HEXA\177828388.the-word-that-saved-him.html,1851,E
E/00253_177829016.the-voice-that-screams_38eaaa99090b.html,E:\CODEX\Publications\HEXA\177829016.the-voice-that-screams.html,2020,E
E/00254_177829906.the-elevator_eebfa60e9c55.html,E:\CODEX\Publications\HEXA\177829906.the-elevator.html,5610,E
E/00255_177830505.we-see-each-other_274d1aa414f9.html,E:\CODEX\Publications\HEXA\177830505.we-see-each-other.html,1122,E
E/00256_177830733.i-read-to-know_f104d000d366.html,E:\CODEX\Publications\HEXA\177830733.i-read-to-know.html,378,E
E/00257_177831314.o-you-i-would-have-loved_8c9d57a014b7.html,E:\CODEX\Publications\HEXA\177831314.o-you-i-would-have-loved.html,765,E
E/00258_177831556.laxe-des-revolutions_9fc1e1b0074d.html,E:\CODEX\Publications\HEXA\177831556.laxe-des-revolutions.html,1018,E
E/00259_177832173.le-roi-de-laquilon_01f6c3cf112d.html,E:\CODEX\Publications\HEXA\177832173.le-roi-de-laquilon.html,692,E
E/00260_177832276.at-the-edge-of-the-window_158d1bc2e4a8.html,E:\CODEX\Publications\HEXA\177832276.at-the-edge-of-the-window.html,650,E
E/00261_177832610.to-my-brothers-of-the-shadow_87636f95cd0f.html,E:\CODEX\Publications\HEXA\177832610.to-my-brothers-of-the-shadow.html,1716,E
E/00262_177834005.an-earlier-layer_7bc7847ffe5b.html,E:\CODEX\Publications\HEXA\177834005.an-earlier-layer.html,1498,E
E/00263_177836400.the-wheel-trembles-a-ritual-for-continui_9c2900f213a9.html,E:\CODEX\Publications\HEXA\177836400.the-wheel-trembles-a-ritual-for-continuity.html,4353,E
E/00264_179788184.shifting-frames_3471d9d64b57.html,E:\CODEX\Publications\HEXA\179788184.shifting-frames.html,3732,E
E/00265_185788592.i-chose-not-to-read-the-signs_a2a6bbb0a440.html,E:\CODEX\Publications\HEXA\185788592.i-chose-not-to-read-the-signs.html,9068,E
E/00266_187035159.the-baseline-is-moving_b6a5e7e77e83.html,E:\CODEX\Publications\HEXA\187035159.the-baseline-is-moving.html,3444,E
E/00267_187137971.upright-not-underground_511939e51b94.html,E:\CODEX\Publications\HEXA\187137971.upright-not-underground.html,4955,E
E/00268_HEXA_-_Enhance_image_details_6026d76282fe.html,E:\CODEX\Publications\HEXA\HEXA - Enhance image details.html,411625,E
E/00269_1980_-_Martin_Lepage_-_Pourquoi_rever_encore_Lectu_ede6fbb125fe.docx,E:\CODEX\Publications\Papers\1980 - Martin Lepage - Pourquoi rever encore Lecture allegorique et metaphysique de luvre initiale dYvon Rivard - cv_resume.docx,33348,E
E/00270_1980_-_Pourquoi_rever_encore_Lecture_allegorique_e_25f912699668.docx,E:\CODEX\Publications\Papers\1980 - Pourquoi rever encore Lecture allegorique et metaphysique de luvre initiale dYvon Rivard.docx,38266,E
E/00271_1993_-_Unnatural_Selection_Queer_Method_and_Posthu_55c21b44b77a.docx,E:\CODEX\Publications\Papers\1993 - Unnatural Selection Queer Method and Posthuman Commons in Jurassic Park.docx,19436,E
E/00272_1998_-_Magic_After_Legitimacy_Witchcraft_Sisterhoo_3608eddc3c9a.pdf,"E:\CODEX\Publications\Papers\1998 - Magic After Legitimacy Witchcraft, Sisterhood, and the Work of Power in Charmed.pdf",459669,E
E/00273_2002_-_Martin_Lepage_-_Queer_Neo-Pagan_Spiritualit_cce59e93d132.docx,E:\CODEX\Publications\Papers\2002 - Martin Lepage - Queer Neo-Pagan Spiritualities and the Question of Authenticity in Wicca.docx,40666,E
E/00274_2003_-_Shamanism_s_and_Gender_Narratives_from_the_aa04fa2da6f3.docx,E:\CODEX\Publications\Papers\2003 - )Shamanism(s) and Gender Narratives from the Montreal Pagan Community.docx,41344,E
E/00275_2003_-_Martin_Lepage_-_LA_DEESSE_INTERIEURE_36626b609d02.pdf,E:\CODEX\Publications\Papers\2003 - Martin Lepage - LA DEESSE INTERIEURE.pdf,241665,E
E/00276_2003_-_Martin_Lepage_-_THE_INNER_GODDESS_GENDER_NO_19221054c5b6.docx,E:\CODEX\Publications\Papers\2003 - Martin Lepage - THE INNER GODDESS GENDER NORMATIVITY AND GAY IDENTITY IN WICCAN RITUALITIES.docx,50363,E
E/00277_2003_-_Martin_Lepage_-_THE_INNER_GODDESS_GENDER_NO_cbae69ccd214.pdf,E:\CODEX\Publications\Papers\2003 - Martin Lepage - THE INNER GODDESS GENDER NORMATIVITY AND GAY IDENTITY IN.pdf,374617,E
E/00278_2007_-_Magic_After_Legitimacy_Witchcraft_Sisterhoo_309883c56d8f.docx,"E:\CODEX\Publications\Papers\2007 - Magic After Legitimacy Witchcraft, Sisterhood, and the Work of Power in Charmed.docx",28798,E
E/00279_2007_-_Martin_Lepage_-_Every_Hair_a_Battle_Scar_Bu_eebfb4076e3d.docx,"E:\CODEX\Publications\Papers\2007 - Martin Lepage - Every Hair a Battle Scar Buffy Summers Hair as Narrative Engine, Cultural Icon, and Postfe - notes_or_journal.docx",130710,E
E/00280_2010_-_Shamanism_s_and_Gender_Narratives_from_the_d52a57f9635e.docx,E:\CODEX\Publications\Papers\2010 - )Shamanism(s) and Gender Narratives from the Montreal Pagan Community.docx,34611,E
E/00281_2010_-_Martin_Lepage_-_Neo-_Shamanism_s_and_Gender_b966e4cadbfb.docx,E:\CODEX\Publications\Papers\2010 - Martin Lepage - (Neo-)Shamanism(s) and Gender Narratives from the Montreal Pagan Community.docx,56753,E
E/00282_2010_-_Martin_Lepage_-_Neo-Shamanism_s_and_Gender_b011ea524b63.docx,E:\CODEX\Publications\Papers\2010 - Martin Lepage - Neo-Shamanism(s) and Gender Narratives from the Montreal Pagan Community.docx,57119,E
E/00283_2010_-_Queer_and_Virtually_Magical_Literally_Agath_ec3b82331cdb.docx,"E:\CODEX\Publications\Papers\2010 - Queer and Virtually Magical, Literally Agatha All Along and the Digitalization of Witchcra.docx",38589,E
E/00284_2011_-_Refusing_Fixity_Aesthetic_Governance_Fugiti_31cea9d7f659.docx,"E:\CODEX\Publications\Papers\2011 - Refusing Fixity Aesthetic Governance, Fugitive Authorship, and the Refusal of Dead Knowled.docx",24255,E
E/00285_2012_-_Beyond_Fluency_Stuttering_Queer_Crip_Critiq_ce88b762e318.docx,"E:\CODEX\Publications\Papers\2012 - Beyond Fluency Stuttering, Queer Crip Critique, and the Instability of Knowledge.docx",24528,E
E/00286_2012_-_Chapter_383b21a4b2e5.docx,E:\CODEX\Publications\Papers\2012 - Chapter.docx,76927,E
E/00287_2012_-_Martin_Lepage_-_La_serie_animee_Avatar_une_339f9e62e66a.docx,E:\CODEX\Publications\Papers\2012 - Martin Lepage - La serie animee Avatar une lecture queer du pouvoir incarne - thesis_or_dissertation.docx,49296,E
E/00288_2012_-_Masculinites_et_ritualites_la_magie_chez_le_50b0d12f5c4b.pdf,E:\CODEX\Publications\Papers\2012 - Masculinites et ritualites la magie chez les Radical Faeries.pdf,145226,E
E/00289_2013_-_Shamanism_s_and_Gender_Narratives_from_the_dae20c338cb9.docx,E:\CODEX\Publications\Papers\2013 - )Shamanism(s) and Gender Narratives from the Montreal Pagan Community [2].docx,37409,E
E/00290_2013_-_Shamanism_s_and_Gender_Narratives_from_the_e8f952e4abc1.docx,E:\CODEX\Publications\Papers\2013 - )Shamanism(s) and Gender Narratives from the Montreal Pagan Community.docx,39109,E
E/00291_2013_-_Shamanism_s_and_Gender_Narratives_from_the_49b9e7944c07.docx,E:\CODEX\Publications\Papers\2013 - )Shamanism(s) and Gender Narratives from the Montreal Pagan Community_1.docx,38739,E
E/00292_2013_-_Method_Collaborative_Autoethnography_8b6cb73a39cd.docx,E:\CODEX\Publications\Papers\2013 - Method (Collaborative Autoethnography).docx,37800,E
E/00293_2013_-_Virtually_Magical_Literally_f462257ec82d.docx,"E:\CODEX\Publications\Papers\2013 - Virtually Magical, Literally.docx",37251,E
E/00294_2016_-_Authority_Without_Ethics_Ritual_Power_and_t_99a5d667d576.docx,E:\CODEX\Publications\Papers\2016 - Authority Without Ethics Ritual Power and the Cultural Life of Witchcraft in The Love Witc.docx,32328,E
E/00295_2017_-_Martin_Lepage_-_Queer_Neo-Pagan_Spiritualit_0185fb2ca698.docx,E:\CODEX\Publications\Papers\2017 - Martin Lepage - Queer Neo-Pagan Spiritualities and the Question of Authenticity in Wicca.docx,43389,E
E/00296_2017_-_Social_Stratification_and_Social_Inequality_0c995d9fa55b.docx,E:\CODEX\Publications\Papers\2017 - Social Stratification and Social Inequality Models of Intersectionality and Identity.docx,37467,E
E/00297_2017_-_Why_be_king_Im_already_a_queen_423fe1b5e0bf.docx,E:\CODEX\Publications\Papers\2017 - Why be king Im already a queen!.docx,17531,E
E/00298_2018_-_The_Familiars_of_Hollywood_Queerness_Whiten_5c61d236ee44.docx,"E:\CODEX\Publications\Papers\2018 - The Familiars of Hollywood Queerness, Whiteness, and the Vampiric Economy of Representatio.docx",28248,E
E/00299_2022_-_Unnatural_Selection_Queer_Method_and_Posthu_dbf2107003fe.docx,E:\CODEX\Publications\Papers\2022 - Unnatural Selection Queer Method and Posthuman Commons in Jurassic Park.docx,16760,E
E/00300_2023_-_Authority_After_Legitimacy_Fairy_Tales_Gove_0e16c93f5ed7.docx,"E:\CODEX\Publications\Papers\2023 - Authority After Legitimacy Fairy Tales, Governance, and Political Failure in Disenchantmen.docx",30507,E
E/00301_2024_-_The_Scythe_Already_in_Motion_Buffy_Queer_Ri_330afcd5a899.docx,"E:\CODEX\Publications\Papers\2024 - The Scythe Already in Motion Buffy, Queer Ritual, and the Politics of Glitch.docx",11554,E
E/00302_2025_-_Introduction_The_Ritual_Machine_Lab_or_How_f4a6b40c5552.docx,"E:\CODEX\Publications\Papers\2025 - Introduction The Ritual Machine Lab, or, How Stories Train the Body Into Obedience While C.docx",149955,E
E/00303_2025_-_Martin_Lepage_-_BREATH_OF_THE_ASTRAL_YEAR_889c3fe88060.docx,E:\CODEX\Publications\Papers\2025 - Martin Lepage - BREATH OF THE ASTRAL YEAR - book_or_monograph.docx,704080,E
E/00304_2025_-_Martin_Lepage_-_CORPUS_-_book_or_monograph_05d34a354a4d.docx,E:\CODEX\Publications\Papers\2025 - Martin Lepage - CORPUS - book_or_monograph [2].docx,778153,E
E/00305_2025_-_Martin_Lepage_-_CORPUS_-_book_or_monograph_0528b8e99098.docx,E:\CODEX\Publications\Papers\2025 - Martin Lepage - CORPUS - book_or_monograph.docx,779953,E
E/00306_2025_-_Martin_Lepage_-_La_frequence_brisee_du_verb_cb80fabadca4.docx,E:\CODEX\Publications\Papers\2025 - Martin Lepage - La frequence brisee du verbe - thesis_or_dissertation.docx,139311,E
E/00307_2025_-_Martin_Lepage_-_LE_SANG_QUI_PORTE_TON_NOM_7542a4312b80.docx,E:\CODEX\Publications\Papers\2025 - Martin Lepage - LE SANG QUI PORTE TON NOM - book_or_monograph.docx,685099,E
E/00308_2025_-_Martin_Lepage_-_Le_sang_qui_porte_ton_nom_ec8372ff92ad.docx,E:\CODEX\Publications\Papers\2025 - Martin Lepage - Le sang qui porte ton nom.docx,679884,E
E/00309_2025_-_Martin_Lepage_-_Prologue_I_Saw_Willow_Rise_e61e82cf2695.docx,E:\CODEX\Publications\Papers\2025 - Martin Lepage - Prologue I Saw Willow Rise.docx,126212,E
E/00310_2025_-_Martin_Lepage_-_References_bibliographiques_5b4b79d98c4a.docx,E:\CODEX\Publications\Papers\2025 - Martin Lepage - References bibliographiques.docx,15015,E
E/00311_2025_-_Martin_Lepage_-_THE_BROKEN_FREQUENCY_OF_THE_9b3555f9b9b2.pdf,E:\CODEX\Publications\Papers\2025 - Martin Lepage - THE BROKEN FREQUENCY OF THE WORD - book_or_monograph.pdf,527356,E
E/00312_2025_-_Martin_Lepage_-_THE_BROKEN_FREQUENCY_OF_THE_94f77c38b1de.docx,E:\CODEX\Publications\Papers\2025 - Martin Lepage - THE BROKEN FREQUENCY OF THE WORD.docx,178400,E
E/00313_2025_-_Martin_Lepage_-_THE_RETURNING_LIGHT_-_book_0b838f0449f4.docx,E:\CODEX\Publications\Papers\2025 - Martin Lepage - THE RETURNING LIGHT - book_or_monograph.docx,102921,E
E/00314_2025_-_Martin_Lepage_-_THE_SIXTH_SIGNAL_-_book_or_b0e81a9b9545.pdf,E:\CODEX\Publications\Papers\2025 - Martin Lepage - THE SIXTH SIGNAL - book_or_monograph.pdf,731550,E
E/00315_2025_-_Stuttering_Machines_Code_Voice_and_the_Algo_a62ca08011da.md,"E:\CODEX\Publications\Papers\2025 - Stuttering Machines Code, Voice, and the Algorithmic Dysfluency.md",709,E
E/00316_2026_-_ocr_needed_1_7abc8741a214.pdf,E:\CODEX\Publications\Papers\2026 - ocr_needed_1.pdf,4567784,E
E/00317_2026_-_VISIBILITY_dee20d5e44bf.docx,E:\CODEX\Publications\Papers\2026 - VISIBILITY.docx,26308,E
E/00318_Embedding_Before_Rupture_Relational_AI_Binding_Go_ed6bab25ec86.txt,"E:\CODEX\Publications\Papers\Embedding Before Rupture Relational AI, Binding Go.txt",71623,E
E/00319_2005_-_Pagan_Magic_Identity_Religion_and_the_Power_cd036ab7a985.docx,"E:\CODEX\Publications\Submissions\MagicRW\2005 - Pagan Magic Identity, Religion, and the Power of Norms.docx",59866,E
E/00320_2005_-_Pagan_Magic_Identity_Religion_and_the_Power_9bade8e70b78.docx,"E:\CODEX\Publications\Submissions\MagicRW\2005 - Pagan Magic Identity, Religion, and the Power of Norms_1.docx",59767,E
E/00321_2013_-_Pagan_Magic_Identity_Religion_and_the_Power_c5f3d2cf42a9.docx,"E:\CODEX\Publications\Submissions\MagicRW\2013 - Pagan Magic Identity, Religion, and the Power of Norms.docx",36871,E
E/00322_2025_-_Pagan_Magic_4d943ef631e6.docx,E:\CODEX\Publications\Submissions\MagicRW\2025 - Pagan Magic.docx,12746,E
E/00323_2026_-_Pagan_Magic_Identity_Power_and_the_Uses_of_3efa8493c1d2.docx,"E:\CODEX\Publications\Submissions\MagicRW\2026 - Pagan Magic Identity, Power, and the Uses of Magic.docx",31210,E
E/00324_Queering_Neo-Pagan_Magic_Identity_Power_and_the_fb7ae28c6b18.txt,"E:\CODEX\Publications\Submissions\MagicRW\Queering Neo-Pagan Magic Identity, Power, and the.txt",21305,E
E/00325_1994_-_entertainment_-_Reboot_Performance_Gender_a_d77c5fc8c37b.pdf,"E:\CODEX\Publications\Submissions\REBOOT\1994 - entertainment - Reboot Performance, Gender, and the Computing of IdentityMT - journal_article.pdf",262414,E
E/00326_1994_-_lepage_-_Reboot_-_policy_or_guidance_1233e2981ab4.docx,E:\CODEX\Publications\Submissions\REBOOT\1994 - lepage - Reboot - policy_or_guidance.docx,42787,E
E/00327_2025_-_dawes_-_Reboot_-_journal_article_e2da71611ed9.pdf,E:\CODEX\Publications\Submissions\REBOOT\2025 - dawes - Reboot - journal_article.pdf,860377,E
E/00328_LEPAGE-Reboot_Performance_Gender_and_the_Computing_84c7d2158f4c.docx,"E:\CODEX\Publications\Submissions\REBOOT\LEPAGE-Reboot Performance, Gender, and the Computing of Identity__0A439345.docx",42522,E
E/00329_LEPAGE-Reboot_Performance_Gender_and_the_Computing_fa664750f39f.docx,"E:\CODEX\Publications\Submissions\REBOOT\LEPAGE-Reboot Performance, Gender, and the Computing of IdentityFINAL (1)__5C01AC5B.docx",30118,E
E/00330_LEPAGE-Reboot_Performance_Gender_and_the_Computing_c8707fe47817.docx,"E:\CODEX\Publications\Submissions\REBOOT\LEPAGE-Reboot Performance, Gender, and the Computing of IdentityFINAL__2C1B0626.docx",61184,E
E/00331_Reboot_Performance_Gender_and_the_Computing_of_Ide_9a63be020af6.docx,"E:\CODEX\Publications\Submissions\REBOOT\Reboot Performance, Gender, and the Computing of IdentityMT (1)__FE48192D.docx",30118,E
E/00332_Reboot_Performance_Gender_and_the_Computing_of_Ide_cbc65e3e83d4.docx,"E:\CODEX\Publications\Submissions\REBOOT\Reboot Performance, Gender, and the Computing of IdentityMT-REV (1)__B65F6707.docx",34883,E
E/00333_Reboot_Performance_Gender_Identity_6FC1EE89_61aa238cd581.docx,E:\CODEX\Publications\Submissions\REBOOT\Reboot_Performance_Gender_Identity__6FC1EE89.docx,38810,E
E/00334_Agathav4.2_revised_2d6dd751dcda.docx,E:\CODEX\Publications\Submissions\SocialCompass Agatha\Agathav4.2_revised.docx,27418,E
E/00335_Agathav4.2_revised_highlighted_eae8fbf62236.docx,E:\CODEX\Publications\Submissions\SocialCompass Agatha\Agathav4.2_revised_highlighted.docx,27438,E
E/00336_Agathav4.3_final_6c15f39321ee.docx,E:\CODEX\Publications\Submissions\SocialCompass Agatha\Agathav4.3_final.docx,27487,E
E/00337_Agathav4.3_final_highlighted_1e8754a36f41.docx,E:\CODEX\Publications\Submissions\SocialCompass Agatha\Agathav4.3_final_highlighted.docx,27507,E
E/00338_SocialCompass_AAAreviewers_v3_d1442452b2ee.docx,E:\CODEX\Publications\Submissions\SocialCompass Agatha\SocialCompass_AAAreviewers_v3.docx,22010,E
E/00339_SocialCompass_response_to_reviewers_v2_b4642d917660.docx,E:\CODEX\Publications\Submissions\SocialCompass Agatha\SocialCompass_response_to_reviewers_v2.docx,38702,E
E/00340_SocialCompass_response_to_reviewers_v3_d5fdb65c17ee.docx,E:\CODEX\Publications\Submissions\SocialCompass Agatha\SocialCompass_response_to_reviewers_v3.docx,38855,E
E/00341_SocialCompass_response_to_reviewers_v3_highlighted_127208cde3d6.docx,E:\CODEX\Publications\Submissions\SocialCompass Agatha\SocialCompass_response_to_reviewers_v3_highlighted.docx,38883,E
E/00342_SocialCompassWiccaAgatha_V3_10334a70380c.docx,E:\CODEX\Publications\Submissions\SocialCompass Agatha\SocialCompassWiccaAgatha_V3.docx,39635,E
E/00343_The_Keyport_Domain_of_Crystal_1b060dfc27f2.txt,E:\CODEX\Publications\WIP\# The Keyport Domain of Crystal.txt,511136,E
E/00344_Case_Study_The_Archival_Return_and_the_Mechanics_o_b4a3f7be464d.pdf,E:\CODEX\Publications\WIP\ABRA SONGS\Case Study The Archival Return and the Mechanics of Internal Power.pdf,785160,E
E/00345_Enchantment_Under_Modernity_Academic_Paper_814f392fa03a.md,E:\CODEX\Publications\WIP\ABRA SONGS\Enchantment_Under_Modernity_Academic_Paper.md,59972,E
E/00346_FS_ea37b1c0354a.pdf,E:\CODEX\Publications\WIP\ABRA SONGS\FS.pdf,134557,E
E/00347_GAGA_AB_9ec2d1ce5409.pdf,E:\CODEX\Publications\WIP\ABRA SONGS\GAGA_AB.pdf,205196,E
E/00348_Here_is_a_single_clean_Markdown_fil_85c35ecfef66.txt,E:\CODEX\Publications\WIP\ABRA SONGS\Here is a single clean Markdown fil.txt,32069,E
E/00349_Inductive_Literary_Discourse_Analys_874248b05c17.txt,E:\CODEX\Publications\WIP\ABRA SONGS\Inductive Literary Discourse Analys.txt,11204,E
E/00350_SR_8d2a94932f8d.pdf,E:\CODEX\Publications\WIP\ABRA SONGS\SR.pdf,160468,E
E/00351_The_Sociology_of_Modern_Magic_From_5f3aae5426dd.txt,E:\CODEX\Publications\WIP\ABRA SONGS\The Sociology of Modern Magic From.txt,11639,E
E/00352_I_m_building_a_peer-reviewed_research_artic_9a315a2d0cdd.txt,E:\CODEX\Publications\WIP\AI ETHICS+Recursion paper\#####Iâ€™m building a peer-reviewed research artic.txt,93715,E
E/00353_I_m_building_this_as_a_peer-reviewed_resear_0f429dfdace7.txt,E:\CODEX\Publications\WIP\AI ETHICS+Recursion paper\#####Iâ€™m building this as a peer-reviewed resear.txt,59382,E
E/00354_ai_anXIETY_TO_RECURISON_50680562a540.doc,E:\CODEX\Publications\WIP\AI ETHICS+Recursion paper\ai anXIETY TO RECURISON.doc,10240,E
E/00355_FROM_WRITTEN_NOTES_gathered_data_from_readings_f206aa3cabe6.txt,E:\CODEX\Publications\WIP\AI ETHICS+Recursion paper\FROM WRITTEN NOTES+gathered data from readings.txt,172843,E
E/00356_master-annotated-bibliography-ai-governance-2026-0_e252da82a71e.md,E:\CODEX\Publications\WIP\AI ETHICS+Recursion paper\master-annotated-bibliography-ai-governance-2026-03-11.md,16586,E
E/00357_This_is_an_ambitious_and_intellectu_a72d6e0d36e7.md,E:\CODEX\Publications\WIP\AI ETHICS+Recursion paper\This is an ambitious and intellectu.md,7213,E
E/00358_Untitled_1_d09ecac05dd0.docx,E:\CODEX\Publications\WIP\AI ETHICS+Recursion paper\Untitled 1.docx,6739,E
E/00359_The_exact_paper_you_pasted_is_not_a_single-ste_15825c260278.txt,E:\CODEX\Publications\WIP\AI ETHICS+Recursion paper\â€¢ The exact paper you pasted is not a single-ste.txt,9014,E
E/00360_Bodies_Files_and_Populist_Denial_-_special_issue_a_7c111e564523.md,"E:\CODEX\Publications\WIP\Bodies, Files, and Populist Denial - special issue abstract.md",3951,E
E/00361_Bodies_Files_and_Populist_Denial_-_special_issue_w_56de5d1ee178.md,"E:\CODEX\Publications\WIP\Bodies, Files, and Populist Denial - special issue working draft.md",30648,E
E/00362_Governance_by_Denial_-_Journal_of_Political_Power_ce79ad21e983.md,E:\CODEX\Publications\WIP\Governance by Denial - Journal of Political Power submission alignment note.md,2788,E
E/00363_Governance_by_Denial_-_Journal_of_Political_Power_e3aec99b4dbb.md,E:\CODEX\Publications\WIP\Governance by Denial - Journal of Political Power Title Page.md,1099,E
E/00364_LinkedIn_posts_-_24_post_series_be76a6120d59.md,E:\CODEX\Publications\WIP\LinkedIn posts - 24 post series.md,17460,E
E/00365_The_Palace_Under_Root_human_names_fluid_cc74dc368b51.txt,"E:\CODEX\Publications\WIP\The Palace Under Root (human names, fluid).txt",75619,E
E/00366_The_Palace_Under_Root_5eaeb81a6892.txt,E:\CODEX\Publications\WIP\• The Palace Under Root.txt,21051,E
E/00367_a-lokian-family_79cf2873ac65.md,E:\CODEX\Website_Content_Snapshot\src-content\papers\a-lokian-family.md,1299,E
E/00368_les-fees-dansent-autour-du-mont-royal_40bfa6d2aac7.md,E:\CODEX\Website_Content_Snapshot\src-content\papers\les-fees-dansent-autour-du-mont-royal.md,1441,E
E/00369_magic-after-legitimacy-charmed_c70569033c15.md,E:\CODEX\Website_Content_Snapshot\src-content\papers\magic-after-legitimacy-charmed.md,1435,E
E/00370_neo-shamanisms-and-gender_27bb10636e85.md,E:\CODEX\Website_Content_Snapshot\src-content\papers\neo-shamanisms-and-gender.md,1289,E
E/00371_queerness-and-transgender-identity-montreal_6473e1758037.md,E:\CODEX\Website_Content_Snapshot\src-content\papers\queerness-and-transgender-identity-montreal.md,1222,E
E/00372_religiosites-queer-neo-paiennes-wicca_d65e35c61fb6.md,E:\CODEX\Website_Content_Snapshot\src-content\papers\religiosites-queer-neo-paiennes-wicca.md,1098,E
E/00373_ritualites-queer-neo-paiennes-methodologies_3df8740e1276.md,E:\CODEX\Website_Content_Snapshot\src-content\papers\ritualites-queer-neo-paiennes-methodologies.md,1196,E
E/00374_whos-the-boob-whos-the-trap_ec6aaa4b6c4e.md,E:\CODEX\Website_Content_Snapshot\src-content\papers\whos-the-boob-whos-the-trap.md,1960,E
E/00375_PDF-1.3_bfc44d345fa4.txt,E:\LIBRARY\%PDF-1.3.txt,29704068,E
E/00376_PDF-1.4_70e75d1fbafd.txt,E:\LIBRARY\%PDF-1.4.txt,496821,E
E/00377_PDF-1.6_2bb4cb970f8c.txt,E:\LIBRARY\%PDF-1.6.txt,959584,E
E/00378_2026-03-11_201656_444_INFO_DocSort_run_started_d81426a02e98.txt,"E:\LIBRARY\2026-03-11 201656,444 INFO === DocSort run started.txt",1134276,E
E/00379_2026-04-18_ai-ethics-contestable-governance-artifa_b7e87d7e2622.md,E:\LIBRARY\2026-04-18_ai-ethics-contestable-governance-artifacts-paragraph.md,11519,E
E/00380_2026-04-18_ai-self-report-recursion-perturbation-e_421056424a95.md,E:\LIBRARY\2026-04-18_ai-self-report-recursion-perturbation-epistemic-status.md,8420,E
E/00381_2026-04-18_anthropic-openclaw-platform-dependence_cd347ac39c55.md,E:\LIBRARY\2026-04-18_anthropic-openclaw-platform-dependence-and-narrative-capture.md,7861,E
E/00382_2026-04-18_conceptual-vocabulary-praxis-politics-s_1d0867f93dcb.md,E:\LIBRARY\2026-04-18_conceptual-vocabulary-praxis-politics-strategy-form-systems.md,814,E
E/00383_2026-04-18_ethics-poetics-praxis-ai-governance-man_7023ecda5a1b.md,E:\LIBRARY\2026-04-18_ethics-poetics-praxis-ai-governance-manifesto.md,43584,E
E/00384_2026-04-18_martin-lepage-uqam-annotated-bibliograp_f861e5e0680a.md,E:\LIBRARY\2026-04-18_martin-lepage-uqam-annotated-bibliography-report.md,32458,E
E/00385_2026-04-18_poietics-poiesis-poetics-praxis-distinc_c2f827d949e1.md,E:\LIBRARY\2026-04-18_poietics-poiesis-poetics-praxis-distinction.md,3417,E
E/00386_2026-04-18_slayer-franchise-power-methodology_aed2282c2a4a.md,E:\LIBRARY\2026-04-18_slayer-franchise-power-methodology.md,5962,E
E/00387_2026-04-22_emerging-market-app-opportunities-blink_165c23b68041.md,E:\LIBRARY\2026-04-22_emerging-market-app-opportunities-blink-compliance-saas.md,6104,E
E/00388_2026-04-25_ballad-witches-road_analysis_from-codex_110eb9b93a83.md,E:\LIBRARY\2026-04-25_ballad-witches-road_analysis_from-codex-history.md,69577,E
E/00389_99645_TOURREIL_2019_archivage_55d7026a329d.pdf,E:\LIBRARY\99645_TOURREIL_2019_archivage.pdf,40628561,E
E/00390_file_191611b1a83e.txt,E:\LIBRARY\[.txt,970575,E
E/00391_agatha-unified-skill-system-2026-04-18_16cd2ffbd54f.md,E:\LIBRARY\agatha-unified-skill-system-2026-04-18.md,34783,E
E/00392_AI_PERKS_e7cdd6e5c798.pdf,E:\LIBRARY\AI PERKS.pdf,107149,E
E/00393_Alfred_M_traux_-_The_Dennis_Wheatley_Library_of_th_9e505c905857.pdf,E:\LIBRARY\Alfred Métraux - The Dennis Wheatley Library of the Occult - Vol. 19 - Voodoo.pdf,4894800,E
E/00394_awesome-design-resources-2026-04-16_37572397565b.md,E:\LIBRARY\awesome-design-resources-2026-04-16.md,46853,E
E/00395_blind-leading-automated-2026-04-16_33124eee1f1d.md,E:\LIBRARY\blind-leading-automated-2026-04-16.md,13269,E
E/00396_claude-mem-plugin-2026-04-16_c7ade4043bff.md,E:\LIBRARY\claude-mem-plugin-2026-04-16.md,4773,E
E/00397_Consent_is_a_multifaceted_concept_t_88c2afa76831.txt,E:\LIBRARY\Consent is a multifaceted concept t.txt,81976,E
E/00398_ENTREPRISE_PHAROS_6c535386005e.txt,E:\LIBRARY\ENTREPRISE PHAROS.txt,714,E
E/00399_get-shit-done-2026-04-16_8c03752d8dba.md,E:\LIBRARY\get-shit-done-2026-04-16.md,39842,E
E/00400_GUIDE_rest-and-consolidation_121497cfd4d5.md,E:\LIBRARY\GUIDE_rest-and-consolidation.md,8036,E
E/00401_LAST_PROJECT_AI_PAPER_PROMPT-2026-04-16_19e37408c39b.md,E:\LIBRARY\LAST_PROJECT_AI_PAPER_PROMPT-2026-04-16.md,8890,E
E/00402_LAST_VOICE_OPERATOR_GPT_CREATOR-2026-04-16_7cc65f66d296.md,E:\LIBRARY\LAST_VOICE_OPERATOR_GPT_CREATOR-2026-04-16.md,15313,E
E/00403_lesprit-du-don_d8535a2323fb.pdf,E:\LIBRARY\lesprit-du-don.pdf,2143853,E
E/00404_lightrag-2026-04-16_14a7cf3f055a.md,E:\LIBRARY\lightrag-2026-04-16.md,24245,E
E/00405_M15063_5de95d422c9a.pdf,E:\LIBRARY\M15063.pdf,10392170,E
E/00406_Mauss_-_The_Gift_c0ce6f552e61.pdf,E:\LIBRARY\Mauss - The Gift.pdf,1263860,E
E/00407_MAX-WEBER_67dab3fe3fec.pdf,E:\LIBRARY\MAX-WEBER.pdf,1366365,E
E/00408_DocSort_Setup_Reference_eacc706fdf5c.txt,E:\LIBRARY\Mine\policy\# DocSort â€” Setup & Reference.txt,4581,E
E/00409_Govern_AI_LinkedIn_Refresh_4a4aa7862e46.txt,E:\LIBRARY\Mine\policy\# Govern AI LinkedIn Refresh.txt,3894,E
E/00410_Identity_0abe5a57540d.txt,E:\LIBRARY\Mine\policy\# Identity.txt,1373,E
E/00411_if.infrafabric_A_Miniseries_in_Seven_Parts_94325ef52831.txt,E:\LIBRARY\Mine\policy\# if.infrafabric A Miniseries in Seven Parts.txt,41219,E
E/00412_Martin_Lepage_Work_Profile_and_InfraFabric_Mappi_5d0186813561.txt,E:\LIBRARY\Mine\policy\# Martin Lepage Work Profile and InfraFabric Mappi.txt,22968,E
E/00413_1980_-_Martin_Lepage_-_De_la_quete_a_la_transfigur_5e76aebd90fc.docx,E:\LIBRARY\Mine\policy\1980 - Martin Lepage - De la quete a la transfiguration spiritualite p - 1980 - Martin Lepage - De la quete a la transfiguration spiritualite poetique et allegorie moderne dans les premi.docx,19602,E
E/00414_1980_-_Martin_Lepage_-_Introduction_cd9de8c5dc61.docx,E:\LIBRARY\Mine\policy\1980 - Martin Lepage - Introduction.docx,27324,E
E/00415_1984_-_legal_or_contract_27fd0c6686e2.pdf,E:\LIBRARY\Mine\policy\1984 - legal_or_contract.pdf,206209,E
E/00416_1985_-_job_application_4b7ea13b0b65.pdf,E:\LIBRARY\Mine\policy\1985 - job_application.pdf,1932937,E
E/00417_1995_-_Martin_Lepage_-_AMERICAN_HORROR_STORY_V_8399645caf66.docx,E:\LIBRARY\Mine\policy\1995 - Martin Lepage - AMERICAN HORROR STORY V.docx,38819,E
E/00418_2002_-_Martin_Lepage_-_Microsoft_Word-Dokument_c32b2463ddab.doc,E:\LIBRARY\Mine\policy\2002 - Martin Lepage - Microsoft Word-Dokument.doc,126976,E
E/00419_2006_-_legal_or_contract_3418f5e3ab67.docx,E:\LIBRARY\Mine\policy\2006 - legal_or_contract.docx,634178,E
E/00420_2006_-_legal_or_contract_1_d774911a26d7.docx,E:\LIBRARY\Mine\policy\2006 - legal_or_contract_1.docx,636259,E
E/00421_2008_-_Martin_Lepage_-_Microsoft_Word-Dokument_9879cc45e5cc.doc,E:\LIBRARY\Mine\policy\2008 - Martin Lepage - Microsoft Word-Dokument.doc,29696,E
E/00422_2009_-_legal_or_contract_2_c5dbd6b6ef4c.docx,E:\LIBRARY\Mine\policy\2009 - legal_or_contract [2].docx,2726567,E
E/00423_2009_-_legal_or_contract_3_ec8aaad37766.docx,E:\LIBRARY\Mine\policy\2009 - legal_or_contract [3].docx,641423,E
E/00424_2009_-_legal_or_contract_3e352b7ae3dc.docx,E:\LIBRARY\Mine\policy\2009 - legal_or_contract.docx,2726625,E
E/00425_2010_-_Martin_Lepage_-_thesis_or_dissertation_1_dc2852e8d448.pdf,E:\LIBRARY\Mine\policy\2010 - Martin Lepage - thesis_or_dissertation_1.pdf,561759,E
E/00426_2011_-_Martin_Lepage_-_Martin_Lepages_research_sta_ac7eaa2246eb.pdf,"E:\LIBRARY\Mine\policy\2011 - Martin Lepage - Martin Lepages research statement for the Depar - 2011 - Martin Lepage - Martin Lepages research statement for the Department of Sociology, Loyola University Chica - thesis_or_dissertati.pdf",104847,E
E/00427_2011_-_Martin_Lepage_-_Martin_Lepages_statement_of_27b0c7574e69.pdf,"E:\LIBRARY\Mine\policy\2011 - Martin Lepage - Martin Lepages statement of research achievemen - 2011 - Martin Lepage - Martin Lepages statement of research achievements, Assistant Professor - thesis_or_dissertation.pdf",107244,E
E/00428_2011_-_Martin_Lepage_-_thesis_or_dissertation_e1bfda422f58.pdf,E:\LIBRARY\Mine\policy\2011 - Martin Lepage - thesis_or_dissertation.pdf,625519,E
E/00429_2011_-_report_2bb4de476657.doc,E:\LIBRARY\Mine\policy\2011 - report.doc,87552,E
E/00430_2012_-_Martin_Lepage_-_Chapter_8_780300800e56.pdf,E:\LIBRARY\Mine\policy\2012 - Martin Lepage - Chapter 8.pdf,181025,E
E/00431_2012_-_Martin_Lepage_-_Chapter_8_1_0533b312eb89.pdf,E:\LIBRARY\Mine\policy\2012 - Martin Lepage - Chapter 8_1.pdf,165964,E
E/00432_2013_-_Martin_Lepage_-_correspondence_ea11cbe3b085.docx,E:\LIBRARY\Mine\policy\2013 - Martin Lepage - correspondence.docx,42591,E
E/00433_2013_-_statement_or_bill_393b228eabb9.pdf,E:\LIBRARY\Mine\policy\2013 - statement_or_bill.pdf,72398,E
E/00434_2014_-_Martin_Lepage_-_journal_article_070d01a584e0.pdf,E:\LIBRARY\Mine\policy\2014 - Martin Lepage - journal_article.pdf,170788,E
E/00435_2016_-_Concours_de_bourse_postdoctorale_PRPRS_2016_f4c522b01ccc.pdf,E:\LIBRARY\Mine\policy\2016 - Concours de bourse postdoctorale PRPRS 2016 - job_application.p - 2016 - Concours de bourse postdoctorale PRPRS 2016 - job_application.pdf,32644,E
E/00436_2016_-_job_application_2_106c07891878.pdf,E:\LIBRARY\Mine\policy\2016 - job_application [2].pdf,324332,E
E/00437_2016_-_job_application_7af1e0e08fcc.pdf,E:\LIBRARY\Mine\policy\2016 - job_application.pdf,560763,E
E/00438_2016_-_Martin_Lepage_-_Dion_2015-20_-_conference_p_a683d5bc4d69.pdf,E:\LIBRARY\Mine\policy\2016 - Martin Lepage - Dion 2015-20 - conference_paper.pdf,824667,E
E/00439_2016_-_Martin_Lepage_-_FONDS_GERARD-DION_-_job_app_2d6a6ec29e1c.pdf,E:\LIBRARY\Mine\policy\2016 - Martin Lepage - FONDS GERARD-DION - job_application.pdf,66575,E
E/00440_2016_-_Martin_Lepage_-_ocr_needed_0eedc30f3e77.pdf,E:\LIBRARY\Mine\policy\2016 - Martin Lepage - ocr_needed.pdf,56293,E
E/00441_2016_-_ocr_needed_6c534e5e9879.pdf,E:\LIBRARY\Mine\policy\2016 - ocr_needed.pdf,744673,E
E/00442_2016_-_ocr_needed_1_93e102ce20fe.pdf,E:\LIBRARY\Mine\policy\2016 - ocr_needed_1.pdf,2472649,E
E/00443_2016_-_ocr_needed_10_d4aee5c43efb.pdf,E:\LIBRARY\Mine\policy\2016 - ocr_needed_10.pdf,2721764,E
E/00444_2016_-_ocr_needed_11_356ef7f3edf3.pdf,E:\LIBRARY\Mine\policy\2016 - ocr_needed_11.pdf,700892,E
E/00445_2016_-_ocr_needed_12_af4e91f9bdd8.pdf,E:\LIBRARY\Mine\policy\2016 - ocr_needed_12.pdf,69753,E
E/00446_2016_-_ocr_needed_13_a01d03fc4c16.pdf,E:\LIBRARY\Mine\policy\2016 - ocr_needed_13.pdf,179861,E
E/00447_2016_-_ocr_needed_14_718644ae96a0.pdf,E:\LIBRARY\Mine\policy\2016 - ocr_needed_14.pdf,124758,E
E/00448_2016_-_ocr_needed_15_321e707a2a2c.pdf,E:\LIBRARY\Mine\policy\2016 - ocr_needed_15.pdf,3970364,E
E/00449_2016_-_ocr_needed_2_9cca2f0a77fc.pdf,E:\LIBRARY\Mine\policy\2016 - ocr_needed_2.pdf,235604,E
E/00450_2016_-_ocr_needed_4_d729d7cc4f3a.pdf,E:\LIBRARY\Mine\policy\2016 - ocr_needed_4.pdf,468807,E
E/00451_2016_-_ocr_needed_5_dfa007e7bd7c.pdf,E:\LIBRARY\Mine\policy\2016 - ocr_needed_5.pdf,3997657,E
E/00452_2016_-_ocr_needed_6_b51beeb9b3a5.pdf,E:\LIBRARY\Mine\policy\2016 - ocr_needed_6.pdf,198294,E
E/00453_2016_-_ocr_needed_7_63ab9787a3c6.pdf,E:\LIBRARY\Mine\policy\2016 - ocr_needed_7.pdf,302817,E
E/00454_2016_-_ocr_needed_8_b333f18922e2.pdf,E:\LIBRARY\Mine\policy\2016 - ocr_needed_8.pdf,703169,E
E/00455_2016_-_ocr_needed_9_aaf8bf2cbf01.pdf,E:\LIBRARY\Mine\policy\2016 - ocr_needed_9.pdf,341595,E
E/00456_2017_-_1_-_ocr_needed_40047959ccc8.pdf,E:\LIBRARY\Mine\policy\2017 - 1 - ocr_needed.pdf,3035725,E
E/00457_2017_-_ANNEXE_H_FR_-_CU_53_avec_changement_par._11_300cc28450a9.pdf,E:\LIBRARY\Mine\policy\2017 - ANNEXE H FR - CU 53 avec changement par. 11.docx - job_applicat - 2017 - ANNEXE H FR - CU 53 avec changement par. 11.docx - job_application.pdf,155774,E
E/00458_2017_-_job_application_7b6f236fbe4a.pdf,E:\LIBRARY\Mine\policy\2017 - job_application.pdf,104131,E
E/00459_2017_-_job_application_1_b8f1c7d90921.pdf,E:\LIBRARY\Mine\policy\2017 - job_application_1.pdf,288650,E
E/00460_2017_-_legal_or_contract_247dde040180.pdf,E:\LIBRARY\Mine\policy\2017 - legal_or_contract.pdf,5514658,E
E/00461_2017_-_Martin_Lepage_-_05_25_-_ocr_needed_df2dd6025423.pdf,E:\LIBRARY\Mine\policy\2017 - Martin Lepage - 05 25) - ocr_needed.pdf,99206,E
E/00462_2017_-_Martin_Lepage_-_10-19_-_ocr_needed_bba45aa6d418.pdf,E:\LIBRARY\Mine\policy\2017 - Martin Lepage - 10-19) - ocr_needed.pdf,154366,E
E/00463_2017_-_Martin_Lepage_-_Martin_Lepages_contact_info_a57473ddf7fd.pdf,"E:\LIBRARY\Mine\policy\2017 - Martin Lepage - Martin Lepages contact information, Department - 2017 - Martin Lepage - Martin Lepages contact information, Department of French and Francophone Studies, Pennsylv.pdf",58777,E
E/00464_2017_-_Martin_Lepage_-_Martin_Lepages_professional_fa59aba2956f.pdf,E:\LIBRARY\Mine\policy\2017 - Martin Lepage - Martin Lepages professional references.pdf,59498,E
E/00465_2017_-_Martin_Lepage_-_Martin_Lepages_statement_of_8959f1fb89e4.pdf,"E:\LIBRARY\Mine\policy\2017 - Martin Lepage - Martin Lepages statement of teaching interests - 2017 - Martin Lepage - Martin Lepages statement of teaching interests for the Department of Sociology, Loyola Uni - thesis_or_dissertati.pdf",95970,E
E/00466_2017_-_Martin_Lepage_-_Martin_Lepages_statement_of_534d7d74c77d.pdf,E:\LIBRARY\Mine\policy\2017 - Martin Lepage - Martin Lepages statement of teaching interests - 2017 - Martin Lepage - Martin Lepages statement of teaching interests for the Gender and Sexuality Studies Progra - thesis_or_dissertati.pdf,110939,E
E/00467_2017_-_Martin_Lepage_-_Martin_Lepages_statement_of_47ae8a7696b0.pdf,"E:\LIBRARY\Mine\policy\2017 - Martin Lepage - Martin Lepages statement of teaching interests, - 2017 - Martin Lepage - Martin Lepages statement of teaching interests, Assistant Professor - thesis_or_dissertation.pdf",98048,E
E/00468_2017_-_Martin_Lepage_-_Montreal_July_5th_2017_-_th_b22d77827c59.pdf,"E:\LIBRARY\Mine\policy\2017 - Martin Lepage - Montreal, July 5th, 2017 - thesis_or_dissertati - 2017 - Martin Lepage - Montreal, July 5th, 2017 - thesis_or_dissertation.pdf",122006,E
E/00469_2017_-_Martin_Lepage_-_Montreal_le_1_octobre_2017_53f0392a38f5.pdf,"E:\LIBRARY\Mine\policy\2017 - Martin Lepage - Montreal, le 1 octobre 2017 - report.pdf",160869,E
E/00470_2017_-_Martin_Lepage_-_Montreal_le_12_octobre_2017_0dea85c852cf.pdf,"E:\LIBRARY\Mine\policy\2017 - Martin Lepage - Montreal, le 12 octobre 2017 - job_application - 2017 - Martin Lepage - Montreal, le 12 octobre 2017 - job_application.pdf",69857,E
E/00471_2017_-_Martin_Lepage_-_Montreal_le_12_octobre_2017_38ecaa95ae4f.pdf,"E:\LIBRARY\Mine\policy\2017 - Martin Lepage - Montreal, le 12 octobre 2017 - thesis_or_disser - 2017 - Martin Lepage - Montreal, le 12 octobre 2017 - thesis_or_dissertation.pdf",68662,E
E/00472_2017_-_Martin_Lepage_-_Montreal_le_13_mai_2017_-_t_878318bc109e.pdf,"E:\LIBRARY\Mine\policy\2017 - Martin Lepage - Montreal, le 13 mai 2017 - thesis_or_dissertati - 2017 - Martin Lepage - Montreal, le 13 mai 2017 - thesis_or_dissertation.pdf",69363,E
E/00473_2017_-_Martin_Lepage_-_Montreal_le_25_mai_2017_-_j_3387c335bbe4.pdf,"E:\LIBRARY\Mine\policy\2017 - Martin Lepage - Montreal, le 25 mai, 2017 - job_application.pdf",67568,E
E/00474_2017_-_Martin_Lepage_-_Montreal_May_12th_2017_-_th_f73add9d22ad.pdf,"E:\LIBRARY\Mine\policy\2017 - Martin Lepage - Montreal, May 12th, 2017 - thesis_or_dissertati - 2017 - Martin Lepage - Montreal, May 12th, 2017 - thesis_or_dissertation.pdf",99813,E
E/00475_2017_-_Martin_Lepage_-_ocr_needed_7afe6330737b.pdf,E:\LIBRARY\Mine\policy\2017 - Martin Lepage - ocr_needed.pdf,811682,E
E/00476_2017_-_Martin_Lepage_-_thesis_or_dissertation_b3a1df974a0e.docx,E:\LIBRARY\Mine\policy\2017 - Martin Lepage - thesis_or_dissertation.docx,34452,E
E/00477_2017_-_ocr_needed_6a4f6aae7078.pdf,E:\LIBRARY\Mine\policy\2017 - ocr_needed.pdf,262992,E
E/00478_2017_-_ocr_needed_1_12b22d8080eb.pdf,E:\LIBRARY\Mine\policy\2017 - ocr_needed_1.pdf,659053,E
E/00479_2017_-_ocr_needed_10_25e270cea92e.pdf,E:\LIBRARY\Mine\policy\2017 - ocr_needed_10.pdf,134754,E
E/00480_2017_-_ocr_needed_11_f4f71c5fdd50.pdf,E:\LIBRARY\Mine\policy\2017 - ocr_needed_11.pdf,7392956,E
E/00481_2017_-_ocr_needed_12_815f4af93966.pdf,E:\LIBRARY\Mine\policy\2017 - ocr_needed_12.pdf,153800,E
E/00482_2017_-_ocr_needed_13_f464c3dbb305.pdf,E:\LIBRARY\Mine\policy\2017 - ocr_needed_13.pdf,170378,E
E/00483_2017_-_ocr_needed_14_e2fd0a639406.pdf,E:\LIBRARY\Mine\policy\2017 - ocr_needed_14.pdf,371299,E
E/00484_2017_-_ocr_needed_15_6109680d014a.pdf,E:\LIBRARY\Mine\policy\2017 - ocr_needed_15.pdf,479466,E
E/00485_2017_-_ocr_needed_16_cff092a209fa.pdf,E:\LIBRARY\Mine\policy\2017 - ocr_needed_16.pdf,59826,E
E/00486_2017_-_ocr_needed_1_1_f0ddd62eb46a.pdf,E:\LIBRARY\Mine\policy\2017 - ocr_needed_1_1.pdf,2079790,E
E/00487_2017_-_ocr_needed_2_b7ce24502de9.pdf,E:\LIBRARY\Mine\policy\2017 - ocr_needed_2.pdf,227109,E
E/00488_2017_-_ocr_needed_3_44135cfab43a.pdf,E:\LIBRARY\Mine\policy\2017 - ocr_needed_3.pdf,4651196,E
E/00489_2017_-_ocr_needed_4_7fa749f90152.pdf,E:\LIBRARY\Mine\policy\2017 - ocr_needed_4.pdf,60724,E
E/00490_2017_-_ocr_needed_5_0d77c0116366.pdf,E:\LIBRARY\Mine\policy\2017 - ocr_needed_5.pdf,167919,E
E/00491_2017_-_ocr_needed_6_995289f3ad57.pdf,E:\LIBRARY\Mine\policy\2017 - ocr_needed_6.pdf,1396831,E
E/00492_2017_-_ocr_needed_7_e4acaf8a358a.pdf,E:\LIBRARY\Mine\policy\2017 - ocr_needed_7.pdf,6650923,E
E/00493_2017_-_ocr_needed_8_cd25e49f034b.pdf,E:\LIBRARY\Mine\policy\2017 - ocr_needed_8.pdf,3713483,E
E/00494_2018_-_18-BPRE-721150-I_-_report_2_0dc1c2b0cf6a.pdf,E:\LIBRARY\Mine\policy\2018 - 18-BPRE-721150-I - report [2].pdf,25357,E
E/00495_2018_-_18-BPRE-721150-I_-_report_6a8cc96580d4.pdf,E:\LIBRARY\Mine\policy\2018 - 18-BPRE-721150-I - report.pdf,25309,E
E/00496_2018_-_ilovepdf.com_-_ocr_needed_cca053c4510b.pdf,E:\LIBRARY\Mine\policy\2018 - ilovepdf.com - ocr_needed.pdf,301454,E
E/00497_2018_-_job_application_59863be7f700.pdf,E:\LIBRARY\Mine\policy\2018 - job_application.pdf,78750,E
E/00498_2018_-_job_application_1_70e2ea865f67.pdf,E:\LIBRARY\Mine\policy\2018 - job_application_1.pdf,75768,E
E/00499_2018_-_Martin_Lepage_-_Curriculum_vitae_Bourse_pos_8149c4cd9e38.pdf,"E:\LIBRARY\Mine\policy\2018 - Martin Lepage - Curriculum vitae, Bourse postdoctorale du Fonds - 2018 - Martin Lepage - Curriculum vitae, Bourse postdoctorale du Fonds Gerard-Dion 2018 LEPAGE, Martin - conference_paper.pdf",173994,E
E/00500_2018_-_Martin_Lepage_-_legal_or_contract_15a1a30b7919.pdf,E:\LIBRARY\Mine\policy\2018 - Martin Lepage - legal_or_contract.pdf,200934,E
E/00501_2018_-_Martin_Lepage_-_Martin_LEPAGE_Curriculum_vi_ddf20d4a1db3.pdf,E:\LIBRARY\Mine\policy\2018 - Martin Lepage - Martin LEPAGE Curriculum vitae - thesis_or_diss - 2018 - Martin Lepage - Martin LEPAGE Curriculum vitae - thesis_or_dissertation.pdf,171799,E
E/00502_2018_-_Martin_Lepage_-_Martin_Lepages_statement_of_51a09bf06f3f.pdf,"E:\LIBRARY\Mine\policy\2018 - Martin Lepage - Martin Lepages statement of research interests, - 2018 - Martin Lepage - Martin Lepages statement of research interests, Baker Postdoctoral Fellowship 2018 - thesis_or_dissertation.pdf",134112,E
E/00503_2018_-_Martin_Lepage_-_Montreal_May_15th_2018_-_th_f5412ec1dbb6.pdf,"E:\LIBRARY\Mine\policy\2018 - Martin Lepage - Montreal, May 15th, 2018 - thesis_or_dissertati - 2018 - Martin Lepage - Montreal, May 15th, 2018 - thesis_or_dissertation.pdf",150382,E
E/00504_2018_-_Martin_Lepage_-_ocr_needed_568e21a08db1.pdf,E:\LIBRARY\Mine\policy\2018 - Martin Lepage - ocr_needed.pdf,853040,E
E/00505_2018_-_Martin_Lepage_-_ocr_needed_1_828c62b81cec.pdf,E:\LIBRARY\Mine\policy\2018 - Martin Lepage - ocr_needed_1.pdf,22199,E
E/00506_2018_-_Martin_Lepage_-_thesis_or_dissertation_568bdc156c59.docx,E:\LIBRARY\Mine\policy\2018 - Martin Lepage - thesis_or_dissertation.docx,24281,E
E/00507_2018_-_Martin_Lepage_-_thesis_or_dissertation_667003385e11.pdf,E:\LIBRARY\Mine\policy\2018 - Martin Lepage - thesis_or_dissertation.pdf,120978,E
E/00508_2018_-_Martin_Lepage_-_thesis_or_dissertation_1_a115b103d1e7.pdf,E:\LIBRARY\Mine\policy\2018 - Martin Lepage - thesis_or_dissertation_1.pdf,541237,E
E/00509_2018_-_Martin_Lepages_references_Allan_Slaight_Cha_5addb9f19eff.pdf,"E:\LIBRARY\Mine\policy\2018 - Martin Lepages references, Allan Slaight Chair for the Study of - 2018 - Martin Lepages references, Allan Slaight Chair for the Study of the Conjuring Arts, Carlet.pdf",58557,E
E/00510_2018_-_ocr_needed_2_194718d2a048.pdf,E:\LIBRARY\Mine\policy\2018 - ocr_needed [2].pdf,173884,E
E/00511_2018_-_ocr_needed_a84c74a93c8b.pdf,E:\LIBRARY\Mine\policy\2018 - ocr_needed.pdf,253784,E
E/00512_2018_-_ocr_needed_1_cf8cde67629d.pdf,E:\LIBRARY\Mine\policy\2018 - ocr_needed_1.pdf,1455466,E
E/00513_2018_-_ocr_needed_2_0b3fa7bce354.pdf,E:\LIBRARY\Mine\policy\2018 - ocr_needed_2.pdf,208213,E
E/00514_2018_-_report_23d7e45268a6.pdf,E:\LIBRARY\Mine\policy\2018 - report.pdf,137477,E
E/00515_2018_-_report_1_d2b0d26a178e.pdf,E:\LIBRARY\Mine\policy\2018 - report_1.pdf,140477,E
E/00516_2019_-_Martin_Lepage_-_08-2019-signed_-_ocr_needed_61007fb49e35.pdf,E:\LIBRARY\Mine\policy\2019 - Martin Lepage - 08-2019-signed - ocr_needed.pdf,95197,E
E/00517_2019_-_Martin_Lepage_-_2019_CRIDAQ_d6097952fff7.pdf,"E:\LIBRARY\Mine\policy\2019 - Martin Lepage - 2019, CRIDAQ.pdf",118954,E
E/00518_2019_-_Martin_Lepage_-_ocr_needed_97aa91c34192.pdf,E:\LIBRARY\Mine\policy\2019 - Martin Lepage - ocr_needed.pdf,1575153,E
E/00519_2019_-_Martin_Lepage_-_ocr_needed_1_5b6ae2e8df46.pdf,E:\LIBRARY\Mine\policy\2019 - Martin Lepage - ocr_needed_1.pdf,1645800,E
E/00520_2019_-_Martin_Lepage_-_TITLE_of_Research_Project_db1f2f054346.docx,E:\LIBRARY\Mine\policy\2019 - Martin Lepage - TITLE of Research Project.docx,30276,E
E/00521_2020_-_Croft_-_Slayage_18.1.docx_-_legal_or_contra_533f5d07b20c.pdf,E:\LIBRARY\Mine\policy\2020 - Croft - Slayage 18.1.docx - legal_or_contract.pdf,305196,E
E/00522_2020_-_legal_or_contract_3e9831f173ae.docx,E:\LIBRARY\Mine\policy\2020 - legal_or_contract.docx,634490,E
E/00523_2020_-_Martin_Lepage_-_Publications_-_thesis_or_di_ae8b85454c17.docx,E:\LIBRARY\Mine\policy\2020 - Martin Lepage - Publications - thesis_or_dissertation.docx,38005,E
E/00524_2020_-_policy_or_guidance_6e910a7032dd.docx,E:\LIBRARY\Mine\policy\2020 - policy_or_guidance.docx,29829,E
E/00525_2020_-_statement_or_bill_87e0582be875.pdf,E:\LIBRARY\Mine\policy\2020 - statement_or_bill.pdf,179129,E
E/00526_2021_-_legal_or_contract_be644c894022.pdf,E:\LIBRARY\Mine\policy\2021 - legal_or_contract.pdf,1255156,E
E/00527_2021_-_Martin_Lepage_-_ocr_needed_b6b7b22d30dc.pdf,E:\LIBRARY\Mine\policy\2021 - Martin Lepage - ocr_needed.pdf,494410,E
E/00528_2021_-_Martin_Lepage_2_95435cb982ee.pdf,E:\LIBRARY\Mine\policy\2021 - Martin Lepage [2].pdf,269522,E
E/00529_2021_-_Martin_Lepage_bd9201ed3eb6.pdf,E:\LIBRARY\Mine\policy\2021 - Martin Lepage.pdf,160139,E
E/00530_2021_-_ocr_needed_2_c53f5f691b00.pdf,E:\LIBRARY\Mine\policy\2021 - ocr_needed [2].pdf,817888,E
E/00531_2021_-_ocr_needed_ae14896b1897.pdf,E:\LIBRARY\Mine\policy\2021 - ocr_needed.pdf,490321,E
E/00532_2021_-_ocr_needed_3_67e747dc63f4.pdf,E:\LIBRARY\Mine\policy\2021 - ocr_needed_3.pdf,232992,E
E/00533_2021_-_ocr_needed_4_4a7fdd161452.pdf,E:\LIBRARY\Mine\policy\2021 - ocr_needed_4.pdf,257951,E
E/00534_2021_-_ocr_needed_5_cbd228aa724b.pdf,E:\LIBRARY\Mine\policy\2021 - ocr_needed_5.pdf,976742,E
E/00535_2021_-_ocr_needed_7_09526ed6a4a8.pdf,E:\LIBRARY\Mine\policy\2021 - ocr_needed_7.pdf,810808,E
E/00536_2021_-_report_1_7bf47207e093.pdf,E:\LIBRARY\Mine\policy\2021 - report_1.pdf,2225376,E
E/00537_2021_-_report_2_06bd5c4f5777.pdf,E:\LIBRARY\Mine\policy\2021 - report_2.pdf,1348181,E
E/00538_2022_-_job_application_0d9a99a2e5f6.pdf,E:\LIBRARY\Mine\policy\2022 - job_application.pdf,353283,E
E/00539_2023_-_job_application_f9c31549e431.pdf,E:\LIBRARY\Mine\policy\2023 - job_application.pdf,393394,E
E/00540_2023_-_Martin_Lepage_-_thesis_or_dissertation_cad5d2a96ba9.pdf,E:\LIBRARY\Mine\policy\2023 - Martin Lepage - thesis_or_dissertation.pdf,92352,E
E/00541_2023_-_Martin_Lepage_-_thesis_or_dissertation_1_58f465b0a25c.pdf,E:\LIBRARY\Mine\policy\2023 - Martin Lepage - thesis_or_dissertation_1.pdf,201386,E
E/00542_2024_-_cover_letter_2e34cc7545ab.docx,E:\LIBRARY\Mine\policy\2024 - cover_letter.docx,7945,E
E/00543_2024_-_legal_or_contract_2_3adceb9b1014.docx,E:\LIBRARY\Mine\policy\2024 - legal_or_contract [2].docx,3537742,E
E/00544_2024_-_legal_or_contract_3_672bed6a4efb.docx,E:\LIBRARY\Mine\policy\2024 - legal_or_contract [3].docx,3050947,E
E/00545_2024_-_legal_or_contract_4_a9de7f88983b.docx,E:\LIBRARY\Mine\policy\2024 - legal_or_contract [4].docx,3051678,E
E/00546_2024_-_legal_or_contract_5_6cda18479054.docx,E:\LIBRARY\Mine\policy\2024 - legal_or_contract [5].docx,3061493,E
E/00547_2024_-_legal_or_contract_3f8c3970206d.docx,E:\LIBRARY\Mine\policy\2024 - legal_or_contract.docx,217075,E
E/00548_2024_-_legal_or_contract_034aa52a0670.pdf,E:\LIBRARY\Mine\policy\2024 - legal_or_contract.pdf,95831,E
E/00549_2024_-_legal_or_contract_1_5277c00d0901.docx,E:\LIBRARY\Mine\policy\2024 - legal_or_contract_1.docx,3061117,E
E/00550_2024_-_manuscript_b21992437de8.pdf,E:\LIBRARY\Mine\policy\2024 - manuscript.pdf,145443,E
E/00551_2024_-_Martin_Lepage_-_ocr_needed_468a67d6e1d6.pdf,E:\LIBRARY\Mine\policy\2024 - Martin Lepage - ocr_needed.pdf,736267,E
E/00552_2024_-_policy_or_guidance_e4fc2385c306.docx,E:\LIBRARY\Mine\policy\2024 - policy_or_guidance.docx,30216,E
E/00553_2024_-_policy_or_guidance_1_db80b35628ab.docx,E:\LIBRARY\Mine\policy\2024 - policy_or_guidance_1.docx,30223,E
E/00554_2025_-_2025-07-29_-_cover_letter_7e249ce18b71.docx,E:\LIBRARY\Mine\policy\2025 - 2025-07-29 - cover_letter.docx,19726,E
E/00555_2025_-_cover_letter_49823ec66ec1.docx,E:\LIBRARY\Mine\policy\2025 - cover_letter.docx,7638,E
E/00556_2025_-_legal_or_contract_720813f9d004.pdf,E:\LIBRARY\Mine\policy\2025 - legal_or_contract.pdf,310959,E
E/00557_2025_-_legal_or_contract_1_39527b3070f2.pdf,E:\LIBRARY\Mine\policy\2025 - legal_or_contract_1.pdf,271983,E
E/00558_2025_-_manuscript_39bdc3b35fa7.pdf,E:\LIBRARY\Mine\policy\2025 - manuscript.pdf,249147,E
E/00559_2025_-_Martin_Lepage_-_2434_de_Rouen_-_recommendat_16d4e26c1f3f.pdf,"E:\LIBRARY\Mine\policy\2025 - Martin Lepage - 2434, de Rouen - recommendation_letter.pdf",59315,E
E/00560_2025_-_Martin_Lepage_-_April_20th_2025_-_correspon_2dfd526406dd.docx,"E:\LIBRARY\Mine\policy\2025 - Martin Lepage - April, 20th, 2025 - correspondence.docx",12696,E
E/00561_2025_-_Martin_Lepage_-_audit_or_assessment_2_1_3a0c9a6b45ad.docx,E:\LIBRARY\Mine\policy\2025 - Martin Lepage - audit_or_assessment [2]_1.docx,10396,E
E/00562_2025_-_Martin_Lepage_-_audit_or_assessment_1_824732f63620.docx,E:\LIBRARY\Mine\policy\2025 - Martin Lepage - audit_or_assessment_1.docx,10462,E
E/00563_2025_-_Martin_Lepage_-_August_9th_2025_-_correspon_ae488dda0a97.docx,"E:\LIBRARY\Mine\policy\2025 - Martin Lepage - August, 9th, 2025 - correspondence.docx",140597,E
E/00564_2025_-_Martin_Lepage_-_correspondence_1_9d6ffe595748.docx,E:\LIBRARY\Mine\policy\2025 - Martin Lepage - correspondence_1.docx,83619,E
E/00565_2025_-_Martin_Lepage_-_fddddddddddr_c77811d00e31.docx,E:\LIBRARY\Mine\policy\2025 - Martin Lepage - fddddddddddr.docx,10314,E
E/00566_2025_-_Martin_Lepage_-_journal_article_c533ed18e876.docx,E:\LIBRARY\Mine\policy\2025 - Martin Lepage - journal_article.docx,30240,E
E/00567_2025_-_Martin_Lepage_-_manuscript_2d7dc6eea298.docx,E:\LIBRARY\Mine\policy\2025 - Martin Lepage - manuscript.docx,7191,E
E/00568_2025_-_Martin_Lepage_-_Martin_Lepage_PhD_468de7a75511.docx,"E:\LIBRARY\Mine\policy\2025 - Martin Lepage - Martin Lepage, PhD.docx",7023,E
E/00569_2025_-_Martin_Lepage_-_Martin_Lepage_PhD2456_de_Ro_a53e293920dc.docx,"E:\LIBRARY\Mine\policy\2025 - Martin Lepage - Martin Lepage, PhD2456, de Rouen - corresponden - 2025 - Martin Lepage - Martin Lepage, PhD2456, de Rouen - correspondence.docx",12312,E
E/00570_2025_-_Martin_Lepage_-_Microsoft_Word_-_Document2_231a2c5f0a9a.pdf,E:\LIBRARY\Mine\policy\2025 - Martin Lepage - Microsoft Word - Document2 - correspondence.pdf,217026,E
E/00571_2025_-_Martin_Lepage_-_Montreal_April_30th_2025_ca2c137c039c.docx,"E:\LIBRARY\Mine\policy\2025 - Martin Lepage - Montreal, April 30th, 2025 - legal_or_contract - 2025 - Martin Lepage - Montreal, April 30th, 2025 - legal_or_contract.docx",23718,E
E/00572_2025_-_Martin_Lepage_-_Outlook_-_ocr_needed_8ab2b805c6dc.pdf,E:\LIBRARY\Mine\policy\2025 - Martin Lepage - Outlook - ocr_needed.pdf,418769,E
E/00573_2025_-_Martin_Lepage_-_quality_of_life_943eddf7f7c9.docx,E:\LIBRARY\Mine\policy\2025 - Martin Lepage - quality of life.docx,104348,E
E/00574_2025_-_Martin_Lepage_-_report_11ee8ecc5b33.pdf,E:\LIBRARY\Mine\policy\2025 - Martin Lepage - report.pdf,506983,E
E/00575_2025_-_Martin_Lepage_-_Submission_to_JAAR_5633c04869db.docx,E:\LIBRARY\Mine\policy\2025 - Martin Lepage - Submission to JAAR.docx,12276,E
E/00576_2025_-_ocr_needed_2_c47659417bfd.pdf,E:\LIBRARY\Mine\policy\2025 - ocr_needed [2].pdf,3542416,E
E/00577_2025_-_ocr_needed_2_e80455817642.pdf,E:\LIBRARY\Mine\policy\2025 - ocr_needed_2.pdf,25428386,E
E/00578_2025_-_statement_or_bill_00f4d1315b28.pdf,E:\LIBRARY\Mine\policy\2025 - statement_or_bill.pdf,308461,E
E/00579_2025_-_statement_or_bill_1_fcfdd56bb800.pdf,E:\LIBRARY\Mine\policy\2025 - statement_or_bill_1.pdf,1251217,E
E/00580_2025_-_statement_or_bill_2_d5de1aae8d03.pdf,E:\LIBRARY\Mine\policy\2025 - statement_or_bill_2.pdf,41269,E
E/00581_2026_-_cover_letter_2_dda2d8733ba0.docx,E:\LIBRARY\Mine\policy\2026 - cover_letter [2].docx,22180,E
E/00582_2026_-_cover_letter_e5de05807e7c.docx,E:\LIBRARY\Mine\policy\2026 - cover_letter.docx,22180,E
E/00583_2026_-_cover_letter_1_b30152722e3e.docx,E:\LIBRARY\Mine\policy\2026 - cover_letter_1.docx,39188,E
E/00584_2026_-_job_application_92c5a88028ba.pdf,E:\LIBRARY\Mine\policy\2026 - job_application.pdf,70208,E
E/00585_2026_-_job_application_1_35fc0c7f6d28.pdf,E:\LIBRARY\Mine\policy\2026 - job_application_1.pdf,74654,E
E/00586_2026_-_job_application_2_660c8f484afb.pdf,E:\LIBRARY\Mine\policy\2026 - job_application_2.pdf,78344,E
E/00587_2026_-_job_application_3_10896bbd8ffa.pdf,E:\LIBRARY\Mine\policy\2026 - job_application_3.pdf,62844,E
E/00588_2026_-_legal_or_contract_e084ca67529e.docx,E:\LIBRARY\Mine\policy\2026 - legal_or_contract.docx,13348,E
E/00589_2026_-_Martin_Lepage_-_audit_or_assessment_2_9c107b2286b8.docx,E:\LIBRARY\Mine\policy\2026 - Martin Lepage - audit_or_assessment [2].docx,11593,E
E/00590_2026_-_Martin_Lepage_-_audit_or_assessment_2_89f5d54f7d86.pdf,E:\LIBRARY\Mine\policy\2026 - Martin Lepage - audit_or_assessment [2].pdf,122180,E
E/00591_2026_-_Martin_Lepage_-_audit_or_assessment_3_e0976f2d8260.pdf,E:\LIBRARY\Mine\policy\2026 - Martin Lepage - audit_or_assessment [3].pdf,129341,E
E/00592_2026_-_Martin_Lepage_-_audit_or_assessment_eed58833c6be.docx,E:\LIBRARY\Mine\policy\2026 - Martin Lepage - audit_or_assessment.docx,11384,E
E/00593_2026_-_Martin_Lepage_-_audit_or_assessment_b07b586ce2f7.pdf,E:\LIBRARY\Mine\policy\2026 - Martin Lepage - audit_or_assessment.pdf,125922,E
E/00594_2026_-_Martin_Lepage_-_audit_or_assessment_1_66d0b3bb8a26.pdf,E:\LIBRARY\Mine\policy\2026 - Martin Lepage - audit_or_assessment_1.pdf,141334,E
E/00595_2026_-_Martin_Lepage_-_Feb_4_2026_75a71071d469.pdf,"E:\LIBRARY\Mine\policy\2026 - Martin Lepage - Feb 4, 2026.pdf",292604,E
E/00596_2026_-_Martin_Lepage_-_J_an_28_2026_2_aa96586f218c.pdf,"E:\LIBRARY\Mine\policy\2026 - Martin Lepage - J an 28 , 2026 [2].pdf",288654,E
E/00597_2026_-_Martin_Lepage_-_J_an_28_2026_22730f864f0c.pdf,"E:\LIBRARY\Mine\policy\2026 - Martin Lepage - J an 28 , 2026.pdf",288331,E
E/00598_2026_-_Martin_Lepage_-_J_an_29_2026_b1e35470aee7.pdf,"E:\LIBRARY\Mine\policy\2026 - Martin Lepage - J an 29, 2026.pdf",351684,E
E/00599_2026_-_Martin_Lepage_-_ocr_needed_d9f08b646225.pdf,E:\LIBRARY\Mine\policy\2026 - Martin Lepage - ocr_needed.pdf,15540720,E
E/00600_2026_-_Martin_Lepage_-_ocr_needed_1_ab00b63f20f6.pdf,E:\LIBRARY\Mine\policy\2026 - Martin Lepage - ocr_needed_1.pdf,84008,E
E/00601_2026_-_Martin_Lepage_-_policy_or_guidance_26359b07f20f.pdf,E:\LIBRARY\Mine\policy\2026 - Martin Lepage - policy_or_guidance.pdf,47098,E
E/00602_2026_-_Martin_Lepage_-_report_417bc91e6879.pdf,E:\LIBRARY\Mine\policy\2026 - Martin Lepage - report.pdf,76205,E
E/00603_2026_-_Martin_Lepage_PhD_820ee7514aaf.docx,"E:\LIBRARY\Mine\policy\2026 - Martin Lepage, PhD.docx",7026,E
E/00604_2026_-_ocr_needed_c31282a60aa2.pdf,E:\LIBRARY\Mine\policy\2026 - ocr_needed.pdf,651520,E
E/00605_2026_-_ocr_needed_10_33ed6495800e.pdf,E:\LIBRARY\Mine\policy\2026 - ocr_needed_10.pdf,4429068,E
E/00606_2026_-_ocr_needed_12_4467278f534a.pdf,E:\LIBRARY\Mine\policy\2026 - ocr_needed_12.pdf,3887114,E
E/00607_2026_-_ocr_needed_4_3945acb5d458.pdf,E:\LIBRARY\Mine\policy\2026 - ocr_needed_4.pdf,13556040,E
E/00608_2026_-_ocr_needed_9_5905f8fcf1e9.pdf,E:\LIBRARY\Mine\policy\2026 - ocr_needed_9.pdf,9956996,E
E/00609_2026_-_report_73085351f4b1.pdf,E:\LIBRARY\Mine\policy\2026 - report.pdf,5943,E
E/00610_2026_-_report_1_1b4d636269cc.pdf,E:\LIBRARY\Mine\policy\2026 - report_1.pdf,62004,E
E/00611_2026_-_Search_-_ocr_needed_4934da67d9d0.pdf,E:\LIBRARY\Mine\policy\2026 - Search - ocr_needed.pdf,193683,E
E/00612_2026_-_statement_or_bill_0b2001430299.pdf,E:\LIBRARY\Mine\policy\2026 - statement_or_bill.pdf,32342,E
E/00613_2027_-_statement_or_bill_ebf07cb32f38.pdf,E:\LIBRARY\Mine\policy\2027 - statement_or_bill.pdf,70735,E
E/00614_API_RESEND_25fd1f3fbb3f.txt,E:\LIBRARY\Mine\policy\API RESEND.txt,1019,E
E/00615_Invoice_2026_UnknownAuthor_MartinLepage_AttackClas_7b4f745b283b.pdf,E:\LIBRARY\Mine\policy\Invoice_2026_UnknownAuthor_MartinLepage_AttackClassificationReport.pdf,58819,E
E/00616_Goals_a03368f57a84.txt,E:\LIBRARY\Not_Mine\abstract\# Goals.txt,1075,E
E/00617_Background_and_context_84e8ae2820be.txt,E:\LIBRARY\Not_Mine\abstract\## Background and context.txt,7855,E
E/00618_Governance_by_Denial_How_Legibility_Capacity_and_917aa97e76e1.txt,"E:\LIBRARY\Not_Mine\abstract\Governance by Denial How Legibility, Capacity, and.txt",59379,E
E/00619_Introduction_ace97cba649f.txt,E:\LIBRARY\Not_Mine\abstract\Introduction.txt,49122,E
E/00620_REVIWER_1_Scholar_GPT_49b8b85967a0.txt,E:\LIBRARY\Not_Mine\abstract\REVIWER 1 Scholar GPT.txt,49312,E
E/00621_The_Bond_as_Condition_Coherence_Bifurcation_and_98fb1e447cc4.txt,"E:\LIBRARY\Not_Mine\abstract\The Bond as Condition Coherence, Bifurcation, and.txt",81484,E
E/00622_The_Sealed_Card_Protocol_Mediated_Legitimacy_Char_3f400c345d74.txt,"E:\LIBRARY\Not_Mine\abstract\The Sealed Card Protocol Mediated Legitimacy, Char.txt",55198,E
E/00623_This_file_is_not_the_tool_itself._It_is_a_whitepap_ec4fc60d89ce.txt,E:\LIBRARY\Not_Mine\abstract\This file is not the tool itself. It is a whitepap.txt,21958,E
E/00624_1999_-_book_or_monograph_bb3e09795773.pdf,E:\LIBRARY\Not_Mine\book\1999 - book_or_monograph.pdf,9056380,E
E/00625_2004_-_ocr_needed_d1a14052086f.pdf,E:\LIBRARY\Not_Mine\book\2004 - ocr_needed.pdf,69635336,E
E/00626_2005_-_book_or_monograph_126d97a664ac.pdf,E:\LIBRARY\Not_Mine\book\2005 - book_or_monograph.pdf,1006783,E
E/00627_2006_-_book_or_monograph_b418554426fa.pdf,E:\LIBRARY\Not_Mine\book\2006 - book_or_monograph.pdf,1817983,E
E/00628_2012_-_book_or_monograph_ded88c604b08.pdf,E:\LIBRARY\Not_Mine\book\2012 - book_or_monograph.pdf,6790086,E
E/00629_2012_-_book_or_monograph_1_ac071c2b896b.pdf,E:\LIBRARY\Not_Mine\book\2012 - book_or_monograph_1.pdf,1944440,E
E/00630_2013_-_book_or_monograph_97c15f774084.pdf,E:\LIBRARY\Not_Mine\book\2013 - book_or_monograph.pdf,796502,E
E/00631_2014_-_book_or_monograph_03b165d0339d.pdf,E:\LIBRARY\Not_Mine\book\2014 - book_or_monograph.pdf,1643455,E
E/00632_2015_-_book_or_monograph_326b111ffce0.pdf,E:\LIBRARY\Not_Mine\book\2015 - book_or_monograph.pdf,54726,E
E/00633_2015_-_book_or_monograph_1_3950fec18c26.pdf,E:\LIBRARY\Not_Mine\book\2015 - book_or_monograph_1.pdf,2276301,E
E/00634_2016_-_book_or_monograph_463acc0434f5.pdf,E:\LIBRARY\Not_Mine\book\2016 - book_or_monograph.pdf,2716684,E
E/00635_2016_-_book_or_monograph_1_583af3c394e3.pdf,E:\LIBRARY\Not_Mine\book\2016 - book_or_monograph_1.pdf,1987918,E
E/00636_2017_-_book_or_monograph_52083705b204.pdf,E:\LIBRARY\Not_Mine\book\2017 - book_or_monograph.pdf,3254492,E
E/00637_2017_-_ocr_needed_9_1349578ba8e3.pdf,E:\LIBRARY\Not_Mine\book\2017 - ocr_needed_9.pdf,12218255,E
E/00638_2018_-_edn.indd_-_book_or_monograph_02d39a3b7e66.pdf,E:\LIBRARY\Not_Mine\book\2018 - edn.indd - book_or_monograph.pdf,6051693,E
E/00639_2019_-_book_or_monograph_9d5b3798b883.pdf,E:\LIBRARY\Not_Mine\book\2019 - book_or_monograph.pdf,2096197,E
E/00640_2020_-_book_or_monograph_747413e76510.pdf,E:\LIBRARY\Not_Mine\book\2020 - book_or_monograph.pdf,2013773,E
E/00641_2020_-_book_or_monograph_1_72ffbad0fed8.pdf,E:\LIBRARY\Not_Mine\book\2020 - book_or_monograph_1.pdf,257654,E
E/00642_2021_-_ocr_needed_6_fe071612fbc6.pdf,E:\LIBRARY\Not_Mine\book\2021 - ocr_needed_6.pdf,16029654,E
E/00643_2022_-_book_or_monograph_b7662181252b.pdf,E:\LIBRARY\Not_Mine\book\2022 - book_or_monograph.pdf,5636049,E
E/00644_2023_-_book_or_monograph_ad92da4845f6.pdf,E:\LIBRARY\Not_Mine\book\2023 - book_or_monograph.pdf,59891490,E
E/00645_2023_-_PROOFREAD_Anime_Full_MS_typesetting_MP_-_bo_716069f1f651.pdf,E:\LIBRARY\Not_Mine\book\2023 - PROOFREAD_Anime Full MS_typesetting_MP - book_or_monograph.pdf,2855798,E
E/00646_2025_-_book_or_monograph_2_b1acfabcaf90.docx,E:\LIBRARY\Not_Mine\book\2025 - book_or_monograph [2].docx,7111366,E
E/00647_2025_-_book_or_monograph_780dbcbe9f0c.docx,E:\LIBRARY\Not_Mine\book\2025 - book_or_monograph.docx,3598006,E
E/00648_2025_-_book_or_monograph_0146624c2da5.pdf,E:\LIBRARY\Not_Mine\book\2025 - book_or_monograph.pdf,4102430,E
E/00649_2025_-_book_or_monograph_1_28bd76f31880.docx,E:\LIBRARY\Not_Mine\book\2025 - book_or_monograph_1.docx,181838,E
E/00650_2025_-_book_or_monograph_1_6a102b75f7f6.pdf,E:\LIBRARY\Not_Mine\book\2025 - book_or_monograph_1.pdf,4393120,E
E/00651_2025_-_book_or_monograph_2_56063291eb17.docx,E:\LIBRARY\Not_Mine\book\2025 - book_or_monograph_2.docx,7111369,E
E/00652_2026_-_ocr_needed_11_2d66183b5854.pdf,E:\LIBRARY\Not_Mine\book\2026 - ocr_needed_11.pdf,26662388,E
E/00653_2026_-_ocr_needed_13_8bde6d8ede35.pdf,E:\LIBRARY\Not_Mine\book\2026 - ocr_needed_13.pdf,6943608,E
E/00654_2026_-_ocr_needed_5_193f61e63f8c.pdf,E:\LIBRARY\Not_Mine\book\2026 - ocr_needed_5.pdf,223126414,E
E/00655_2026_-_ocr_needed_6_01ba520b2748.pdf,E:\LIBRARY\Not_Mine\book\2026 - ocr_needed_6.pdf,18833472,E
E/00656_2026_-_ocr_needed_7_4d3175b58668.pdf,E:\LIBRARY\Not_Mine\book\2026 - ocr_needed_7.pdf,75471269,E
E/00657_mythe_de_sisyphe_eaecb1bba980.pdf,E:\LIBRARY\Not_Mine\book\mythe_de_sisyphe.pdf,411688,E
E/00658_QR_1b66b7e10485.pdf,E:\LIBRARY\Not_Mine\book\QR.pdf,2137966,E
E/00659_1991_-_book_chapter_53c0dd0e9de2.docx,E:\LIBRARY\Not_Mine\book_chapter\1991 - book_chapter.docx,56727,E
E/00660_2008_-_book_chapter_0c5f2394efca.docx,E:\LIBRARY\Not_Mine\book_chapter\2008 - book_chapter.docx,34885,E
E/00661_2009_-_book_chapter_78f16aa31779.pdf,E:\LIBRARY\Not_Mine\book_chapter\2009 - book_chapter.pdf,806581,E
E/00662_2010_-_book_chapter_35b8ca28c3e5.docx,E:\LIBRARY\Not_Mine\book_chapter\2010 - book_chapter.docx,41114,E
E/00663_2013_-_book_chapter_2_716d14f534a4.docx,E:\LIBRARY\Not_Mine\book_chapter\2013 - book_chapter [2].docx,47277,E
E/00664_2013_-_book_chapter_0004cff4269d.docx,E:\LIBRARY\Not_Mine\book_chapter\2013 - book_chapter.docx,94954,E
E/00665_2013_-_book_chapter_1_466a34490b5a.docx,E:\LIBRARY\Not_Mine\book_chapter\2013 - book_chapter_1.docx,49031,E
E/00666_2013_-_book_chapter_2_d0fcd611f76c.docx,E:\LIBRARY\Not_Mine\book_chapter\2013 - book_chapter_2.docx,88974,E
E/00667_2016_-_book_chapter_9f8c87385ece.docx,E:\LIBRARY\Not_Mine\book_chapter\2016 - book_chapter.docx,38385,E
E/00668_2016_-_PluralismandRadical_-_ocr_needed_1651b8dde373.pdf,E:\LIBRARY\Not_Mine\book_chapter\2016 - PluralismandRadical - ocr_needed.pdf,4423747,E
E/00669_2017_-_book_chapter_492a7af00d3d.pdf,E:\LIBRARY\Not_Mine\book_chapter\2017 - book_chapter.pdf,46081,E
E/00670_2018_-_book_chapter_0be4a9c5a0e8.docx,E:\LIBRARY\Not_Mine\book_chapter\2018 - book_chapter.docx,110290,E
E/00671_2021_-_ocr_needed_1_547922253709.pdf,E:\LIBRARY\Not_Mine\book_chapter\2021 - ocr_needed_1.pdf,1674663,E
E/00672_2025_-_book_chapter_2efb7a502471.docx,E:\LIBRARY\Not_Mine\book_chapter\2025 - book_chapter.docx,70107,E
E/00673_2025_-_book_chapter_25a707b0951e.pdf,E:\LIBRARY\Not_Mine\book_chapter\2025 - book_chapter.pdf,293995,E
E/00674_2026_-_book_chapter_529f235c9828.docx,E:\LIBRARY\Not_Mine\book_chapter\2026 - book_chapter.docx,9115,E
E/00675_Chapitre_bf8b65f075f7.txt,E:\LIBRARY\Not_Mine\book_chapter\Chapitre.txt,3261,E
E/00676_if.api_Full_Explainer_Four-Audience_Claim-Boun_7816f2d8a123.txt,"E:\LIBRARY\Not_Mine\contract\# if.api Full Explainer (Four-Audience, Claim-Boun.txt",28498,E
E/00677_if.context_Full_Explainer_v1.3_Consolidated_100_47e36d1ece0d.txt,E:\LIBRARY\Not_Mine\contract\# if.context Full Explainer v1.3 (Consolidated 100.txt,51829,E
E/00678_if.knowledge_Full_Explainer_v1.1_Consolidated_1_ae62f9bc8aab.txt,E:\LIBRARY\Not_Mine\contract\# if.knowledge Full Explainer v1.1 (Consolidated 1.txt,42269,E
E/00679_MIT_License_637dbfe318e3.txt,E:\LIBRARY\Not_Mine\contract\MIT License.txt,1162,E
E/00680_NOTICES_AND_INFORMATION_9c1c4ee72c9c.txt,E:\LIBRARY\Not_Mine\contract\NOTICES AND INFORMATION.txt,1050216,E
E/00681_IF-2086_-_Debate_Structure_and_Triple_Red-Team_O_13b25d51819b.txt,E:\LIBRARY\Not_Mine\dataset\# IF-2086 - Debate Structure and Triple Red-Team O.txt,24354,E
E/00682_1_Amazon_Recruiting_Tool_Bias_2018_4e8f92a6f03c.txt,E:\LIBRARY\Not_Mine\dataset\1) Amazon Recruiting Tool Bias (2018).txt,60059,E
E/00683_Voici_une_s_rie_de_patterns_d_expressions_et_de_be7314ad8911.txt,"E:\LIBRARY\Not_Mine\dataset\Voici une sÃ©rie de patterns, d'expressions et de.txt",11073,E
E/00684_if.switchboard_Full_Explainer_v1.4_SIP_Exten_84615e9f1834.txt,E:\LIBRARY\Not_Mine\minutes\# if.switchboard Full Explainer v1.4 â€” SIP Exten.txt,51305,E
E/00685_if.trace_Full_Explainer_Bible_v4.23_Six-Audien_497f6db6f4fb.txt,"E:\LIBRARY\Not_Mine\minutes\# if.trace Full Explainer (Bible v4.23, Six-Audien.txt",44587,E
E/00686_if.whitepapers.bible_v4.23_83ab74fe523c.txt,E:\LIBRARY\Not_Mine\minutes\# if.whitepapers.bible (v4.23).txt,85430,E
E/00687_InfraFabric_Philosophy-As-Implementation_Whitepa_b4b56ec39a71.txt,E:\LIBRARY\Not_Mine\minutes\# InfraFabric Philosophy-As-Implementation Whitepa.txt,13831,E
E/00688_Sant_-France_Critical_Full_Explainer_v2.0_ae251176072c.txt,"E:\LIBRARY\Not_Mine\minutes\# SantÃ©-France â€” Critical Full Explainer (v2.0,.txt",82816,E
E/00689_Parce_que_je_savais_ce_qui_allait_se_passer_et_j_9c9d540c2ebe.txt,E:\LIBRARY\Not_Mine\minutes\- Parce que je savais ce qui allait se passer et j.txt,3143,E
E/00690_Grammar_for_Python_bc55b389a985.txt,E:\LIBRARY\Not_Mine\note\# Grammar for Python.txt,7511,E
E/00691_Projects_616803a31e3b.txt,E:\LIBRARY\Not_Mine\note\# Projects.txt,1143,E
E/00692_Music_welcome_to_the_hellmouth_and_the_Harvest_our_7a73bd69de9b.txt,E:\LIBRARY\Not_Mine\note\[Music] welcome to the hellmouth and the Harvest our mustat.txt,49254,E
E/00693_AI_Governance_Readiness_Results_bcb1cc85d625.txt,E:\LIBRARY\Not_Mine\note\AI Governance Readiness Results.txt,208,E
E/00694_1991_-_journal_article_ba76a508b764.docx,E:\LIBRARY\Not_Mine\notes\1991 - journal_article.docx,24248,E
E/00695_1995_-_manuscript_6e36d73644e1.docx,E:\LIBRARY\Not_Mine\notes\1995 - manuscript.docx,11448,E
E/00696_1996_-_journal_article_c063862248fd.pdf,E:\LIBRARY\Not_Mine\notes\1996 - journal_article.pdf,242988,E
E/00697_1998_-_journal_article_a33dbc55b610.docx,E:\LIBRARY\Not_Mine\notes\1998 - journal_article.docx,35997,E
E/00698_1998_-_journal_article_1_6d427171d24f.docx,E:\LIBRARY\Not_Mine\notes\1998 - journal_article_1.docx,34855,E
E/00699_1999_-_journal_article_64e56ff6ab85.docx,E:\LIBRARY\Not_Mine\notes\1999 - journal_article.docx,38810,E
E/00700_1999_-_Paganisme_s_queer_af5586ce0fd8.pdf,E:\LIBRARY\Not_Mine\notes\1999 - Paganisme(s) queer.pdf,10531260,E
E/00701_1999_-_Resenas_ade9f0b91d0f.pdf,E:\LIBRARY\Not_Mine\notes\1999 - Resenas.pdf,292359,E
E/00702_2000_-_77_c012ee21fda4.pdf,E:\LIBRARY\Not_Mine\notes\2000 - 77.pdf,156418,E
E/00703_2000_-_Framing_Processes_and_Social_Movements_An_O_a17a2f4623aa.pdf,E:\LIBRARY\Not_Mine\notes\2000 - Framing Processes and Social Movements An Overview and Assessme - 2000 - Framing Processes and Social Movements An Overview and Assessment.pdf,359896,E
E/00704_2002_-_bibliography_e6dea6290c14.pdf,E:\LIBRARY\Not_Mine\notes\2002 - bibliography.pdf,170338,E
E/00705_2003_-_ocr_needed_b66550548dbf.pdf,E:\LIBRARY\Not_Mine\notes\2003 - ocr_needed.pdf,3460093,E
E/00706_2003_-_Prepublication_Copy_of_9f054f555723.pdf,E:\LIBRARY\Not_Mine\notes\2003 - Prepublication Copy of.pdf,139876,E
E/00707_2004_-_bibliography_a8d026d3267b.pdf,E:\LIBRARY\Not_Mine\notes\2004 - bibliography.pdf,190399,E
E/00708_2004_-_INTRODUCTION_06ccc1db13d1.docx,E:\LIBRARY\Not_Mine\notes\2004 - INTRODUCTION.docx,35559,E
E/00709_2004_-_Privacy_as_Contextual_Integrity_ff03d1e4f18b.pdf,E:\LIBRARY\Not_Mine\notes\2004 - Privacy as Contextual Integrity.pdf,2270217,E
E/00710_2004_-_TRUE_f5eae467fec5.pdf,E:\LIBRARY\Not_Mine\notes\2004 - TRUE.pdf,323147,E
E/00711_2005_-_journal_article_dcae7d07b83b.pdf,E:\LIBRARY\Not_Mine\notes\2005 - journal_article.pdf,308783,E
E/00712_2006_-_The_Meanings_of_Magic_57eddebe6450.pdf,E:\LIBRARY\Not_Mine\notes\2006 - The Meanings of Magic.pdf,141269,E
E/00713_2007_-_ARS_Final_Hedstrom_Ylikoski_2cc0c6cab952.pdf,E:\LIBRARY\Not_Mine\notes\2007 - ARS Final Hedstrom Ylikoski.pdf,506637,E
E/00714_2007_-_Journal_of_Humanistic_Psychology_a85ce246c1cf.pdf,E:\LIBRARY\Not_Mine\notes\2007 - Journal of Humanistic Psychology.pdf,437723,E
E/00715_2007_-_journal_article_d8dc87b0be06.docx,E:\LIBRARY\Not_Mine\notes\2007 - journal_article.docx,35784,E
E/00716_2007_-_notes_or_journal_d33e68c48b79.docx,E:\LIBRARY\Not_Mine\notes\2007 - notes_or_journal.docx,43984,E
E/00717_2007_-_Texte_Paille_27_2-final2.doc_14bf0609148e.pdf,"E:\LIBRARY\Not_Mine\notes\2007 - Texte_Paille_27,2-final2.doc.pdf",193821,E
E/00718_2008_-_Journal_of_the_American_Academy_of_Religion_5072a4a7c496.docx,E:\LIBRARY\Not_Mine\notes\2008 - Journal of the American Academy of Religion.docx,69639,E
E/00719_2008_-_Things_I_Do_Are_Manifestations_of_Love_3327efb53c53.pdf,E:\LIBRARY\Not_Mine\notes\2008 - Things I Do Are Manifestations of Love.pdf,206643,E
E/00720_2009_-_JourNal_of_b5ebbd0d9c14.pdf,E:\LIBRARY\Not_Mine\notes\2009 - JourNal of.pdf,252516,E
E/00721_2010_-_bibliography_f9e4462bdd98.docx,E:\LIBRARY\Not_Mine\notes\2010 - bibliography.docx,40937,E
E/00722_2010_-_Lepage_5_4f0c09a78a84.pdf,E:\LIBRARY\Not_Mine\notes\2010 - Lepage 5.pdf,19056,E
E/00723_2010_-_Studies_in_Religion_Sciences_Religieuses_ff163a61d252.pdf,E:\LIBRARY\Not_Mine\notes\2010 - Studies in Religion Sciences Religieuses.pdf,7150320,E
E/00724_2010_-_Studies_in_Religion_Sciences_Religieuses_1_68e3ccbd47dd.pdf,E:\LIBRARY\Not_Mine\notes\2010 - Studies in Religion Sciences Religieuses_1.pdf,405761,E
E/00725_2013_-_23_ISSN_1528-0268_print_eb2f20e431ce.pdf,E:\LIBRARY\Not_Mine\notes\2013 - 23] ISSN 1528-0268 (print).pdf,287531,E
E/00726_2013_-_Conclusion_4129d2ea2757.docx,E:\LIBRARY\Not_Mine\notes\2013 - Conclusion.docx,38674,E
E/00727_2013_-_journal_article_e8c2c422d0ae.docx,E:\LIBRARY\Not_Mine\notes\2013 - journal_article.docx,590759,E
E/00728_2013_-_journal_article_52d633fcc586.pdf,E:\LIBRARY\Not_Mine\notes\2013 - journal_article.pdf,519156,E
E/00729_2013_-_journal_article_1_6f02d6b1674e.docx,E:\LIBRARY\Not_Mine\notes\2013 - journal_article_1.docx,69610,E
E/00730_2013_-_journal_article_1_8b1d633a65d4.pdf,E:\LIBRARY\Not_Mine\notes\2013 - journal_article_1.pdf,351054,E
E/00731_2013_-_journal_article_2_563a32aa5f91.docx,E:\LIBRARY\Not_Mine\notes\2013 - journal_article_2.docx,7634,E
E/00732_2013_-_journal_article_2_23dea21df345.pdf,E:\LIBRARY\Not_Mine\notes\2013 - journal_article_2.pdf,1604619,E
E/00733_2013_-_journal_article_3_f40bc2501b18.docx,E:\LIBRARY\Not_Mine\notes\2013 - journal_article_3.docx,37362,E
E/00734_2013_-_journal_article_3_7d94ce4dee1f.pdf,E:\LIBRARY\Not_Mine\notes\2013 - journal_article_3.pdf,4585649,E
E/00735_2013_-_reviewing_6ab05b7adbd9.pdf,E:\LIBRARY\Not_Mine\notes\2013 - reviewing).pdf,579590,E
E/00736_2014_-_DISSERTATION_DAVIDSEN_POSTDRUKPROEF.docx_10c9183bf7bd.pdf,E:\LIBRARY\Not_Mine\notes\2014 - DISSERTATION_DAVIDSEN_POSTDRUKPROEF.docx - bibliography.pdf,4173925,E
E/00737_2014_-_fra.xps_7c5eeb60bd06.pdf,E:\LIBRARY\Not_Mine\notes\2014 - fra.xps.pdf,1358820,E
E/00738_2014_-_Royal._Magie_et_f49d960d9d2b.pdf,E:\LIBRARY\Not_Mine\notes\2014 - Royal. Magie et.pdf,317383,E
E/00739_2014_-_The_Implausibility_of_Secrecy_3543ebca6ff5.pdf,E:\LIBRARY\Not_Mine\notes\2014 - The Implausibility of Secrecy.pdf,422449,E
E/00740_2015_-_Alternation_article_template_64d9ff6ae512.pdf,E:\LIBRARY\Not_Mine\notes\2015 - Alternation article template.pdf,329102,E
E/00741_2015_-_correspondence_2f922f4e4630.pdf,E:\LIBRARY\Not_Mine\notes\2015 - correspondence.pdf,74574,E
E/00742_2015_-_Future_Imperfect_Science_Technology_and_the_7a1f5535cf51.pdf,"E:\LIBRARY\Not_Mine\notes\2015 - Future Imperfect Science, Technology, and the Imaginations of M - 2015 - Future Imperfect Science, Technology, and the Imaginations of Modernity.pdf",368192,E
E/00743_2015_-_journal_article_94404f140471.docx,E:\LIBRARY\Not_Mine\notes\2015 - journal_article.docx,11537,E
E/00744_2015_-_journal_article_1_79fd13e20735.docx,E:\LIBRARY\Not_Mine\notes\2015 - journal_article_1.docx,37664,E
E/00745_2015_-_Praise_aa1feb5b5cab.pdf,E:\LIBRARY\Not_Mine\notes\2015 - Praise.pdf,2370503,E
E/00746_2015_-_Volume_16_No._3_Art._18_228e7fff34a6.pdf,"E:\LIBRARY\Not_Mine\notes\2015 - Volume 16, No. 3, Art. 18.pdf",119973,E
E/00747_2016_-_Big_Datas_Disparate_Impact_2af969ca2c55.pdf,E:\LIBRARY\Not_Mine\notes\2016 - Big Datas Disparate Impact.pdf,760212,E
E/00748_2016_-_FICHE_SIGNALETIQUE_doit_accompagner_chaque_10ae5a3dcee8.pdf,E:\LIBRARY\Not_Mine\notes\2016 - FICHE SIGNALETIQUE (doit accompagner chaque demande).pdf,521425,E
E/00749_2016_-_Introduction_82e94e396d71.docx,E:\LIBRARY\Not_Mine\notes\2016 - Introduction.docx,27002,E
E/00750_2016_-_journal_article_93262ea99816.docx,E:\LIBRARY\Not_Mine\notes\2016 - journal_article.docx,30974,E
E/00751_2016_-_journal_article_536f72845347.pdf,E:\LIBRARY\Not_Mine\notes\2016 - journal_article.pdf,369582,E
E/00752_2016_-_journal_article_1_c3ec0b200d58.docx,E:\LIBRARY\Not_Mine\notes\2016 - journal_article_1.docx,32312,E
E/00753_2016_-_journal_article_1_cdd3824c8822.pdf,E:\LIBRARY\Not_Mine\notes\2016 - journal_article_1.pdf,488585,E
E/00754_2016_-_journal_article_2_6e5068ebe549.docx,E:\LIBRARY\Not_Mine\notes\2016 - journal_article_2.docx,36034,E
E/00755_2016_-_Material_needed_for_Anthropologica_9ec5874c1289.pdf,E:\LIBRARY\Not_Mine\notes\2016 - Material needed for Anthropologica.pdf,637441,E
E/00756_2016_-_notes_or_journal_2_2e354b1618cb.docx,E:\LIBRARY\Not_Mine\notes\2016 - notes_or_journal [2].docx,21801,E
E/00757_2016_-_notes_or_journal_1aa81266853b.docx,E:\LIBRARY\Not_Mine\notes\2016 - notes_or_journal.docx,20735,E
E/00758_2016_-_notes_or_journal_1_8889db67a48b.docx,E:\LIBRARY\Not_Mine\notes\2016 - notes_or_journal_1.docx,23290,E
E/00759_2016_-_review_a360cb2c4518.pdf,E:\LIBRARY\Not_Mine\notes\2016 - review.pdf,1890699,E
E/00760_2016_-_SAGE_Reference_d7a02374a0c5.pdf,E:\LIBRARY\Not_Mine\notes\2016 - SAGE Reference.pdf,70294,E
E/00761_2017_-_356_ec1a66464dd8.pdf,E:\LIBRARY\Not_Mine\notes\2017 - 356.pdf,80205,E
E/00762_2017_-_BELGIAN_OFFICE_FOR_SCIENTIFIC_TECHNICAL_AND_d001f6785528.pdf,"E:\LIBRARY\Not_Mine\notes\2017 - BELGIAN OFFICE FOR SCIENTIFIC, TECHNICAL AND CULTURAL AFFAIRS.p - 2017 - BELGIAN OFFICE FOR SCIENTIFIC, TECHNICAL AND CULTURAL AFFAIRS.pdf",1090592,E
E/00763_2017_-_correspondence_2855a448cdfc.pdf,E:\LIBRARY\Not_Mine\notes\2017 - correspondence.pdf,196552,E
E/00764_2017_-_correspondence_1_0c79f99c3812.pdf,E:\LIBRARY\Not_Mine\notes\2017 - correspondence_1.pdf,758951,E
E/00765_2017_-_Douglas_Karen_Sutton_Robbie_M._and_Cichocka_d99d3e2a2c09.pdf,"E:\LIBRARY\Not_Mine\notes\2017 - Douglas, Karen, Sutton, Robbie M. and Cichocka, Aleksandra The - 2017 - Douglas, Karen, Sutton, Robbie M. and Cichocka, Aleksandra The.pdf",165055,E
E/00766_2017_-_EDITORIAL_INTRODUCTION_7b5d5f9ba01a.pdf,E:\LIBRARY\Not_Mine\notes\2017 - EDITORIAL INTRODUCTION.pdf,115039,E
E/00767_2017_-_IN_Louvain_Lepage_Research_project_9efb43f389d1.pdf,"E:\LIBRARY\Not_Mine\notes\2017 - IN Louvain Lepage, Research project.pdf",239916,E
E/00768_2017_-_INFORMATION_DISORDER_e75759b5a385.pdf,E:\LIBRARY\Not_Mine\notes\2017 - INFORMATION DISORDER.pdf,3367575,E
E/00769_2017_-_JOURNAL_OF_MEDICAL_INTERNET_RESEARCH_Greenh_148bc4c2d20a.pdf,E:\LIBRARY\Not_Mine\notes\2017 - JOURNAL OF MEDICAL INTERNET RESEARCH Greenhalgh et al.pdf,1756712,E
E/00770_2017_-_journal_article_b46a88f72014.docx,E:\LIBRARY\Not_Mine\notes\2017 - journal_article.docx,69050,E
E/00771_2017_-_journal_article_a22dcd498136.pdf,E:\LIBRARY\Not_Mine\notes\2017 - journal_article.pdf,2464655,E
E/00772_2017_-_journal_article_1_2cef7d103067.pdf,E:\LIBRARY\Not_Mine\notes\2017 - journal_article_1.pdf,3924205,E
E/00773_2017_-_Lepage_7_0a2a63407744.pdf,E:\LIBRARY\Not_Mine\notes\2017 - Lepage 7.pdf,18879,E
E/00774_2017_-_Lepage_9_d8cbd016268e.pdf,E:\LIBRARY\Not_Mine\notes\2017 - Lepage 9.pdf,18865,E
E/00775_2017_-_PAPER_The_Blending_of_Bending_20170113.docx_733ada2c8300.pdf,E:\LIBRARY\Not_Mine\notes\2017 - PAPER_The Blending of Bending_20170113.docx.pdf,7906431,E
E/00776_2017_-_Studies_in_Religion_Sciences_Religieuses_XX_5caabc8ad8ae.pdf,E:\LIBRARY\Not_Mine\notes\2017 - Studies in Religion Sciences Religieuses XX(X) [2].pdf,19650,E
E/00777_2017_-_Studies_in_Religion_Sciences_Religieuses_XX_63adc988f79e.pdf,E:\LIBRARY\Not_Mine\notes\2017 - Studies in Religion Sciences Religieuses XX(X) [3].pdf,19074,E
E/00778_2017_-_Studies_in_Religion_Sciences_Religieuses_XX_c83d22dd555c.pdf,E:\LIBRARY\Not_Mine\notes\2017 - Studies in Religion Sciences Religieuses XX(X) [4].pdf,20526,E
E/00779_2017_-_Studies_in_Religion_Sciences_Religieuses_XX_4231432d9b0e.pdf,E:\LIBRARY\Not_Mine\notes\2017 - Studies in Religion Sciences Religieuses XX(X).pdf,20396,E
E/00780_2018_-_Chapter_Title_From_Fan_Activism_to_Graphic_fe0942235d06.pdf,E:\LIBRARY\Not_Mine\notes\2018 - Chapter Title From Fan Activism to Graphic Narrative Culture an - 2018 - Chapter Title From Fan Activism to Graphic Narrative Culture and Race in Gene Luen.pdf,317467,E
E/00781_2018_-_Conseil_de_recherches_en_Social_Sciences_an_85509c8d741e.pdf,E:\LIBRARY\Not_Mine\notes\2018 - Conseil de recherches en Social Sciences and Humanities.pdf,530048,E
E/00782_2018_-_correspondence_33b7a33089f4.pdf,E:\LIBRARY\Not_Mine\notes\2018 - correspondence.pdf,143771,E
E/00783_2018_-_Dion_2018_LEPAGE_Martin_a5c89fdcd784.pdf,"E:\LIBRARY\Not_Mine\notes\2018 - Dion 2018 LEPAGE, Martin.pdf",157554,E
E/00784_2018_-_journal_article_eacd47047296.docx,E:\LIBRARY\Not_Mine\notes\2018 - journal_article.docx,39244,E
E/00785_2018_-_religions_6bd733a24c5d.pdf,E:\LIBRARY\Not_Mine\notes\2018 - religions.pdf,270466,E
E/00786_2018_-_Studying_complexity_in_health_services_rese_6d13e20e0591.pdf,E:\LIBRARY\Not_Mine\notes\2018 - Studying complexity in health services research desperately see - 2018 - Studying complexity in health services research desperately seeking an overdue paradigm sh.pdf,570176,E
E/00787_2018_-_Tech_Tools_Profile_Police_and_Pun_f7c4a5e5465e.pdf,"E:\LIBRARY\Not_Mine\notes\2018 - Tech Tools Profile, Police, and Pun.pdf",217305,E
E/00788_2019_-_HOW_TO_COMPLETE_THE_RECORD_OF_EMPLOYMENT_560399ce89d0.pdf,"E:\LIBRARY\Not_Mine\notes\2019 - HOW TO COMPLETE THE RECORD OF EMPLOYMENT,.pdf",35820,E
E/00789_2019_-_ILCEA_31_2018_e80345debe2d.pdf,"E:\LIBRARY\Not_Mine\notes\2019 - ILCEA, 31 2018.pdf",598574,E
E/00790_2019_-_information_PCU_827103b41a9e.pdf,E:\LIBRARY\Not_Mine\notes\2019 - information_PCU.pdf,7391,E
E/00791_2019_-_journal_article_7448bf9cb1b0.pdf,E:\LIBRARY\Not_Mine\notes\2019 - journal_article.pdf,83141,E
E/00792_2019_-_Methodos_2_2002_dce061222998.pdf,"E:\LIBRARY\Not_Mine\notes\2019 - Methodos, 2 2002.pdf",300296,E
E/00793_2019_-_Polarization_versus_80f8323073b0.pdf,E:\LIBRARY\Not_Mine\notes\2019 - Polarization versus.pdf,674367,E
E/00794_2019_-_Sergei_Guriev_and_Daniel_Treisman_ef8e2f310b0f.pdf,E:\LIBRARY\Not_Mine\notes\2019 - Sergei Guriev and Daniel Treisman.pdf,1210694,E
E/00795_2019_-_Traditions_and_Trajectories_in_the_Historio_e057e8c2e903.pdf,E:\LIBRARY\Not_Mine\notes\2019 - Traditions and Trajectories in the Historiography of European W - 2019 - Traditions and Trajectories in the Historiography of European Witch Hunting.pdf,457246,E
E/00796_2019_-_Transforming_Acquisitions_and_Collection_Se_b84f0760e2a3.pdf,E:\LIBRARY\Not_Mine\notes\2019 - Transforming Acquisitions and Collection Services.pdf,2449935,E
E/00797_2020_-_journal_article_4921838031df.pdf,E:\LIBRARY\Not_Mine\notes\2020 - journal_article.pdf,668315,E
E/00798_2020_-_journal_article_1_a337ece1d504.pdf,E:\LIBRARY\Not_Mine\notes\2020 - journal_article_1.pdf,287914,E
E/00799_2020_-_KENOGAMI_bcaafaea99c5.pdf,E:\LIBRARY\Not_Mine\notes\2020 - KENOGAMI.pdf,33496,E
E/00800_2020_-_RELIGIOLOGIQUES_no_40_printemps_automne_202_aeda9ae898ff.pdf,"E:\LIBRARY\Not_Mine\notes\2020 - RELIGIOLOGIQUES, no 40, printemps automne 2020, 511.pdf",178013,E
E/00801_2020_-_Summary_942f4fe944aa.docx,E:\LIBRARY\Not_Mine\notes\2020 - Summary.docx,22689,E
E/00802_2020_-_USEFULNESS_OF_FORENSIC_GRAPHOLOGY_IN_PERSON_bed55fe0d114.pdf,E:\LIBRARY\Not_Mine\notes\2020 - USEFULNESS OF FORENSIC GRAPHOLOGY IN PERSONALITY.pdf,643013,E
E/00803_2021_-_19_9a39d7363447.pdf,E:\LIBRARY\Not_Mine\notes\2021 - 19.pdf,113590,E
E/00804_2021_-_journal_article_2f0a4a3ddbf4.pdf,E:\LIBRARY\Not_Mine\notes\2021 - journal_article.pdf,396071,E
E/00805_2021_-_ocr_needed_2_24dcc292a965.pdf,E:\LIBRARY\Not_Mine\notes\2021 - ocr_needed_2.pdf,9067959,E
E/00806_2021_-_report_2_b5c4caa83b4e.docx,E:\LIBRARY\Not_Mine\notes\2021 - report [2].docx,36540,E
E/00807_2021_-_SLAM_Magazine_December_2021_6d2577393df7.pdf,E:\LIBRARY\Not_Mine\notes\2021 - SLAM_Magazine_December_2021.pdf,553878,E
E/00808_2021_-_Spiritual_Activism_in_Swit_afba6eed6f71.pdf,E:\LIBRARY\Not_Mine\notes\2021 - Spiritual Activism in Swit.pdf,871237,E
E/00809_2022_-_Glammy_Lee_Bio_e2bafc81c32a.pdf,E:\LIBRARY\Not_Mine\notes\2022 - Glammy Lee Bio.pdf,281734,E
E/00810_2022_-_Journal_of_Humanistic_Psychology_740ab8bd27a5.docx,E:\LIBRARY\Not_Mine\notes\2022 - Journal of Humanistic Psychology.docx,55977,E
E/00811_2022_-_journal_article_1e61999f33f8.pdf,E:\LIBRARY\Not_Mine\notes\2022 - journal_article.pdf,238751,E
E/00812_2023_-_B_Resource_Links_v2.0.2_-_report_b496414ab274.pdf,E:\LIBRARY\Not_Mine\notes\2023 - B Resource Links v2.0.2 - report.pdf,171708,E
E/00813_2023_-_Hereby_Certifies_that_172d2c493268.pdf,E:\LIBRARY\Not_Mine\notes\2023 - Hereby Certifies that.pdf,114623,E
E/00814_2023_-_journal_article_8e6639c67454.pdf,E:\LIBRARY\Not_Mine\notes\2023 - journal_article.pdf,1946127,E
E/00815_2023_-_journal_article_1_fbeee14d330c.pdf,E:\LIBRARY\Not_Mine\notes\2023 - journal_article_1.pdf,333511,E
E/00816_2023_-_ocr_needed_0a75eda922ef.pdf,E:\LIBRARY\Not_Mine\notes\2023 - ocr_needed.pdf,1045599,E
E/00817_2023_-_Sorcellerie_social_compass_d8b2ec163186.pdf,E:\LIBRARY\Not_Mine\notes\2023 - Sorcellerie social compass.pdf,114232,E
E/00818_2024_-_0463_3b75e961d7b9.pdf,E:\LIBRARY\Not_Mine\notes\2024 - 0463.pdf,785945,E
E/00819_2024_-_2024_a4c463760365.pdf,E:\LIBRARY\Not_Mine\notes\2024 - 2024.pdf,159322,E
E/00820_2024_-_Direction_generale_03b4006fb14a.pdf,E:\LIBRARY\Not_Mine\notes\2024 - Direction generale.pdf,39218,E
E/00821_2024_-_e_Scythe_Already_in_Motion_Buffy_Queer_Ritu_e237b294aa13.pdf,"E:\LIBRARY\Not_Mine\notes\2024 - e Scythe Already in Motion Buffy, Queer Ritual, and the Politic - 2024 - e Scythe Already in Motion Buffy, Queer Ritual, and the Politics of Glit.pdf",4609,E
E/00822_2024_-_journal_article_2_cf4dd9c55975.pdf,E:\LIBRARY\Not_Mine\notes\2024 - journal_article [2].pdf,273232,E
E/00823_2024_-_journal_article_1_dad394a6995d.pdf,E:\LIBRARY\Not_Mine\notes\2024 - journal_article_1.pdf,606909,E
E/00824_2024_-_journal_article_2_71f56e2b35d9.pdf,E:\LIBRARY\Not_Mine\notes\2024 - journal_article_2.pdf,1314024,E
E/00825_2024_-_review_ae855cc1865b.pdf,E:\LIBRARY\Not_Mine\notes\2024 - review.pdf,92602,E
E/00826_2024_-_The_golden_bough_a_study_in_magic_and_relig_b0331440a90c.pdf,"E:\LIBRARY\Not_Mine\notes\2024 - The golden bough, a study in magic and religion.pdf",41190409,E
E/00827_2025_-_4f6a-b56e-28db843352f7_art_1-31_2_ae39093ca348.pdf,E:\LIBRARY\Not_Mine\notes\2025 - 4f6a-b56e-28db843352f7_art_1-31 [2].pdf,2015434,E
E/00828_2025_-_4f6a-b56e-28db843352f7_art_1-31_182e8571b1ae.pdf,E:\LIBRARY\Not_Mine\notes\2025 - 4f6a-b56e-28db843352f7_art_1-31.pdf,2015434,E
E/00829_2025_-_CHEMINEMENT_DES_PLAINTES_EN_MATIERE_DE_NORM_f049afa03ced.pdf,E:\LIBRARY\Not_Mine\notes\2025 - CHEMINEMENT DES PLAINTES EN MATIERE DE NORMES DU TRAVAIL A LA C - 2025 - CHEMINEMENT DES PLAINTES EN MATIERE DE NORMES DU TRAVAIL A LA CNESST.pdf,98740,E
E/00830_2025_-_Coverletter_54b3d97cfdd3.pdf,E:\LIBRARY\Not_Mine\notes\2025 - Coverletter.pdf,98002,E
E/00831_2025_-_Crip_Method_592e0e7f317e.docx,E:\LIBRARY\Not_Mine\notes\2025 - Crip Method.docx,32356,E
E/00832_2025_-_Hereby_Certifies_that_f725544755ad.pdf,E:\LIBRARY\Not_Mine\notes\2025 - Hereby Certifies that.pdf,117946,E
E/00833_2025_-_https_lthj.qut.edu.au_LAW_TECHNOLOGY_AND_HU_f153660e9fea.pdf,"E:\LIBRARY\Not_Mine\notes\2025 - https lthj.qut.edu.au LAW, TECHNOLOGY AND HUMANS.pdf",477811,E
E/00834_2025_-_journal_article_b156bc4496f3.docx,E:\LIBRARY\Not_Mine\notes\2025 - journal_article.docx,31166,E
E/00835_2025_-_journal_article_dc4fa40f206b.pdf,E:\LIBRARY\Not_Mine\notes\2025 - journal_article.pdf,251620,E
E/00836_2025_-_journal_article_1_5ac4a73f2e42.docx,E:\LIBRARY\Not_Mine\notes\2025 - journal_article_1.docx,583414,E
E/00837_2025_-_journal_article_1_1036cb4e1b2b.pdf,E:\LIBRARY\Not_Mine\notes\2025 - journal_article_1.pdf,1909401,E
E/00838_2025_-_journal_article_2_ceb9f18da70f.docx,E:\LIBRARY\Not_Mine\notes\2025 - journal_article_2.docx,1939773,E
E/00839_2025_-_journal_article_3_965ba8a9f1a8.docx,E:\LIBRARY\Not_Mine\notes\2025 - journal_article_3.docx,7519,E
E/00840_2025_-_journal_article_4_7cfdebbecacb.docx,E:\LIBRARY\Not_Mine\notes\2025 - journal_article_4.docx,28018,E
E/00841_2025_-_journal_article_5_dd319cd0bb01.docx,E:\LIBRARY\Not_Mine\notes\2025 - journal_article_5.docx,21976,E
E/00842_2025_-_ocr_needed_5_383d1923888e.pdf,E:\LIBRARY\Not_Mine\notes\2025 - ocr_needed_5.pdf,23170981,E
E/00843_2025_-_PowerPoint_Presentation_2_bd7e00fae951.pdf,E:\LIBRARY\Not_Mine\notes\2025 - PowerPoint Presentation [2].pdf,1839550,E
E/00844_2025_-_PowerPoint_Presentation_9301d5565e93.pdf,E:\LIBRARY\Not_Mine\notes\2025 - PowerPoint Presentation.pdf,1721764,E
E/00845_2025_-_PowerPoint_Presentation_1_2adcc5e3b9f4.pdf,E:\LIBRARY\Not_Mine\notes\2025 - PowerPoint Presentation_1.pdf,1839550,E
E/00846_2025_-_PROLOGUE_36fcc64f4eb7.docx,E:\LIBRARY\Not_Mine\notes\2025 - PROLOGUE.docx,218391,E
E/00847_2025_-_Right_Populism_and_Political_94d0fb89aae6.pdf,"E:\LIBRARY\Not_Mine\notes\2025 - Right Populism, and Political.pdf",231351,E
E/00848_2025_-_RUE_DE_ROUEN_f1880ab30e1e.pdf,E:\LIBRARY\Not_Mine\notes\2025 - RUE DE ROUEN.pdf,120320,E
E/00849_2025_-_The_Archive_Ritual_2_e4edb4e50ca3.pdf,E:\LIBRARY\Not_Mine\notes\2025 - The Archive Ritual [2].pdf,5966042,E
E/00850_2025_-_The_Archive_Ritual_b91490aa9a2e.pdf,E:\LIBRARY\Not_Mine\notes\2025 - The Archive Ritual.pdf,5966415,E
E/00851_2026_-_anonymous_133dd8a733c7.pdf,E:\LIBRARY\Not_Mine\notes\2026 - (anonymous).pdf,15222,E
E/00852_2026_-_Annotated_Reviewer_Comments_94016d08e16d.pdf,E:\LIBRARY\Not_Mine\notes\2026 - Annotated_Reviewer_Comments.pdf,62483,E
E/00853_2026_-_Coach_House_Books_bcbb7954b6a7.docx,E:\LIBRARY\Not_Mine\notes\2026 - Coach House Books.docx,8162,E
E/00854_2026_-_CORE-01_2bd7e7de98bb.docx,E:\LIBRARY\Not_Mine\notes\2026 - CORE-01.docx,619013,E
E/00855_2026_-_correspondence_9532702c0dc5.docx,E:\LIBRARY\Not_Mine\notes\2026 - correspondence.docx,8199,E
E/00856_2026_-_Crip_Method_52d54273bed4.docx,E:\LIBRARY\Not_Mine\notes\2026 - Crip Method.docx,32433,E
E/00857_2026_-_ELITS_92f506ed9192.pdf,E:\LIBRARY\Not_Mine\notes\2026 - ELITS.pdf,77612,E
E/00858_2026_-_HOL---Governance-Wiki-Worksheet_d8d89b19b455.pdf,E:\LIBRARY\Not_Mine\notes\2026 - HOL---Governance-Wiki-Worksheet.pdf,64081,E
E/00859_2026_-_Introduction_f2d440857f25.docx,E:\LIBRARY\Not_Mine\notes\2026 - Introduction.docx,31377,E
E/00860_2026_-_ISSN_2666-6596_ScienceDirect.com_b_0e0b46b7563f.pdf,E:\LIBRARY\Not_Mine\notes\2026 - ISSN 2666-6596 ScienceDirect.com b.pdf,9598107,E
E/00861_2026_-_journal_article_1bcf7275997b.pdf,E:\LIBRARY\Not_Mine\notes\2026 - journal_article.pdf,2080639,E
E/00862_2026_-_journal_article_1_481d288bc649.pdf,E:\LIBRARY\Not_Mine\notes\2026 - journal_article_1.pdf,1567408,E
E/00863_2026_-_notes_or_journal_c0e47d9238e5.docx,E:\LIBRARY\Not_Mine\notes\2026 - notes_or_journal.docx,8855,E
E/00864_2026_-_notes_or_journal_e7f2c2213174.pdf,E:\LIBRARY\Not_Mine\notes\2026 - notes_or_journal.pdf,168476,E
E/00865_2026_-_ocr_needed_14_9da8eed3bba1.pdf,E:\LIBRARY\Not_Mine\notes\2026 - ocr_needed_14.pdf,3363119,E
E/00866_2026_-_ocr_needed_15_bf358223907c.pdf,E:\LIBRARY\Not_Mine\notes\2026 - ocr_needed_15.pdf,1094377,E
E/00867_2026_-_ocr_needed_2_70d1a8a48018.pdf,E:\LIBRARY\Not_Mine\notes\2026 - ocr_needed_2.pdf,13746824,E
E/00868_2026_-_ocr_needed_3_8f75a3c8b114.pdf,E:\LIBRARY\Not_Mine\notes\2026 - ocr_needed_3.pdf,1181874,E
E/00869_2026_-_ocr_needed_8_dcd0178dcb96.pdf,E:\LIBRARY\Not_Mine\notes\2026 - ocr_needed_8.pdf,921588,E
E/00870_2026_-_Operational_indicators_and_discriminating_e_d793bba7f8cc.pdf,E:\LIBRARY\Not_Mine\notes\2026 - Operational indicators and discriminating evidence.pdf,101140,E
E/00871_2026_-_policy_or_guidance_5_109dcf106014.docx,E:\LIBRARY\Not_Mine\notes\2026 - policy_or_guidance_5.docx,26651,E
E/00872_2026_-_Replace_this_PDF_with_your_actual_paper_b2213af34421.pdf,E:\LIBRARY\Not_Mine\notes\2026 - Replace this PDF with your actual paper.pdf,1758,E
E/00873_2026_-_Rev_-_correspondence_bed6b5e45fd4.pdf,E:\LIBRARY\Not_Mine\notes\2026 - Rev - correspondence.pdf,230298,E
E/00874_Below_is_a_retrospective_inspectable_chain-of-pro_f7305c97e39b.txt,"E:\LIBRARY\Not_Mine\notes\Below is a retrospective, inspectable chain-of-pro.txt",12200,E
E/00875_Review_2008_nicholson_doi_10.1080_1501741070188012_55a443ba7713.pdf,E:\LIBRARY\Not_Mine\notes\Review_2008_nicholson_doi 10.1080 15017410701880122.pdf,37524,E
E/00876_Review_2014_UnknownAuthor_Journal_for_the_Study_of_74adbdca227d.pdf,E:\LIBRARY\Not_Mine\notes\Review_2014_UnknownAuthor_Journal for the Study of Western Esotericism - Review_2014_UnknownAuthor_Journal for the Study of Western Esotericism.pdf,279078,E
E/00877_Review_2019_white_Correspondences_e4e9b1f4b9b0.pdf,E:\LIBRARY\Not_Mine\notes\Review_2019_white_Correspondences.pdf,1439254,E
E/00878_Review_2020_white_Correspondences_8843306daf9b.pdf,E:\LIBRARY\Not_Mine\notes\Review_2020_white_Correspondences.pdf,998409,E
E/00879_Review_2021_fruttaldo_Book_review_aff2974f33a8.pdf,E:\LIBRARY\Not_Mine\notes\Review_2021_fruttaldo_Book review.pdf,313700,E
E/00880_Review_2022_zuboff_The_Age_of_Surveillance_Capital_233518b91718.pdf,E:\LIBRARY\Not_Mine\notes\Review_2022_zuboff_The Age of Surveillance Capitalism The Fight for a - Review_2022_zuboff_The Age of Surveillance Capitalism The Fight for a Human Future at the New Frontier of Pow.pdf,666177,E
E/00881_Agent_Rook_Full_Explainer_v1.4_IF-2308_Air-Gap_033cccaa467d.txt,E:\LIBRARY\Not_Mine\policy\# Agent Rook Full Explainer v1.4 (IF-2308 Air-Gap.txt,5542,E
E/00882_if.story_Full_Explainer_v1.1_Four-Audience_Cla_f037f89368a4.txt,"E:\LIBRARY\Not_Mine\policy\# if.story Full Explainer v1.1 (Four-Audience, Cla.txt",26652,E
E/00883_if.whitepapers.bible_changelog_pointer_v4.23_9fbe07fa6c53.txt,E:\LIBRARY\Not_Mine\policy\# if.whitepapers.bible changelog pointer (v4.23).txt,15664,E
E/00884_1_Website_Style_Card_0b368ef1b3d2.txt,E:\LIBRARY\Not_Mine\policy\1) Website Style Card.txt,2609,E
E/00885_1982_-_policy_or_guidance_bd82baa8d1bc.docx,E:\LIBRARY\Not_Mine\policy\1982 - policy_or_guidance.docx,40901,E
E/00886_2004_-_policy_or_guidance_ae1a00dfcd2f.pdf,E:\LIBRARY\Not_Mine\policy\2004 - policy_or_guidance.pdf,21754,E
E/00887_2007_-_policy_or_guidance_269d43db5a23.docx,E:\LIBRARY\Not_Mine\policy\2007 - policy_or_guidance.docx,31238,E
E/00888_2010_-_policy_or_guidance_3577c7119930.pdf,E:\LIBRARY\Not_Mine\policy\2010 - policy_or_guidance.pdf,1409929,E
E/00889_2011_-_policy_or_guidance_9e464876dde3.docx,E:\LIBRARY\Not_Mine\policy\2011 - policy_or_guidance.docx,29352,E
E/00890_2015_-_policy_or_guidance_2_63ce12cbc40d.docx,E:\LIBRARY\Not_Mine\policy\2015 - policy_or_guidance [2].docx,590380,E
E/00891_2015_-_policy_or_guidance_3_966535340d49.docx,E:\LIBRARY\Not_Mine\policy\2015 - policy_or_guidance [3].docx,589914,E
E/00892_2015_-_policy_or_guidance_4_44a2d07295c2.docx,E:\LIBRARY\Not_Mine\policy\2015 - policy_or_guidance [4].docx,32256,E
E/00893_2015_-_policy_or_guidance_2409b3675811.docx,E:\LIBRARY\Not_Mine\policy\2015 - policy_or_guidance.docx,590588,E
E/00894_2017_-_policy_or_guidance_3c95b91cd2ae.docx,E:\LIBRARY\Not_Mine\policy\2017 - policy_or_guidance.docx,29259,E
E/00895_2018_-_policy_or_guidance_002043d27f7a.pdf,E:\LIBRARY\Not_Mine\policy\2018 - policy_or_guidance.pdf,195206,E
E/00896_2019_-_policy_or_guidance_f9fb150300e1.docx,E:\LIBRARY\Not_Mine\policy\2019 - policy_or_guidance.docx,30675,E
E/00897_2020_-_policy_or_guidance_2_6f7016a34da7.docx,E:\LIBRARY\Not_Mine\policy\2020 - policy_or_guidance [2].docx,29661,E
E/00898_2020_-_policy_or_guidance_1_1b6265e597a8.docx,E:\LIBRARY\Not_Mine\policy\2020 - policy_or_guidance_1.docx,29230,E
E/00899_2025_-_policy_or_guidance_2_bd5b92151426.docx,E:\LIBRARY\Not_Mine\policy\2025 - policy_or_guidance [2].docx,18573,E
E/00900_2025_-_policy_or_guidance_2_1_fb8e5445ae4a.docx,E:\LIBRARY\Not_Mine\policy\2025 - policy_or_guidance [2]_1.docx,3721991,E
E/00901_2025_-_policy_or_guidance_326683db9930.docx,E:\LIBRARY\Not_Mine\policy\2025 - policy_or_guidance.docx,21633,E
E/00902_2025_-_policy_or_guidance_7b40441e7faf.pdf,E:\LIBRARY\Not_Mine\policy\2025 - policy_or_guidance.pdf,4056633,E
E/00903_2025_-_policy_or_guidance_1_eec206dfca39.docx,E:\LIBRARY\Not_Mine\policy\2025 - policy_or_guidance_1.docx,46176,E
E/00904_2025_-_policy_or_guidance_1_946aca2b72ae.pdf,E:\LIBRARY\Not_Mine\policy\2025 - policy_or_guidance_1.pdf,14668051,E
E/00905_2025_-_policy_or_guidance_2_cd2f31e05455.docx,E:\LIBRARY\Not_Mine\policy\2025 - policy_or_guidance_2.docx,31321,E
E/00906_2025_-_policy_or_guidance_2_324b0a0050d2.pdf,E:\LIBRARY\Not_Mine\policy\2025 - policy_or_guidance_2.pdf,2257345,E
E/00907_2026_-_policy_or_guidance_2_4.txt_-_2026_-_policy_fd9a9442bc75.txt,E:\LIBRARY\Not_Mine\policy\2026 - policy_or_guidance [2]_4.txt - 2026 - policy_or_guidance [2]_4.txt.txt - 2026 - policy_or_guidance [2]_4.txt - 2026 - policy_or_guidance [2]_4.txt.txt.txt,28253,E
E/00908_2026_-_policy_or_guidance_0d7509f99b91.docx,E:\LIBRARY\Not_Mine\policy\2026 - policy_or_guidance.docx,268250,E
E/00909_2026_-_policy_or_guidance_029bb95d35a8.pdf,E:\LIBRARY\Not_Mine\policy\2026 - policy_or_guidance.pdf,248492,E
E/00910_2026_-_policy_or_guidance_1_f0a6f59fa1cb.docx,E:\LIBRARY\Not_Mine\policy\2026 - policy_or_guidance_1.docx,20507,E
E/00911_2026_-_policy_or_guidance_1_74252a62d1a6.pdf,E:\LIBRARY\Not_Mine\policy\2026 - policy_or_guidance_1.pdf,3157870,E
E/00912_2026_-_policy_or_guidance_2_50af086e1868.docx,E:\LIBRARY\Not_Mine\policy\2026 - policy_or_guidance_2.docx,20671,E
E/00913_2026_-_policy_or_guidance_2_8993c343e948.pdf,E:\LIBRARY\Not_Mine\policy\2026 - policy_or_guidance_2.pdf,189734,E
E/00914_2026_-_policy_or_guidance_3_661b74667873.docx,E:\LIBRARY\Not_Mine\policy\2026 - policy_or_guidance_3.docx,632729,E
E/00915_2026_-_policy_or_guidance_3_410ede3d1f33.pdf,E:\LIBRARY\Not_Mine\policy\2026 - policy_or_guidance_3.pdf,405680,E
E/00916_2026_-_policy_or_guidance_4_d1623103a9c6.docx,E:\LIBRARY\Not_Mine\policy\2026 - policy_or_guidance_4.docx,21998,E
E/00917_2027_-_policy_or_guidance_a87d6c0906ad.docx,E:\LIBRARY\Not_Mine\policy\2027 - policy_or_guidance.docx,21147,E
E/00918_2027_-_policy_or_guidance_5ddef4b1ea29.pdf,E:\LIBRARY\Not_Mine\policy\2027 - policy_or_guidance.pdf,260613,E
E/00919_2027_-_policy_or_guidance_1_16bd6ddf600f.docx,E:\LIBRARY\Not_Mine\policy\2027 - policy_or_guidance_1.docx,69133,E
E/00920_ANNOTATED_LIB_-_OPERATIONAL_VERSION_46cf5a55a132.txt,E:\LIBRARY\Not_Mine\policy\ANNOTATED LIB - OPERATIONAL VERSION.txt,24821,E
E/00921_Embedding_Before_Rupture_Relational_AI_Binding_Go_c7370e2ad623.txt,"E:\LIBRARY\Not_Mine\policy\Embedding Before Rupture Relational AI, Binding Go.txt",72665,E
E/00922_Skip_to_main_content_e4728a803ae7.txt,E:\LIBRARY\Not_Mine\policy\Skip to main content.txt,60235,E
E/00923_THE_VIOLET_GEM_2003f1a83524.txt,E:\LIBRARY\Not_Mine\policy\THE VIOLET GEM.txt,13629,E
E/00924_Yes_this_helps_a_lot._It_gives_me_the_exact_senten_5022be1651d9.txt,"E:\LIBRARY\Not_Mine\policy\Yes, this helps a lot. It gives me the exact sentences where your bracket markers live, so I can (a) replace [1â€“12] with author-date-page and (b) thread your expanded bibliography into the right claims without guessing..txt",19489,E
E/00925_WHITE_PAPER_IF.STORY_34baa642d7e0.txt,E:\LIBRARY\Not_Mine\receipt\# WHITE PAPER IF.STORY.txt,36884,E
E/00926_if.blackboard_Full_Explainer_v1.3_Multi-Audienc_6f67044e845b.txt,E:\LIBRARY\Not_Mine\report\# if.blackboard Full Explainer v1.3 (Multi-Audienc.txt,67419,E
E/00927_IF.EMOTION_Whitepaper_Combined_f34abb0fdb10.txt,E:\LIBRARY\Not_Mine\report\# IF.EMOTION Whitepaper (Combined).txt,154508,E
E/00928_usrbinenv_python3_44e7f63a59d0.txt,E:\LIBRARY\Not_Mine\report\#!usrbinenv python3.txt,27859,E
E/00929_1._Age_4_5_the_feral_cat_bite_a81ddb4a082b.txt,E:\LIBRARY\Not_Mine\report\1. Age 4â€“5 the feral cat bite.txt,8596,E
E/00930_2002_-_audit_or_assessment_2_cccdbf3281c7.pdf,E:\LIBRARY\Not_Mine\report\2002 - audit_or_assessment [2].pdf,125329,E
E/00931_2006_-_report_2_cb87b314021a.docx,E:\LIBRARY\Not_Mine\report\2006 - report [2].docx,32061,E
E/00932_2006_-_report_3_e7d6c404888b.docx,E:\LIBRARY\Not_Mine\report\2006 - report [3].docx,35660,E
E/00933_2006_-_report_4_12a2d72874db.docx,E:\LIBRARY\Not_Mine\report\2006 - report [4].docx,35663,E
E/00934_2006_-_report_5_af16637bb4c6.docx,E:\LIBRARY\Not_Mine\report\2006 - report [5].docx,35934,E
E/00935_2006_-_report_6_02df07695b9b.docx,E:\LIBRARY\Not_Mine\report\2006 - report [6].docx,26336,E
E/00936_2006_-_report_d196c563063a.docx,E:\LIBRARY\Not_Mine\report\2006 - report.docx,28829,E
E/00937_2007_-_audit_or_assessment_268070537176.docx,E:\LIBRARY\Not_Mine\report\2007 - audit_or_assessment.docx,38111,E
E/00938_2008_-_report_594587466aaa.pdf,E:\LIBRARY\Not_Mine\report\2008 - report.pdf,153352,E
E/00939_2010_-_Liste_des_comites_d_evaluation_2009-2010_An_6e53b97717bc.pdf,E:\LIBRARY\Not_Mine\report\2010 - Liste des comites d'evaluation 2009-2010 _Annexe 1_.doc - repor - 2010 - Liste des comites d'evaluation 2009-2010 _Annexe 1_.doc - report.pdf,28876,E
E/00940_2011_-_report_596c1fcd4b6d.docx,E:\LIBRARY\Not_Mine\report\2011 - report.docx,41576,E
E/00941_2013_-_audit_or_assessment_2_e337f687c466.docx,E:\LIBRARY\Not_Mine\report\2013 - audit_or_assessment [2].docx,56162,E
E/00942_2013_-_audit_or_assessment_3_c763fbde46ab.docx,E:\LIBRARY\Not_Mine\report\2013 - audit_or_assessment [3].docx,56208,E
E/00943_2013_-_audit_or_assessment_fb2689cb60e1.docx,E:\LIBRARY\Not_Mine\report\2013 - audit_or_assessment.docx,39319,E
E/00944_2013_-_audit_or_assessment_1_02770fe6f3f6.docx,E:\LIBRARY\Not_Mine\report\2013 - audit_or_assessment_1.docx,60285,E
E/00945_2014_-_report_422b1b7e2d55.docx,E:\LIBRARY\Not_Mine\report\2014 - report.docx,33932,E
E/00946_2014_-_report_cf23b37c6b8e.pdf,E:\LIBRARY\Not_Mine\report\2014 - report.pdf,465042,E
E/00947_2014_-_report_1_5ab28c197c64.pdf,E:\LIBRARY\Not_Mine\report\2014 - report_1.pdf,176652,E
E/00948_2016_-_report_961f8d6bd761.pdf,E:\LIBRARY\Not_Mine\report\2016 - report.pdf,52163,E
E/00949_2017_-_report_7f523d0f307e.docx,E:\LIBRARY\Not_Mine\report\2017 - report.docx,29241,E
E/00950_2017_-_report_f4fca511e319.pdf,E:\LIBRARY\Not_Mine\report\2017 - report.pdf,51177,E
E/00951_2018_-_audit_or_assessment_e1b7453e38fe.pdf,E:\LIBRARY\Not_Mine\report\2018 - audit_or_assessment.pdf,141909,E
E/00952_2018_-_report_2_3dea3b54b92e.pdf,E:\LIBRARY\Not_Mine\report\2018 - report [2].pdf,121992,E
E/00953_2019_-_audit_or_assessment_2_37aa02925c92.docx,E:\LIBRARY\Not_Mine\report\2019 - audit_or_assessment [2].docx,36816,E
E/00954_2019_-_audit_or_assessment_e034e63c3819.docx,E:\LIBRARY\Not_Mine\report\2019 - audit_or_assessment.docx,36816,E
E/00955_2020_-_report_2060e0e5ff7e.docx,E:\LIBRARY\Not_Mine\report\2020 - report.docx,39067,E
E/00956_2021_-_report_947dd32dc7b5.docx,E:\LIBRARY\Not_Mine\report\2021 - report.docx,36543,E
E/00957_2021_-_report_a414a75083df.pdf,E:\LIBRARY\Not_Mine\report\2021 - report.pdf,1159140,E
E/00958_2022_-_report_13787d0d22c7.pdf,E:\LIBRARY\Not_Mine\report\2022 - report.pdf,3330859,E
E/00959_2023_-_report_c739c775a97c.pdf,E:\LIBRARY\Not_Mine\report\2023 - report.pdf,758210,E
E/00960_2024_-_report_18b9d956dbc8.docx,E:\LIBRARY\Not_Mine\report\2024 - report.docx,20842,E
E/00961_2024_-_report_058ca26f6176.pdf,E:\LIBRARY\Not_Mine\report\2024 - report.pdf,9201589,E
E/00962_2025_-_audit_or_assessment_420d922831b4.docx,E:\LIBRARY\Not_Mine\report\2025 - audit_or_assessment.docx,136279,E
E/00963_2025_-_audit_or_assessment_184f8a40dea1.pdf,E:\LIBRARY\Not_Mine\report\2025 - audit_or_assessment.pdf,4353,E
E/00964_2025_-_audit_or_assessment_1_5b64c9855ef1.pdf,E:\LIBRARY\Not_Mine\report\2025 - audit_or_assessment_1.pdf,1266910,E
E/00965_2025_-_ocr_needed_2cde783861b4.pdf,E:\LIBRARY\Not_Mine\report\2025 - ocr_needed.pdf,23730591,E
E/00966_2025_-_ocr_needed_1_88a0b092a1b3.pdf,E:\LIBRARY\Not_Mine\report\2025 - ocr_needed_1.pdf,21265792,E
E/00967_2025_-_report_2_f7f5c9765c2b.pdf,E:\LIBRARY\Not_Mine\report\2025 - report [2].pdf,5111003,E
E/00968_2025_-_report_2_1_dbad0fd20f6b.pdf,E:\LIBRARY\Not_Mine\report\2025 - report [2]_1.pdf,7883517,E
E/00969_2025_-_report_4413ec5b38be.docx,E:\LIBRARY\Not_Mine\report\2025 - report.docx,27727,E
E/00970_2025_-_report_1_b7b5f74cdde6.docx,E:\LIBRARY\Not_Mine\report\2025 - report_1.docx,33750,E
E/00971_2025_-_report_2_cc94bddaf32d.docx,E:\LIBRARY\Not_Mine\report\2025 - report_2.docx,109226,E
E/00972_2025_-_report_2_acce0f2d94d8.pdf,E:\LIBRARY\Not_Mine\report\2025 - report_2.pdf,1899153,E
E/00973_2025_-_report_3_0bef53b2c597.pdf,E:\LIBRARY\Not_Mine\report\2025 - report_3.pdf,42303,E
E/00974_2026_-_audit_or_assessment_2_5f834e0042fc.docx,E:\LIBRARY\Not_Mine\report\2026 - audit_or_assessment [2].docx,29795,E
E/00975_2026_-_audit_or_assessment_2_fde67f35522d.pdf,E:\LIBRARY\Not_Mine\report\2026 - audit_or_assessment [2].pdf,4863,E
E/00976_2026_-_audit_or_assessment_2_1_516d222530b4.pdf,E:\LIBRARY\Not_Mine\report\2026 - audit_or_assessment [2]_1.pdf,231166,E
E/00977_2026_-_audit_or_assessment_3_1516c90366a8.pdf,E:\LIBRARY\Not_Mine\report\2026 - audit_or_assessment [3].pdf,3709,E
E/00978_2026_-_audit_or_assessment_24da4a4afd79.docx,E:\LIBRARY\Not_Mine\report\2026 - audit_or_assessment.docx,35417,E
E/00979_2026_-_audit_or_assessment_d9d267b8e50c.pdf,E:\LIBRARY\Not_Mine\report\2026 - audit_or_assessment.pdf,6225,E
E/00980_2026_-_audit_or_assessment_1_af9593b12798.docx,E:\LIBRARY\Not_Mine\report\2026 - audit_or_assessment_1.docx,234518,E
E/00981_2026_-_audit_or_assessment_1_fe2a2fa2e52f.pdf,E:\LIBRARY\Not_Mine\report\2026 - audit_or_assessment_1.pdf,138572,E
E/00982_2026_-_audit_or_assessment_2_9c31b7eb3c0e.docx,E:\LIBRARY\Not_Mine\report\2026 - audit_or_assessment_2.docx,402005,E
E/00983_2026_-_audit_or_assessment_2_1aa390a92308.pdf,E:\LIBRARY\Not_Mine\report\2026 - audit_or_assessment_2.pdf,106042,E
E/00984_2026_-_audit_or_assessment_3_f23b288f029a.docx,E:\LIBRARY\Not_Mine\report\2026 - audit_or_assessment_3.docx,411673,E
E/00985_2026_-_audit_or_assessment_3_3922eb6b8e74.pdf,E:\LIBRARY\Not_Mine\report\2026 - audit_or_assessment_3.pdf,467170,E
E/00986_2026_-_audit_or_assessment_4_e38a2c08ec97.docx,E:\LIBRARY\Not_Mine\report\2026 - audit_or_assessment_4.docx,100860,E
E/00987_2026_-_audit_or_assessment_4_8aee2581a6c3.pdf,E:\LIBRARY\Not_Mine\report\2026 - audit_or_assessment_4.pdf,241977,E
E/00988_2026_-_audit_or_assessment_5_13c84f09a6b5.docx,E:\LIBRARY\Not_Mine\report\2026 - audit_or_assessment_5.docx,29397,E
E/00989_2026_-_audit_or_assessment_5_0b0d8b6e1a97.pdf,E:\LIBRARY\Not_Mine\report\2026 - audit_or_assessment_5.pdf,234380,E
E/00990_2026_-_audit_or_assessment_6_70eb4982a9e3.pdf,E:\LIBRARY\Not_Mine\report\2026 - audit_or_assessment_6.pdf,233173,E
E/00991_2026_-_report_2_.txt_-_2026_-_report_2_.txt.txt_7d1ecfb2256a.txt,E:\LIBRARY\Not_Mine\report\2026 - report [2].txt - 2026 - report [2].txt.txt - 2026 - report [2].txt - 2026 - report [2].txt.txt.txt,48267,E
E/00992_2026_-_report_8cd1236ad797.docx,E:\LIBRARY\Not_Mine\report\2026 - report.docx,15196,E
E/00993_2027_-_audit_or_assessment_2_2a86b4226e56.docx,E:\LIBRARY\Not_Mine\report\2027 - audit_or_assessment [2].docx,61629,E
E/00994_2027_-_audit_or_assessment_2_1_2ec73d87e773.docx,E:\LIBRARY\Not_Mine\report\2027 - audit_or_assessment [2]_1.docx,72620,E
E/00995_2027_-_audit_or_assessment_3_32fc6c66df31.docx,E:\LIBRARY\Not_Mine\report\2027 - audit_or_assessment [3].docx,64248,E
E/00996_2027_-_audit_or_assessment_aef1675df7f0.docx,E:\LIBRARY\Not_Mine\report\2027 - audit_or_assessment.docx,1052402,E
E/00997_2027_-_audit_or_assessment_1_84c7e8ec9513.docx,E:\LIBRARY\Not_Mine\report\2027 - audit_or_assessment_1.docx,30018,E
E/00998_2027_-_audit_or_assessment_2_8026fc85dad5.docx,E:\LIBRARY\Not_Mine\report\2027 - audit_or_assessment_2.docx,34465,E
E/00999_2027_-_ocr_needed_4b875110546d.pdf,E:\LIBRARY\Not_Mine\report\2027 - ocr_needed.pdf,19103017,E
E/01000_2027_-_ocr_needed_1_d20d97da08bc.pdf,E:\LIBRARY\Not_Mine\report\2027 - ocr_needed_1.pdf,22314379,E
E/01001_2027_-_ocr_needed_2_445453566482.pdf,E:\LIBRARY\Not_Mine\report\2027 - ocr_needed_2.pdf,22696346,E
E/01002_Astrology_as_Social_Grammar_Youth_Culture_s_Re-Enc_a2cf280c2d8a.txt,E:\LIBRARY\Not_Mine\report\Astrology as Social Grammar Youth Culture’s Re-Enc.txt,64475,E
E/01003_Joy_Buolamwini_MIT_a_montr_que_les_algorithmes_ff518525590b.txt,E:\LIBRARY\Not_Mine\report\Joy Buolamwini (MIT) a montrÃ© que les algorithmes.txt,6452,E
E/01004_Misfit_as_Method_Ten_Diagnostic_Scenes_of_Institut_97f98e2c7357.txt,E:\LIBRARY\Not_Mine\report\Misfit as Method Ten Diagnostic Scenes of Institut.txt,56896,E
E/01005_Prompt_1_Product_spec_what_to_build_8732c07df877.txt,E:\LIBRARY\Not_Mine\report\Prompt 1 Product spec (what to build).txt,3034,E
E/01006_Astrology_as_Social_Grammar_Youth_Culture_s_Re-enc_2a833652e60a.txt,E:\LIBRARY\Not_Mine\survey\Astrology as Social Grammar Youth Culture’s Re-enc.txt,48420,E
E/01007_2009_-_thesis_or_dissertation_4711f7b867b3.docx,E:\LIBRARY\Not_Mine\thesis\2009 - thesis_or_dissertation.docx,37165,E
E/01008_2014_-_thesis_or_dissertation_4f36eea2dd7e.pdf,E:\LIBRARY\Not_Mine\thesis\2014 - thesis_or_dissertation.pdf,355335,E
E/01009_2014_-_thesis_or_dissertation_1_7f29183f842c.pdf,E:\LIBRARY\Not_Mine\thesis\2014 - thesis_or_dissertation_1.pdf,4465260,E
E/01010_2014_-_Turning_your_Dissertation_into_a_Book-open_bee60ba6b492.pdf,E:\LIBRARY\Not_Mine\thesis\2014 - Turning your Dissertation into a Book-open sans - thesis_or_dis - 2014 - Turning your Dissertation into a Book-open sans - thesis_or_dissertation.pdf,119457,E
E/01011_2015_-_Projet_Mc_Andrew_et_al._pour_info_-_thesis_fd7b42bc4c0d.pdf,E:\LIBRARY\Not_Mine\thesis\2015 - Projet Mc Andrew et al. pour info - thesis_or_dissertation.pdf,113909,E
E/01012_2015_-_thesis_or_dissertation_92db8db2e23e.docx,E:\LIBRARY\Not_Mine\thesis\2015 - thesis_or_dissertation.docx,13796,E
E/01013_2015_-_thesis_or_dissertation_80053315331f.pdf,E:\LIBRARY\Not_Mine\thesis\2015 - thesis_or_dissertation.pdf,3117741,E
E/01014_2015_-_thesis_or_dissertation_1_f7151f2ffe0a.pdf,E:\LIBRARY\Not_Mine\thesis\2015 - thesis_or_dissertation_1.pdf,90951,E
E/01015_2016_-_thesis_or_dissertation_ba25aab94965.pdf,E:\LIBRARY\Not_Mine\thesis\2016 - thesis_or_dissertation.pdf,91339,E
E/01016_2016_-_thesis_or_dissertation_1_a8adcf44cfb0.pdf,E:\LIBRARY\Not_Mine\thesis\2016 - thesis_or_dissertation_1.pdf,2303328,E
E/01017_2017_-_thesis_or_dissertation_2_acd9e77f98c0.pdf,E:\LIBRARY\Not_Mine\thesis\2017 - thesis_or_dissertation [2].pdf,3647426,E
E/01018_2017_-_thesis_or_dissertation_a5ed30de872a.pdf,E:\LIBRARY\Not_Mine\thesis\2017 - thesis_or_dissertation.pdf,381903,E
E/01019_2017_-_thesis_or_dissertation_1_4905d970c6ef.pdf,E:\LIBRARY\Not_Mine\thesis\2017 - thesis_or_dissertation_1.pdf,309162,E
E/01020_2017_-_thesis_or_dissertation_2_dee1461c99c3.pdf,E:\LIBRARY\Not_Mine\thesis\2017 - thesis_or_dissertation_2.pdf,237799,E
E/01021_2017_-_thesis_or_dissertation_3_28b61fb3920d.pdf,E:\LIBRARY\Not_Mine\thesis\2017 - thesis_or_dissertation_3.pdf,763953,E
E/01022_2017_-_thesis_or_dissertation_4_556f15758f82.pdf,E:\LIBRARY\Not_Mine\thesis\2017 - thesis_or_dissertation_4.pdf,85655,E
E/01023_2017_-_thesis_or_dissertation_5_9f164b0e40c1.pdf,E:\LIBRARY\Not_Mine\thesis\2017 - thesis_or_dissertation_5.pdf,4481391,E
E/01024_2017_-_thesis_or_dissertation_6_0342113d5978.pdf,E:\LIBRARY\Not_Mine\thesis\2017 - thesis_or_dissertation_6.pdf,92974,E
E/01025_2017_-_thesis_or_dissertation_8_24d713113edc.pdf,E:\LIBRARY\Not_Mine\thesis\2017 - thesis_or_dissertation_8.pdf,136715,E
E/01026_2018_-_thesis_or_dissertation_f844e1de841d.pdf,E:\LIBRARY\Not_Mine\thesis\2018 - thesis_or_dissertation.pdf,75980,E
E/01027_2018_-_thesis_or_dissertation_1_cb78fd475139.pdf,E:\LIBRARY\Not_Mine\thesis\2018 - thesis_or_dissertation_1.pdf,1504678,E
E/01028_2018_-_thesis_or_dissertation_2_266f9ecdd1ce.pdf,E:\LIBRARY\Not_Mine\thesis\2018 - thesis_or_dissertation_2.pdf,693284,E
E/01029_2018_-_thesis_or_dissertation_3_82ca6234e01d.pdf,E:\LIBRARY\Not_Mine\thesis\2018 - thesis_or_dissertation_3.pdf,327500,E
E/01030_2018_-_thesis_or_dissertation_4_172312d988e8.pdf,E:\LIBRARY\Not_Mine\thesis\2018 - thesis_or_dissertation_4.pdf,303907,E
E/01031_2018_-_thesis_or_dissertation_5_d67fa178cd7d.pdf,E:\LIBRARY\Not_Mine\thesis\2018 - thesis_or_dissertation_5.pdf,100443,E
E/01032_2018_-_thesis_or_dissertation_6_5f0713bd05e2.pdf,E:\LIBRARY\Not_Mine\thesis\2018 - thesis_or_dissertation_6.pdf,1400154,E
E/01033_2019_-_thesis_or_dissertation_5949f21d35d4.pdf,E:\LIBRARY\Not_Mine\thesis\2019 - thesis_or_dissertation.pdf,185008,E
E/01034_2019_-_thesis_or_dissertation_1_1b362b891965.pdf,E:\LIBRARY\Not_Mine\thesis\2019 - thesis_or_dissertation_1.pdf,223950,E
E/01035_2020_-_Death_as_a_Gift_in_Whedon_and_Tolkien_Augus_35afd2b70dcc.pdf,E:\LIBRARY\Not_Mine\thesis\2020 - Death as a Gift in Whedon and Tolkien August.docx - thesis_or_d - 2020 - Death as a Gift in Whedon and Tolkien August.docx - thesis_or_dissertation.pdf,248989,E
E/01036_2023_-_thesis_or_dissertation_53e20ed72b81.docx,E:\LIBRARY\Not_Mine\thesis\2023 - thesis_or_dissertation.docx,8788,E
E/01037_2024_-_thesis_or_dissertation_07d4aa03442f.pdf,E:\LIBRARY\Not_Mine\thesis\2024 - thesis_or_dissertation.pdf,614105,E
E/01038_2025_-_Memoire_-_thesis_or_dissertation_e09894618a37.pdf,E:\LIBRARY\Not_Mine\thesis\2025 - Memoire - thesis_or_dissertation.pdf,5323544,E
E/01039_2026_-_thesis_or_dissertation_36c69d2420b9.docx,E:\LIBRARY\Not_Mine\thesis\2026 - thesis_or_dissertation.docx,17251,E
E/01040_2026_-_thesis_or_dissertation_adac878809c2.pdf,E:\LIBRARY\Not_Mine\thesis\2026 - thesis_or_dissertation.pdf,99176,E
E/01041_2026_-_thesis_or_dissertation_1_dbf735fed626.docx,E:\LIBRARY\Not_Mine\thesis\2026 - thesis_or_dissertation_1.docx,23980,E
E/01042_2026_-_thesis_or_dissertation_1_2adbc78ba93c.pdf,E:\LIBRARY\Not_Mine\thesis\2026 - thesis_or_dissertation_1.pdf,150304,E
E/01043_2026_-_thesis_or_dissertation_2_68742acafa12.pdf,E:\LIBRARY\Not_Mine\thesis\2026 - thesis_or_dissertation_2.pdf,538426,E
E/01044_2026_-_thesis_or_dissertation_2.txt_-_2026_-_thesi_5c0b450222a3.txt,E:\LIBRARY\Not_Mine\thesis\2026 - thesis_or_dissertation_2.txt - 2026 - thesis_or_dissertation_2.txt.txt - 2026 - thesis_or_dissertation_2.txt - 2026 - thesis_or_dissertation_2.txt.txt.txt,10362,E
E/01045_add_those_1._INTRODUCTION_Insert_References_A_b11f7b489719.txt,E:\LIBRARY\Not_Mine\thesis\add those 1. INTRODUCTION â€“ Insert References A..txt,22262,E
E/01046_FIRST_DRAFT_60cc146afa8c.txt,E:\LIBRARY\Not_Mine\thesis\FIRST DRAFT.txt,202919,E
E/01047_Martin_Voice_Spec_v1.4_7030_Disruption_Medium_104f518e280a.txt,E:\LIBRARY\Not_Mine\thesis\Martin Voice Spec v1.4 (7030 + Disruption Medium).txt,8469,E
E/01048_obsidian-agent-vault-launch-v2-skill-2026-04-16_52657b355fdb.md,E:\LIBRARY\obsidian-agent-vault-launch-v2-skill-2026-04-16.md,14061,E
E/01049_obsidian_agent_vault_launch_kit_2026-04-14_52b9c278aa01.md,E:\LIBRARY\obsidian_agent_vault_launch_kit_2026-04-14.md,6644,E
E/01050_operator-check.skill_52045bcc357a.md,E:\LIBRARY\operator-check.skill.md,846,E
E/01051_original_path_destination_path_extension_readable_ef39716ddf8b.txt,"E:\LIBRARY\original_path,destination_path,extension,readable,.txt",653874,E
E/01052_pharos-strategic-analysis-2026-04-18_08abbc519ca0.md,E:\LIBRARY\pharos-strategic-analysis-2026-04-18.md,6286,E
E/01053_PHAROS_AI_LINEAGE_SOURCE_OF_TRUTH-2026-04-16_584d7f66a4b7.md,E:\LIBRARY\PHAROS_AI_LINEAGE_SOURCE_OF_TRUTH-2026-04-16.md,17577,E
E/01054_PHAROS_CROSS_AI_STRATEGY_MATRIX-2026-04-16_2387c88dbc09.md,E:\LIBRARY\PHAROS_CROSS_AI_STRATEGY_MATRIX-2026-04-16.md,4971,E
E/01055_Phenom-Herme-Heuri_5b955e0ba387.pdf,E:\LIBRARY\Phenom-Herme-Heuri.pdf,88663,E
E/01056_Qualitative_Handbook_Expanded_From_Master_Referenc_677474a73860.md,E:\LIBRARY\Qualitative_Handbook_Expanded_From_Master_Reference_List-2026-04-16.md,17267,E
E/01057_rag-anything-2026-04-16_b2fec25142a7.md,E:\LIBRARY\rag-anything-2026-04-16.md,54465,E
E/01058_file_d0ee06316d23.txt,E:\LIBRARY\Review\Uncategorized\!.txt,1307,E
E/01059_if.gov_Full_Explainer_v1.1_Triage_Council_67978f471122.txt,E:\LIBRARY\Review\Uncategorized\# `if.gov` Full Explainer v1.1 (Triage + Council +.txt,14338,E
E/01060_DocSort_Python_dependencies_97c8a1748c24.txt,E:\LIBRARY\Review\Uncategorized\# DocSort â€” Python dependencies.txt,688,E
E/01061_engine.py_8f950ab811ea.txt,E:\LIBRARY\Review\Uncategorized\# engine.py.txt,25324,E
E/01062_Free-First_Architecture_d64234b0871b.txt,E:\LIBRARY\Review\Uncategorized\# Free-First Architecture.txt,3371,E
E/01063_Govern_Suite_Cheat_Sheet_ef5fe6079e56.txt,E:\LIBRARY\Review\Uncategorized\# Govern Suite Cheat Sheet.txt,3632,E
E/01064_Govern_Suite_Operations_Runbook_79f8a06b66c9.txt,E:\LIBRARY\Review\Uncategorized\# Govern Suite Operations Runbook.txt,9674,E
E/01065_if-radar_skydrone_Full_Explainer_v1.1_Data_Mec_20ecbf51dd22.txt,"E:\LIBRARY\Review\Uncategorized\# if-radar_skydrone Full Explainer v1.1 (Data, Mec.txt",113142,E
E/01066_if.blackboard_Full_Explainer_v1.2_Four-Audience_539e7cc5e968.txt,E:\LIBRARY\Review\Uncategorized\# if.blackboard Full Explainer v1.2 (Four-Audience.txt,19999,E
E/01067_if.bus_Full_Explainer_v1.5_Switchboard-Integrat_ddc406e66d82.txt,E:\LIBRARY\Review\Uncategorized\# if.bus Full Explainer v1.5 (Switchboard-Integrat.txt,46459,E
E/01068_if.switchboard_if.blackboard_Unified_Full_Expl_f07f9d9c743c.txt,E:\LIBRARY\Review\Uncategorized\# if.switchboard + if.blackboard Unified Full Expl.txt,68432,E
E/01069_Martin_Lepage_PhD_External_Review_Profile_bbe137f04412.txt,"E:\LIBRARY\Review\Uncategorized\# Martin Lepage, PhD â€” External Review Profile (.txt",9197,E
E/01070_BRAND_front_door_20e19650ebcf.txt,E:\LIBRARY\Review\Uncategorized\## BRAND (front door).txt,32214,E
E/01071_Conclusion_What_the_paper_did_what_it_shows_w_663b47ba8548.txt,"E:\LIBRARY\Review\Uncategorized\## Conclusion What the paper did, what it shows, w.txt",62554,E
E/01072_Introduction_2462e99a6f0e.txt,E:\LIBRARY\Review\Uncategorized\## Introduction.txt,37920,E
E/01073_Hey_Agatha._So_I_ve_come_to_the_conclusion_and_e1a74cac79c7.txt,"E:\LIBRARY\Review\Uncategorized\- Hey, Agatha. So I've come to the conclusion and.txt",3214,E
E/01074_J_appelle_la_foudre_cd05aab05d9b.txt,E:\LIBRARY\Review\Uncategorized\- J'appelle la foudre !.txt,1948,E
E/01075_000003_41294cd49ecd.txt,E:\LIBRARY\Review\Uncategorized\000003.txt,37717,E
E/01076_000006_9d1322e49d3f.txt,E:\LIBRARY\Review\Uncategorized\000006.txt,28317,E
E/01077_1._Primary_Logo_Classical_Wordmark_Flagship_bffd8fc435a3.txt,E:\LIBRARY\Review\Uncategorized\1. Primary Logo â€” Classical Wordmark (Flagship).txt,4749,E
E/01078_2008_-_manuscript.txt_-_2008_-_manuscript.txt.txt_2c90f2b387ff.txt,E:\LIBRARY\Review\Uncategorized\2008 - manuscript.txt - 2008 - manuscript.txt.txt - 2008 - manuscript.txt - 2008 - manuscript.txt.txt.txt,8542,E
E/01079_2016_-_ocr_needed_3_dbb71655f43e.pdf,E:\LIBRARY\Review\Uncategorized\2016 - ocr_needed_3.pdf,261761,E
E/01080_2024_-_ocr_needed_622617958270.pdf,E:\LIBRARY\Review\Uncategorized\2024 - ocr_needed.pdf,38882,E
E/01081_2024_-_ocr_needed_1_8067401a2402.pdf,E:\LIBRARY\Review\Uncategorized\2024 - ocr_needed_1.pdf,28020,E
E/01082_2024_-_statement_or_bill.txt_-_2024_-_statement_or_06a0e73a46e4.txt,E:\LIBRARY\Review\Uncategorized\2024 - statement_or_bill.txt - 2024 - statement_or_bill.txt.txt - 2024 - statement_or_bill.txt - 2024 - statement_or_bill.txt.txt.txt,62396,E
E/01083_2025_-_ocr_needed_3_f26b754ecdd5.pdf,E:\LIBRARY\Review\Uncategorized\2025 - ocr_needed_3.pdf,18022941,E
E/01084_2025_-_ocr_needed_4_6e268d19f989.pdf,E:\LIBRARY\Review\Uncategorized\2025 - ocr_needed_4.pdf,1241388,E
E/01085_2026_-_SOFT_WITH_TEETH.txt_-_2026_-_SOFT_WITH_TEET_b533481da78c.txt,E:\LIBRARY\Review\Uncategorized\2026 - ## SOFT WITH TEETH.txt - 2026 - ## SOFT WITH TEETH.txt.txt - 2026 - ## SOFT WITH TEETH.txt - 2026 - ## SOFT WITH TEETH.txt.txt.txt,2450,E
E/01086_2026_-_3eb9b3a7bc009288614d0f6368646bcf1364bb2f_2_80a3a4862e57.txt,E:\LIBRARY\Review\Uncategorized\2026 - 3eb9b3a7bc009288614d0f6368646bcf1364bb2f [2].txt - 2026 - 3eb9b - 2026 - 3eb9b3a7bc009288614d0f6368646bcf1364bb2f [2].txt - 2026 - 3eb9b3a7bc009288614d0f6368646bcf1364bb2f [2].txt.txt.txt,714434,E
E/01087_2026_-_3eb9b3a7bc009288614d0f6368646bcf1364bb2f.tx_bb69fe03b308.txt,E:\LIBRARY\Review\Uncategorized\2026 - 3eb9b3a7bc009288614d0f6368646bcf1364bb2f.txt - 2026 - 3eb9b3a7b - 2026 - 3eb9b3a7bc009288614d0f6368646bcf1364bb2f.txt - 2026 - 3eb9b3a7bc009288614d0f6368646bcf1364bb2f.txt.txt.txt,713582,E
E/01088_2026_-_3eb9b3a7bc009288614d0f6368646bcf1364bb2f_1_a4e0fa24fb08.txt,E:\LIBRARY\Review\Uncategorized\2026 - 3eb9b3a7bc009288614d0f6368646bcf1364bb2f_1.txt - 2026 - 3eb9b3a - 2026 - 3eb9b3a7bc009288614d0f6368646bcf1364bb2f_1.txt - 2026 - 3eb9b3a7bc009288614d0f6368646bcf1364bb2f_1.txt.txt.txt,711803,E
E/01089_2026_-_ADC83B19_dependency_links.txt_-_2026_-_ADC8_de263c3d1612.txt,E:\LIBRARY\Review\Uncategorized\2026 - ADC83B19 dependency links.txt - 2026 - ADC83B19 dependency links.txt.txt - 2026 - ADC83B19 dependency links.txt - 2026 - ADC83B19 dependency links.txt.txt.txt,1,E
E/01090_2026_-_book_chapter.txt_-_2026_-_book_chapter.txt_3f13a73711d7.txt,E:\LIBRARY\Review\Uncategorized\2026 - book_chapter.txt - 2026 - book_chapter.txt.txt - 2026 - book_chapter.txt - 2026 - book_chapter.txt.txt.txt,659098,E
E/01091_2026_-_glitch_2_.txt_-_2026_-_glitch_2_.txt.txt_fa70e79e623e.txt,E:\LIBRARY\Review\Uncategorized\2026 - glitch [2].txt - 2026 - glitch [2].txt.txt - 2026 - glitch [2].txt - 2026 - glitch [2].txt.txt.txt,20362,E
E/01092_2026_-_OpenAI_Codex_v0.111.0_.txt_-_2026_-_OpenAI_5ec25823e21f.txt,E:\LIBRARY\Review\Uncategorized\2026 - OpenAI Codex (v0.111.0).txt - 2026 - OpenAI Codex (v0.111.0).txt.txt - 2026 - OpenAI Codex (v0.111.0).txt - 2026 - OpenAI Codex (v0.111.0).txt.txt.txt,1364,E
E/01093_2026_-_policy_or_guidance_2_.txt_-_2026_-_policy_o_184db5fdc294.txt,E:\LIBRARY\Review\Uncategorized\2026 - policy_or_guidance [2].txt - 2026 - policy_or_guidance [2].txt.txt - 2026 - policy_or_guidance [2].txt - 2026 - policy_or_guidance [2].txt.txt.txt,35167,E
E/01094_2026_-_policy_or_guidance_2_1.txt_-_2026_-_policy_937648ee1363.txt,E:\LIBRARY\Review\Uncategorized\2026 - policy_or_guidance [2]_1.txt - 2026 - policy_or_guidance [2]_1.txt.txt - 2026 - policy_or_guidance [2]_1.txt - 2026 - policy_or_guidance [2]_1.txt.txt.txt,36182,E
E/01095_2026_-_policy_or_guidance_2_2.txt_-_2026_-_policy_77d200761f34.txt,E:\LIBRARY\Review\Uncategorized\2026 - policy_or_guidance [2]_2.txt - 2026 - policy_or_guidance [2]_2.txt.txt - 2026 - policy_or_guidance [2]_2.txt - 2026 - policy_or_guidance [2]_2.txt.txt.txt,19144,E
E/01096_2026_-_policy_or_guidance_2_3.txt_-_2026_-_policy_1956222f2db8.txt,E:\LIBRARY\Review\Uncategorized\2026 - policy_or_guidance [2]_3.txt - 2026 - policy_or_guidance [2]_3.txt.txt - 2026 - policy_or_guidance [2]_3.txt - 2026 - policy_or_guidance [2]_3.txt.txt.txt,71844,E
E/01097_2026_-_policy_or_guidance_3_.txt_-_2026_-_policy_o_9a7f0f2aba68.txt,E:\LIBRARY\Review\Uncategorized\2026 - policy_or_guidance [3].txt - 2026 - policy_or_guidance [3].txt.txt - 2026 - policy_or_guidance [3].txt - 2026 - policy_or_guidance [3].txt.txt.txt,75945,E
E/01098_2026_-_policy_or_guidance_2.txt_-_2026_-_policy_or_c818a04635a3.txt,E:\LIBRARY\Review\Uncategorized\2026 - policy_or_guidance_2.txt - 2026 - policy_or_guidance_2.txt.txt - 2026 - policy_or_guidance_2.txt - 2026 - policy_or_guidance_2.txt.txt.txt,9422,E
E/01099_2026_-_policy_or_guidance_6.txt_-_2026_-_policy_or_564a13922052.txt,E:\LIBRARY\Review\Uncategorized\2026 - policy_or_guidance_6.txt - 2026 - policy_or_guidance_6.txt.txt - 2026 - policy_or_guidance_6.txt - 2026 - policy_or_guidance_6.txt.txt.txt,2084389,E
E/01100_2026_-_SAKURA_LAYER_2.txt_-_2026_-_SAKURA_LAYER_2_c299b47cf7f6.txt,E:\LIBRARY\Review\Uncategorized\2026 - SAKURA LAYER 2.txt - 2026 - SAKURA LAYER 2.txt.txt - 2026 - SAKURA LAYER 2.txt - 2026 - SAKURA LAYER 2.txt.txt.txt,0,E
E/01101_2026_-_thesis_or_dissertation_4.txt_-_2026_-_thesi_6ae69eccfb24.txt,E:\LIBRARY\Review\Uncategorized\2026 - thesis_or_dissertation_4.txt - 2026 - thesis_or_dissertation_4.txt.txt - 2026 - thesis_or_dissertation_4.txt - 2026 - thesis_or_dissertation_4.txt.txt.txt,48401,E
E/01102_AGATHA_VALIDATES_RESTRUCTURE_45c1c7f54c04.txt,E:\LIBRARY\Review\Uncategorized\AGATHA VALIDATES RESTRUCTURE.txt,18728,E
E/01103_Also_I_just_want_to_mention_anything_Sakura._Saku_4462362196ba.txt,"E:\LIBRARY\Review\Uncategorized\Also, I just want to mention anything Sakura. Saku.txt",2792,E
E/01104_assetsjstool.js_0b13fc143981.txt,E:\LIBRARY\Review\Uncategorized\assetsjstool.js.txt,7943,E
E/01105_Awesome_A_web_interface_is_a_great_choice_for_int_ef23cc1ac343.txt,E:\LIBRARY\Review\Uncategorized\Awesome! A web interface is a great choice for int.txt,6131,E
E/01106_Background_and_Context_6eff106aa297.txt,E:\LIBRARY\Review\Uncategorized\Background and Context.txt,25228,E
E/01107_By_validating_the_input_first_not_None_actually_509b0633d940.txt,"E:\LIBRARY\Review\Uncategorized\By validating the input first (not None, actually.txt",265,E
E/01108_COMMANDS_d7bca21d0f0c.txt,E:\LIBRARY\Review\Uncategorized\COMMANDS.txt,1161,E
E/01109_CONTROL_ID_MON-CORE-01_9f78929069c1.txt,E:\LIBRARY\Review\Uncategorized\CONTROL ID MON-CORE-01.txt,107562,E
E/01110_esprits_qui_semblaient_hanter_cette_maison._De_plu_a693be9cff06.txt,E:\LIBRARY\Review\Uncategorized\esprits qui semblaient hanter cette maison. De plu.txt,3715,E
E/01111_Explaining_content_with_highlighted_excerptsShared_c43cb703aff6.txt,E:\LIBRARY\Review\Uncategorized\Explaining content with highlighted excerptsShared.txt,49079,E
E/01112_FIRST_STEPS_263ee29ef245.txt,E:\LIBRARY\Review\Uncategorized\FIRST STEPS.txt,3503,E
E/01113_github_pat_11B6CD6RY0DlXZVLuAwDs4_Z0vro7sikJGjY0RL_0d69cebd8c94.txt,E:\LIBRARY\Review\Uncategorized\github_pat_11B6CD6RY0DlXZVLuAwDs4_Z0vro7sikJGjY0RL.txt,97,E
E/01114_Hi_there_Agatha._So_I_have_a_question_that_I_want_38c934c2e9c7.txt,"E:\LIBRARY\Review\Uncategorized\Hi there, Agatha. So I have a question that I want.txt",10801,E
E/01115_importlib_metadata_3ea19bb73896.txt,E:\LIBRARY\Review\Uncategorized\importlib_metadata.txt,19,E
E/01116_Introduction_0a976fac583e.txt,E:\LIBRARY\Review\Uncategorized\Introduction.txt,58544,E
E/01117_iVBORw0KGgoAAAANSUhEUgAABgAAAAQACAIAAACoEwUVAAELSm_a91202d43b79.txt,E:\LIBRARY\Review\Uncategorized\iVBORw0KGgoAAAANSUhEUgAABgAAAAQACAIAAACoEwUVAAELSm.txt,1816360,E
E/01118_Justin_se_concentra_en_plissant_quelque_peu_les_ye_39b5e6ebdac4.txt,E:\LIBRARY\Review\Uncategorized\Justin se concentra en plissant quelque peu les ye.txt,2754,E
E/01119_la_gouvernance_de_l_IA_comme_science_du_pouvoir_50c6dbf8e6aa.txt,"E:\LIBRARY\Review\Uncategorized\la gouvernance de lâ€™IA comme science du pouvoir,.txt",2969,E
E/01120_MOd_3-_Artificail_Consciouness_2ba68b952db3.txt,E:\LIBRARY\Review\Uncategorized\MOd  3- Artificail Consciouness.txt,109288,E
E/01121_NEXT_PROMPT_7a967475f6d1.txt,E:\LIBRARY\Review\Uncategorized\NEXT PROMPT.txt,198,E
E/01122_Niveau_1_-_input_into_GPT_as_voice_to_.txt_a488000095e0.txt,E:\LIBRARY\Review\Uncategorized\Niveau 1 - input into GPT as voice to .txt.txt,168777,E
E/01123_novembre_22_2008_par_malekexoterique_093d47eddb78.txt,"E:\LIBRARY\Review\Uncategorized\novembre 22, 2008 par malekexoterique.txt",4922,E
E/01124_Pendant_qu_elle_tait_entrain_de_feuilleter_le_1c33a2e541cb.txt,E:\LIBRARY\Review\Uncategorized\Pendant quâ€™elle Ã©tait entrain de feuilleter le.txt,2921,E
E/01125_REsponsability_and_Controls_48345aabbdea.txt,E:\LIBRARY\Review\Uncategorized\REsponsability and Controls.txt,114088,E
E/01126_Reviewer_2_is_traditionally_the_academic_folk-dev_71505d1dc306.txt,E:\LIBRARY\Review\Uncategorized\Reviewer #2 is traditionally the academic folk-dev.txt,1363,E
E/01127_Self-driving_cars_in_streets_automated_x-ray_diag_21cc3674f272.txt,"E:\LIBRARY\Review\Uncategorized\Self-driving cars in streets, automated x-ray diag.txt",59080,E
E/01128_This_is_where_I_start_to_focus_more_on_the_polishi_c0828f3ba4e0.txt,E:\LIBRARY\Review\Uncategorized\This is where I start to focus more on the polishi.txt,1719,E
E/01129_Title_The_Sealed_Card_Protocol_Mediated_Legitimacy_0721dbd29215.txt,E:\LIBRARY\Review\Uncategorized\Title The Sealed Card Protocol Mediated Legitimacy.txt,59613,E
E/01130_Welcome_to_this_course_on_ethical_and_societal_asp_29ba4fb6b21e.txt,E:\LIBRARY\Review\Uncategorized\Welcome to this course on ethical and societal asp.txt,94227,E
E/01131_Yes._What_you_just_pasted_is_enough_for_me_to_do_t_17bc35145a71.txt,E:\LIBRARY\Review\Uncategorized\Yes. What you just pasted is enough for me to do t.txt,10690,E
E/01132_Your_ballad_reads_like_a_spell_that_knows_it_is_be_48bee9ff388a.txt,E:\LIBRARY\Review\Uncategorized\Your ballad reads like a spell that knows it is be.txt,17197,E
E/01133_zipp_1740c71699cb.txt,E:\LIBRARY\Review\Uncategorized\zipp.txt,5,E
E/01134_It_s_All_a_Giant_Web_Syncretism_Agency_and_R_df4eb3853133.txt,"E:\LIBRARY\Review\Uncategorized\â€˜It's All a Giant Web' Syncretism, Agency and (R.txt",64160,E
E/01135_Rhet-AI_031bf4f65212.md,E:\LIBRARY\Rhet-AI.md,10144,E
E/01136_RIA-CODEX_36d9a85069c6.txt,E:\LIBRARY\RIA-CODEX.txt,889,E
E/01137_self-improving-agent-governed-revision-post_09901b00fec6.md,E:\LIBRARY\self-improving-agent-governed-revision-post.md,3299,E
E/01138_vault-product-scoping-conversation-2026-04_e36889555eec.md,E:\LIBRARY\vault-product-scoping-conversation-2026-04.md,2472,E
E/01139_file_77bcb95be787.txt,E:\LIBRARY\{.txt,445,E
E/01140_01_Master_Recursive_Deterministic_AI_Governance_27b2ee77d148.docx,E:\MASTER PACK\APEX_PAPERS_COMMON\01_Recursive_Deterministic_AI_Governance\01_Master__Recursive_Deterministic_AI_Governance.docx,53436,E
E/01141_01_Master_Recursive_Deterministic_AI_Governance_751ecda9df17.md,E:\MASTER PACK\APEX_PAPERS_COMMON\01_Recursive_Deterministic_AI_Governance\01_Master__Recursive_Deterministic_AI_Governance.md,78308,E
E/01142_02_Loop_Hinge_candidate_This_paper_May_NOT_exist_b485e0d768c2.txt,E:\MASTER PACK\APEX_PAPERS_COMMON\02_Loop_Hinge__DRAFTENDLOOP_and_Spider-Man\02_Loop_Hinge_candidate__This_paper_May_NOT_exist.txt,310,E
E/01143_02_Loop_Hinge_support_Spider-Man_49727459c34b.docx,E:\MASTER PACK\APEX_PAPERS_COMMON\02_Loop_Hinge__DRAFTENDLOOP_and_Spider-Man\02_Loop_Hinge_support__Spider-Man.docx,25587,E
E/01144_03_Voodoo_The_Afterlife_of_Colonial_Naming_bfd633d05131.md,E:\MASTER PACK\APEX_PAPERS_COMMON\03_The_Afterlife_of_Colonial_Naming\03_Voodoo__The_Afterlife_of_Colonial_Naming.md,56966,E
E/01145_MANIFEST_0e510872dc9b.md,E:\MASTER PACK\APEX_PAPERS_COMMON\03_The_Afterlife_of_Colonial_Naming\MANIFEST.md,553,E
E/01146_VOODOO-reconstituted-journal-manuscript_8dc833f2b6aa.md,E:\MASTER PACK\APEX_PAPERS_COMMON\03_The_Afterlife_of_Colonial_Naming\superceded\VOODOO-reconstituted-journal-manuscript.md,9385,E
E/01147_04_First_Method_FIRST_METHOD_PAPER_dda8d32e66ec.docx,E:\MASTER PACK\APEX_PAPERS_COMMON\04_First_Method_Paper\04_First_Method__FIRST_METHOD_PAPER.docx,19434,E
E/01148_04_First_Method_FIRST_METHOD_PAPER_dup1_b4655c7726f0.docx,E:\MASTER PACK\APEX_PAPERS_COMMON\04_First_Method_Paper\superceded\04_First_Method__FIRST_METHOD_PAPER_dup1.docx,22479,E
E/01149_04_First_Method_candidate_Algorithmic_Agentic_AI_F_af98d0236b6a.docx,E:\MASTER PACK\APEX_PAPERS_COMMON\04_First_Method_Paper\superceded\04_First_Method_candidate__Algorithmic_Agentic_AI_Fluency_Interruption_and_Institutional_Accountability.docx,18580,E
E/01150_2013_-_Algorithmic_Agentic_AI_and_Governance_From_db46e5b52bef.docx,E:\MASTER PACK\APEX_PAPERS_COMMON\04_First_Method_Paper\superceded\2013 - Algorithmic Agentic AI and Governance From Hegemonic Fluency to the Ethics of Interruption.docx,248565,E
E/01151_Algorithmic_Agentic_AI_and_Governance_From_Hegemon_8049200df55b.docx,E:\MASTER PACK\APEX_PAPERS_COMMON\04_First_Method_Paper\superceded\Algorithmic Agentic AI and Governance From Hegemonic Fluency to the Ethics of Interruption__WIP.docx,248500,E
E/01152_recursive-ai-governance-merged_962780aeb213.md,E:\MASTER PACK\APEX_PAPERS_COMMON\04_First_Method_Paper\superceded\recursive-ai-governance-merged.md,52786,E
E/01153_RECURSO-DRAFT1-merged-revised_7a2af669edef.md,E:\MASTER PACK\APEX_PAPERS_COMMON\04_First_Method_Paper\superceded\RECURSO-DRAFT1-merged-revised.md,67464,E
E/01154_05_PHAROS_From_Recursive_Production_to_Governable_05087b8ed258.pdf,E:\MASTER PACK\APEX_PAPERS_COMMON\05_From_Recursive_Production_to_Governable_Method\05_PHAROS__From_Recursive_Production_to_Governable_Method.pdf,101111,E
E/01155_05_PHAROS_program_candidate_01_Ignition_to_Protoco_474b629789b9.md,E:\MASTER PACK\APEX_PAPERS_COMMON\05_From_Recursive_Production_to_Governable_Method\superceded\05_PHAROS_program_candidate__01_Ignition_to_Protocol_Closure.md,4297,E
E/01156_05_PHAROS_program_candidate_02_Revision_Distributi_fc96eaffc681.md,E:\MASTER PACK\APEX_PAPERS_COMMON\05_From_Recursive_Production_to_Governable_Method\superceded\05_PHAROS_program_candidate__02_Revision_Distribution_and_Forge.md,2640,E
E/01157_05_PHAROS_program_candidate_03_Continuity_Coupling_30742be31c84.md,E:\MASTER PACK\APEX_PAPERS_COMMON\05_From_Recursive_Production_to_Governable_Method\superceded\05_PHAROS_program_candidate__03_Continuity_Coupling_and_Bounded_Nonfinality.md,2101,E
E/01158_06_Claude_Stress_Test_The_Self_Polygraph_Protocol_7deda4df589f.docx,E:\MASTER PACK\APEX_PAPERS_COMMON\06_The_Self_Polygraph_Protocol\06_Claude_Stress_Test__The_Self_Polygraph_Protocol.docx,24472,E
E/01159_the-wheel-and-the-watcher-revised_634c59715f06.docx,E:\MASTER PACK\APEX_PAPERS_COMMON\06_The_Self_Polygraph_Protocol\superceded\the-wheel-and-the-watcher-revised.docx,21200,E
E/01160_the-wheel-and-the-watcher_81aedc4cd0c7.docx,E:\MASTER PACK\APEX_PAPERS_COMMON\06_The_Self_Polygraph_Protocol\superceded\the-wheel-and-the-watcher.docx,19427,E
E/01161_08_Recursive_Continuity_Without_Memory_journal_man_e865f53f8489.docx,E:\MASTER PACK\APEX_PAPERS_COMMON\08_Recursive_Continuity_Without_Memory\08_Recursive_Continuity_Without_Memory__journal_manuscript.docx,45024,E
E/01162_07_src_Mobius_Under_Pressure_Theseus_by_Replacemen_d45850911acb.docx,E:\MASTER PACK\APEX_PAPERS_COMMON\08_Recursive_Continuity_Without_Memory\superceded\07_src__Mobius_Under_Pressure_Theseus_by_Replacement_REVISED.docx,31381,E
E/01163_08_Recursive_Continuity_Without_Memory_download_re_d934a3da48ed.docx,E:\MASTER PACK\APEX_PAPERS_COMMON\08_Recursive_Continuity_Without_Memory\superceded\08_Recursive_Continuity_Without_Memory__download_recovery.docx,17306,E
E/01164_09_For_Her_Alone_to_Wield_6f644a34343b.txt,E:\MASTER PACK\APEX_PAPERS_COMMON\09_For_Her_Alone_to_Wield\09_For_Her_Alone_to_Wield.txt,53504,E
E/01165_Governance_by_Denial_-_revised_working_draft_30899d3f134e.docx,E:\MASTER PACK\APEX_PAPERS_COMMON\10_Governance_by_Denial\Governance by Denial - revised working draft.docx,56297,E
E/01166_Governance_by_Denial_-_revised_working_draft_76f1b96833e5.md,E:\MASTER PACK\APEX_PAPERS_COMMON\10_Governance_by_Denial\Governance by Denial - revised working draft.md,79851,E
E/01167_10_Governance_by_Denial_7bafde97ee4c.odt,E:\MASTER PACK\APEX_PAPERS_COMMON\10_Governance_by_Denial\superceded\10_Governance_by_Denial.odt,78271,E
E/01168_ARCHIVE_TRIAGE_513c9829bcbc.md,E:\MASTER PACK\APEX_PAPERS_COMMON\ARCHIVE_TRIAGE.md,3834,E
E/01169_CompressOpaq-FINAL-CITED-20260228-165347_8e8a22a301c4.docx,E:\MASTER PACK\APEX_PAPERS_COMMON\COMPRESS\CompressOpaq-FINAL-CITED-20260228-165347.docx,589914,E
E/01170_introduction_6e70f43281ae.docx,E:\MASTER PACK\APEX_PAPERS_COMMON\COMPRESS\introduction.docx,13796,E
E/01171_JRT-guide_bb5ca3b2513a.pdf,E:\MASTER PACK\APEX_PAPERS_COMMON\COMPRESS\JRT-guide.pdf,9598107,E
E/01172_Martin_Voice_Spec_v1_2662e57c9225.txt,E:\MASTER PACK\APEX_PAPERS_COMMON\COMPRESS\Martin Voice Spec v1.txt,27959,E
E/01173_Martin_Voice_Spec_v3_OFFICIAL_dc82ace4be7e.pdf,E:\MASTER PACK\APEX_PAPERS_COMMON\COMPRESS\Martin Voice Spec v3 OFFICIAL.pdf,150304,E
E/01174_Compress_without_opacity_1_953784a4c57a.docx,E:\MASTER PACK\APEX_PAPERS_COMMON\COMPRESS\superceded\Compress without opacity (1).docx,402005,E
E/01175_Compress_without_opacity_2_2d3a76ba4a24.docx,E:\MASTER PACK\APEX_PAPERS_COMMON\COMPRESS\superceded\Compress without opacity (2).docx,20507,E
E/01176_Compress_without_Opacity-DRAFT2_5db133695a8a.docx,E:\MASTER PACK\APEX_PAPERS_COMMON\COMPRESS\superceded\Compress without Opacity-DRAFT2.docx,26651,E
E/01177_Compress_without_opacity_76c4ef761756.docx,E:\MASTER PACK\APEX_PAPERS_COMMON\COMPRESS\superceded\Compress without opacity.docx,29795,E
E/01178_CompressOpaq-FINAL-BACKUP-20260228-161530_2456bb716929.docx,E:\MASTER PACK\APEX_PAPERS_COMMON\COMPRESS\superceded\CompressOpaq-FINAL-BACKUP-20260228-161530.docx,590588,E
E/01179_CompressOpaq-FINAL-CITED-20260228-164858_1d1a495cb21a.docx,E:\MASTER PACK\APEX_PAPERS_COMMON\COMPRESS\superceded\CompressOpaq-FINAL-CITED-20260228-164858.docx,590380,E
E/01180_CompressOpaq-TRUE_b22ec00d5306.docx,E:\MASTER PACK\APEX_PAPERS_COMMON\COMPRESS\superceded\CompressOpaq-TRUE.docx,594373,E
E/01181_CompressOpaq-TRUE_f32d5c30d4a8.odt,E:\MASTER PACK\APEX_PAPERS_COMMON\COMPRESS\superceded\CompressOpaq-TRUE.odt,77115,E
E/01182_INDEX_99482aeaf693.md,E:\MASTER PACK\APEX_PAPERS_COMMON\INDEX.md,2597,E
E/01183_MANIFEST_4d25d55a7c83.md,E:\MASTER PACK\APEX_PAPERS_COMMON\MANIFEST.md,7269,E
E/01184_TRACE_SCAN_2026-03-29_86c0b80ddda5.md,E:\MASTER PACK\APEX_PAPERS_COMMON\TRACE_SCAN_2026-03-29.md,13140,E
E/01185_Control_1_21d3c230e025.txt,E:\MASTER PACK\SORTED_PAPERS\Desktop Intake 2026-03-29\Control 1.txt,11471,E
E/01186_MASTER_ANNOTATED_REFERENCE_LIST_-_ALPHABETICAL_dd46b6ae153f.md,E:\MASTER REFERENCE SAFE\annotated\MASTER ANNOTATED REFERENCE LIST - ALPHABETICAL.md,869210,E
E/01187_MASTER_ANNOTATED_REFERENCE_LIST_-_PUBLICATION_DATE_07e778d1ec8f.md,E:\MASTER REFERENCE SAFE\annotated\MASTER ANNOTATED REFERENCE LIST - PUBLICATION DATE.md,869867,E
E/01188_MASTER_ANNOTATED_REFERENCE_LIST_-_THEMES_4d20b6b8b335.md,E:\MASTER REFERENCE SAFE\annotated\MASTER ANNOTATED REFERENCE LIST - THEMES.md,869352,E
E/01189_MASTER_ANNOTATED_REFERENCE_LIST_7ac83e300306.csv,E:\MASTER REFERENCE SAFE\annotated\MASTER ANNOTATED REFERENCE LIST.csv,819312,E
E/01190_MASTER_ANNOTATED_REFERENCE_LIST_132da8209e65.md,E:\MASTER REFERENCE SAFE\annotated\MASTER ANNOTATED REFERENCE LIST.md,2472,E
E/01191_MASTER_REFERENCE_LIST_pre-clean_20260330-235256_47ad3ab3bc8c.txt,E:\MASTER REFERENCE SAFE\archive\2026-03\MASTER REFERENCE LIST pre-clean 20260330-235256.txt,75058,E
E/01192_MASTER_REFERENCE_LIST_pre-clean_20260331-000704_910786cd09cd.txt,E:\MASTER REFERENCE SAFE\archive\2026-03\MASTER REFERENCE LIST pre-clean 20260331-000704.txt,51123,E
E/01193_MASTER_REFERENCE_LIST_pre-clean_20260331-000930_b7145aa0756f.txt,E:\MASTER REFERENCE SAFE\archive\2026-03\MASTER REFERENCE LIST pre-clean 20260331-000930.txt,87934,E
E/01194_MASTER_REFERENCE_LIST_pre-clean_20260331-001205_d82f91f92462.txt,E:\MASTER REFERENCE SAFE\archive\2026-03\MASTER REFERENCE LIST pre-clean 20260331-001205.txt,70587,E
E/01195_MASTER_REFERENCE_LIST_pre-clean_20260331-001212_b58138db41b1.txt,E:\MASTER REFERENCE SAFE\archive\2026-03\MASTER REFERENCE LIST pre-clean 20260331-001212.txt,70723,E
E/01196_MASTER_REFERENCE_LIST_pre-clean_20260331-001256_2217004a88d0.txt,E:\MASTER REFERENCE SAFE\archive\2026-03\MASTER REFERENCE LIST pre-clean 20260331-001256.txt,70723,E
E/01197_MASTER_REFERENCE_LIST_pre-clean_20260331-001306_25c90cc60037.txt,E:\MASTER REFERENCE SAFE\archive\2026-03\MASTER REFERENCE LIST pre-clean 20260331-001306.txt,70678,E
E/01198_MASTER_REFERENCE_LIST_pre-clean_20260331-001326_67cc941b1e66.txt,E:\MASTER REFERENCE SAFE\archive\2026-03\MASTER REFERENCE LIST pre-clean 20260331-001326.txt,70678,E
E/01199_MASTER_REFERENCE_LIST_pre-clean_20260331-001329_86e9ae40e079.txt,E:\MASTER REFERENCE SAFE\archive\2026-03\MASTER REFERENCE LIST pre-clean 20260331-001329.txt,70678,E
E/01200_MASTER_REFERENCE_LIST_pre-clean_20260331-005609_22a52cdadcee.txt,E:\MASTER REFERENCE SAFE\archive\2026-03\MASTER REFERENCE LIST pre-clean 20260331-005609.txt,83832,E
E/01201_MASTER_REFERENCE_LIST_pre-clean_20260331-005701_8dc32e70a866.txt,E:\MASTER REFERENCE SAFE\archive\2026-03\MASTER REFERENCE LIST pre-clean 20260331-005701.txt,81708,E
E/01202_AI_Governance_MASTER_REFERENCE_LIST_191c3d38934b.txt,E:\MASTER REFERENCE SAFE\archive\2026-03\pre-inbox-process-20260331-130850\AI Governance MASTER REFERENCE LIST.txt,16832,E
E/01203_MASTER_ANNOTATED_REFERENCE_LIST_49e07a86901c.csv,E:\MASTER REFERENCE SAFE\archive\2026-03\pre-inbox-process-20260331-130850\MASTER ANNOTATED REFERENCE LIST.csv,287646,E
E/01204_MASTER_ANNOTATED_REFERENCE_LIST_7ef407c83506.md,E:\MASTER REFERENCE SAFE\archive\2026-03\pre-inbox-process-20260331-130850\MASTER ANNOTATED REFERENCE LIST.md,2276,E
E/01205_MASTER_REFERENCE_LIST_340854eb1774.txt,E:\MASTER REFERENCE SAFE\archive\2026-03\pre-inbox-process-20260331-130850\MASTER REFERENCE LIST.txt,83832,E
E/01206_AI_Governance_MASTER_REFERENCE_LIST_d0b1a8fc45c7.txt,E:\MASTER REFERENCE SAFE\canonical\AI Governance MASTER REFERENCE LIST.txt,42880,E
E/01207_MASTER_REFERENCE_LIST_5cb7ac0386e3.txt,E:\MASTER REFERENCE SAFE\canonical\MASTER REFERENCE LIST.txt,151723,E
E/01208_MASTER_REFERENCE_REVIEW_cb7f7f848648.txt,E:\MASTER REFERENCE SAFE\canonical\MASTER REFERENCE REVIEW.txt,25,E
E/01209_failed-dois-2026-05-04_9a0133709e59.txt,E:\MASTER REFERENCE SAFE\exports\bibcitation\failed-dois-2026-05-04.txt,941,E
E/01210_20260331-004455--a083fe11-720e-38bf-b634-1d9376df3_f8df074fe63a.ris,E:\MASTER REFERENCE SAFE\exports\bibcitation\processed\20260331-004455--a083fe11-720e-38bf-b634-1d9376df3a99.ris,464,E
E/01211_20260331-131351--_book_hayles1999posthuman_bac0d1924945.txt,"E:\MASTER REFERENCE SAFE\exports\bibcitation\processed\20260331-131351--@book{hayles1999posthuman,.txt",6024,E
E/01212_20260331-131406--_inproceedings_mack2024wheelchair_14d8010f9b64.txt,"E:\MASTER REFERENCE SAFE\exports\bibcitation\processed\20260331-131406--@inproceedings{mack2024wheelchair,.txt",7454,E
E/01213_PHAROS-QUEBEC-CANADA-OPERATIONAL-PACK-EN_431a64aea87e.pdf,E:\MASTER REFERENCE SAFE\exports\bibcitation\processed\20260331-pharos-qc-ca-operational-pack\PHAROS-QUEBEC-CANADA-OPERATIONAL-PACK-EN.pdf,42285,E
E/01214_PHAROS-QUEBEC-CANADA-OPERATIONAL-PACK-FR_270728630a28.pdf,E:\MASTER REFERENCE SAFE\exports\bibcitation\processed\20260331-pharos-qc-ca-operational-pack\PHAROS-QUEBEC-CANADA-OPERATIONAL-PACK-FR.pdf,44160,E
E/01215_PHAROS-AI-Healthcare-Project-Proposal-Quebec-Canad_ebd44ff91053.docx,E:\MASTER REFERENCE SAFE\exports\bibcitation\processed\20260401-ai-healthcare-project-proposal\PHAROS-AI-Healthcare-Project-Proposal-Quebec-Canada-2026-04-01.docx,46576,E
E/01216_PHAROS-AI-Healthcare-Project-Proposal-Quebec-Canad_7e75ffd7ceb9.md,E:\MASTER REFERENCE SAFE\exports\bibcitation\processed\20260401-ai-healthcare-project-proposal\PHAROS-AI-Healthcare-Project-Proposal-Quebec-Canada-2026-04-01.md,16532,E
E/01217_PHAROS-AI-Healthcare-Project-Proposal-Quebec-Canad_ff710b723630.pdf,E:\MASTER REFERENCE SAFE\exports\bibcitation\processed\20260401-ai-healthcare-project-proposal\PHAROS-AI-Healthcare-Project-Proposal-Quebec-Canada-2026-04-01.pdf,22382,E
E/01218_20260408-124609--posthumanism_refs_897e40d7c873.bib,E:\MASTER REFERENCE SAFE\exports\bibcitation\processed\20260408-124609--posthumanism_refs.bib,5521,E
E/01219_20260408-124609--T1-DossierThematique-3_f25a2c85c685.pdf,E:\MASTER REFERENCE SAFE\exports\bibcitation\processed\20260408-124609--T1-DossierThematique-3.pdf,2527545,E
E/01220_20260504-193842--doi-candidates-2026-05-04_624a52a168bc.txt,E:\MASTER REFERENCE SAFE\exports\bibcitation\processed\20260504-193842--doi-candidates-2026-05-04.txt,43141,E
E/01221_README_b0e9ba0110d1.md,E:\MASTER REFERENCE SAFE\README.md,5996,E
E/01222_90_CONSOLIDATED_APP_IMPLEMENTATION_SUMMARY_b20deebf0739.md,E:\PHAROS METHOD REPOSITORY\PHAROS METHOD\90_CONSOLIDATED_FINAL_SYNTHESIS\90_CONSOLIDATED_APP_IMPLEMENTATION_SUMMARY.md,280,E
E/01223_90_CONSOLIDATED_ARBITRATION_CONTROL_MEMO_EXECUTABL_4e557140dae5.md,E:\PHAROS METHOD REPOSITORY\PHAROS METHOD\90_CONSOLIDATED_FINAL_SYNTHESIS\90_CONSOLIDATED_ARBITRATION_CONTROL_MEMO_EXECUTABLE.md,563,E
E/01224_90_CONSOLIDATED_ARCHITECTURE_TOKENS_AND_METHOD_REA_2839eb041bc5.md,E:\PHAROS METHOD REPOSITORY\PHAROS METHOD\90_CONSOLIDATED_FINAL_SYNTHESIS\90_CONSOLIDATED_ARCHITECTURE_TOKENS_AND_METHOD_READABILITY.md,3968,E
E/01225_90_CONSOLIDATED_BUILD_INTEGRITY_REPORT_9325b375967e.md,E:\PHAROS METHOD REPOSITORY\PHAROS METHOD\90_CONSOLIDATED_FINAL_SYNTHESIS\90_CONSOLIDATED_BUILD_INTEGRITY_REPORT.md,2211,E
E/01226_90_CONSOLIDATED_CROSSWALK_ARCHIVE_TO_METHOD_cfacf797303e.md,E:\PHAROS METHOD REPOSITORY\PHAROS METHOD\90_CONSOLIDATED_FINAL_SYNTHESIS\90_CONSOLIDATED_CROSSWALK_ARCHIVE_TO_METHOD.md,522,E
E/01227_90_CONSOLIDATED_DEFINITIVE_METHOD_4404117bbe31.md,E:\PHAROS METHOD REPOSITORY\PHAROS METHOD\90_CONSOLIDATED_FINAL_SYNTHESIS\90_CONSOLIDATED_DEFINITIVE_METHOD.md,424,E
E/01228_90_CONSOLIDATED_FINAL_SYNTHESIS_19484b7a8aea.md,E:\PHAROS METHOD REPOSITORY\PHAROS METHOD\90_CONSOLIDATED_FINAL_SYNTHESIS\90_CONSOLIDATED_FINAL_SYNTHESIS.md,691,E
E/01229_90_CONSOLIDATED_GOVERNANCE_LINEAGE_SUMMARY_e63e73230dfd.md,E:\PHAROS METHOD REPOSITORY\PHAROS METHOD\90_CONSOLIDATED_FINAL_SYNTHESIS\90_CONSOLIDATED_GOVERNANCE_LINEAGE_SUMMARY.md,419,E
E/01230_90_CONSOLIDATED_GOVERNANCE_REVISION_LINEAGE_AIGOV1_cc6df1bc4adb.md,E:\PHAROS METHOD REPOSITORY\PHAROS METHOD\90_CONSOLIDATED_FINAL_SYNTHESIS\90_CONSOLIDATED_GOVERNANCE_REVISION_LINEAGE_AIGOV1_TO_HEPHAISTOS.md,460,E
E/01231_90_CONSOLIDATED_HEPHAISTOS_SUMMARY_ce0b3f8fdca9.md,E:\PHAROS METHOD REPOSITORY\PHAROS METHOD\90_CONSOLIDATED_FINAL_SYNTHESIS\90_CONSOLIDATED_HEPHAISTOS_SUMMARY.md,306,E
E/01232_90_CONSOLIDATED_HEPHAISTOS_WSL_CODEX_CLAUDE_IMPLEM_28494a43906a.md,E:\PHAROS METHOD REPOSITORY\PHAROS METHOD\90_CONSOLIDATED_FINAL_SYNTHESIS\90_CONSOLIDATED_HEPHAISTOS_WSL_CODEX_CLAUDE_IMPLEMENTATION_MAP.md,443,E
E/01233_90_CONSOLIDATED_MULTI_AGENT_DEBATE_AND_RECURSIVE_A_eddc19a0170a.md,E:\PHAROS METHOD REPOSITORY\PHAROS METHOD\90_CONSOLIDATED_FINAL_SYNTHESIS\90_CONSOLIDATED_MULTI_AGENT_DEBATE_AND_RECURSIVE_ARBITRATION.md,365,E
E/01234_90_CONSOLIDATED_ONE_PAGE_SCHEMA_97461d16ad00.md,E:\PHAROS METHOD REPOSITORY\PHAROS METHOD\90_CONSOLIDATED_FINAL_SYNTHESIS\90_CONSOLIDATED_ONE_PAGE_SCHEMA.md,372,E
E/01235_90_CONSOLIDATED_RESULTS_MATRIX_95315d448f5b.md,E:\PHAROS METHOD REPOSITORY\PHAROS METHOD\90_CONSOLIDATED_FINAL_SYNTHESIS\90_CONSOLIDATED_RESULTS_MATRIX.md,1139,E
E/01236_90_CONSOLIDATED_SKILL_ARCHITECT_AND_SKILL_DISTRIBU_bc3f7dfc3dd2.md,E:\PHAROS METHOD REPOSITORY\PHAROS METHOD\90_CONSOLIDATED_FINAL_SYNTHESIS\90_CONSOLIDATED_SKILL_ARCHITECT_AND_SKILL_DISTRIBUTION_CROSSWALK.md,600,E
E/01237_90_CONSOLIDATED_SKILL_LINEAGE_SUMMARY_9c0ae5835d40.md,E:\PHAROS METHOD REPOSITORY\PHAROS METHOD\90_CONSOLIDATED_FINAL_SYNTHESIS\90_CONSOLIDATED_SKILL_LINEAGE_SUMMARY.md,333,E
E/01238_90_CONSOLIDATED_TOPOLOGY_SUMMARY_3be78ba39e5f.md,E:\PHAROS METHOD REPOSITORY\PHAROS METHOD\90_CONSOLIDATED_FINAL_SYNTHESIS\90_CONSOLIDATED_TOPOLOGY_SUMMARY.md,253,E
E/01239_OPENai_PHAROS_0493f31f1294.docx,E:\PHAROS METHOD REPOSITORY\PHAROS METHOD\90_CONSOLIDATED_FINAL_SYNTHESIS\Downloads Intake 2026-03-29\OPENai_PHAROS.docx,14045,E
E/01240_OPENai_PHAROS_1c6332e94183.pdf,E:\PHAROS METHOD REPOSITORY\PHAROS METHOD\90_CONSOLIDATED_FINAL_SYNTHESIS\Downloads Intake 2026-03-29\OPENai_PHAROS.pdf,112515,E
E/01241_PHAROS_AUDIT_REPORT_1deda2d590c6.docx,E:\PHAROS METHOD REPOSITORY\PHAROS METHOD\90_CONSOLIDATED_FINAL_SYNTHESIS\Downloads Intake 2026-03-29\PHAROS_AUDIT_REPORT.docx,34430,E
E/01242_PHAROS_AUDIT_REPORT_4e77027a723c.md,E:\PHAROS METHOD REPOSITORY\PHAROS METHOD\90_CONSOLIDATED_FINAL_SYNTHESIS\Downloads Intake 2026-03-29\PHAROS_AUDIT_REPORT.md,41587,E
E/01243_PHAROS_Document_Catalogue_Codex_Prompt_492d403fe8df.md,E:\PHAROS METHOD REPOSITORY\PHAROS METHOD\90_CONSOLIDATED_FINAL_SYNTHESIS\Downloads Intake 2026-03-29\PHAROS_Document_Catalogue_Codex_Prompt.md,28916,E
E/01244_OPENai_PHAROS_1_362afdd0588e.docx,E:\PHAROS METHOD REPOSITORY\PHAROS METHOD\90_CONSOLIDATED_FINAL_SYNTHESIS\Downloads Intake 2026-03-29\Superseded\OPENai_PHAROS\OPENai_PHAROS (1).docx,14045,E
E/01245_99_SUBMISSION_PACKAGE_MANIFEST_d215517e6cd9.md,E:\PHAROS METHOD REPOSITORY\PHAROS METHOD\99_SUBMISSION_PACKAGE\99_SUBMISSION_PACKAGE_MANIFEST.md,210,E
E/01246_99_SUBMISSION_PACKAGE_OPERATOR_HANDOFF_NOTE_40e48ba6cbdc.md,E:\PHAROS METHOD REPOSITORY\PHAROS METHOD\99_SUBMISSION_PACKAGE\99_SUBMISSION_PACKAGE_OPERATOR_HANDOFF_NOTE.md,692,E
E/01247_99_SUBMISSION_PACKAGE_VALIDATION_CHECKLIST_f1a39aafcdeb.md,E:\PHAROS METHOD REPOSITORY\PHAROS METHOD\99_SUBMISSION_PACKAGE\99_SUBMISSION_PACKAGE_VALIDATION_CHECKLIST.md,833,E
E/01248_00_MANIFEST_a2a9ba2a2184.md,E:\PHAROS METHOD REPOSITORY\PHAROS METHOD\99_SUBMISSION_PACKAGE\Downloads Intake 2026-03-29\PHAROS_EVIDENTIARY_GAP_CLOSURE_2026-03-28\output\00_MANIFEST.md,3695,E
E/01249_01_CROSS_REFERENCE_AUDIT_3d5b1f6348f4.md,E:\PHAROS METHOD REPOSITORY\PHAROS METHOD\99_SUBMISSION_PACKAGE\Downloads Intake 2026-03-29\PHAROS_EVIDENTIARY_GAP_CLOSURE_2026-03-28\output\01_CROSS_REFERENCE_AUDIT.md,6478,E
E/01250_02_FORMAT_INTEGRITY_AND_EXISTENCE_CORRECTIONS_0809d799787a.md,E:\PHAROS METHOD REPOSITORY\PHAROS METHOD\99_SUBMISSION_PACKAGE\Downloads Intake 2026-03-29\PHAROS_EVIDENTIARY_GAP_CLOSURE_2026-03-28\output\02_FORMAT_INTEGRITY_AND_EXISTENCE_CORRECTIONS.md,3711,E
E/01251_03_QUANTITATIVE_EVIDENCE_GAP_PACKET_02c2f45aeed6.md,E:\PHAROS METHOD REPOSITORY\PHAROS METHOD\99_SUBMISSION_PACKAGE\Downloads Intake 2026-03-29\PHAROS_EVIDENTIARY_GAP_CLOSURE_2026-03-28\output\03_QUANTITATIVE_EVIDENCE_GAP_PACKET.md,5014,E
E/01252_Codex_Governance_Case_Study_The_Blind_Leading_the_9805ceba7e19.md,E:\PHAROS METHOD REPOSITORY\PHAROS METHOD\99_SUBMISSION_PACKAGE\Downloads Intake 2026-03-29\PHAROS_EVIDENTIARY_GAP_CLOSURE_2026-03-28\output\Codex Governance Case Study_ The Blind Leading the Automated.md,14318,E
E/01253_From_Recursive_Production_to_Governable_Method_A_C_1a40dd37f6ce.md,E:\PHAROS METHOD REPOSITORY\PHAROS METHOD\99_SUBMISSION_PACKAGE\Downloads Intake 2026-03-29\PHAROS_EVIDENTIARY_GAP_CLOSURE_2026-03-28\output\From Recursive Production to Governable Method_ A Comprehensive Account of the PHAROS Research Program.md,15258,E
E/01254_PHAROS_Master_Standard_Operating_Procedure_SOP_b1a8c3a0faea.md,E:\PHAROS METHOD REPOSITORY\PHAROS METHOD\99_SUBMISSION_PACKAGE\Downloads Intake 2026-03-29\PHAROS_EVIDENTIARY_GAP_CLOSURE_2026-03-28\output\PHAROS Master Standard Operating Procedure (SOP).md,30220,E
E/01255_PHAROS_Recursive_Redesign_-_Execution_Output_Passe_15c1224bc44f.txt,E:\PHAROS METHOD REPOSITORY\PHAROS METHOD\99_SUBMISSION_PACKAGE\Downloads Intake 2026-03-29\PHAROS_EVIDENTIARY_GAP_CLOSURE_2026-03-28\output\PHAROS Recursive Redesign - Execution Output Passes 1-5 (Claude + GPT).txt,403023,E
E/01256_PHAROS_Recursive_Redesign_-_Execution_Output_Passe_51c71ea57796.txt,E:\PHAROS METHOD REPOSITORY\PHAROS METHOD\99_SUBMISSION_PACKAGE\Downloads Intake 2026-03-29\PHAROS_EVIDENTIARY_GAP_CLOSURE_2026-03-28\output\PHAROS Recursive Redesign - Execution Output Passes 1-5 (Claude).txt,388965,E
E/01257_PHAROS_Invention_Disclosure_v5_f5229a706ecc.txt,E:\PHAROS METHOD REPOSITORY\PHAROS METHOD\99_SUBMISSION_PACKAGE\Downloads Intake 2026-03-29\PHAROS_EVIDENTIARY_GAP_CLOSURE_2026-03-28\output\PHAROS_Invention_Disclosure_v5.txt,28712,E
E/01258_Recursive_AI_Governance_as_Executable_Method_The_V_cb8d00c916bd.md,E:\PHAROS METHOD REPOSITORY\PHAROS METHOD\99_SUBMISSION_PACKAGE\Downloads Intake 2026-03-29\PHAROS_EVIDENTIARY_GAP_CLOSURE_2026-03-28\output\Recursive AI Governance as Executable Method_ The Very Long Narrative.md,30520,E
E/01259_blind_leading_source_8c436166c1d7.md,E:\PHAROS METHOD REPOSITORY\PHAROS METHOD\99_SUBMISSION_PACKAGE\Downloads Intake 2026-03-29\PHAROS_EVIDENTIARY_GAP_CLOSURE_2026-03-28\sources\blind_leading_source.md,13269,E
E/01260_comprehensive_account_source_a2e1752fc758.txt,E:\PHAROS METHOD REPOSITORY\PHAROS METHOD\99_SUBMISSION_PACKAGE\Downloads Intake 2026-03-29\PHAROS_EVIDENTIARY_GAP_CLOSURE_2026-03-28\sources\comprehensive_account_source.txt,14483,E
E/01261_very_long_narrative_source_d1224a6b6ada.txt,E:\PHAROS METHOD REPOSITORY\PHAROS METHOD\99_SUBMISSION_PACKAGE\Downloads Intake 2026-03-29\PHAROS_EVIDENTIARY_GAP_CLOSURE_2026-03-28\sources\very_long_narrative_source.txt,81056,E
I/00001_Carleton_0bd95f2d48e0.docx,"I:\Backup\Emplois, Bourses, postdocs\Academia\Allan Slaight U. Carleton\Carleton.docx",28010,I
I/00002_Carleton_00bfa9d21b7c.pdf,"I:\Backup\Emplois, Bourses, postdocs\Academia\Allan Slaight U. Carleton\Carleton.pdf",126326,I
I/00003_CV-MLepageCarleton_c53fb8537417.docx,"I:\Backup\Emplois, Bourses, postdocs\Academia\Allan Slaight U. Carleton\CV-MLepageCarleton.docx",46054,I
I/00004_CV-MLepageCarleton_4e04a83a0f95.pdf,"I:\Backup\Emplois, Bourses, postdocs\Academia\Allan Slaight U. Carleton\CV-MLepageCarleton.pdf",143971,I
I/00005_MLepage-CarletonReferences_cec0804085a7.docx,"I:\Backup\Emplois, Bourses, postdocs\Academia\Allan Slaight U. Carleton\MLepage-CarletonReferences.docx",14089,I
I/00006_MLepage-CarletonReferences_1f5561d7f47d.pdf,"I:\Backup\Emplois, Bourses, postdocs\Academia\Allan Slaight U. Carleton\MLepage-CarletonReferences.pdf",58557,I
I/00007_MLepage-UCarletonSlaight_bf902082a9ae.pdf,"I:\Backup\Emplois, Bourses, postdocs\Academia\Allan Slaight U. Carleton\MLepage-UCarletonSlaight.pdf",327500,I
I/00008_MLepageCV-Carleton_b75ef3fbf005.docx,"I:\Backup\Emplois, Bourses, postdocs\Academia\Allan Slaight U. Carleton\MLepageCV-Carleton.docx",54528,I
I/00009_CoverletterMLepageBaker_c32af312eef6.docx,"I:\Backup\Emplois, Bourses, postdocs\Academia\Baker Queen's\CoverletterMLepageBaker.docx",36203,I
I/00010_CoverletterMLepageBaker_a3fbff33470b.pdf,"I:\Backup\Emplois, Bourses, postdocs\Academia\Baker Queen's\CoverletterMLepageBaker.pdf",150382,I
I/00011_Lepage_Jeffrey_Baker_5ca2932a5e0e.doc,"I:\Backup\Emplois, Bourses, postdocs\Academia\Baker Queen's\Lepage[Jeffrey]Baker.doc",74240,I
I/00012_Lepage_Jeffrey_Baker_697eac58e1cb.pdf,"I:\Backup\Emplois, Bourses, postdocs\Academia\Baker Queen's\Lepage[Jeffrey]Baker.pdf",98705,I
I/00013_Letizia_Lepage_Baker_49c0a8003454.pdf,"I:\Backup\Emplois, Bourses, postdocs\Academia\Baker Queen's\Letizia_Lepage_Baker.pdf",143771,I
I/00014_MLepageCV-Baker_bb9caf85cc75.docx,"I:\Backup\Emplois, Bourses, postdocs\Academia\Baker Queen's\MLepageCV-Baker.docx",31054,I
I/00015_MLepageCV-Baker_5ae49d30cdf7.pdf,"I:\Backup\Emplois, Bourses, postdocs\Academia\Baker Queen's\MLepageCV-Baker.pdf",222671,I
I/00016_p02_8e085fd2705d.pdf,"I:\Backup\Emplois, Bourses, postdocs\Academia\Baker Queen's\p02.pdf",253784,I
I/00017_p03_1a5b4f0c4987.pdf,"I:\Backup\Emplois, Bourses, postdocs\Academia\Baker Queen's\p03.pdf",173884,I
I/00018_recommendation_Letizia_martin_Baker_cba401780b45.docx,"I:\Backup\Emplois, Bourses, postdocs\Academia\Baker Queen's\recommendation Letizia_martin_Baker.docx",58564,I
I/00019_Religion_and_Material_Culture_Baker_post_doc_ad_FI_455d5131e703.pdf,"I:\Backup\Emplois, Bourses, postdocs\Academia\Baker Queen's\Religion and Material Culture Baker post doc ad FINAL2.pdf",195206,I
I/00020_StatementResearchMLepageBaker_4decf2033c8a.docx,"I:\Backup\Emplois, Bourses, postdocs\Academia\Baker Queen's\StatementResearchMLepageBaker.docx",26430,I
I/00021_StatementResearchMLepageBaker_a76cc5e23749.pdf,"I:\Backup\Emplois, Bourses, postdocs\Academia\Baker Queen's\StatementResearchMLepageBaker.pdf",134112,I
I/00022_TeachingMLepageBaker_3b74dfcb8f04.docx,"I:\Backup\Emplois, Bourses, postdocs\Academia\Baker Queen's\TeachingMLepageBaker.docx",22868,I
I/00023_TeachingMLepageBaker_200489fa345a.pdf,"I:\Backup\Emplois, Bourses, postdocs\Academia\Baker Queen's\TeachingMLepageBaker.pdf",541237,I
I/00024_WritingSampleMLepage-Baker_2841e70c914a.pdf,"I:\Backup\Emplois, Bourses, postdocs\Academia\Baker Queen's\WritingSampleMLepage-Baker.pdf",7150320,I
I/00025_Appendix-H-CUPFA-application-fr_27168b28579e.docx,"I:\Backup\Emplois, Bourses, postdocs\Academia\Concordia 2017\Appendix-H-CUPFA-application-fr.docx",42795,I
I/00026_Appendix-H-CUPFA-application-fr_00740ee860e4.pdf,"I:\Backup\Emplois, Bourses, postdocs\Academia\Concordia 2017\Appendix-H-CUPFA-application-fr.pdf",155774,I
I/00027_CoverletterMLepageGSC_8f063ffd5884.pdf,"I:\Backup\Emplois, Bourses, postdocs\Academia\Concordia 2017\CoverletterMLepageGSC.pdf",120261,I
I/00028_CV-MLepage2017eng_a9c910ca194a.pdf,"I:\Backup\Emplois, Bourses, postdocs\Academia\Concordia 2017\CV-MLepage2017eng.pdf",137604,I
I/00029_fris-all-postings-20170502_841eaa41353d.pdf,"I:\Backup\Emplois, Bourses, postdocs\Academia\Concordia 2017\fris-all-postings-20170502.pdf",5514658,I
I/00030_LepageLetter-Clarke_b234a6c67289.pdf,"I:\Backup\Emplois, Bourses, postdocs\Academia\Concordia 2017\LepageLetter-Clarke.pdf",99813,I
I/00031_LepageLetter-Dion_db3649939681.pdf,"I:\Backup\Emplois, Bourses, postdocs\Academia\Concordia 2017\LepageLetter-Dion.pdf",97337,I
I/00032_LepageLetter-Gauvreau_50dc10524b1e.pdf,"I:\Backup\Emplois, Bourses, postdocs\Academia\Concordia 2017\LepageLetter-Gauvreau.pdf",97822,I
I/00033_Letter_M.Lepage_Concordia_4b80769d84e8.docx,"I:\Backup\Emplois, Bourses, postdocs\Academia\Concordia 2017\Letter M.Lepage Concordia.docx",26539,I
I/00034_Letter_M.Lepage_Concordia_14a828dd37ea.pdf,"I:\Backup\Emplois, Bourses, postdocs\Academia\Concordia 2017\Letter M.Lepage Concordia.pdf",128405,I
I/00035_recommendation_letter_martin_Concordia_06c162d91e14.docx,"I:\Backup\Emplois, Bourses, postdocs\Academia\Concordia 2017\recommendation letter_martin_Concordia.docx",41115,I
I/00036_recommendation_letter_martin_Concordia_5e10cf7a4368.pdf,"I:\Backup\Emplois, Bourses, postdocs\Academia\Concordia 2017\recommendation letter_martin_Concordia.pdf",196552,I
I/00037_Copies_of_Publications-Lepage_a6a33c04b218.pdf,"I:\Backup\Emplois, Bourses, postdocs\Academia\Concordia Gender&Society\Copies of Publications-Lepage.pdf",7150320,I
I/00038_CoverletterMLepageGSC_c55623c71155.pdf,"I:\Backup\Emplois, Bourses, postdocs\Academia\Concordia Gender&Society\CoverletterMLepageGSC.pdf",120261,I
I/00039_CV-MLepage2017GSC_574b44f8b981.docx,"I:\Backup\Emplois, Bourses, postdocs\Academia\Concordia Gender&Society\CV-MLepage2017GSC.docx",46358,I
I/00040_CV-MLepage2017GSC_efb9906d9ff6.pdf,"I:\Backup\Emplois, Bourses, postdocs\Academia\Concordia Gender&Society\CV-MLepage2017GSC.pdf",143334,I
I/00041_Gender_Society_Job_Posting_e5cfbd740f99.pdf,"I:\Backup\Emplois, Bourses, postdocs\Academia\Concordia Gender&Society\Gender & Society Job Posting.pdf",118959,I
I/00042_Letter_Boisvert-SCGSLepage_7ef2602d17ae.docx,"I:\Backup\Emplois, Bourses, postdocs\Academia\Concordia Gender&Society\Letter Boisvert-SCGSLepage.docx",13866,I
I/00043_letter_lepage_SCGS_Marcotte_3bf621255265.docx,"I:\Backup\Emplois, Bourses, postdocs\Academia\Concordia Gender&Society\letter_lepage_SCGS(Marcotte).docx",42704,I
I/00044_M_Lepage_SCGS_Boisvert_8acbf9baf50f.pdf,"I:\Backup\Emplois, Bourses, postdocs\Academia\Concordia Gender&Society\M Lepage SCGS Boisvert.pdf",811682,I
I/00045_Martin_LEPAGE_2017.10.06_SCGS_907bd0e1b09b.pdf,"I:\Backup\Emplois, Bourses, postdocs\Academia\Concordia Gender&Society\Martin LEPAGE (2017.10.06) SCGS.pdf",309162,I
I/00046_StatementResearchMLepageGSC_d718117f3dec.pdf,"I:\Backup\Emplois, Bourses, postdocs\Academia\Concordia Gender&Society\StatementResearchMLepageGSC.pdf",107244,I
I/00047_StatementTeachingMLepageGSC_0f6ad338fee9.pdf,"I:\Backup\Emplois, Bourses, postdocs\Academia\Concordia Gender&Society\StatementTeachingMLepageGSC.pdf",98048,I
I/00048_TeachingEffectivenessMLepageGSC_95188f8f52a9.pdf,"I:\Backup\Emplois, Bourses, postdocs\Academia\Concordia Gender&Society\TeachingEffectivenessMLepageGSC.pdf",521728,I
I/00049_AMir-Araya-PluralismandRadical_8b499f14f35d.pdf,"I:\Backup\Emplois, Bourses, postdocs\Academia\CRIDAQ\AMir-Araya-PluralismandRadical.pdf",4423747,I
I/00050_CourrielAmirauxCRIDAQ_eb482900828d.pdf,"I:\Backup\Emplois, Bourses, postdocs\Academia\CRIDAQ\CourrielAmirauxCRIDAQ.pdf",208213,I
I/00051_Lepage-CRIDAQ2018_bfd538c22f7b.pdf,"I:\Backup\Emplois, Bourses, postdocs\Academia\CRIDAQ\Lepage-CRIDAQ2018.pdf",693284,I
I/00052_LettreAmirauxCRIDAQ_9ede78618bf2.docx,"I:\Backup\Emplois, Bourses, postdocs\Academia\CRIDAQ\LettreAmirauxCRIDAQ.docx",14429,I
I/00053_LettreLepage-CRIDAQ_f5ce68b1f441.docx,"I:\Backup\Emplois, Bourses, postdocs\Academia\CRIDAQ\LettreLepage-CRIDAQ.docx",17382,I
I/00054_LettreLepage-CRIDAQ_6cfa22d28337.pdf,"I:\Backup\Emplois, Bourses, postdocs\Academia\CRIDAQ\LettreLepage-CRIDAQ.pdf",78750,I
I/00055_Marcotte-LepageCRIDAQ_5e8fe31c0dc0.docx,"I:\Backup\Emplois, Bourses, postdocs\Academia\CRIDAQ\Marcotte-LepageCRIDAQ.docx",47039,I
I/00056_MLepageCV-CRIDAQ_fc9538ec7a12.docx,"I:\Backup\Emplois, Bourses, postdocs\Academia\CRIDAQ\MLepageCV-CRIDAQ.docx",63391,I
I/00057_MLepageCV-CRIDAQ_4d0ea9efeca9.pdf,"I:\Backup\Emplois, Bourses, postdocs\Academia\CRIDAQ\MLepageCV-CRIDAQ.pdf",145455,I
I/00058_ProjetCRIDAQLepage_84f82f2436b7.docx,"I:\Backup\Emplois, Bourses, postdocs\Academia\CRIDAQ\ProjetCRIDAQLepage.docx",23289,I
I/00059_ProjetCRIDAQLepage_083cfd7e4c54.pdf,"I:\Backup\Emplois, Bourses, postdocs\Academia\CRIDAQ\ProjetCRIDAQLepage.pdf",118954,I
I/00060_QueernessTransgenderNego-SRSR_f8c51639d905.pdf,"I:\Backup\Emplois, Bourses, postdocs\Academia\CRIDAQ\QueernessTransgenderNego-SRSR.pdf",211937,I
I/00061_Stage-postdoc-CRIDAQ-2018-2019-VF-1_333e88e1691a.pdf,"I:\Backup\Emplois, Bourses, postdocs\Academia\CRIDAQ\Stage-postdoc-CRIDAQ-2018-2019-VF-1.pdf",355335,I
I/00062_BiblioMLepageCRSH2017_e32cec7e535d.docx,"I:\Backup\Emplois, Bourses, postdocs\Academia\CRSH 2017\BiblioMLepageCRSH2017.docx",71936,I
I/00063_BiblioMLepageCRSH2017_e8ba1909deee.pdf,"I:\Backup\Emplois, Bourses, postdocs\Academia\CRSH 2017\BiblioMLepageCRSH2017.pdf",189623,I
I/00064_ContribMLepageCRSH2017_c8555d224803.docx,"I:\Backup\Emplois, Bourses, postdocs\Academia\CRSH 2017\ContribMLepageCRSH2017.docx",48764,I
I/00065_ContribMLepageCRSH2017_736efc603818.pdf,"I:\Backup\Emplois, Bourses, postdocs\Academia\CRSH 2017\ContribMLepageCRSH2017.pdf",119310,I
I/00066_CRSHinstructions_a803f70e4d5a.pdf,"I:\Backup\Emplois, Bourses, postdocs\Academia\CRSH 2017\CRSHinstructions.pdf",4651196,I
I/00067_CRSHLepage2017_b0ec39b7cf7f.pdf,"I:\Backup\Emplois, Bourses, postdocs\Academia\CRSH 2017\CRSHLepage2017.pdf",530048,I
I/00068_GeneratedPdf_1_9f94f886db85.pdf,"I:\Backup\Emplois, Bourses, postdocs\Academia\CRSH 2017\GeneratedPdf (1).pdf",75980,I
I/00069_GeneratedPdf_086da0a3caca.pdf,"I:\Backup\Emplois, Bourses, postdocs\Academia\CRSH 2017\GeneratedPdf.pdf",51177,I
I/00070_Lettre-Chiara-CRSH2017Lepage_f365a39be8e9.docx,"I:\Backup\Emplois, Bourses, postdocs\Academia\CRSH 2017\Lettre-Chiara-CRSH2017Lepage.docx",15555,I
I/00071_milieu_afcfca57742b.pdf,"I:\Backup\Emplois, Bourses, postdocs\Academia\CRSH 2017\milieu.pdf",153800,I
I/00072_PlanMLepageCRSH2017_4addba9df289.docx,"I:\Backup\Emplois, Bourses, postdocs\Academia\CRSH 2017\PlanMLepageCRSH2017.docx",67586,I
I/00073_PlanMLepageCRSH2017_6366a4b587dd.pdf,"I:\Backup\Emplois, Bourses, postdocs\Academia\CRSH 2017\PlanMLepageCRSH2017.pdf",138938,I
I/00074_Contact-ref-MLepageCUNYGC_f6351a0a8b9b.docx,"I:\Backup\Emplois, Bourses, postdocs\Academia\CUNY\Graduate Center\Contact-ref-MLepageCUNYGC.docx",20284,I
I/00075_Contact-ref-MLepageCUNYGC_bb0360be5105.pdf,"I:\Backup\Emplois, Bourses, postdocs\Academia\CUNY\Graduate Center\Contact-ref-MLepageCUNYGC.pdf",59498,I
I/00076_CV-MLepage2017CUNYGC_6155bfd0253b.pdf,"I:\Backup\Emplois, Bourses, postdocs\Academia\CUNY\Graduate Center\CV-MLepage2017CUNYGC.pdf",138513,I
I/00077_CV-MLepage2017eng_0850f6b154d7.docx,"I:\Backup\Emplois, Bourses, postdocs\Academia\CUNY\Graduate Center\CV-MLepage2017eng.docx",45279,I
I/00078_Letter-MLepageCNHSUVM_c14ec74b8d04.docx,"I:\Backup\Emplois, Bourses, postdocs\Academia\CUNY\Graduate Center\Letter-MLepageCNHSUVM.docx",33555,I
I/00079_Letter-MLepageCUNYGC_dbb5534df694.docx,"I:\Backup\Emplois, Bourses, postdocs\Academia\CUNY\Graduate Center\Letter-MLepageCUNYGC.docx",38590,I
I/00080_Letter-MLepageCUNYGC_b889584255b4.pdf,"I:\Backup\Emplois, Bourses, postdocs\Academia\CUNY\Graduate Center\Letter-MLepageCUNYGC.pdf",122006,I
I/00081_Affichage_projet_Lefebvre_Mai2017stagiairepostdoct_deaac185087e.pdf,"I:\Backup\Emplois, Bourses, postdocs\Academia\GDCR\Affichage_projet_Lefebvre_Mai2017stagiairepostdoctoral.pdf",288650,I
I/00082_Letter_M.Lepage_Paquette-gdcr_bf203b86068d.docx,"I:\Backup\Emplois, Bourses, postdocs\Academia\GDCR\Letter M.Lepage Paquette-gdcr.docx",26676,I
I/00083_Letter_M.Lepage_Paquette-gdcr_b07df0904cb2.pdf,"I:\Backup\Emplois, Bourses, postdocs\Academia\GDCR\Letter M.Lepage Paquette-gdcr.pdf",104131,I
I/00084_Lettre_soutien_LepageJeffreyGDCR_e31aae0aa5e2.docx,"I:\Backup\Emplois, Bourses, postdocs\Academia\GDCR\Lettre soutien LepageJeffreyGDCR.docx",30825,I
I/00085_Lettre_soutien_LepageJeffreyGDCR_d24af1d62a38.pdf,"I:\Backup\Emplois, Bourses, postdocs\Academia\GDCR\Lettre soutien LepageJeffreyGDCR.pdf",92974,I
I/00086_Marcotte-LepageGDCR_7f6f5f0bfcfa.docx,"I:\Backup\Emplois, Bourses, postdocs\Academia\GDCR\Marcotte-LepageGDCR.docx",46815,I
I/00087_Martin_LEPAGE_2017-05.25_ef5df42f2d6b.pdf,"I:\Backup\Emplois, Bourses, postdocs\Academia\GDCR\Martin LEPAGE (2017-05.25).pdf",99206,I
I/00088_MartinLepage-GDCR_b9416aeac411.pdf,"I:\Backup\Emplois, Bourses, postdocs\Academia\GDCR\MartinLepage-GDCR.pdf",4481391,I
I/00089_MLepageCV2017-GDCR_6d1a26bd81cc.docx,"I:\Backup\Emplois, Bourses, postdocs\Academia\GDCR\MLepageCV2017-GDCR.docx",51596,I
I/00090_MLepageCV2017-GDCR_1d74a9e1e99c.pdf,"I:\Backup\Emplois, Bourses, postdocs\Academia\GDCR\MLepageCV2017-GDCR.pdf",144684,I
I/00091_MLepageLettre-GDCR_6640e99dec03.docx,"I:\Backup\Emplois, Bourses, postdocs\Academia\GDCR\MLepageLettre-GDCR.docx",42966,I
I/00092_MLepageLettre-GDCR_c9ec8347968b.pdf,"I:\Backup\Emplois, Bourses, postdocs\Academia\GDCR\MLepageLettre-GDCR.pdf",67568,I
I/00093_Relev_sUQAMLaval_198f47a9d22a.pdf,"I:\Backup\Emplois, Bourses, postdocs\Academia\GDCR\RelevésUQAMLaval.pdf",3982282,I
I/00094_Appui_CRIFPE_M-Lepage_2017_df54a0bbbabd.docx,"I:\Backup\Emplois, Bourses, postdocs\Academia\Gérard-Dion 2017\Appui CRIFPE M-Lepage 2017.docx",370746,I
I/00095_AppuiCRIFPE-MLepage2018_1717272f2fd8.pdf,"I:\Backup\Emplois, Bourses, postdocs\Academia\Gérard-Dion 2017\AppuiCRIFPE-MLepage2018.pdf",22199,I
I/00096_Appui_CRIFPE_M-Lepage_2017_c7150e251c86.docx,"I:\Backup\Emplois, Bourses, postdocs\Academia\Gérard-Dion 2017\Gérard-Dion 2016\Appui CRIFPE M-Lepage 2017.docx",370746,I
I/00097_Appui_CRIFPE2016_M-Lepage_05430eaa513f.docx,"I:\Backup\Emplois, Bourses, postdocs\Academia\Gérard-Dion 2017\Gérard-Dion 2016\Appui CRIFPE2016 M-Lepage.docx",256251,I
I/00098_BiblioMLepageGD_af6488a06796.docx,"I:\Backup\Emplois, Bourses, postdocs\Academia\Gérard-Dion 2017\Gérard-Dion 2016\BiblioMLepageGD.docx",46930,I
I/00099_Bourse_postdoctorale_Att_liste_Lepage_14658e395501.pdf,"I:\Backup\Emplois, Bourses, postdocs\Academia\Gérard-Dion 2017\Gérard-Dion 2016\Bourse postdoctorale Att liste Lepage.pdf",66575,I
I/00100_Fiche-signaletique2016_f2368d407bd2.pdf,"I:\Backup\Emplois, Bourses, postdocs\Academia\Gérard-Dion 2017\Gérard-Dion 2016\Fiche-signaletique2016.pdf",58642,I
I/00101_Lettre_soutien_LepageJeffrey2017_6ef1fa9d1504.docx,"I:\Backup\Emplois, Bourses, postdocs\Academia\Gérard-Dion 2017\Gérard-Dion 2016\Lettre soutien LepageJeffrey2017.docx",30446,I
I/00102_MLepage-DescProjet-GD2017_81d1a4261091.docx,"I:\Backup\Emplois, Bourses, postdocs\Academia\Gérard-Dion 2017\Gérard-Dion 2016\MLepage-DescProjet-GD2017.docx",65906,I
I/00103_MLepage-Fiche-signaletique2016_0e32c9ef9bf7.pdf,"I:\Backup\Emplois, Bourses, postdocs\Academia\Gérard-Dion 2017\Gérard-Dion 2016\MLepage-Fiche-signaletique2016.pdf",198294,I
I/00104_MLepage-Fichesign-GD2017_5e0e88103b31.pdf,"I:\Backup\Emplois, Bourses, postdocs\Academia\Gérard-Dion 2017\Gérard-Dion 2016\MLepage-Fichesign-GD2017.pdf",521425,I
I/00105_MLepageCV-GD2017_fbda30aff45e.docx,"I:\Backup\Emplois, Bourses, postdocs\Academia\Gérard-Dion 2017\Gérard-Dion 2016\MLepageCV-GD2017.docx",45904,I
I/00106_MLepageGD2015_8c064a8cf91d.pdf,"I:\Backup\Emplois, Bourses, postdocs\Academia\Gérard-Dion 2017\Gérard-Dion 2016\MLepageGD2015.pdf",824667,I
I/00107_Lettre_soutien_LepageJeffrey2018_c7ea8d4e211b.docx,"I:\Backup\Emplois, Bourses, postdocs\Academia\Gérard-Dion 2017\Lettre soutien LepageJeffrey2018.docx",31063,I
I/00108_Lettre_soutien_LepageJeffrey2018_3c84a733b1e6.pdf,"I:\Backup\Emplois, Bourses, postdocs\Academia\Gérard-Dion 2017\Lettre soutien LepageJeffrey2018.pdf",100443,I
I/00109_MLepage-ProjetGD2018_30036337a4ab.docx,"I:\Backup\Emplois, Bourses, postdocs\Academia\Gérard-Dion 2017\MLepage-ProjetGD2018.docx",32594,I
I/00110_MLepage-ProjetGD2018_f754b27f1878.pdf,"I:\Backup\Emplois, Bourses, postdocs\Academia\Gérard-Dion 2017\MLepage-ProjetGD2018.pdf",157554,I
I/00111_MLepageCV-GD2018_85e8d5273f7b.docx,"I:\Backup\Emplois, Bourses, postdocs\Academia\Gérard-Dion 2017\MLepageCV-GD2018.docx",54528,I
I/00112_MLepageCV-GD2018_164e2f1c2c5a.pdf,"I:\Backup\Emplois, Bourses, postdocs\Academia\Gérard-Dion 2017\MLepageCV-GD2018.pdf",173994,I
I/00113_Letter_M.Lepage_SUNY-Plattsburgh_1_7345c233b7e1.docx,"I:\Backup\Emplois, Bourses, postdocs\Academia\Letter M.Lepage SUNY-Plattsburgh (1).docx",21004,I
I/00114_Letter-MLepageCANUVM_d98d235d915a.docx,"I:\Backup\Emplois, Bourses, postdocs\Academia\Letter-MLepageCANUVM.docx",35321,I
I/00115_Lettre_soutien_LepageJeffreyGDCR_30_mai_2017_62366e2f1fad.docx,"I:\Backup\Emplois, Bourses, postdocs\Academia\Lettre soutien LepageJeffreyGDCR 30 mai 2017.docx",34109,I
I/00116_lettre_uqam2_1_de13198c6078.doc,"I:\Backup\Emplois, Bourses, postdocs\Academia\lettre_uqam2 1.doc",35840,I
I/00117_Copies_of_Publications-Lepage_0b1c60c009a4.pdf,"I:\Backup\Emplois, Bourses, postdocs\Academia\Loyola Chicago\Copies of Publications-Lepage.pdf",7150320,I
I/00118_CoverletterMLepageLoyola_f937e42a203b.pdf,"I:\Backup\Emplois, Bourses, postdocs\Academia\Loyola Chicago\CoverletterMLepageLoyola.pdf",92991,I
I/00119_CV-MLepage2017Loyola_74eef9fe0447.docx,"I:\Backup\Emplois, Bourses, postdocs\Academia\Loyola Chicago\CV-MLepage2017Loyola.docx",46486,I
I/00120_CV-MLepage2017Loyola_349044c69849.pdf,"I:\Backup\Emplois, Bourses, postdocs\Academia\Loyola Chicago\CV-MLepage2017Loyola.pdf",142503,I
I/00121_p02_10419f70bf1b.pdf,"I:\Backup\Emplois, Bourses, postdocs\Academia\Loyola Chicago\p02.pdf",253784,I
I/00122_p03_5404158002a3.pdf,"I:\Backup\Emplois, Bourses, postdocs\Academia\Loyola Chicago\p03.pdf",173884,I
I/00123_ResearchTeachingMLepageLoyola_255dbc616015.pdf,"I:\Backup\Emplois, Bourses, postdocs\Academia\Loyola Chicago\ResearchTeachingMLepageLoyola.pdf",625519,I
I/00124_StatementResearchMLepageLoyola_e770d7b07ca5.pdf,"I:\Backup\Emplois, Bourses, postdocs\Academia\Loyola Chicago\StatementResearchMLepageLoyola.pdf",104847,I
I/00125_StatementTeachingMLepageLoyola_7aaf8fe55b04.pdf,"I:\Backup\Emplois, Bourses, postdocs\Academia\Loyola Chicago\StatementTeachingMLepageLoyola.pdf",95970,I
I/00126_TeachingEffectivenessMLepageLoyola_2071c7c3f46c.pdf,"I:\Backup\Emplois, Bourses, postdocs\Academia\Loyola Chicago\TeachingEffectivenessMLepageLoyola.pdf",520536,I
I/00127_Coverletter-LepageMiddlebury_1f0b56148424.docx,"I:\Backup\Emplois, Bourses, postdocs\Academia\Middlebury\Coverletter-LepageMiddlebury.docx",16827,I
I/00128_Coverletter-LepageMiddlebury_2b406945042a.pdf,"I:\Backup\Emplois, Bourses, postdocs\Academia\Middlebury\Coverletter-LepageMiddlebury.pdf",95901,I
I/00129_CV-MLepage2017Middlebury_2404edcc01e6.docx,"I:\Backup\Emplois, Bourses, postdocs\Academia\Middlebury\CV-MLepage2017Middlebury.docx",45766,I
I/00130_CV-MLepage2017Middlebury_8cbd373900f3.pdf,"I:\Backup\Emplois, Bourses, postdocs\Academia\Middlebury\CV-MLepage2017Middlebury.pdf",142121,I
I/00131_Lepage-JeffreyMiddlebury_9a09488b55e2.doc,"I:\Backup\Emplois, Bourses, postdocs\Academia\Middlebury\Lepage-JeffreyMiddlebury.doc",67072,I
I/00132_Lepage-JeffreyMiddlebury_b9ab0888fa57.pdf,"I:\Backup\Emplois, Bourses, postdocs\Academia\Middlebury\Lepage-JeffreyMiddlebury.pdf",85655,I
I/00133_Transcript-LepageMiddlebury_31d692f80be2.pdf,"I:\Backup\Emplois, Bourses, postdocs\Academia\Middlebury\Transcript-LepageMiddlebury.pdf",7392956,I
I/00134_CV-Europass-20161208-Lepage-EN_6cc1afa49cd3.pdf,"I:\Backup\Emplois, Bourses, postdocs\Academia\Move-In Louvain 2017\CV-Europass-20161208-Lepage-EN.pdf",102299,I
I/00135_ESR_Lepage-Servais_5e1921afa4e0.doc,"I:\Backup\Emplois, Bourses, postdocs\Academia\Move-In Louvain 2017\ESR_Lepage-Servais.doc",2495488,I
I/00136_ESR_ServaisOlivier_LepageMartin_VALIDE_697e1d1c26fc.doc,"I:\Backup\Emplois, Bourses, postdocs\Academia\Move-In Louvain 2017\ESR_ServaisOlivier_LepageMartin_VALIDE.doc",2727936,I
I/00137_Lepage-MOVEINLouvain2016_f073ea9dbb27.pdf,"I:\Backup\Emplois, Bourses, postdocs\Academia\Move-In Louvain 2017\Lepage-MOVEINLouvain2016.pdf",1153204,I
I/00138_Lepage-MOVEINLouvain2017_fe384d459241.pdf,"I:\Backup\Emplois, Bourses, postdocs\Academia\Move-In Louvain 2017\Lepage-MOVEINLouvain2017.pdf",1090592,I
I/00139_Lettre_recomm_Lepage-Servais2016_b2f3942935d5.docx,"I:\Backup\Emplois, Bourses, postdocs\Academia\Move-In Louvain 2017\Lettre recomm Lepage-Servais2016.docx",20561,I
I/00140_Martin_Lepage-York2017_-_Copie_49e8e413c933.doc,"I:\Backup\Emplois, Bourses, postdocs\Academia\Move-In Louvain 2017\Martin Lepage-York2017 - Copie.doc",284160,I
I/00141_Martin_Lepage-York2017-2612_152a6dab86ee.doc,"I:\Backup\Emplois, Bourses, postdocs\Academia\Move-In Louvain 2017\Martin Lepage-York2017-2612.doc",314880,I
I/00142_Martin_Lepage-York2017_55eee5e55748.doc,"I:\Backup\Emplois, Bourses, postdocs\Academia\Move-In Louvain 2017\Martin Lepage-York2017.doc",284160,I
I/00143_MOVE-IN_Application_form_2017Lepage_d710d20cf607.doc,"I:\Backup\Emplois, Bourses, postdocs\Academia\Move-In Louvain 2017\MOVE-IN_Application_form_2017Lepage.doc",2242942,I
I/00144_MOVE-IN_Application_form_2017Lepage_dca1da7de33c.pdf,"I:\Backup\Emplois, Bourses, postdocs\Academia\Move-In Louvain 2017\MOVE-IN_Application_form_2017Lepage.pdf",344358,I
I/00145_MOVE-IN_Guide_for_applicant_2017_version_finale_Co_d3fc391d1333.doc,"I:\Backup\Emplois, Bourses, postdocs\Academia\Move-In Louvain 2017\MOVE-IN_Guide_for_applicant_2017 version finale (Copie de Travail).doc",2723840,I
I/00146_MOVE-IN_PublicationsLepage_2f274decea0e.docx,"I:\Backup\Emplois, Bourses, postdocs\Academia\Move-In Louvain 2017\MOVE-IN_PublicationsLepage.docx",17311,I
I/00147_MOVE-IN_PublicationsLepage_0ef89cd13626.pdf,"I:\Backup\Emplois, Bourses, postdocs\Academia\Move-In Louvain 2017\MOVE-IN_PublicationsLepage.pdf",384582,I
I/00148_MOVE-IN_ResearchProjectLepage_f81f925f9604.docx,"I:\Backup\Emplois, Bourses, postdocs\Academia\Move-In Louvain 2017\MOVE-IN_ResearchProjectLepage.docx",25300,I
I/00149_MOVE-IN_ResearchProjectLepage_a90c2ba2f43f.pdf,"I:\Backup\Emplois, Bourses, postdocs\Academia\Move-In Louvain 2017\MOVE-IN_ResearchProjectLepage.pdf",239916,I
I/00150_Contact-MLepage2017PennFrench_790f6eee64a2.docx,"I:\Backup\Emplois, Bourses, postdocs\Academia\Penn State French\Contact-MLepage2017PennFrench.docx",20329,I
I/00151_Contact-MLepage2017PennFrench_869f969f7640.pdf,"I:\Backup\Emplois, Bourses, postdocs\Academia\Penn State French\Contact-MLepage2017PennFrench.pdf",58777,I
I/00152_CoverletterMLepagePennFrench_c5ab76c2dd23.pdf,"I:\Backup\Emplois, Bourses, postdocs\Academia\Penn State French\CoverletterMLepagePennFrench.pdf",109514,I
I/00153_CV-MLepage2017PennFrench_765a9f341ff4.docx,"I:\Backup\Emplois, Bourses, postdocs\Academia\Penn State French\CV-MLepage2017PennFrench.docx",46582,I
I/00154_CV-MLepage2017PennFrench_d926284585ff.pdf,"I:\Backup\Emplois, Bourses, postdocs\Academia\Penn State French\CV-MLepage2017PennFrench.pdf",142969,I
I/00155_ilovepdf_merged_19_8b5756c3b7ce.pdf,"I:\Backup\Emplois, Bourses, postdocs\Academia\Penn State French\ilovepdf_merged (19).pdf",317383,I
I/00156_p01_5635f3a46ccb.pdf,"I:\Backup\Emplois, Bourses, postdocs\Academia\Penn State French\p01.pdf",55345,I
I/00157_p02_630b5063f9f8.pdf,"I:\Backup\Emplois, Bourses, postdocs\Academia\Penn State French\p02.pdf",21775,I
I/00158_p03_3dfb5b32c14b.pdf,"I:\Backup\Emplois, Bourses, postdocs\Academia\Penn State French\p03.pdf",22256,I
I/00159_p04_f4aaee3fa82a.pdf,"I:\Backup\Emplois, Bourses, postdocs\Academia\Penn State French\p04.pdf",19650,I
I/00160_p05_36bc9a6a58d8.pdf,"I:\Backup\Emplois, Bourses, postdocs\Academia\Penn State French\p05.pdf",19056,I
I/00161_p06_141a86586625.pdf,"I:\Backup\Emplois, Bourses, postdocs\Academia\Penn State French\p06.pdf",20396,I
I/00162_p07_f0883baf76fb.pdf,"I:\Backup\Emplois, Bourses, postdocs\Academia\Penn State French\p07.pdf",18879,I
I/00163_p08_9de974e3b723.pdf,"I:\Backup\Emplois, Bourses, postdocs\Academia\Penn State French\p08.pdf",19074,I
I/00164_p09_7dee8503249d.pdf,"I:\Backup\Emplois, Bourses, postdocs\Academia\Penn State French\p09.pdf",18865,I
I/00165_p10_88f455a12aa5.pdf,"I:\Backup\Emplois, Bourses, postdocs\Academia\Penn State French\p10.pdf",20526,I
I/00166_WritingSample-MLepagePennFrench_934b18367c0d.pdf,"I:\Backup\Emplois, Bourses, postdocs\Academia\Penn State French\WritingSample-MLepagePennFrench.pdf",7086187,I
I/00167_LettreMLepage2616_5e7df267fbbf.docx,"I:\Backup\Emplois, Bourses, postdocs\Academia\REL 2616\LettreMLepage2616.docx",46486,I
I/00168_LettreMLepage2616_61eca2672a5a.pdf,"I:\Backup\Emplois, Bourses, postdocs\Academia\REL 2616\LettreMLepage2616.pdf",104940,I
I/00169_MLepageCV2017fr_49a1b777dd3b.docx,"I:\Backup\Emplois, Bourses, postdocs\Academia\REL 2616\MLepageCV2017fr.docx",50634,I
I/00170_MLepageCV2017fr_72bf4554f117.pdf,"I:\Backup\Emplois, Bourses, postdocs\Academia\REL 2616\MLepageCV2017fr.pdf",145726,I
I/00171_MLepageCV2616_dd1656b458fd.pdf,"I:\Backup\Emplois, Bourses, postdocs\Academia\REL 2616\MLepageCV2616.pdf",145952,I
I/00172_RitActu_3bdfbcedafdd.docx,"I:\Backup\Emplois, Bourses, postdocs\Academia\RitActu.docx",170331,I
I/00173_Bourse_postdoctorale_PRPRS_2016_-_Mc_Andrew_et_al_3ddc9562ec17.pdf,"I:\Backup\Emplois, Bourses, postdocs\Academia\Réussite scolaire\Bourse postdoctorale PRPRS 2016 - Mc Andrew et al..pdf",32644,I
I/00174_MLepageCV2016-PRPRS_7a94ad9925f6.docx,"I:\Backup\Emplois, Bourses, postdocs\Academia\Réussite scolaire\MLepageCV2016-PRPRS.docx",48541,I
I/00175_MLepageLettre-PRPRS_b64ceaf375a0.docx,"I:\Backup\Emplois, Bourses, postdocs\Academia\Réussite scolaire\MLepageLettre-PRPRS.docx",41349,I
I/00176_Projet_Mc_Andrew_et_al._pour_info_e51ac5b27e38.pdf,"I:\Backup\Emplois, Bourses, postdocs\Academia\Réussite scolaire\Projet Mc Andrew et al. pour info.pdf",113909,I
I/00177_CoverletterMLepageStLawrence_7c07a1fe7174.pdf,"I:\Backup\Emplois, Bourses, postdocs\Academia\St. Lawrence\CoverletterMLepageStLawrence.pdf",110981,I
I/00178_CV-MLepage2017StLawrence_1cc6baabc9c6.docx,"I:\Backup\Emplois, Bourses, postdocs\Academia\St. Lawrence\CV-MLepage2017StLawrence.docx",46467,I
I/00179_CV-MLepage2017StLawrence_14a77ce87352.pdf,"I:\Backup\Emplois, Bourses, postdocs\Academia\St. Lawrence\CV-MLepage2017StLawrence.pdf",142690,I
I/00180_ENGS180-S18LepageUVM_fb2f3bb23d51.pdf,"I:\Backup\Emplois, Bourses, postdocs\Academia\St. Lawrence\ENGS180-S18LepageUVM.pdf",140477,I
I/00181_Martin_LEPAGE_2017-10-19_3a7cd69b4dc9.pdf,"I:\Backup\Emplois, Bourses, postdocs\Academia\St. Lawrence\Martin LEPAGE (2017-10-19).pdf",154366,I
I/00182_p02_70f1419bf861.pdf,"I:\Backup\Emplois, Bourses, postdocs\Academia\St. Lawrence\p02.pdf",253784,I
I/00183_p03_00a7eff5e55a.pdf,"I:\Backup\Emplois, Bourses, postdocs\Academia\St. Lawrence\p03.pdf",173884,I
I/00184_Sample_Syllabus_e96bf56fc62c.docx,"I:\Backup\Emplois, Bourses, postdocs\Academia\St. Lawrence\Sample Syllabus.docx",20209,I
I/00185_Sample_Syllabus_648f44454775.pdf,"I:\Backup\Emplois, Bourses, postdocs\Academia\St. Lawrence\Sample Syllabus.pdf",176652,I
I/00186_Sample_Syllbi-MLepageStLawrence_8d7983bb2da9.pdf,"I:\Backup\Emplois, Bourses, postdocs\Academia\St. Lawrence\Sample Syllbi-MLepageStLawrence.pdf",465042,I
I/00187_SREL1005-2225_758d9d6c9ee2.docx,"I:\Backup\Emplois, Bourses, postdocs\Academia\St. Lawrence\SREL1005-2225.docx",25007,I
I/00188_SREL1005-2225_9457da3e41e1.pdf,"I:\Backup\Emplois, Bourses, postdocs\Academia\St. Lawrence\SREL1005-2225.pdf",153352,I
I/00189_StatementTeachingMLepageStLawrence_630cf30fe739.pdf,"I:\Backup\Emplois, Bourses, postdocs\Academia\St. Lawrence\StatementTeachingMLepageStLawrence.pdf",110939,I
I/00190_TeachingEffectivenessMLepageStLawrence_e61f156e7152.pdf,"I:\Backup\Emplois, Bourses, postdocs\Academia\St. Lawrence\TeachingEffectivenessMLepageStLawrence.pdf",534420,I
I/00191_TeachingEvalMLepage-MarcotteStLawrence_b89c51da48ba.docx,"I:\Backup\Emplois, Bourses, postdocs\Academia\St. Lawrence\TeachingEvalMLepage-MarcotteStLawrence.docx",47256,I
I/00192_AppSTUFF_5421f224bcbf.pdf,"I:\Backup\Emplois, Bourses, postdocs\Academia\STUFF\AppSTUFF.pdf",479466,I
I/00193_CV-MLepage2017STUFF_134a7451d0e0.docx,"I:\Backup\Emplois, Bourses, postdocs\Academia\STUFF\CV-MLepage2017STUFF.docx",45784,I
I/00194_CV-MLepage2017STUFF_e4202b4e6dde.pdf,"I:\Backup\Emplois, Bourses, postdocs\Academia\STUFF\CV-MLepage2017STUFF.pdf",144315,I
I/00195_howToApply_377d9b82ae12.pdf,"I:\Backup\Emplois, Bourses, postdocs\Academia\STUFF\howToApply.pdf",262992,I
I/00196_Lepage-Jeffrey_4c7e8f67789b.pdf,"I:\Backup\Emplois, Bourses, postdocs\Academia\STUFF\Lepage-Jeffrey.pdf",95305,I
I/00197_Lepage-Martin_9210ff3baf87.pdf,"I:\Backup\Emplois, Bourses, postdocs\Academia\STUFF\Lepage-Martin.pdf",381903,I
I/00198_Lettre_pour_Martin_Lepage_Jeffrey_anglais_d08cf5f5dd4c.doc,"I:\Backup\Emplois, Bourses, postdocs\Academia\STUFF\Lettre pour Martin Lepage[ Jeffrey] anglais.doc",74752,I
I/00199_MEllonPenn_7f5107dcc4b6.pdf,"I:\Backup\Emplois, Bourses, postdocs\Academia\STUFF\MEllonPenn.pdf",227109,I
I/00200_MellonUPenn_ecba69da8f2c.pdf,"I:\Backup\Emplois, Bourses, postdocs\Academia\STUFF\MellonUPenn.pdf",659053,I
I/00201_recommendation_Letizia_martin_Mellon_702c4754ba67.docx,"I:\Backup\Emplois, Bourses, postdocs\Academia\STUFF\recommendation Letizia_martin_Mellon.docx",59656,I
I/00202_WolfHumanities-PostdocApp_Lepage_31dadad75527.docx,"I:\Backup\Emplois, Bourses, postdocs\Academia\STUFF\WolfHumanities-PostdocApp_Lepage.docx",72053,I
I/00203_WolfHumanities-PostdocApp_Lepage_0963e1b4d8ee.pdf,"I:\Backup\Emplois, Bourses, postdocs\Academia\STUFF\WolfHumanities-PostdocApp_Lepage.pdf",237799,I
I/00204_MLepageCV2017fr_9267953d800c.docx,"I:\Backup\Emplois, Bourses, postdocs\Academia\TELUQ\MLepageCV2017fr.docx",49937,I
I/00205_MLepageCV2017fr_9afc114bd91f.pdf,"I:\Backup\Emplois, Bourses, postdocs\Academia\TELUQ\MLepageCV2017fr.pdf",141625,I
I/00206_MLepageLettre-TELUQ_456deb3dec8b.docx,"I:\Backup\Emplois, Bourses, postdocs\Academia\TELUQ\MLepageLettre-TELUQ.docx",37151,I
I/00207_CV-MLepage2016MiddleburyGSFS_a20f101ea03f.docx,"I:\Backup\Emplois, Bourses, postdocs\Academia\VermontApps\2016\CV-MLepage2016MiddleburyGSFS.docx",37680,I
I/00208_CV-MLepage2016MiddleburyRel_995080a4cba8.docx,"I:\Backup\Emplois, Bourses, postdocs\Academia\VermontApps\2016\CV-MLepage2016MiddleburyRel.docx",37563,I
I/00209_CV-MLepage2016SMC_a60875087f21.docx,"I:\Backup\Emplois, Bourses, postdocs\Academia\VermontApps\2016\CV-MLepage2016SMC.docx",37818,I
I/00210_CV-MLepage2016UVM_3210d3fa200c.docx,"I:\Backup\Emplois, Bourses, postdocs\Academia\VermontApps\2016\CV-MLepage2016UVM.docx",37135,I
I/00211_Interest-MLepageMiddleburyGSFS_01752fd256aa.docx,"I:\Backup\Emplois, Bourses, postdocs\Academia\VermontApps\2016\Interest-MLepageMiddleburyGSFS.docx",37857,I
I/00212_Interest-MLepageMiddleburyRel_ea4f893f5158.docx,"I:\Backup\Emplois, Bourses, postdocs\Academia\VermontApps\2016\Interest-MLepageMiddleburyRel.docx",37985,I
I/00213_Interest-MLepageSMC_72ec06037826.docx,"I:\Backup\Emplois, Bourses, postdocs\Academia\VermontApps\2016\Interest-MLepageSMC.docx",38099,I
I/00214_Interest-MLepageUVM_e3fb05dfc71b.docx,"I:\Backup\Emplois, Bourses, postdocs\Academia\VermontApps\2016\Interest-MLepageUVM.docx",38253,I
I/00215_Letter-MLepageMiddleburyGSFS_8af65134ed16.docx,"I:\Backup\Emplois, Bourses, postdocs\Academia\VermontApps\2016\Letter-MLepageMiddleburyGSFS.docx",31994,I
I/00216_Letter-MLepageMiddleburyRel_aaea4292a073.docx,"I:\Backup\Emplois, Bourses, postdocs\Academia\VermontApps\2016\Letter-MLepageMiddleburyRel.docx",32042,I
I/00217_Letter-MLepageSMC_17fd2bd0e405.docx,"I:\Backup\Emplois, Bourses, postdocs\Academia\VermontApps\2016\Letter-MLepageSMC.docx",32407,I
I/00218_Letter-MLepageUVM_1_9cc42a05bbb5.docx,"I:\Backup\Emplois, Bourses, postdocs\Academia\VermontApps\2016\Letter-MLepageUVM (1).docx",124497,I
I/00219_Letter-MLepageUVM_7fc74b08d1e7.docx,"I:\Backup\Emplois, Bourses, postdocs\Academia\VermontApps\2016\Letter-MLepageUVM.docx",31931,I
I/00220_99Z_Mannani_Thompson_2012-Selves_and_Subjectivitie_b80ac0896c9b.pdf,"I:\Backup\Emplois, Bourses, postdocs\Academia\VermontApps\CAN UVM\99Z_Mannani_Thompson_2012-Selves_and_Subjectivities.pdf",1944440,I
I/00221_Canadian_Studies_Course_Syllabi_BanK1_139443ee464a.doc,"I:\Backup\Emplois, Bourses, postdocs\Academia\VermontApps\CAN UVM\Canadian Studies Course Syllabi BanK1.doc",31744,I
I/00222_ENGS180-S18LepageUVM_605d6c36bb0b.docx,"I:\Backup\Emplois, Bourses, postdocs\Academia\VermontApps\CAN UVM\ENGS180-S18LepageUVM.docx",20644,I
I/00223_How_French_Canadians_became_White_Folks_or_doing_t_1ae2fea42201.pdf,"I:\Backup\Emplois, Bourses, postdocs\Academia\VermontApps\CAN UVM\How French Canadians became White Folks or doing things with race in Quebec.pdf",2464655,I
I/00224_intersectionality_1_3ead818ffbbe.pdf,"I:\Backup\Emplois, Bourses, postdocs\Academia\VermontApps\CAN UVM\intersectionality (1).pdf",113493,I
I/00225_intersectionality_2c219f225820.pdf,"I:\Backup\Emplois, Bourses, postdocs\Academia\VermontApps\CAN UVM\intersectionality.pdf",115039,I
I/00226_mapping-margins_b10b154a5098.pdf,"I:\Backup\Emplois, Bourses, postdocs\Academia\VermontApps\CAN UVM\mapping-margins.pdf",179422,I
I/00227_CV-MLepage-CNHS-UVM_b8445ba9b121.pdf,"I:\Backup\Emplois, Bourses, postdocs\Academia\VermontApps\CNHS-UVM\CV-MLepage-CNHS-UVM.pdf",96624,I
I/00228_CV-MLepageCNHS_47a78a5123df.docx,"I:\Backup\Emplois, Bourses, postdocs\Academia\VermontApps\CNHS-UVM\CV-MLepageCNHS.docx",31307,I
I/00229_Letter-MLepageCNHSUVM_f7a84834d5a7.docx,"I:\Backup\Emplois, Bourses, postdocs\Academia\VermontApps\CNHS-UVM\Letter-MLepageCNHSUVM.docx",33555,I
I/00230_Letter-MLepageCNHSUVM_ad3ee1bf038d.pdf,"I:\Backup\Emplois, Bourses, postdocs\Academia\VermontApps\CNHS-UVM\Letter-MLepageCNHSUVM.pdf",94350,I
I/00231_MLepage-Sample1-Pom_60db98f80b1d.pdf,"I:\Backup\Emplois, Bourses, postdocs\Academia\VermontApps\CNHS-UVM\MLepage-Sample1-Pom.pdf",287531,I
I/00232_MLepage-Sample2-SIR_48b64ad94e95.pdf,"I:\Backup\Emplois, Bourses, postdocs\Academia\VermontApps\CNHS-UVM\MLepage-Sample2-SIR.pdf",405761,I
I/00233_MLepage-Sample3-Routledge_438e0a8d6869.pdf,"I:\Backup\Emplois, Bourses, postdocs\Academia\VermontApps\CNHS-UVM\MLepage-Sample3-Routledge.pdf",206643,I
I/00234_CV-MLepageUVMBaileyHowe_f4be30050240.docx,"I:\Backup\Emplois, Bourses, postdocs\Academia\VermontApps\Library BaileyHowe\CV-MLepageUVMBaileyHowe.docx",32877,I
I/00235_Letter-MLepageUVMBaileyHowe_cf032338889b.docx,"I:\Backup\Emplois, Bourses, postdocs\Academia\VermontApps\Library BaileyHowe\Letter-MLepageUVMBaileyHowe.docx",30536,I
I/00236_CV-MLepage2016SUNYPlatt_81feb5dac925.docx,"I:\Backup\Emplois, Bourses, postdocs\Academia\VermontApps\SUNY Plattsburgh\CV-MLepage2016SUNYPlatt.docx",37422,I
I/00237_CV-MLepage2016SUNYPlattGWS_773d95a6d43c.docx,"I:\Backup\Emplois, Bourses, postdocs\Academia\VermontApps\SUNY Plattsburgh\GWS\CV-MLepage2016SUNYPlattGWS.docx",39885,I
I/00238_Interest-MLepageSUNYPlattGWS_414246a3a2cc.docx,"I:\Backup\Emplois, Bourses, postdocs\Academia\VermontApps\SUNY Plattsburgh\GWS\Interest-MLepageSUNYPlattGWS.docx",38353,I
I/00239_Letter_M.Lepage_SUNY-Plattsburgh_402_834537211b4b.pdf,"I:\Backup\Emplois, Bourses, postdocs\Academia\VermontApps\SUNY Plattsburgh\GWS\Letter M.Lepage SUNY-Plattsburgh[402].pdf",105355,I
I/00240_Letter-MLepageSUNYPlattGWS_d29b5531a049.docx,"I:\Backup\Emplois, Bourses, postdocs\Academia\VermontApps\SUNY Plattsburgh\GWS\Letter-MLepageSUNYPlattGWS.docx",40037,I
I/00241_lettre_recommandation_Martin_Lepage_Jeffrey_098726d6ce4e.doc,"I:\Backup\Emplois, Bourses, postdocs\Academia\VermontApps\SUNY Plattsburgh\GWS\lettre recommandation Martin Lepage[Jeffrey].doc",64512,I
I/00242_LettreDenisSUNYPlattsburgh_a902820cc9fa.docx,"I:\Backup\Emplois, Bourses, postdocs\Academia\VermontApps\SUNY Plattsburgh\GWS\LettreDenisSUNYPlattsburgh.docx",11718,I
I/00243_recommendation_letter_martin_SUNY_bcd5f7ccd9f8.pdf,"I:\Backup\Emplois, Bourses, postdocs\Academia\VermontApps\SUNY Plattsburgh\GWS\recommendation letter_martin_SUNY.pdf",758951,I
I/00244_Contact-ref-MLepageIAD-SUNYP_b20ff9a4c593.docx,"I:\Backup\Emplois, Bourses, postdocs\Academia\VermontApps\SUNY Plattsburgh\Institutional Advancement\Contact-ref-MLepageIAD-SUNYP.docx",20298,I
I/00245_CV-MLepageIAD-SUNYP_e57a879f851b.docx,"I:\Backup\Emplois, Bourses, postdocs\Academia\VermontApps\SUNY Plattsburgh\Institutional Advancement\CV-MLepageIAD-SUNYP.docx",31307,I
I/00246_Letter-MLepageIAD-SUNYP_b32360ede47e.docx,"I:\Backup\Emplois, Bourses, postdocs\Academia\VermontApps\SUNY Plattsburgh\Institutional Advancement\Letter-MLepageIAD-SUNYP.docx",32966,I
I/00247_Relev_sUQAMLaval_9409abe5b816.pdf,"I:\Backup\Emplois, Bourses, postdocs\Academia\VermontApps\SUNY Plattsburgh\Institutional Advancement\RelevésUQAMLaval.pdf",3982282,I
I/00248_Contact-ref-MLepageSUNYPlatt-InterArea_2d22d4820735.docx,"I:\Backup\Emplois, Bourses, postdocs\Academia\VermontApps\SUNY Plattsburgh\Interdisciplinary&Areastudies\Contact-ref-MLepageSUNYPlatt-InterArea.docx",20298,I
I/00249_CV-MLepageSUNYPlatt-InterArea_3f192f8e526f.docx,"I:\Backup\Emplois, Bourses, postdocs\Academia\VermontApps\SUNY Plattsburgh\Interdisciplinary&Areastudies\CV-MLepageSUNYPlatt-InterArea.docx",41034,I
I/00250_Letter-MLepageSUNYPlatt-InterArea_eb63256fd3c0.docx,"I:\Backup\Emplois, Bourses, postdocs\Academia\VermontApps\SUNY Plattsburgh\Interdisciplinary&Areastudies\Letter-MLepageSUNYPlatt-InterArea.docx",35933,I
I/00251_Relev_sUQAMLaval_0fad64ed9a85.pdf,"I:\Backup\Emplois, Bourses, postdocs\Academia\VermontApps\SUNY Plattsburgh\Interdisciplinary&Areastudies\RelevésUQAMLaval.pdf",3982282,I
I/00252_Interest-MLepageSUNYPlatt_3beda90a8288.docx,"I:\Backup\Emplois, Bourses, postdocs\Academia\VermontApps\SUNY Plattsburgh\Interest-MLepageSUNYPlatt.docx",38001,I
I/00253_Letter-MLepageSUNYPlatt_c8d3618d5341.docx,"I:\Backup\Emplois, Bourses, postdocs\Academia\VermontApps\SUNY Plattsburgh\Letter-MLepageSUNYPlatt.docx",32476,I
I/00254_05_PHAROS_method_paper_complete_1ecddce2dc7f.md,I:\Downloads-archive-2026-07-05\05_PHAROS_method_paper_complete.md,81949,I
I/00255_10_Governance_by_Denial_working_draft_76c3e70434d6.md,I:\Downloads-archive-2026-07-05\10_Governance_by_Denial_working_draft.md,79696,I
I/00256_4167-pharos-micro1-qualification-call-posture-and_4f4a50a675fb.md,I:\Downloads-archive-2026-07-05\4167-pharos-micro1-qualification-call-posture-and-reply-draft-2026-06-08.md,7388,I
I/00257_AGENT_PROTOCOL_FOR_WORKING_WITH_MARTIN_db03adf964d5.md,I:\Downloads-archive-2026-07-05\AGENT_PROTOCOL_FOR_WORKING_WITH_MARTIN.md,20086,I
I/00258_AI_Governance_Whos_the_Boob_Whos_the_Trap_40k_revi_488cfd727b61.md,I:\Downloads-archive-2026-07-05\AI_Governance_Whos_the_Boob_Whos_the_Trap_40k_revised.md,309384,I
I/00259_blackboard-governance-harness-currentness-synthesi_496e8638cf88.md,I:\Downloads-archive-2026-07-05\blackboard-governance-harness-currentness-synthesis-if3845-2026-06-27.md,11067,I
I/00260_brutal-isms-longform-revised_679510ff03ea.pdf,I:\Downloads-archive-2026-07-05\brutal-isms-longform-revised.pdf,13890,I
I/00261_Charging_Objects_Manuscript_0d585b74f613.docx,I:\Downloads-archive-2026-07-05\Charging_Objects_Manuscript.docx,57538,I
I/00262_CS_Modern_Magic_Pop_Song_Queer_Neopagan_draft_978055d7204d.md,I:\Downloads-archive-2026-07-05\CS_Modern_Magic_Pop_Song_Queer_Neopagan_draft.md,57473,I
I/00263_Lepage--Queering_Pagan_Magic--FINAL_FINAL_PAPER_e34695095335.docx,I:\Downloads-archive-2026-07-05\Lepage--Queering Pagan Magic--FINAL FINAL PAPER.docx,46553,I
I/00264_Lepage--Queering_Pagan_Magic--FINAL_revision_42fb93a01d8e.docx,I:\Downloads-archive-2026-07-05\Lepage--Queering Pagan Magic--FINAL revision.docx,18895,I
I/00265_Manuscript_Review_Feedback_c44b9ab98d6e.pdf,I:\Downloads-archive-2026-07-05\Manuscript Review Feedback.pdf,182895,I
I/00266_MANUSCRIPT_REVIEW_PHS-D-25-00066_R1_2bcc77c93c70.pdf,I:\Downloads-archive-2026-07-05\MANUSCRIPT REVIEW_ PHS-D-25-00066 R1.pdf,96827,I
I/00267_Mobile_Gaming_Dominates_App_Revenue_7ccfe397644e.md,I:\Downloads-archive-2026-07-05\Mobile Gaming Dominates App Revenue.md,11301,I
I/00268_offre-de-service-revisee-v2_2e2413d9657f.md,I:\Downloads-archive-2026-07-05\offre-de-service-revisee-v2.md,16905,I
I/00269_Paper25_ThePharosFrame_AISociety_2026-04-26_315f8149cbf6.docx,I:\Downloads-archive-2026-07-05\Paper25_ThePharosFrame_AISociety_2026-04-26.docx,56266,I
I/00270_PAPER_FINAL_fbfd7de2bb5e.docx,I:\Downloads-archive-2026-07-05\PAPER_FINAL.docx,52494,I
I/00271_PAPER_SLAYAGE_SUBMISSION_979e4be8d543.docx,I:\Downloads-archive-2026-07-05\PAPER_SLAYAGE_SUBMISSION.docx,15940,I
I/00272_PAPER_SLAYAGE_SUBMISSION_df45ef8e5ae8.md,I:\Downloads-archive-2026-07-05\PAPER_SLAYAGE_SUBMISSION.md,42292,I
I/00273_Per-Paper_Project_Structure_b70c571d7384.docx,I:\Downloads-archive-2026-07-05\Per-Paper Project Structure.docx,13637,I
I/00274_PHAROS-Founders-Agreement-Execution-Draft-v2_b78959c2b55d.docx,I:\Downloads-archive-2026-07-05\PHAROS-Founders-Agreement-Execution-Draft-v2.docx,26704,I
I/00275_PHAROS-Founders-Agreement-Execution-Draft_c60de1a0f0ea.docx,I:\Downloads-archive-2026-07-05\PHAROS-Founders-Agreement-Execution-Draft.docx,23254,I
I/00276_PHAROS_revised_5eb588d46f99.md,I:\Downloads-archive-2026-07-05\PHAROS_revised.md,11979,I
I/00277_Pourquoi_r_ver_encore-_nalyses-REV_3d0ea3fe901c.docx,I:\Downloads-archive-2026-07-05\Pourquoi rêver encore-@nalyses-REV.docx,159399,I
I/00278_Pourquoi_r_ver_encore-_nalyses-REV2_b9b4e5a880d3.docx,I:\Downloads-archive-2026-07-05\Pourquoi rêver encore-@nalyses-REV2.docx,50937,I
I/00279_Queer_Agents_Polished_Revised_f799b9710c2c.docx,I:\Downloads-archive-2026-07-05\Queer_Agents_Polished_Revised.docx,53160,I
I/00280_root-unknown-eng-review-test-plan-20260627-200000_216a1dc6851f.md,I:\Downloads-archive-2026-07-05\root-unknown-eng-review-test-plan-20260627-200000.md,11022,I
I/00281_The_MallWorld_GATE_Phenomenon_A_Paper_Outline_4370a2076cde.md,I:\Downloads-archive-2026-07-05\The MallWorld–GATE Phenomenon  A Paper Outline.md,30929,I
